study_id,specification_id,family,specification_type,modern_estimator,summary_period,registered_horizons,common_horizons,common_estimator_set,published_estimator,native_design,screen_status,screen_exclusion_reason,twfe_estimate,modern_estimate,twfe_positive_se,modern_positive_se,gap,se_gap,covariance_twfe_modern,t_signed,abs_t,modern_se_degenerate_or_near_zero,paired_draws,bjs_only_sparse_support,modern_minus_twfe,paired_normal_p_unadjusted,numerical_abs_t_above_1_96,original_twfe_estimate,author_native_rows,author_native_clusters,modern_target_rows,original_target_rows,retained_target_share,exact_union_rows,horizon_shortened,retained_horizon_count,published_native_estimate,published_native_positive_se,twfe_is_published_estimator,published_estimate_raw,published_se_raw,native_b_raw,native_se_hc1_raw,native_se_cluster_raw,published_vs_normalized_sample_mismatch,reversal_rows_removed,bootstrap_cluster_frame,twfe_G_eff,twfe_Lmax,modern_G_eff,modern_Lmax,gap_G_eff,gap_Lmax,gap_structural_identity,point_check_max_error,twfe_screen_exclude,modern_screen_exclude,screen_exclude,screen_leverage_warning,twfe_screen_warning,modern_screen_warning,gap_screen_warning,screen_prior_inference_warning,screen_fragile,original_modern_se_degenerate_or_near_zero,matched_gap_se_degenerate_or_near_zero,published_fixed_effect_basis_exception,ancillary_placebo,comparison_id,covariance_block_id,twfe_coordinate_id,modern_coordinate_id,twfe_coordinate_index,modern_coordinate_index
4,S04-P001,baseline,twfe_scalar,csa,static,,,,,,retained,,0.00066728341985039996,0.24671509675536649,0.019837310711775961,0.049679788245202819,-0.24604781333551609,0.046218214894662109,0.00036273843415728373,-5.3236113488219763,5.3236113488219763,False,999,False,0.24604781333551609,1.0172713419568178e-07,True,,,,,,,,False,,,,,,,,,,,,143,120.93476946668187,0.01209820090923028,109.06927313613468,0.013564115154102014,131.53430403159953,0.010360185252684491,False,2.6307732034491771e-14,False,False,False,False,False,False,False,False,False,,,False,False,C0001,S04-B01,S04-B01-C0002,S04-B01-C0003,1,2
4,S04-P001,baseline,twfe_scalar,bjs,static,,,,,,retained,,0.00066728341985039996,0.080807829949140902,0.019837310711775961,0.036907813335938837,-0.080140546529290507,0.032615306342546412,0.00034597368684894904,-2.4571452951446848,2.4571452951446848,False,999,False,0.080140546529290507,0.014004603293194483,True,,,,,,,,False,,,,,,,,,,,,143,120.93476946668187,0.01209820090923028,106.66982946026847,0.012306173441263037,75.056890025973232,0.020959340799647713,False,4.6002091025343361e-13,False,False,False,False,False,False,False,False,False,,,False,False,C0002,S04-B01,S04-B01-C0002,S04-B01-C0004,1,3
4,S04-P002,baseline,twfe_scalar,csa,static,,,,,,retained,,-0.2579444886619664,-0.82364791786795055,0.09448087158208901,0.06341860484663997,0.56570342920598415,0.088754456426668224,0.0025356005000060572,6.3738030965621029,6.3738030965621029,False,999,False,-0.56570342920598415,1.8439730922973369e-10,True,,,,,,,,False,,,,,,,,,,,,143,120.9104898905513,0.012173833119881773,109.08332030707813,0.013556102283718823,131.68307472561926,0.010330495880791371,False,1.2545520178264269e-14,False,False,False,False,False,False,False,False,False,,,False,False,C0003,S04-B01,S04-B01-C0010,S04-B01-C0011,9,10
4,S04-P002,baseline,twfe_scalar,bjs,static,,,,,,retained,,-0.2579444886619664,-0.8092293563823596,0.09448087158208901,0.059645713829060844,0.5512848677203932,0.09008864831308161,0.0021841408591056562,6.1193599642491483,6.1193599642491483,False,999,False,-0.5512848677203932,9.3951953299981191e-10,True,,,,,,,,False,,,,,,,,,,,,143,120.9104898905513,0.012173833119881773,106.63163336155054,0.012351997026848329,75.132043516256005,0.020943952582934793,False,2.3980817331903381e-14,False,False,False,False,False,False,False,False,False,,,False,False,C0004,S04-B01,S04-B01-C0010,S04-B01-C0012,9,11
4,S04-P003,baseline,twfe_scalar,csa,static,,,,,,retained,,-0.0140317676772986,0.0527843795713379,0.087008056178936144,0.11424125327481033,-0.066816147248636493,0.089682217637461786,0.0062892828147316036,-0.74503228185925519,0.74503228185925519,False,999,False,0.066816147248636493,0.45625220476374573,False,,,,,,,,False,,,,,,,,,,,,143,120.93476946668187,0.01209820090923028,109.06927313613468,0.013564115154102014,131.53430403159953,0.010360185252684491,False,3.7730235602495554e-15,False,False,False,False,False,False,False,False,False,,,False,False,C0005,S04-B01,S04-B01-C0018,S04-B01-C0019,17,18
4,S04-P003,baseline,twfe_scalar,bjs,static,,,,,,retained,,-0.0140317676772986,-0.00231185064806,0.087008056178936144,0.10901241547640579,-0.011719917029238599,0.064263405862922021,0.0076621616174673939,-0.18237310755421113,0.18237310755421113,False,999,False,0.011719917029238599,0.85528992894117173,False,,,,,,,,False,,,,,,,,,,,,143,120.93476946668187,0.01209820090923028,106.66982946026847,0.012306173441263037,75.056890025973232,0.020959340799647713,False,9.9588306351483524e-14,False,False,False,False,False,False,False,False,False,,,False,False,C0006,S04-B01,S04-B01-C0018,S04-B01-C0020,17,19
4,S04-P004,baseline,twfe_scalar,csa,static,,,,,,retained,,-0.25882906428814628,-0.81480317855596285,0.096157786113189522,0.064196526100276527,0.55597411426781651,0.090480701226385893,0.0025903782495574411,6.1446707058199044,6.1446707058199044,False,999,False,-0.55597411426781651,8.0129573306958155e-10,True,,,,,,,,False,,,,,,,,,,,,143,120.9104898905513,0.012173833119881773,109.08332030707813,0.013556102283718823,131.68307472561926,0.010330495880791371,False,1.2212453270876722e-14,False,False,False,False,False,False,False,False,False,,,False,False,C0007,S04-B01,S04-B01-C0026,S04-B01-C0027,25,26
4,S04-P004,baseline,twfe_scalar,bjs,static,,,,,,retained,,-0.25882906428814628,-0.80646479431851981,0.096157786113189522,0.060588910049915394,0.54763573003037358,0.091276223958736344,0.002292993395530624,5.9997632053440961,5.9997632053440961,False,999,False,-0.54763573003037358,1.9760548083051857e-09,True,,,,,,,,False,,,,,,,,,,,,143,120.9104898905513,0.012173833119881773,106.63163336155054,0.012351997026848329,75.132043516256005,0.020943952582934793,False,1.2212453270876722e-14,False,False,False,False,False,False,False,False,False,,,False,False,C0008,S04-B01,S04-B01-C0026,S04-B01-C0028,25,27
4,S04-P005,baseline,twfe_scalar,csa,static,,,,,,retained,,-0.072562289113405704,-0.49096059155781779,0.038538008234368877,0.051463194955250202,0.41839830244441212,0.047420180155745624,0.00094248251383550119,8.8232119968805574,8.8232119968805574,False,999,False,-0.41839830244441212,1.1122250144887828e-18,True,,,,,,,,False,,,,,,,,,,,,143,120.9104898905513,0.012173833119881773,109.08332030707813,0.013556102283718823,131.68307472561926,0.010330495880791371,False,2.8768654125599369e-14,False,False,False,False,False,False,False,False,False,,,False,False,C0009,S04-B01,S04-B01-C0034,S04-B01-C0035,33,34
4,S04-P005,baseline,twfe_scalar,bjs,static,,,,,,retained,,-0.072562289113405704,-0.3165912489612947,0.038538008234368877,0.041180072756675658,0.244028959847889,0.04020823308398723,0.00078213723159056934,6.0691291591490639,6.0691291591490639,False,999,False,-0.244028959847889,1.2860568858405864e-09,True,,,,,,,,False,,,,,,,,,,,,143,120.9104898905513,0.012173833119881773,106.63163336155054,0.012351997026848329,75.132043516256005,0.020943952582934793,False,4.6129766673175254e-13,False,False,False,False,False,False,False,False,False,,,False,False,C0010,S04-B01,S04-B01-C0034,S04-B01-C0036,33,35
4,S04-P006,baseline,twfe_scalar,csa,static,,,,,,retained,,-0.0044757062899726998,-0.2155612911706791,0.038366454877344594,0.066014435956067957,0.21108558488070639,0.050485363420706579,0.0016405593473661508,4.1811244007828536,4.1811244007828536,False,999,False,-0.21108558488070639,2.9007110052155274e-05,True,,,,,,,,False,,,,,,,,,,,,143,120.93476946668187,0.01209820090923028,109.06927313613468,0.013564115154102014,131.53430403159953,0.010360185252684491,False,2.7487560838590497e-14,False,False,False,False,False,False,False,False,False,,,False,False,C0011,S04-B01,S04-B01-C0042,S04-B01-C0043,41,42
4,S04-P006,baseline,twfe_scalar,bjs,static,,,,,,retained,,-0.0044757062899726998,-0.050966597725603101,0.038366454877344594,0.052672459953862646,0.046490891435630399,0.031324645484260762,0.0016325697413659824,1.4841633709466879,1.4841633709466879,False,999,False,-0.046490891435630399,0.13776558463058103,False,,,,,,,,False,,,,,,,,,,,,143,120.93476946668187,0.01209820090923028,106.66982946026847,0.012306173441263037,75.056890025973232,0.020959340799647713,False,4.2994080517999578e-13,False,False,False,False,False,False,False,False,False,,,False,False,C0012,S04-B01,S04-B01-C0042,S04-B01-C0044,41,43
4,S04-P007,baseline,twfe_scalar,csa,static,,,,,,retained,,-0.064559649694566498,-0.4618817853812518,0.036451043163454003,0.051078525882606501,0.39732213568668528,0.045919393318615394,0.00091455183564719423,8.6525998488227795,8.6525998488227795,False,999,False,-0.39732213568668528,5.0339281070568135e-18,True,,,,,,,,False,,,,,,,,,,,,143,120.9104898905513,0.012173833119881773,109.08332030707813,0.013556102283718823,131.68307472561926,0.010330495880791371,False,2.89906987305244e-14,False,False,False,False,False,False,False,False,False,,,False,False,C0013,S04-B01,S04-B01-C0050,S04-B01-C0051,49,50
4,S04-P007,baseline,twfe_scalar,bjs,static,,,,,,retained,,-0.064559649694566498,-0.28631093323819301,0.036451043163454003,0.040545773129339546,0.2217512835436265,0.037867738167403138,0.00076933633622242948,5.8559421363727457,5.8559421363727457,False,999,False,-0.2217512835436265,4.7431335413472427e-09,True,,,,,,,,False,,,,,,,,,,,,143,120.9104898905513,0.012173833119881773,106.63163336155054,0.012351997026848329,75.132043516256005,0.020943952582934793,False,4.6485038041055304e-13,False,False,False,False,False,False,False,False,False,,,False,False,C0014,S04-B01,S04-B01-C0050,S04-B01-C0052,49,51
1,S01-P013,baseline,twfe_scalar,csa,static,,,,,,retained,,0.1704322494908572,0.25771543072214309,0.074603038704844984,0.10641595833809818,-0.087283181231285895,0.085464959201263985,0.004792855160869366,-1.021274473737712,1.021274473737712,False,999,False,0.087283181231285895,0.30712441672117374,False,,,,,,,,False,,,,,,,,,,,,116,40.485977560605249,0.067534270867606702,27.472740680726567,0.089075349338748999,43.693206549300278,0.068695853114676325,False,7.7715611723760958e-16,False,False,False,False,False,False,False,False,False,,,False,False,C0015,S01-B01,S01-B01-C0290,S01-B01-C0291,289,290
1,S01-P013,baseline,twfe_scalar,bjs,static,,,,,,retained,,0.1704322494908572,0.28827121026497882,0.074603038704844984,0.095154666625724332,-0.11783896077412162,0.085952106733566874,0.003616129656355431,-1.3709839729629567,1.3709839729629567,False,999,False,0.11783896077412162,0.1703799522294677,False,,,,,,,,False,,,,,,,,,,,,116,40.485977560605249,0.067534270867606702,30.910701586303617,0.078119549109493897,41.625140765254322,0.059964128937286233,False,2.7755575615628914e-15,False,False,False,False,False,False,False,False,False,,,False,False,C0016,S01-B01,S01-B01-C0290,S01-B01-C0292,289,291
1,S01-P014,baseline,twfe_scalar,csa,static,,,,,,retained,,0.1656381968897721,0.2693661917049634,0.10017165135462065,0.12527246807530251,-0.10372799481519129,0.11591899436911314,0.0061451688686214364,-0.89483173469308352,0.89483173469308352,False,999,False,0.10372799481519129,0.37087704332209281,False,,,,,,,,False,,,,,,,,,,,,116,40.490217610112531,0.067522932181036416,27.374355346356833,0.088873101841660543,43.002499743061712,0.070660978515923359,False,5.3290705182007514e-15,False,False,False,False,False,False,False,False,False,,,False,False,C0017,S01-B01,S01-B01-C0296,S01-B01-C0297,295,296
1,S01-P014,baseline,twfe_scalar,bjs,static,,,,,,retained,,0.1656381968897721,0.30301856929411758,0.10017165135462065,0.11430938042553281,-0.13738037240434547,0.1098002162563359,0.0055224533492213602,-1.2511848982484868,1.2511848982484868,False,999,False,0.13738037240434547,0.21086702665941404,False,,,,,,,,False,,,,,,,,,,,,116,40.490217610112531,0.067522932181036416,30.90896430176408,0.077792529731010543,41.349228634976349,0.059579950579759317,False,5.3290705182007514e-15,False,False,False,False,False,False,False,False,False,,,False,False,C0018,S01-B01,S01-B01-C0296,S01-B01-C0298,295,297
1,S01-P015,baseline,twfe_scalar,csa,static,,,,,,retained,,0.28153617497260419,0.29844185973513709,0.085409723276267002,0.11144630559848399,-0.016905684762532902,0.11023624041384092,0.0037815355805505264,-0.15335868403228198,0.15335868403228198,False,999,False,0.016905684762532902,0.87811542477195337,False,,,,,,,,False,,,,,,,,,,,,116,40.48656028988124,0.067530420960821069,27.472740680726567,0.089075349338748999,43.691908637815111,0.068706105903353701,False,7.049916206369744e-15,False,False,False,False,False,False,False,False,False,,,False,False,C0019,S01-B01,S01-B01-C0302,S01-B01-C0303,301,302
1,S01-P015,baseline,twfe_scalar,bjs,static,,,,,,retained,,0.28153617497260419,0.33288145187009088,0.085409723276267002,0.10208995179521187,-0.051345276897486691,0.094236341468111939,0.0044183455171912973,-0.54485643327803746,0.54485643327803746,False,999,False,0.051345276897486691,0.58585226205716556,False,,,,,,,,False,,,,,,,,,,,,116,40.48656028988124,0.067530420960821069,30.910701586303617,0.078119549109493897,41.625872895199898,0.059959818987430261,False,7.049916206369744e-15,False,False,False,False,False,False,False,False,False,,,False,False,C0020,S01-B01,S01-B01-C0302,S01-B01-C0304,301,303
1,S01-P016,baseline,twfe_scalar,csa,static,,,,,,retained,,0.10505921302801161,0.1057268882748284,0.07910171588613446,0.11318718229530347,-0.00066767524681679569,0.10043049160082784,0.004491068024448523,-0.0066481328147884131,0.0066481328147884131,False,999,False,0.00066767524681679569,0.99469559654265438,False,,,,,,,,False,,,,,,,,,,,,116,40.485977560605249,0.067534270867606702,27.472740680726567,0.089075349338748999,43.693206549300278,0.068695853114676325,False,1.6930901125533637e-15,False,False,False,False,False,False,False,False,False,,,False,False,C0021,S01-B01,S01-B01-C0308,S01-B01-C0309,307,308
1,S01-P016,baseline,twfe_scalar,bjs,static,,,,,,retained,,0.10505921302801161,0.13090624772933321,0.07910171588613446,0.12458683041251194,-0.025847034701321603,0.10978789898839993,0.0048627885020398219,-0.2354269909478145,0.2354269909478145,False,999,False,0.025847034701321603,0.81387733896899406,False,,,,,,,,False,,,,,,,,,,,,116,40.485977560605249,0.067534270867606702,30.910701586303617,0.078119549109493897,41.625140765254322,0.059964128937286233,False,4.2743586448068527e-15,False,False,False,False,False,False,False,False,False,,,False,False,C0022,S01-B01,S01-B01-C0308,S01-B01-C0310,307,309
1,S01-P017,baseline,twfe_scalar,csa,static,,,,,,retained,,0.2076386433415319,0.29851636497118123,0.081336946787699649,0.13212699172210779,-0.090877721629649327,0.11814010747331274,0.0050580779302365703,-0.76923682882359101,0.76923682882359101,False,999,False,0.090877721629649327,0.44175273081779637,False,,,,,,,,False,,,,,,,,,,,,116,40.490217610112531,0.067522932181036416,27.374355346356833,0.088873101841660543,43.002499743061712,0.070660978515923359,False,5.9119376061289586e-15,False,False,False,False,False,False,False,False,False,,,False,False,C0023,S01-B01,S01-B01-C0314,S01-B01-C0315,313,314
1,S01-P017,baseline,twfe_scalar,bjs,static,,,,,,retained,,0.2076386433415319,0.33768795059905388,0.081336946787699649,0.11562472317015855,-0.13004930725752198,0.10499953119298713,0.0044799369850869039,-1.2385703610285064,1.2385703610285064,False,999,False,0.13004930725752198,0.21550465003845853,False,,,,,,,,False,,,,,,,,,,,,116,40.490217610112531,0.067522932181036416,30.90896430176408,0.077792529731010543,41.349228634976349,0.059579950579759317,False,5.9119376061289586e-15,False,False,False,False,False,False,False,False,False,,,False,False,C0024,S01-B01,S01-B01-C0314,S01-B01-C0316,313,315
1,S01-P018,baseline,twfe_scalar,csa,static,,,,,,retained,,0.1549769980808306,0.1103946514283641,0.0907762718698647,0.13474659577006384,0.044582346652466492,0.11057048443855474,0.0070855722886179508,0.40320296034554681,0.40320296034554681,False,999,False,-0.044582346652466492,0.68679892207899185,False,,,,,,,,False,,,,,,,,,,,,116,40.485977560605249,0.067534270867606702,27.472740680726567,0.089075349338748999,43.693206549300278,0.068695853114676325,False,1.27675647831893e-15,False,False,False,False,False,False,False,False,False,,,False,False,C0025,S01-B01,S01-B01-C0320,S01-B01-C0321,319,320
1,S01-P018,baseline,twfe_scalar,bjs,static,,,,,,retained,,0.1549769980808306,0.12723719306169559,0.0907762718698647,0.13465218702462539,0.027739805019135005,0.11618009955218207,0.0064368637365756765,0.23876554699176966,0.23876554699176966,False,999,False,-0.027739805019135005,0.81128738713141546,False,,,,,,,,False,,,,,,,,,,,,116,40.485977560605249,0.067534270867606702,30.910701586303617,0.078119549109493897,41.625140765254322,0.059964128937286233,False,1.9428902930940239e-15,False,False,False,False,False,False,False,False,False,,,False,False,C0026,S01-B01,S01-B01-C0320,S01-B01-C0322,319,321
1,S01-P019,baseline,twfe_scalar,csa,static,,,,,,retained,,0.25050800724521388,0.2896772929973685,0.092316738983554719,0.12649730103308288,-0.039169285752154614,0.1089696110079329,0.006324785670995977,-0.35945145981390281,0.35945145981390281,False,999,False,0.039169285752154614,0.71925738403521833,False,,,,,,,,False,,,,,,,,,,,,116,40.49080665576308,0.067519090309904481,27.374355346356833,0.088873101841660543,43.001065189825709,0.070671385208574744,False,7.2164496600635175e-16,False,False,False,False,False,False,False,False,False,,,False,False,C0027,S01-B01,S01-B01-C0326,S01-B01-C0327,325,326
1,S01-P019,baseline,twfe_scalar,bjs,static,,,,,,retained,,0.25050800724521388,0.33000260117157793,0.092316738983554719,0.12420246165833665,-0.079494593926364043,0.11250018783339641,0.0056461697579994448,-0.70661743288899259,0.70661743288899259,False,999,False,0.079494593926364043,0.47980425245534114,False,,,,,,,,False,,,,,,,,,,,,116,40.49080665576308,0.067519090309904481,30.90896430176408,0.077792529731010543,41.349866329912949,0.059575658298095989,False,7.2164496600635175e-16,False,False,False,False,False,False,False,False,False,,,False,False,C0028,S01-B01,S01-B01-C0326,S01-B01-C0328,325,327
1,S01-P020,baseline,twfe_scalar,csa,static,,,,,,retained,,-0.0009772742985643,0.069059730971585007,0.097309995488878712,0.11037976548892305,-0.070037005270149305,0.088543516059914937,0.0069064868075914146,-0.79098965555825917,0.79098965555825917,False,999,False,0.070037005270149305,0.42895002797090465,False,,,,,,,,False,,,,,,,,,,,,116,40.485977560605249,0.067534270867606702,27.472740680726567,0.089075349338748999,43.693206549300278,0.068695853114676325,False,6.609296443471635e-16,False,False,False,False,False,False,False,False,False,,,False,False,C0029,S01-B01,S01-B01-C0332,S01-B01-C0333,331,332
1,S01-P020,baseline,twfe_scalar,bjs,static,,,,,,retained,,-0.0009772742985643,0.076464962006689396,0.097309995488878712,0.10737412749212043,-0.077442236305253695,0.10193557318581081,0.0053037886980099669,-0.75971747531246991,0.75971747531246991,False,999,False,0.077442236305253695,0.44742348067095777,False,,,,,,,,False,,,,,,,,,,,,116,40.485977560605249,0.067534270867606702,30.910701586303617,0.078119549109493897,41.625140765254322,0.059964128937286233,False,6.609296443471635e-16,False,False,False,False,False,False,False,False,False,,,False,False,C0030,S01-B01,S01-B01-C0332,S01-B01-C0334,331,333
1,S01-P021,baseline,twfe_scalar,csa,static,,,,,,retained,,0.1082134007088815,-0.046398520793001503,0.07259641545408381,0.10283434844359347,0.15461192150188299,0.096485463528513685,0.0032678490421440961,1.6024374641283823,1.6024374641283823,False,999,False,-0.15461192150188299,0.10905890586251561,False,,,,,,,,False,,,,,,,,,,,,116,40.499095432170321,0.067680759594003118,27.455071393737366,0.087998421095504376,43.032798468241772,0.070636152964895824,False,1.2545520178264269e-14,False,False,False,False,False,False,False,False,False,,,False,False,C0031,S01-B01,S01-B01-C0338,S01-B01-C0339,337,338
1,S01-P021,baseline,twfe_scalar,bjs,static,,,,,,retained,,0.1082134007088815,-0.046036433801995201,0.07259641545408381,0.11333475921818745,0.1542498345108767,0.09849482479176018,0.0042068883365334632,1.5660704492545159,1.5660704492545159,False,999,False,-0.1542498345108767,0.11733212527521809,False,,,,,,,,False,,,,,,,,,,,,116,40.499095432170321,0.067680759594003118,30.910999320421034,0.077939570147405435,41.249791209923067,0.059887044439151972,False,1.2545520178264269e-14,False,False,False,False,False,False,False,False,False,,,False,False,C0032,S01-B01,S01-B01-C0338,S01-B01-C0340,337,339
1,S01-P022,baseline,twfe_scalar,csa,static,,,,,,retained,,0.1641512532639666,0.15012425865279719,0.063763715731539869,0.11360428942171835,0.014026994611169408,0.097353736528811019,0.0037469980013925116,0.14408275543710886,0.14408275543710886,False,999,False,-0.014026994611169408,0.88543512179525496,False,,,,,,,,False,,,,,,,,,,,,116,40.496885938993913,0.067786600569097688,27.44718726746137,0.088375096729953945,43.227469262452708,0.070418973299086959,False,1.1796119636642288e-14,False,False,False,False,False,False,False,False,False,,,False,False,C0033,S01-B01,S01-B01-C0344,S01-B01-C0345,343,344
1,S01-P022,baseline,twfe_scalar,bjs,static,,,,,,retained,,0.1641512532639666,0.1336782416445122,0.063763715731539869,0.11042915873407259,0.030473011619454399,0.088197096874485306,0.0042408413227601411,0.34551037051504119,0.34551037051504119,False,999,False,-0.030473011619454399,0.72971071522629205,False,,,,,,,,False,,,,,,,,,,,,116,40.496885938993913,0.067786600569097688,30.876118480935602,0.078904333736341745,41.419142002290307,0.059630348076544486,False,1.1796119636642288e-14,False,False,False,False,False,False,False,False,False,,,False,False,C0034,S01-B01,S01-B01-C0344,S01-B01-C0346,343,345
1,S01-P023,baseline,twfe_scalar,csa,static,,,,,,retained,,0.1005088070803597,-0.0120621558625638,0.067002096339670122,0.13599067345366347,0.1125709629429235,0.12112190259649083,0.0041561144458487787,0.92940220166410203,0.92940220166410203,False,999,False,-0.1125709629429235,0.35268068724637408,False,,,,,,,,False,,,,,,,,,,,,116,40.464547323206212,0.068167940086733769,27.172652481056314,0.090431312056207538,43.233684235267681,0.07006924863728721,False,1.0269562977782698e-14,False,False,False,False,False,False,False,False,False,,,False,False,C0035,S01-B01,S01-B01-C0350,S01-B01-C0351,349,350
1,S01-P023,baseline,twfe_scalar,bjs,static,,,,,,retained,,0.1005088070803597,0.0227662541539029,0.067002096339670122,0.094723689345038845,0.077742552926456793,0.080900201314874076,0.0034585078321293537,0.96096859665246925,0.96096859665246925,False,999,False,-0.077742552926456793,0.33656795785086757,False,,,,,,,,False,,,,,,,,,,,,116,40.464547323206212,0.068167940086733769,31.009047890152196,0.079111313486288221,41.379883961780159,0.060329986729626355,False,1.0269562977782698e-14,False,False,False,False,False,False,False,False,False,,,False,False,C0036,S01-B01,S01-B01-C0350,S01-B01-C0352,349,351
1,S01-P024,baseline,twfe_scalar,csa,static,,,,,,retained,,0.13469014123565129,0.1647816332415532,0.067476814228540322,0.11288461449320206,-0.030091492005901915,0.10241236504441266,0.0034038820668608727,-0.29382674633919731,0.29382674633919731,False,999,False,0.030091492005901915,0.76889029612100956,False,,,,,,,,False,,,,,,,,,,,,116,40.464547323206212,0.068167940086733769,27.172652481056314,0.090431312056207538,43.233684235267681,0.07006924863728721,False,1.6070478281449141e-14,False,False,False,False,False,False,False,False,False,,,False,False,C0037,S01-B01,S01-B01-C0356,S01-B01-C0357,355,356
1,S01-P024,baseline,twfe_scalar,bjs,static,,,,,,retained,,0.13469014123565129,0.19141630818197969,0.067476814228540322,0.096858038785932951,-0.056726166946328399,0.084324812789008691,0.0034119630419944358,-0.67271026249728438,0.67271026249728438,False,999,False,0.056726166946328399,0.50113163739295352,False,,,,,,,,False,,,,,,,,,,,,116,40.464547323206212,0.068167940086733769,31.009047890152196,0.079111313486288221,41.379883961780159,0.060329986729626355,False,1.6070478281449141e-14,False,False,False,False,False,False,False,False,False,,,False,False,C0038,S01-B01,S01-B01-C0356,S01-B01-C0358,355,357
1,S01-P025,baseline,twfe_scalar,csa,static,,,,,,retained,,0.1307067474387533,0.13118189258449231,0.081593155643386386,0.12806317658521502,-0.00047514514573901434,0.1016713266777505,0.0063602807882639934,-0.0046733446023085479,0.0046733446023085479,False,999,False,0.00047514514573901434,0.99627122406734903,False,,,,,,,,False,,,,,,,,,,,,116,40.464547323206212,0.068167940086733769,27.172652481056314,0.090431312056207538,43.233684235267681,0.07006924863728721,False,9.2426066800044282e-15,False,False,False,False,False,False,False,False,False,,,False,False,C0039,S01-B01,S01-B01-C0362,S01-B01-C0363,361,362
1,S01-P025,baseline,twfe_scalar,bjs,static,,,,,,retained,,0.1307067474387533,0.16240286256559611,0.081593155643386386,0.10940190005449822,-0.031696115126842811,0.097355735927552672,0.0045740397326924634,-0.32557008403109905,0.32557008403109905,False,999,False,0.031696115126842811,0.7447496494779362,False,,,,,,,,False,,,,,,,,,,,,116,40.464547323206212,0.068167940086733769,31.009047890152196,0.079111313486288221,41.379883961780159,0.060329986729626355,False,9.2426066800044282e-15,False,False,False,False,False,False,False,False,False,,,False,False,C0040,S01-B01,S01-B01-C0362,S01-B01-C0364,361,363
1,S01-P026,baseline,twfe_scalar,csa,static,,,,,,retained,,0.1153356800761668,0.0810145087012272,0.069600492997884011,0.10932115735569621,0.034321171374939605,0.10546625775004198,0.0028361062736695524,0.32542324063760519,0.32542324063760519,False,999,False,-0.034321171374939605,0.74486076843097038,False,,,,,,,,False,,,,,,,,,,,,116,40.464547323206212,0.068167940086733769,27.172652481056314,0.090431312056207538,43.233684235267681,0.07006924863728721,False,7.6189055064901368e-15,False,False,False,False,False,False,False,False,False,,,False,False,C0041,S01-B01,S01-B01-C0368,S01-B01-C0369,367,368
1,S01-P026,baseline,twfe_scalar,bjs,static,,,,,,retained,,0.1153356800761668,0.093939945853920098,0.069600492997884011,0.087878308687487416,0.021395734222246707,0.082714138606697837,0.0028625985189369035,0.25867082197376801,0.25867082197376801,False,999,False,-0.021395734222246707,0.79588923419573609,False,,,,,,,,False,,,,,,,,,,,,116,40.464547323206212,0.068167940086733769,31.009047890152196,0.079111313486288221,41.379883961780159,0.060329986729626355,False,7.6189055064901368e-15,False,False,False,False,False,False,False,False,False,,,False,False,C0042,S01-B01,S01-B01-C0368,S01-B01-C0370,367,369
1,S01-P027,baseline,twfe_scalar,csa,static,,,,,,retained,,-0.0032855282890917,-0.096211513140760499,0.085886308321102223,0.11116002104249176,0.092925984851668794,0.10583234848917163,0.0042662611242305854,0.87804897253297409,0.87804897253297409,False,999,False,-0.092925984851668794,0.3799171428195367,False,,,,,,,,False,,,,,,,,,,,,116,40.464547323206212,0.068167940086733769,27.172652481056314,0.090431312056207538,43.233684235267681,0.07006924863728721,False,6.88641851875893e-15,False,False,False,False,False,False,False,False,False,,,False,False,C0043,S01-B01,S01-B01-C0374,S01-B01-C0375,373,374
1,S01-P027,baseline,twfe_scalar,bjs,static,,,,,,retained,,-0.0032855282890917,-0.057677571993434401,0.085886308321102223,0.10946412498869747,0.054392043704342703,0.10544037805817104,0.0041205896457592889,0.51585592451437179,0.51585592451437179,False,999,False,-0.054392043704342703,0.60595503969791353,False,,,,,,,,False,,,,,,,,,,,,116,40.464547323206212,0.068167940086733769,31.009047890152196,0.079111313486288221,41.379883961780159,0.060329986729626355,False,6.88641851875893e-15,False,False,False,False,False,False,False,False,False,,,False,False,C0044,S01-B01,S01-B01-C0374,S01-B01-C0376,373,375
1,S01-P028,baseline,twfe_scalar,csa,static,,,,,,retained,,0.039066362125384703,0.12805447027914749,0.085925068287625542,0.12215631221840131,-0.08898810815376279,0.10280520534052053,0.0058681858649630323,-0.86559924528148624,0.86559924528148624,False,999,False,0.08898810815376279,0.38670996963012261,False,,,,,,,,False,,,,,,,,,,,,116,40.535927912103645,0.068460593827700866,27.192631024794384,0.090664595434783973,43.304891119280256,0.069726089102433469,False,9.2287288921966137e-16,False,False,False,False,False,False,False,False,False,,,False,False,C0045,S01-B01,S01-B01-C0380,S01-B01-C0381,379,380
1,S01-P028,baseline,twfe_scalar,bjs,static,,,,,,retained,,0.039066362125384703,0.13025623227045841,0.085925068287625542,0.11576913522817611,-0.091189870145073709,0.099065807903350095,0.0054857878680846881,-0.92049792027174249,0.92049792027174249,False,999,False,0.091189870145073709,0.35731261933510766,False,,,,,,,,False,,,,,,,,,,,,116,40.535927912103645,0.068460593827700866,30.999890205864752,0.079312173454399865,41.496013993254614,0.059875836227592585,False,9.7144514654701197e-16,False,False,False,False,False,False,False,False,False,,,False,False,C0046,S01-B01,S01-B01-C0380,S01-B01-C0382,379,381
1,S01-P029,baseline,twfe_scalar,csa,static,,,,,,retained,,0.10015916386266301,0.092065348859630594,0.07019510671308693,0.11178875912541743,0.0080938150030324119,0.10385067147915532,0.0033195588532954064,0.077937050264109117,0.077937050264109117,False,999,False,-0.0080938150030324119,0.93787812718199759,False,,,,,,,,False,,,,,,,,,,,,116,40.464547323206212,0.068167940086733769,27.172652481056314,0.090431312056207538,43.233684235267681,0.07006924863728721,False,3.4694469519536142e-16,False,False,False,False,False,False,False,False,False,,,False,False,C0047,S01-B01,S01-B01-C0386,S01-B01-C0387,385,386
1,S01-P029,baseline,twfe_scalar,bjs,static,,,,,,retained,,0.10015916386266301,0.081806466101620096,0.07019510671308693,0.10728338117378922,0.01835269776104291,0.095341980124475714,0.0036734918542431425,0.19249335641112303,0.19249335641112303,False,999,False,-0.01835269776104291,0.84735577142074747,False,,,,,,,,False,,,,,,,,,,,,116,40.464547323206212,0.068167940086733769,31.009047890152196,0.079111313486288221,41.379883961780159,0.060329986729626355,False,3.6082248300317588e-16,False,False,False,False,False,False,False,False,False,,,False,False,C0048,S01-B01,S01-B01-C0386,S01-B01-C0388,385,387
1,S01-P030,baseline,twfe_scalar,csa,static,,,,,,retained,,-0.0083371834503478005,-0.024305289280478599,0.075457187249164587,0.13056165295875613,0.015968105830130801,0.10447390216393952,0.0059126680487588748,0.1528430115022773,0.1528430115022773,False,999,False,-0.015968105830130801,0.87852207793138093,False,,,,,,,,False,,,,,,,,,,,,116,40.464547323206212,0.068167940086733769,27.172652481056314,0.090431312056207538,43.233684235267681,0.07006924863728721,False,3.5093455919010808e-15,False,False,False,False,False,False,False,False,False,,,False,False,C0049,S01-B01,S01-B01-C0392,S01-B01-C0393,391,392
1,S01-P030,baseline,twfe_scalar,bjs,static,,,,,,retained,,-0.0083371834503478005,-0.075128714168939598,0.075457187249164587,0.11058003675627046,0.066791530718591799,0.1002157434973744,0.0039392681959210356,0.66647742547897881,0.66647742547897881,False,999,False,-0.066791530718591799,0.50510598816014696,False,,,,,,,,False,,,,,,,,,,,,116,40.464547323206212,0.068167940086733769,31.009047890152196,0.079111313486288221,41.379883961780159,0.060329986729626355,False,3.5093455919010808e-15,False,False,False,False,False,False,False,False,False,,,False,False,C0050,S01-B01,S01-B01-C0392,S01-B01-C0394,391,393
1,S01-P031,baseline,twfe_scalar,csa,static,,,,,,retained,,0.1611254833802955,0.1196496739040908,0.067608426261890148,0.094511082054795428,0.041475809476204703,0.080534508808089572,0.0035087184119087281,0.51500667341300677,0.51500667341300677,False,999,False,-0.041475809476204703,0.60654835669261553,False,,,,,,,,False,,,,,,,,,,,,116,40.535927912103645,0.068460593827700866,27.192631024794384,0.090664595434783973,43.304891119280256,0.069726089102433469,False,7.4940054162198066e-16,False,False,False,False,False,False,False,False,False,,,False,False,C0051,S01-B01,S01-B01-C0398,S01-B01-C0399,397,398
1,S01-P031,baseline,twfe_scalar,bjs,static,,,,,,retained,,0.1611254833802955,0.1135245901575032,0.067608426261890148,0.10480466002827125,0.047600893222792304,0.081729247518553622,0.0044376230826509763,0.58242177271956741,0.58242177271956741,False,999,False,-0.047600893222792304,0.56028261945764568,False,,,,,,,,False,,,,,,,,,,,,116,40.535927912103645,0.068460593827700866,30.999890205864752,0.079312173454399865,41.496013993254614,0.059875836227592585,False,7.4940054162198066e-16,False,False,False,False,False,False,False,False,False,,,False,False,C0052,S01-B01,S01-B01-C0398,S01-B01-C0400,397,399
1,S01-P032,baseline,twfe_scalar,csa,static,,,,,,retained,,0.14660139415806939,0.1243749705029376,0.077736050760849343,0.12434412636023177,0.022226423655131791,0.11049669222339076,0.0046474181779359415,0.20115012683091646,0.20115012683091646,False,999,False,-0.022226423655131791,0.84058118737699383,False,,,,,,,,False,,,,,,,,,,,,116,40.565455741451103,0.067968010179809746,27.341919161535444,0.089437137591473911,43.372458670540844,0.06939301637428702,False,1.6930901125533637e-15,False,False,False,False,False,False,False,False,False,,,False,False,C0053,S01-B01,S01-B01-C0404,S01-B01-C0405,403,404
1,S01-P032,baseline,twfe_scalar,bjs,static,,,,,,retained,,0.14660139415806939,0.13308278767139689,0.077736050760849343,0.11910605410474349,0.013518606486672496,0.099066872521931387,0.0052074502405094142,0.13645940507185944,0.13645940507185944,False,999,False,-0.013518606486672496,0.8914581143570437,False,,,,,,,,False,,,,,,,,,,,,116,40.565455741451103,0.067968010179809746,31.3188506118661,0.077419614305165904,41.546451376624937,0.059755026448114763,False,4.9960036108132044e-15,False,False,False,False,False,False,False,False,False,,,False,False,C0054,S01-B01,S01-B01-C0404,S01-B01-C0406,403,405
1,S01-P033,baseline,twfe_scalar,csa,static,,,,,,retained,,0.2049631707941334,0.0154020157657435,0.078949333644076913,0.11152354183173036,0.18956115502838991,0.11566243588857736,0.0026463492949291086,1.6389171953027377,1.6389171953027377,False,999,False,-0.18956115502838991,0.10123050604823922,False,,,,,,,,False,,,,,,,,,,,,116,40.513641999395702,0.067637297021911319,27.448099646720419,0.087878625235904881,43.020425204888944,0.071025458293528729,False,5.6066262743570405e-15,False,False,False,False,False,False,False,False,False,,,False,False,C0055,S01-B01,S01-B01-C0410,S01-B01-C0411,409,410
1,S01-P033,baseline,twfe_scalar,bjs,static,,,,,,retained,,0.2049631707941334,0.047400942893097903,0.078949333644076913,0.10428974001162268,0.1575622279010355,0.095142957315122567,0.0040285824139341979,1.6560577088136366,1.6560577088136366,False,999,False,-0.1575622279010355,0.097710132689922874,False,,,,,,,,False,,,,,,,,,,,,116,40.513641999395702,0.067637297021911319,30.988516638274753,0.078331983408091499,41.332613296732553,0.059383721164131112,False,5.6066262743570405e-15,False,False,False,False,False,False,False,False,False,,,False,False,C0056,S01-B01,S01-B01-C0410,S01-B01-C0412,409,411
1,S01-P034,baseline,twfe_scalar,csa,static,,,,,,retained,,0.21441112817879651,0.066146350906804097,0.078265914800372219,0.11554587066804724,0.14826477727199242,0.12065146749769691,0.0024598125193142049,1.2288684120217817,1.2288684120217817,False,999,False,-0.14826477727199242,0.21912114649091868,False,,,,,,,,False,,,,,,,,,,,,116,40.565455741451103,0.067968010179809746,27.341919161535444,0.089437137591473911,43.372458670540844,0.06939301637428702,False,1.8596235662471372e-15,False,False,False,False,False,False,False,False,False,,,False,False,C0057,S01-B01,S01-B01-C0416,S01-B01-C0417,415,416
1,S01-P034,baseline,twfe_scalar,bjs,static,,,,,,retained,,0.21441112817879651,0.0901571067991873,0.078265914800372219,0.097626902261253021,0.12425402137960921,0.089230654037163321,0.0038472279223837227,1.3925037614075892,1.3925037614075892,False,999,False,-0.12425402137960921,0.16376990341915956,False,,,,,,,,False,,,,,,,,,,,,116,40.565455741451103,0.067968010179809746,31.3188506118661,0.077419614305165904,41.546451376624937,0.059755026448114763,False,1.8596235662471372e-15,False,False,False,False,False,False,False,False,False,,,False,False,C0058,S01-B01,S01-B01-C0416,S01-B01-C0418,415,417
1,S01-P035,baseline,twfe_scalar,csa,static,,,,,,retained,,0.26830381394945468,0.44114140389164808,0.088537292900464151,0.13014626354067971,-0.17283758994219339,0.12975163724666899,0.0039707073897757277,-1.3320648094298364,1.3320648094298364,False,999,False,0.17283758994219339,0.18283889282847093,False,,,,,,,,False,,,,,,,,,,,,116,40.515003738517201,0.067615879010118285,27.448488928767286,0.088127413803750942,43.124490351013826,0.070719281674004805,False,1.4876988529977098e-14,False,False,False,False,False,False,False,False,False,,,False,False,C0059,S01-B01,S01-B01-C0422,S01-B01-C0423,421,422
1,S01-P035,baseline,twfe_scalar,bjs,static,,,,,,retained,,0.26830381394945468,0.50279383283053314,0.088537292900464151,0.12278676053325929,-0.23449001888107845,0.10905222799666309,0.0055115261826791757,-2.1502542698004636,2.1502542698004636,False,999,False,0.23449001888107845,0.031535107516652651,True,,,,,,,,False,,,,,,,,,,,,116,40.515003738517201,0.067615879010118285,30.968016418548707,0.077999566090154515,41.37380309674446,0.059482873512631693,False,1.4876988529977098e-14,False,False,False,False,False,False,False,False,False,,,False,False,C0060,S01-B01,S01-B01-C0422,S01-B01-C0424,421,423
1,S01-P036,baseline,twfe_scalar,csa,static,,,,,,retained,,0.029819304021479899,0.029882386805835801,0.087823104774167784,0.10737789350860621,-6.3082784355902172e-05,0.10522006751924642,0.0040858235688826256,-0.00059953187489034186,0.00059953187489034186,False,999,False,6.3082784355902172e-05,0.99952164280197242,False,,,,,,,,False,,,,,,,,,,,,116,40.530542331671803,0.067648139789538236,27.44718726746137,0.088375096729953945,43.273451207577111,0.070406742237199851,False,1.0623446566881967e-14,False,False,False,False,False,False,False,False,False,,,False,False,C0061,S01-B01,S01-B01-C0428,S01-B01-C0429,427,428
1,S01-P036,baseline,twfe_scalar,bjs,static,,,,,,retained,,0.029819304021479899,0.027633788726519899,0.087823104774167784,0.12286276732235106,0.0021855152949599999,0.11273929339953757,0.0050490045250268069,0.019385568501079184,0.019385568501079184,False,999,False,-0.0021855152949599999,0.98453352291437013,False,,,,,,,,False,,,,,,,,,,,,116,40.530542331671803,0.067648139789538236,30.876118480935602,0.078904333736341745,41.479203978096258,0.059526750813371866,False,1.0623446566881967e-14,False,False,False,False,False,False,False,False,False,,,False,False,C0062,S01-B01,S01-B01-C0428,S01-B01-C0430,427,429
1,S01-P037,baseline,twfe_scalar,csa,static,,,,,,retained,,0.021705135981135399,0.20565059515157391,0.083194850790484012,0.13133345013946238,-0.1839454591704385,0.11888602675783892,0.0050179854826599771,-1.5472420450648949,1.5472420450648949,False,999,False,0.1839454591704385,0.12180489089277119,False,,,,,,,,False,,,,,,,,,,,,116,40.515003738517201,0.067615879010118285,27.448488928767286,0.088127413803750942,43.124490351013826,0.070719281674004805,False,1.478331346227435e-14,False,False,False,False,False,False,False,False,False,,,False,False,C0063,S01-B01,S01-B01-C0434,S01-B01-C0435,433,434
1,S01-P037,baseline,twfe_scalar,bjs,static,,,,,,retained,,0.021705135981135399,0.26333793775956582,0.083194850790484012,0.13244805508956053,-0.24163280177843041,0.10390295362334544,0.006834023361701547,-2.3255623959869718,2.3255623959869718,False,999,False,0.24163280177843041,0.020041907618405668,True,,,,,,,,False,,,,,,,,,,,,116,40.515003738517201,0.067615879010118285,30.968016418548707,0.077999566090154515,41.37380309674446,0.059482873512631693,False,1.478331346227435e-14,False,False,False,False,False,False,False,False,False,,,False,False,C0064,S01-B01,S01-B01-C0434,S01-B01-C0436,433,435
1,S01-P038,baseline,twfe_scalar,csa,static,,,,,,retained,,0.15926044064510761,0.1321022406300813,0.094710143960448481,0.1242574346618843,0.027158200015026307,0.10493723916086642,0.006699048637528222,0.25880421699863287,0.25880421699863287,False,999,False,-0.027158200015026307,0.79578630401179484,False,,,,,,,,False,,,,,,,,,,,,116,40.84101860973982,0.06869778232434752,27.527381683595092,0.087533335543145296,42.430932501377313,0.071279478702728077,False,1.5265566588595902e-15,False,False,False,False,False,False,False,False,False,,,False,False,C0065,S01-B01,S01-B01-C0440,S01-B01-C0441,439,440
1,S01-P038,baseline,twfe_scalar,bjs,static,,,,,,retained,,0.15926044064510761,0.14565011667644881,0.094710143960448481,0.11326108982598562,0.0136103239686588,0.093779941754152177,0.0065017041810833459,0.14513043742700119,0.14513043742700119,False,999,False,-0.0136103239686588,0.884607887102562,False,,,,,,,,False,,,,,,,,,,,,116,40.84101860973982,0.06869778232434752,31.701439996804851,0.079023204570419434,41.907016305947479,0.061434829024089956,False,2.9976021664879227e-15,False,False,False,False,False,False,False,False,False,,,False,False,C0066,S01-B01,S01-B01-C0440,S01-B01-C0442,439,441
1,S01-P039,baseline,twfe_scalar,csa,static,,,,,,retained,,0.12645125101591931,0.24908045153531699,0.092791016955379751,0.13071227930551266,-0.12262920051939769,0.12203587587986167,0.0054015588935454623,-1.0048618870087032,1.0048618870087032,False,999,False,0.12262920051939769,0.31496335888709714,False,,,,,,,,False,,,,,,,,,,,,116,40.565455741451103,0.067968010179809746,27.341919161535444,0.089437137591473911,43.372458670540844,0.06939301637428702,False,1.6653345369377348e-16,False,False,False,False,False,False,False,False,False,,,False,False,C0067,S01-B01,S01-B01-C0446,S01-B01-C0447,445,446
1,S01-P039,baseline,twfe_scalar,bjs,static,,,,,,retained,,0.12645125101591931,0.25488003234475498,0.092791016955379751,0.11477002516523468,-0.12842878132883567,0.10314094647618624,0.0055721383320193303,-1.245177455866066,1.245177455866066,False,999,False,0.12842878132883567,0.21306652753221716,False,,,,,,,,False,,,,,,,,,,,,116,40.565455741451103,0.067968010179809746,31.3188506118661,0.077419614305165904,41.546451376624937,0.059755026448114763,False,3.7747582837255322e-15,False,False,False,False,False,False,False,False,False,,,False,False,C0068,S01-B01,S01-B01-C0446,S01-B01-C0448,445,447
1,S01-P040,baseline,twfe_scalar,csa,static,,,,,,retained,,0.16554009916109161,0.31264232924027618,0.090180638316347164,0.11349744472715735,-0.14710223007918458,0.10780875538502425,0.0046957448745349826,-1.3644738737018995,1.3644738737018995,False,999,False,0.14710223007918458,0.17241847147569231,False,,,,,,,,False,,,,,,,,,,,,116,40.780673038166952,0.068842537532087106,27.535317301358138,0.087494309167840303,42.366309589842388,0.071283338968508345,False,4.7184478546569153e-16,False,False,False,False,False,False,False,False,False,,,False,False,C0069,S01-B01,S01-B01-C0452,S01-B01-C0453,451,452
1,S01-P040,baseline,twfe_scalar,bjs,static,,,,,,retained,,0.16554009916109161,0.33814107205977512,0.090180638316347164,0.11320984323079085,-0.17260097289868351,0.10127382053043589,0.0053463147033265615,-1.7043000056150901,1.7043000056150901,False,999,False,0.17260097289868351,0.088325053936458189,False,,,,,,,,False,,,,,,,,,,,,116,40.780673038166952,0.068842537532087106,31.686122517034963,0.079007511667155958,41.8201627995481,0.061700730438368628,False,4.7184478546569153e-16,False,False,False,False,False,False,False,False,False,,,False,False,C0070,S01-B01,S01-B01-C0452,S01-B01-C0454,451,453
1,S01-P041,baseline,twfe_scalar,csa,static,,,,,,retained,,0.098786950968636295,0.22853941853751911,0.071399512764980758,0.12023099812808787,-0.12975246756888281,0.10014472604810139,0.0047622085893518221,-1.2956495333220071,1.2956495333220071,False,999,False,0.12975246756888281,0.19509625554998661,False,,,,,,,,False,,,,,,,,,,,,116,40.565455741451103,0.067968010179809746,27.341919161535444,0.089437137591473911,43.372458670540844,0.06939301637428702,False,9.9920072216264089e-16,False,False,False,False,False,False,False,False,False,,,False,False,C0071,S01-B01,S01-B01-C0458,S01-B01-C0459,457,458
1,S01-P041,baseline,twfe_scalar,bjs,static,,,,,,retained,,0.098786950968636295,0.1750008972495587,0.071399512764980758,0.11047822021905257,-0.076213946280922401,0.095001188736821035,0.0041390508522185171,-0.80224202764510266,0.80224202764510266,False,999,False,0.076213946280922401,0.42241296956896451,False,,,,,,,,False,,,,,,,,,,,,116,40.565455741451103,0.067968010179809746,31.3188506118661,0.077419614305165904,41.546451376624937,0.059755026448114763,False,9.9920072216264089e-16,False,False,False,False,False,False,False,False,False,,,False,False,C0072,S01-B01,S01-B01-C0458,S01-B01-C0460,457,459
1,S01-P042,baseline,twfe_scalar,csa,static,,,,,,retained,,0.1898543069477957,0.26546700290594161,0.087596861308501972,0.1184652108617022,-0.075612695958145903,0.10291164771182577,0.0055582045304227801,-0.73473409122626554,0.73473409122626554,False,999,False,0.075612695958145903,0.46250145375879015,False,,,,,,,,False,,,,,,,,,,,,116,41.027562869831222,0.067433629196943012,27.761700333480945,0.081494112492467852,40.691694837092726,0.084541617769333666,False,2.6090241078691179e-15,False,False,False,False,False,False,False,False,False,,,False,False,C0073,S01-B01,S01-B01-C0464,S01-B01-C0465,463,464
1,S01-P042,baseline,twfe_scalar,bjs,static,,,,,,retained,,0.1898543069477957,0.236324428776095,0.087596861308501972,0.12907943426003754,-0.046470121828299293,0.11689948406742494,0.0053346105423810715,-0.39752204382267758,0.39752204382267758,False,999,False,0.046470121828299293,0.69098253425804668,False,,,,,,,,False,,,,,,,,,,,,116,41.027562869831222,0.067433629196943012,31.114701000808413,0.079892006859942355,40.903112198062303,0.057947187388642088,False,3.1641356201816961e-15,False,False,False,False,False,False,False,False,False,,,False,False,C0074,S01-B01,S01-B01-C0464,S01-B01-C0466,463,465
1,S01-P043,baseline,twfe_scalar,csa,static,,,,,,retained,,-0.13142697988486629,0.0099641585637135002,0.069647407058355537,0.10599718965344201,-0.14139113844857978,0.11061194974164057,0.0019255810493664048,-1.278262780638358,1.278262780638358,False,999,False,0.14139113844857978,0.20115678651620642,False,,,,,,,,False,,,,,,,,,,,,116,40.627835895917364,0.06641615832557296,27.309237304671097,0.087231931398058446,42.740730644092295,0.071361934497738588,False,6.3005156647477634e-15,False,False,False,False,False,False,False,False,False,,,False,False,C0075,S01-B01,S01-B01-C0470,S01-B01-C0471,469,470
1,S01-P043,baseline,twfe_scalar,bjs,static,,,,,,retained,,-0.13142697988486629,-0.042998428489832999,0.069647407058355537,0.089148646691104408,-0.088428551395033292,0.088110273553256388,0.0025174111055889831,-1.0036122670937406,1.0036122670937406,False,999,False,0.088428551395033292,0.31556553943299481,False,,,,,,,,False,,,,,,,,,,,,116,40.627835895917364,0.06641615832557296,30.732493790693376,0.077763761583553484,40.851932218213513,0.060137709264534489,False,9.9850683277225016e-15,False,False,False,False,False,False,False,False,False,,,False,False,C0076,S01-B01,S01-B01-C0470,S01-B01-C0472,469,471
1,S01-P044,baseline,twfe_scalar,csa,static,,,,,,retained,,0.15094704434489281,0.1209679755065235,0.10000988085388762,0.16174097281145072,0.029979068838369316,0.15158908342540134,0.0065914341703249791,0.19776535460828448,0.19776535460828448,False,999,False,-0.029979068838369316,0.84322865377834777,False,,,,,,,,False,,,,,,,,,,,,116,40.627835895917364,0.06641615832557296,27.309237304671097,0.087231931398058446,42.740730644092295,0.071361934497738588,False,1.7486012637846216e-15,False,False,False,False,False,False,False,False,False,,,False,False,C0077,S01-B01,S01-B01-C0476,S01-B01-C0477,475,476
1,S01-P044,baseline,twfe_scalar,bjs,static,,,,,,retained,,0.15094704434489281,0.14663307399347181,0.10000988085388762,0.11139014769149594,0.0043139703514210037,0.10218914430416842,0.0059835600287619596,0.042215544330035375,0.042215544330035375,False,999,False,-0.0043139703514210037,0.96632687102350134,False,,,,,,,,False,,,,,,,,,,,,116,40.627835895917364,0.06641615832557296,30.732493790693376,0.077763761583553484,40.851932218213513,0.060137709264534489,False,3.5527136788005009e-15,False,False,False,False,False,False,False,False,False,,,False,False,C0078,S01-B01,S01-B01-C0476,S01-B01-C0478,475,477
1,S01-P045,baseline,twfe_scalar,csa,static,,,,,,retained,,-0.012934615042980701,0.051224263052718003,0.074653563987690907,0.12225045866547075,-0.064158878095698701,0.10061550305294426,0.0051974249026926021,-0.63766393993913706,0.63766393993913706,False,999,False,0.064158878095698701,0.52369246382388757,False,,,,,,,,False,,,,,,,,,,,,116,40.627835895917364,0.06641615832557296,27.309237304671097,0.087231931398058446,42.740730644092295,0.071361934497738588,False,1.7902346272080649e-15,False,False,False,False,False,False,False,False,False,,,False,False,C0079,S01-B01,S01-B01-C0482,S01-B01-C0483,481,482
1,S01-P045,baseline,twfe_scalar,bjs,static,,,,,,retained,,-0.012934615042980701,0.083073429519716399,0.074653563987690907,0.1104700838503492,-0.096008044562697098,0.096159808129897703,0.004265042671194352,-0.99842175675937705,0.99842175675937705,False,999,False,0.096008044562697098,0.31807488789666277,False,,,,,,,,False,,,,,,,,,,,,116,40.627835895917364,0.06641615832557296,30.732493790693376,0.077763761583553484,40.851932218213513,0.060137709264534489,False,1.7902346272080649e-15,False,False,False,False,False,False,False,False,False,,,False,False,C0080,S01-B01,S01-B01-C0482,S01-B01-C0484,481,483
1,S01-P046,baseline,twfe_scalar,csa,static,,,,,,retained,,0.1517296020598618,0.18367884245975169,0.074290635732564364,0.1212284614272731,-0.031949240399889889,0.1167937491438602,0.0032873292892467341,-0.27355265700509834,0.27355265700509834,False,999,False,0.031949240399889889,0.78442842077559671,False,,,,,,,,False,,,,,,,,,,,,116,40.627835895917364,0.06641615832557296,27.309237304671097,0.087231931398058446,42.740730644092295,0.071361934497738588,False,1.3322676295501878e-15,False,False,False,False,False,False,False,False,False,,,False,False,C0081,S01-B01,S01-B01-C0488,S01-B01-C0489,487,488
1,S01-P046,baseline,twfe_scalar,bjs,static,,,,,,retained,,0.1517296020598618,0.1907025424536794,0.074290635732564364,0.10303980061266649,-0.038972940393817601,0.090082456385133944,0.0040107250597335399,-0.432636297429487,0.432636297429487,False,999,False,0.038972940393817601,0.66527901550843904,False,,,,,,,,False,,,,,,,,,,,,116,40.627835895917364,0.06641615832557296,30.732493790693376,0.077763761583553484,40.851932218213513,0.060137709264534489,False,5.1625370645069779e-15,False,False,False,False,False,False,False,False,False,,,False,False,C0082,S01-B01,S01-B01-C0488,S01-B01-C0490,487,489
1,S01-P047,baseline,twfe_scalar,csa,static,,,,,,retained,,0.063289813393671096,0.15109502635815961,0.077766954058415064,0.14330048371376675,-0.08780521296448851,0.13450234506766331,0.0042459234737111957,-0.65281548005959933,0.65281548005959933,False,999,False,0.08780521296448851,0.51387524263567697,False,,,,,,,,False,,,,,,,,,,,,116,40.627835895917364,0.06641615832557296,27.309237304671097,0.087231931398058446,42.740730644092295,0.071361934497738588,False,2.248201624865942e-15,False,False,False,False,False,False,False,False,False,,,False,False,C0083,S01-B01,S01-B01-C0494,S01-B01-C0495,493,494
1,S01-P047,baseline,twfe_scalar,bjs,static,,,,,,retained,,0.063289813393671096,0.158905577304157,0.077766954058415064,0.11019646069177204,-0.095615763910485901,0.096857360773863962,0.0044048053782192306,-0.98718118216872686,0.98718118216872686,False,999,False,0.095615763910485901,0.32355382518274056,False,,,,,,,,False,,,,,,,,,,,,116,40.627835895917364,0.06641615832557296,30.732493790693376,0.077763761583553484,40.851932218213513,0.060137709264534489,False,2.248201624865942e-15,False,False,False,False,False,False,False,False,False,,,False,False,C0084,S01-B01,S01-B01-C0494,S01-B01-C0496,493,495
1,S01-P048,baseline,twfe_scalar,csa,static,,,,,,retained,,0.0750460939213978,-0.037458273757253399,0.11502604238771422,0.15668548306505622,0.1125043676786512,0.12318443809188394,0.011303462621348541,0.91330016535638681,0.91330016535638681,False,999,False,-0.1125043676786512,0.36108469542256738,False,,,,,,,,False,,,,,,,,,,,,116,40.948415404406134,0.065690594538939009,27.53540800252286,0.088543279151078166,43.394718946008076,0.070430979181971623,False,6.106226635438361e-16,False,False,False,False,False,False,False,False,False,,,False,False,C0085,S01-B01,S01-B01-C0500,S01-B01-C0501,499,500
1,S01-P048,baseline,twfe_scalar,bjs,static,,,,,,retained,,0.0750460939213978,0.041443000613637301,0.11502604238771422,0.17172561855066484,0.033603093307760498,0.16062576979793247,0.0084600202854051357,0.20920113472472851,0.20920113472472851,False,999,False,-0.033603093307760498,0.83429122664143585,False,,,,,,,,False,,,,,,,,,,,,116,40.948415404406134,0.065690594538939009,31.32830382769594,0.076814525904820533,41.744082316932001,0.058507179297266412,False,8.6666784859801282e-15,False,False,False,False,False,False,False,False,False,,,False,False,C0086,S01-B01,S01-B01-C0500,S01-B01-C0502,499,501
1,S01-P049,baseline,twfe_scalar,csa,static,,,,,,retained,,-0.133864756154361,-0.23591283663893181,0.086627868337728633,0.12337722561879914,0.10204808048457081,0.12387134019473965,0.0036911092262449981,0.82382317268982297,0.82382317268982297,False,999,False,-0.10204808048457081,0.41004003880530854,False,,,,,,,,False,,,,,,,,,,,,116,40.805815876214801,0.066591630721308803,27.516616817323147,0.086685736331179042,43.185651168713363,0.070668887007173359,False,5.0792703376600912e-15,False,False,False,False,False,False,False,False,False,,,False,False,C0087,S01-B01,S01-B01-C0506,S01-B01-C0507,505,506
1,S01-P049,baseline,twfe_scalar,bjs,static,,,,,,retained,,-0.133864756154361,-0.28781136015095737,0.086627868337728633,0.13457261412250085,0.15394660399659638,0.11772460735646052,0.0058775464336347782,1.3076841575734341,1.3076841575734341,False,999,False,-0.15394660399659638,0.1909804589552824,False,,,,,,,,False,,,,,,,,,,,,116,40.805815876214801,0.066591630721308803,30.908780457013346,0.076444821407655072,41.123105985410973,0.058882076773642114,False,5.0792703376600912e-15,False,False,False,False,False,False,False,False,False,,,False,False,C0088,S01-B01,S01-B01-C0506,S01-B01-C0508,505,507
1,S01-P050,baseline,twfe_scalar,csa,static,,,,,,retained,,-0.1065301415042991,-0.045815356884503201,0.088732254089819565,0.14936780839487215,-0.060714784619795896,0.12765934526120792,0.0069436233340136287,-0.47560000010626252,0.47560000010626252,False,999,False,0.060714784619795896,0.63435937531622666,False,,,,,,,,False,,,,,,,,,,,,116,40.816089172169455,0.066314884015354625,27.417650753481535,0.088803299955326778,43.108167131896295,0.071063298211653622,False,5.9674487573602164e-16,False,False,False,False,False,False,False,False,False,,,False,False,C0089,S01-B01,S01-B01-C0512,S01-B01-C0513,511,512
1,S01-P050,baseline,twfe_scalar,bjs,static,,,,,,retained,,-0.1065301415042991,-0.027721106891781502,0.088732254089819565,0.11648562129468915,-0.078809034612517592,0.1040648002866407,0.0053064151127858138,-0.75730731616687386,0.75730731616687386,False,999,False,0.078809034612517592,0.44886576875264617,False,,,,,,,,False,,,,,,,,,,,,116,40.816089172169455,0.066314884015354625,31.284804060521594,0.077844657316561372,41.702377841839926,0.057955448950645652,False,5.9674487573602164e-16,False,False,False,False,False,False,False,False,False,,,False,False,C0090,S01-B01,S01-B01-C0512,S01-B01-C0514,511,513
1,S01-P051,baseline,twfe_scalar,csa,static,,,,,,retained,,-0.073755950607975504,-0.14107231792524069,0.096084209424079081,0.13507561497371362,0.067316367317265188,0.11742814025097158,0.0068441144691876801,0.5732558411756693,0.5732558411756693,False,999,False,-0.067316367317265188,0.56647148000256986,False,,,,,,,,False,,,,,,,,,,,,116,40.816089172169455,0.066314884015354625,27.417650753481535,0.088803299955326778,43.108167131896295,0.071063298211653622,False,7.6327832942979512e-16,False,False,False,False,False,False,False,False,False,,,False,False,C0091,S01-B01,S01-B01-C0518,S01-B01-C0519,517,518
1,S01-P051,baseline,twfe_scalar,bjs,static,,,,,,retained,,-0.073755950607975504,-0.1465815358059129,0.096084209424079081,0.13359758172681818,0.072825585197937401,0.11752675795296488,0.0066339751544846823,0.61965110300313708,0.61965110300313708,False,999,False,-0.072825585197937401,0.53548751436994202,False,,,,,,,,False,,,,,,,,,,,,116,40.816089172169455,0.066314884015354625,31.284804060521594,0.077844657316561372,41.702377841839926,0.057955448950645652,False,7.6327832942979512e-16,False,False,False,False,False,False,False,False,False,,,False,False,C0092,S01-B01,S01-B01-C0518,S01-B01-C0520,517,519
1,S01-P052,baseline,twfe_scalar,csa,static,,,,,,retained,,-0.16163503842505131,-0.2245591037197352,0.10197836551439324,0.1553328165307491,0.06292406529468389,0.13796642198468806,0.0077465686645527623,0.4560824611488975,0.4560824611488975,False,999,False,-0.06292406529468389,0.64833068178525433,False,,,,,,,,False,,,,,,,,,,,,116,40.816089172169455,0.066314884015354625,27.417650753481535,0.088803299955326778,43.108167131896295,0.071063298211653622,False,6.6613381477509392e-16,False,False,False,False,False,False,False,False,False,,,False,False,C0093,S01-B01,S01-B01-C0524,S01-B01-C0525,523,524
1,S01-P052,baseline,twfe_scalar,bjs,static,,,,,,retained,,-0.16163503842505131,-0.2362243176366878,0.10197836551439324,0.1496620069395761,0.074589279211636494,0.12625814622630441,0.0084285919328330235,0.5907680529218533,0.5907680529218533,False,999,False,-0.074589279211636494,0.55467584325428154,False,,,,,,,,False,,,,,,,,,,,,116,40.816089172169455,0.066314884015354625,31.284804060521594,0.077844657316561372,41.702377841839926,0.057955448950645652,False,6.6613381477509392e-16,False,False,False,False,False,False,False,False,False,,,False,False,C0094,S01-B01,S01-B01-C0524,S01-B01-C0526,523,525
1,S01-P053,baseline,twfe_scalar,csa,static,,,,,,retained,,-0.070751732543711393,-0.15575838611902401,0.089148773259178901,0.13695156896765825,0.085006653575312618,0.11088785487422895,0.0072035598288558451,0.76660021669396283,0.76660021669396283,False,999,False,-0.085006653575312618,0.44331924660367411,False,,,,,,,,False,,,,,,,,,,,,116,40.496885938993913,0.067786600569097688,27.44718726746137,0.088375096729953945,43.227469262452708,0.070418973299086959,False,2.8588242884097781e-15,False,False,False,False,False,False,False,False,False,,,False,False,C0095,S01-B01,S01-B01-C0530,S01-B01-C0531,529,530
1,S01-P053,baseline,twfe_scalar,bjs,static,,,,,,retained,,-0.070751732543711393,-0.12045230245849591,0.089148773259178901,0.10179870119810618,0.049700569914784512,0.097043889783368642,0.004446481397475598,0.51214527803585819,0.51214527803585819,False,999,False,-0.049700569914784512,0.60854933788154986,False,,,,,,,,False,,,,,,,,,,,,116,40.496885938993913,0.067786600569097688,30.876118480935602,0.078904333736341745,41.419142002290307,0.059630348076544486,False,2.8588242884097781e-15,False,False,False,False,False,False,False,False,False,,,False,False,C0096,S01-B01,S01-B01-C0530,S01-B01-C0532,529,531
1,S01-P054,baseline,twfe_scalar,csa,static,,,,,,retained,,0.0119106847904794,-0.013828953724777699,0.097058984024089787,0.13048932579120159,0.0257396385152571,0.1156325916261907,0.0065385071395207385,0.222598474645163,0.222598474645163,False,999,False,-0.0257396385152571,0.82384802372359311,False,,,,,,,,False,,,,,,,,,,,,116,40.496885938993913,0.067786600569097688,27.44718726746137,0.088375096729953945,43.227469262452708,0.070418973299086959,False,3.0669911055269949e-15,False,False,False,False,False,False,False,False,False,,,False,False,C0097,S01-B01,S01-B01-C0536,S01-B01-C0537,535,536
1,S01-P054,baseline,twfe_scalar,bjs,static,,,,,,retained,,0.0119106847904794,-0.0145126809586763,0.097058984024089787,0.13376890402581018,0.0264233657491557,0.13069107726586687,0.0051172041935710769,0.20218186506644398,0.20218186506644398,False,999,False,-0.0264233657491557,0.83977454994865286,False,,,,,,,,False,,,,,,,,,,,,116,40.496885938993913,0.067786600569097688,30.876118480935602,0.078904333736341745,41.419142002290307,0.059630348076544486,False,3.0669911055269949e-15,False,False,False,False,False,False,False,False,False,,,False,False,C0098,S01-B01,S01-B01-C0536,S01-B01-C0538,535,537
1,S01-P055,baseline,twfe_scalar,csa,static,,,,,,retained,,0.062196079345390301,-0.0097505628248657997,0.079319406063513898,0.12306956821596203,0.071946642170256106,0.10347006385163419,0.0053658163428353415,0.69533775753169003,0.69533775753169003,False,999,False,-0.071946642170256106,0.48684365725952561,False,,,,,,,,False,,,,,,,,,,,,116,40.734086131821769,0.065971447200713101,27.61303715907361,0.084558544973524594,42.639783845287788,0.072057411448113312,False,1.9845236565174673e-15,False,False,False,False,False,False,False,False,False,,,False,False,C0099,S01-B01,S01-B01-C0542,S01-B01-C0543,541,542
1,S01-P055,baseline,twfe_scalar,bjs,static,,,,,,retained,,0.062196079345390301,0.0564165726198309,0.079319406063513898,0.098346087427308937,0.005779506725559401,0.090408688113301938,0.0038948951020801011,0.063926452713442869,0.063926452713442869,False,999,False,-0.005779506725559401,0.94902878913334243,False,,,,,,,,False,,,,,,,,,,,,116,40.734086131821769,0.065971447200713101,30.430961160484603,0.080149296620775662,40.354440586202749,0.060001977060857116,False,1.9845236565174673e-15,False,False,False,False,False,False,False,False,False,,,False,False,C0100,S01-B01,S01-B01-C0542,S01-B01-C0544,541,543
1,S01-P056,baseline,twfe_scalar,csa,static,,,,,,retained,,0.1231109713475344,0.15955720775768489,0.075873484828107171,0.10638728225341934,-0.03644623641015049,0.094959269627770362,0.004028888318495065,-0.38380914841716485,0.38380914841716485,False,999,False,0.03644623641015049,0.70111990698433646,False,,,,,,,,False,,,,,,,,,,,,116,40.994498149965914,0.06497898841832736,27.599721383561857,0.08786488994829407,43.631541031360072,0.069947337291460576,False,1.5126788710517758e-15,False,False,False,False,False,False,False,False,False,,,False,False,C0101,S01-B01,S01-B01-C0548,S01-B01-C0549,547,548
1,S01-P056,baseline,twfe_scalar,bjs,static,,,,,,retained,,0.1231109713475344,0.15509300434707021,0.075873484828107171,0.086996985568038351,-0.031982032999535809,0.084182038022651506,0.0031193228361196704,-0.37991516659326019,0.37991516659326019,False,999,False,0.031982032999535809,0.70400838866264404,False,,,,,,,,False,,,,,,,,,,,,116,40.994498149965914,0.06497898841832736,31.245239011537357,0.077803638884921048,41.854554941587423,0.058503800349288579,False,1.5126788710517758e-15,False,False,False,False,False,False,False,False,False,,,False,False,C0102,S01-B01,S01-B01-C0548,S01-B01-C0550,547,549
1,S01-P057,baseline,twfe_scalar,csa,static,,,,,,retained,,0.081793774658539695,0.0070423281189492997,0.090596094006703626,0.11283923825323942,0.074751446539590399,0.098657236840075171,0.0056035477789620654,0.75768842645333345,0.75768842645333345,False,999,False,-0.074751446539590399,0.44863752915791705,False,,,,,,,,False,,,,,,,,,,,,116,40.994498149965914,0.06497898841832736,27.599721383561857,0.08786488994829407,43.631541031360072,0.069947337291460576,False,3.2751579226442118e-15,False,False,False,False,False,False,False,False,False,,,False,False,C0103,S01-B01,S01-B01-C0554,S01-B01-C0555,553,554
1,S01-P057,baseline,twfe_scalar,bjs,static,,,,,,retained,,0.081793774658539695,0.042170724816342597,0.090596094006703626,0.10635191618529363,0.039623049842197097,0.10045588865476644,0.0047134983800681853,0.39443232619611152,0.39443232619611152,False,999,False,-0.039623049842197097,0.69326188137599065,False,,,,,,,,False,,,,,,,,,,,,116,40.994498149965914,0.06497898841832736,31.245239011537357,0.077803638884921048,41.854554941587423,0.058503800349288579,False,3.2751579226442118e-15,False,False,False,False,False,False,False,False,False,,,False,False,C0104,S01-B01,S01-B01-C0554,S01-B01-C0556,553,555
1,S01-P058,baseline,twfe_scalar,csa,static,,,,,,retained,,0.1798173823227682,0.1298297673429282,0.084995222368700274,0.15413408023679079,0.04998761497984,0.12110521330404873,0.0081575149132635631,0.41276187553000115,0.41276187553000115,False,999,False,-0.04998761497984,0.6797810861844058,False,,,,,,,,False,,,,,,,,,,,,116,40.994498149965914,0.06497898841832736,27.599721383561857,0.08786488994829407,43.631541031360072,0.069947337291460576,False,7.688294445529209e-15,False,False,False,False,False,False,False,False,False,,,False,False,C0105,S01-B01,S01-B01-C0560,S01-B01-C0561,559,560
1,S01-P058,baseline,twfe_scalar,bjs,static,,,,,,retained,,0.1798173823227682,0.12579871125311229,0.084995222368700274,0.13147967992160467,0.05401867106965591,0.11094422984427423,0.0061012359610266385,0.48689932901854099,0.48689932901854099,False,999,False,-0.05401867106965591,0.62632967444801757,False,,,,,,,,False,,,,,,,,,,,,116,40.994498149965914,0.06497898841832736,31.245239011537357,0.077803638884921048,41.854554941587423,0.058503800349288579,False,7.688294445529209e-15,False,False,False,False,False,False,False,False,False,,,False,False,C0106,S01-B01,S01-B01-C0560,S01-B01-C0562,559,561
1,S01-P059,baseline,twfe_scalar,csa,static,,,,,,retained,,0.1416677943308135,0.0194430361145237,0.082125587448298357,0.1667189818121213,0.12222475821628981,0.14860767108068348,0.0062277955530869664,0.82246600950990201,0.82246600950990201,False,999,False,-0.12222475821628981,0.41081172425374407,False,,,,,,,,False,,,,,,,,,,,,116,40.994498149965914,0.06497898841832736,27.599721383561857,0.08786488994829407,43.631541031360072,0.069947337291460576,False,1.6292522886374172e-14,False,False,False,False,False,False,False,False,False,,,False,False,C0107,S01-B01,S01-B01-C0566,S01-B01-C0567,565,566
1,S01-P059,baseline,twfe_scalar,bjs,static,,,,,,retained,,0.1416677943308135,0.082390532941477093,0.082125587448298357,0.12998482916913504,0.059277261389336408,0.11842200567849996,0.004808448249469321,0.50055951214224759,0.50055951214224759,False,999,False,-0.059277261389336408,0.61668116292470943,False,,,,,,,,False,,,,,,,,,,,,116,40.994498149965914,0.06497898841832736,31.245239011537357,0.077803638884921048,41.854554941587423,0.058503800349288579,False,1.6292522886374172e-14,False,False,False,False,False,False,False,False,False,,,False,False,C0108,S01-B01,S01-B01-C0566,S01-B01-C0568,565,567
1,S01-P060,baseline,twfe_scalar,csa,static,,,,,,retained,,0.20668955649504639,0.095462347369269701,0.076685717872776671,0.15288819514452995,0.11122720912577669,0.13206062788777004,0.0059077450510514563,0.84224352787646628,0.84224352787646628,False,999,False,-0.11122720912577669,0.39965165383461682,False,,,,,,,,False,,,,,,,,,,,,116,40.994498149965914,0.06497898841832736,27.599721383561857,0.08786488994829407,43.631541031360072,0.069947337291460576,False,9.4368957093138306e-16,False,False,False,False,False,False,False,False,False,,,False,False,C0109,S01-B01,S01-B01-C0572,S01-B01-C0573,571,572
1,S01-P060,baseline,twfe_scalar,bjs,static,,,,,,retained,,0.20668955649504639,0.1337466486784219,0.076685717872776671,0.12492266840821574,0.072942907816624492,0.10268468274036681,0.0054711141692011661,0.71035821380543251,0.71035821380543251,False,999,False,-0.072942907816624492,0.47748202868133388,False,,,,,,,,False,,,,,,,,,,,,116,40.994498149965914,0.06497898841832736,31.245239011537357,0.077803638884921048,41.854554941587423,0.058503800349288579,False,9.4368957093138306e-16,False,False,False,False,False,False,False,False,False,,,False,False,C0110,S01-B01,S01-B01-C0572,S01-B01-C0574,571,573
1,S01-P061,baseline,twfe_scalar,csa,static,,,,,,retained,,0.0047942068089914004,-0.12952175113835901,0.089476071686016706,0.10068736381652782,0.13431595794735041,0.10696090531336895,0.003351638685613779,1.2557481404428836,1.2557481404428836,False,999,False,-0.13431595794735041,0.20920729927306655,False,,,,,,,,False,,,,,,,,,,,,116,40.994498149965914,0.06497898841832736,27.599721383561857,0.08786488994829407,43.631541031360072,0.069947337291460576,False,7.6700798490314526e-15,False,False,False,False,False,False,False,False,False,,,False,False,C0111,S01-B01,S01-B01-C0578,S01-B01-C0579,577,578
1,S01-P061,baseline,twfe_scalar,bjs,static,,,,,,retained,,0.0047942068089914004,-0.14818970892099301,0.089476071686016706,0.095056732517494899,0.1529839157299844,0.094691607706333183,0.0040376246156268378,1.6156016297075977,1.6156016297075977,False,999,False,-0.1529839157299844,0.10618047133828074,False,,,,,,,,False,,,,,,,,,,,,116,40.994498149965914,0.06497898841832736,31.245239011537357,0.077803638884921048,41.854554941587423,0.058503800349288579,False,7.6700798490314526e-15,False,False,False,False,False,False,False,False,False,,,False,False,C0112,S01-B01,S01-B01-C0578,S01-B01-C0580,577,579
1,S01-P062,baseline,twfe_scalar,csa,static,,,,,,excluded,modern,0.1716984089468872,0.40656433934059849,0.23504598599014609,0.226879617155164,-0.23486593039371129,0.25259383504800637,0.021458665353147142,-0.92981655846459665,0.92981655846459665,False,999,False,0.23486593039371129,0.35246607148212983,False,,,,,,,,False,,,,,,,,,,,,116,16.02431128616298,0.14554981663994085,2.7229897908540814,0.58733870872708227,2.544676736479262,0.61580411745493002,False,3.0531133177191805e-16,False,True,True,True,False,True,True,False,True,,,False,False,C0113,S01-B01,S01-B01-C0584,S01-B01-C0585,583,584
1,S01-P062,baseline,twfe_scalar,bjs,static,,,,,,retained_fragile,,0.1716984089468872,0.92429017573003125,0.23504598599014609,0.31337253080042538,-0.7525917667831441,0.32829442914833096,0.022835863190257513,-2.2924292950554634,2.2924292950554634,False,999,False,0.7525917667831441,0.021880883185574476,True,,,,,,,,False,,,,,,,,,,,,116,16.02431128616298,0.14554981663994085,8.068021413627676,0.19547236197597964,7.9599519229208884,0.23187295553831089,False,3.0531133177191805e-16,False,False,False,True,False,True,True,False,True,,,False,False,C0114,S01-B01,S01-B01-C0584,S01-B01-C0586,583,585
1,S01-P063,baseline,twfe_scalar,csa,static,,,,,,excluded,modern,0.19650237773116919,0.63001095757089942,0.1864580627946022,0.36589739120694287,-0.43350857983973023,0.34508240921159838,0.024782820462940662,-1.2562465320389904,1.2562465320389904,False,999,False,0.43350857983973023,0.20902660073546581,False,,,,,,,,False,,,,,,,,,,,,116,15.87612972667179,0.1502970230240839,2.7110581914687595,0.58866275209165397,2.573851608231895,0.61207114058505618,False,9.9920072216264089e-16,False,True,True,True,False,True,True,False,True,,,False,False,C0115,S01-B01,S01-B01-C0590,S01-B01-C0591,589,590
1,S01-P063,baseline,twfe_scalar,bjs,static,,,,,,retained_fragile,,0.19650237773116919,0.70127913691749244,0.1864580627946022,0.38044579916577531,-0.50477675918632325,0.38154152980601941,0.016965838158641867,-1.3229929634211988,1.3229929634211988,False,999,False,0.50477675918632325,0.18583771787797962,False,,,,,,,,False,,,,,,,,,,,,116,15.87612972667179,0.1502970230240839,8.0822607483720592,0.18833206036558003,8.0565957925148535,0.22169923239221084,False,9.9920072216264089e-16,False,False,False,True,False,True,True,False,True,,,False,False,C0116,S01-B01,S01-B01-C0590,S01-B01-C0592,589,591
1,S01-P064,baseline,twfe_scalar,csa,static,,,,,,retained_fragile,,0.26606292654530173,0.68174049141919923,0.32200436386404757,0.45674780247554642,-0.41567756487389751,0.46869733828877491,0.046314085247374161,-0.88687844140857752,0.88687844140857752,False,999,False,0.41567756487389751,0.37514434969419264,False,,,,,,,,False,,,,,,,,,,,,116,15.238455770355463,0.15524591109205588,7.2236732149229326,0.2992337099027455,5.250357089990711,0.35468416973746125,False,2.2204460492503131e-16,False,False,False,True,False,True,True,False,True,,,False,False,C0117,S01-B01,S01-B01-C0596,S01-B01-C0597,595,596
1,S01-P064,baseline,twfe_scalar,bjs,static,,,,,,retained_fragile,,0.26606292654530173,1.5391164681058671,0.32200436386404757,0.68794252301772463,-1.2730535415605653,0.66761280873862627,0.065622431465802475,-1.9068740516914977,1.9068740516914977,False,999,False,1.2730535415605653,0.056536899081007175,False,,,,,,,,False,,,,,,,,,,,,116,15.238455770355463,0.15524591109205588,5.6984966767962604,0.34368087906481171,5.3681410536398335,0.38801370280792713,False,2.4424906541753444e-15,False,False,False,True,False,True,True,False,True,,,False,False,C0118,S01-B01,S01-B01-C0596,S01-B01-C0598,595,597
1,S01-P065,baseline,twfe_scalar,csa,static,,,,,,retained_fragile,,-0.3732411414919608,-0.3371969989121662,0.30836460513504016,0.40065913669466879,-0.036044142579794602,0.45760092711368022,0.023108932510853428,-0.07876763451320605,0.07876763451320605,False,999,False,0.036044142579794602,0.93721744795229123,False,,,,,,,,False,,,,,,,,,,,,116,14.307605729498892,0.16946378646232418,7.6453337954191269,0.28347018456219975,5.9963317439151602,0.31771512672649871,False,1.6653345369377348e-16,False,False,False,True,False,True,True,False,True,,,False,False,C0119,S01-B01,S01-B01-C0602,S01-B01-C0603,601,602
1,S01-P065,baseline,twfe_scalar,bjs,static,,,,,,retained_fragile,,-0.3732411414919608,-0.022500601059276398,0.30836460513504016,0.4248601153873412,-0.35074054043268443,0.50380345067362575,0.010888465218190809,-0.69618526821068039,0.69618526821068039,False,999,False,0.35074054043268443,0.48631281228409651,False,,,,,,,,False,,,,,,,,,,,,116,14.307605729498892,0.16946378646232418,5.584861250733117,0.30481634447341632,5.5135976751319395,0.33321957606799651,False,8.3613671542082102e-16,False,False,False,True,False,True,True,False,True,,,False,False,C0120,S01-B01,S01-B01-C0602,S01-B01-C0604,601,603
1,S01-P066,baseline,twfe_scalar,csa,static,,,,,,retained_fragile,,-0.0043868984938881996,-0.26993387230151789,0.21987389336252558,0.39474300865141498,0.2655469738076297,0.39907690573419002,0.022452097585595372,0.66540300877370351,0.66540300877370351,False,999,False,-0.2655469738076297,0.50579276103120918,False,,,,,,,,False,,,,,,,,,,,,116,16.679361107053868,0.11219597859300026,8.3691005018763036,0.27440548058301484,6.2919250228428272,0.3182555844507054,False,1.1093556628871681e-15,False,False,False,True,False,True,True,False,True,,,False,False,C0121,S01-B01,S01-B01-C0608,S01-B01-C0609,607,608
1,S01-P066,baseline,twfe_scalar,bjs,static,,,,,,retained_fragile,,-0.0043868984938881996,-0.1029299778847511,0.21987389336252558,0.71246797429938458,0.098543079390862903,0.68999561995817194,0.039930593911600927,0.1428169636741124,0.1428169636741124,False,999,False,-0.098543079390862903,0.88643473934526185,False,,,,,,,,False,,,,,,,,,,,,116,16.679361107053868,0.11219597859300026,6.2735299971048075,0.31485903184244335,6.2086068723805674,0.35417391682670069,False,6.3005156647477634e-15,False,False,False,True,False,True,True,False,True,,,False,False,C0122,S01-B01,S01-B01-C0608,S01-B01-C0610,607,609
1,S01-P067,baseline,twfe_scalar,csa,static,,,,,,excluded,modern,0.18573137426718969,0.60812504508229326,0.23687460965101084,0.29677981681304161,-0.42239367081510359,0.29403925315071355,0.028864378985735933,-1.4365213701539377,1.4365213701539377,False,999,False,0.42239367081510359,0.15085403988619378,False,,,,,,,,False,,,,,,,,,,,,116,13.852068811469016,0.16980360343944495,3.4689568544510165,0.51754676203029615,2.4171657627716692,0.63577365182550061,False,1.0824674490095276e-15,False,True,True,True,False,True,True,False,True,,,False,False,C0123,S01-B01,S01-B01-C0614,S01-B01-C0615,613,614
1,S01-P067,baseline,twfe_scalar,bjs,static,,,,,,excluded,modern,0.18573137426718969,1.1651539339486801,0.23687460965101084,0.38392091246576016,-0.97942255968149039,0.42519109568096791,0.01135868993973929,-2.303487936672072,2.303487936672072,False,999,False,0.97942255968149039,0.021251405120926211,True,,,,,,,,False,,,,,,,,,,,,116,13.852068811469016,0.16980360343944495,3.757842420477493,0.42514498506112253,3.4723427773158599,0.47940460854014727,False,2.886579864025407e-15,False,True,True,True,False,True,True,False,True,,,False,False,C0124,S01-B01,S01-B01-C0614,S01-B01-C0616,613,615
1,S01-P068,baseline,twfe_scalar,csa,static,,,,,,excluded,modern,0.44171928532219401,-0.61739437107281225,0.2217788368071138,0.26599251430550158,1.0591136563950063,0.29194725390279547,0.017352335530347769,3.6277568712725099,3.6277568712725099,False,999,False,-1.0591136563950063,0.00028589428598771362,True,,,,,,,,False,,,,,,,,,,,,116,16.326367064190499,0.13858650991761429,2.6811661515247511,0.59200027425929913,2.556178110304145,0.61440669941709547,False,2.2204460492503131e-16,False,True,True,True,False,True,True,False,True,,,False,False,C0125,S01-B01,S01-B01-C0620,S01-B01-C0621,619,620
1,S01-P068,baseline,twfe_scalar,bjs,static,,,,,,retained_fragile,,0.44171928532219401,-0.37836745099491448,0.2217788368071138,0.21180944903606252,0.82008673631710849,0.26960053339990275,0.010682323773482343,3.0418587306749161,3.0418587306749161,False,999,False,-0.82008673631710849,0.0023512221386245541,True,,,,,,,,False,,,,,,,,,,,,116,16.326367064190499,0.13858650991761429,8.0299286669467467,0.19561517148618907,8.0407082135188688,0.23273094963475108,False,2.2204460492503131e-16,False,False,False,True,False,True,True,False,True,,,False,False,C0126,S01-B01,S01-B01-C0620,S01-B01-C0622,619,621
1,S01-P069,baseline,twfe_scalar,csa,static,,,,,,excluded,modern,-0.27976203294158969,-1.3770592387758358,0.2707533023024708,0.45212612881756847,1.0972972058342461,0.43482861339142276,0.044324732021673148,2.5235165581122514,2.5235165581122514,False,999,False,-1.0972972058342461,0.011618758869537709,True,,,,,,,,False,,,,,,,,,,,,116,16.02431128616298,0.14554981663994085,2.7229897908540814,0.58733870872708227,2.544676736479262,0.61580411745493002,False,1.8873791418627661e-15,False,True,True,True,False,True,True,False,True,,,False,False,C0127,S01-B01,S01-B01-C0626,S01-B01-C0627,625,626
1,S01-P069,baseline,twfe_scalar,bjs,static,,,,,,retained_fragile,,-0.27976203294158969,-0.93954683547075923,0.2707533023024708,0.52881392142328698,0.65978480252916949,0.50588916535310069,0.048513833288555304,1.3042082094576046,1.3042082094576046,False,999,False,-0.65978480252916949,0.1921626015690017,False,,,,,,,,False,,,,,,,,,,,,116,16.02431128616298,0.14554981663994085,8.068021413627676,0.19547236197597964,7.9599519229208884,0.23187295553831089,False,4.8849813083506888e-15,False,False,False,True,False,True,True,False,True,,,False,False,C0128,S01-B01,S01-B01-C0626,S01-B01-C0628,625,627
1,S01-P070,baseline,twfe_scalar,csa,static,,,,,,excluded,modern,-0.15165676873306799,0.17103259327569351,0.24409742206307644,0.36580854243500766,-0.32268936200876153,0.34719841063131346,0.036426352415677155,-0.9294090990278816,0.9294090990278816,False,999,False,0.32268936200876153,0.35267711408589086,False,,,,,,,,False,,,,,,,,,,,,116,16.02478201995309,0.145532379047044,2.7229897908540814,0.58733870872708227,2.5446692294706197,0.61580518754262392,False,1.1102230246251565e-16,False,True,True,True,False,True,True,False,True,,,False,False,C0129,S01-B01,S01-B01-C0632,S01-B01-C0633,631,632
1,S01-P070,baseline,twfe_scalar,bjs,static,,,,,,retained_fragile,,-0.15165676873306799,0.0021491180643546,0.24409742206307644,0.25247654809471698,-0.1538058867974226,0.27472664971478283,0.023926613366077324,-0.55985062591161661,0.55985062591161661,False,999,False,0.1538058867974226,0.57558132876673096,False,,,,,,,,False,,,,,,,,,,,,116,16.02478201995309,0.145532379047044,8.068021413627676,0.19547236197597964,7.9599524149214913,0.23187329635423989,False,4.4322184811207421e-16,False,False,False,True,False,True,True,False,True,,,False,False,C0130,S01-B01,S01-B01-C0632,S01-B01-C0634,631,633
1,S01-P071,baseline,twfe_scalar,csa,static,,,,,,excluded,modern,-0.12560172334122069,-0.1664567027312725,0.21957569400295537,0.57143141337531855,0.04085497939005181,0.54024403679307742,0.041441863149256832,0.075623193608150743,0.075623193608150743,False,999,False,-0.04085497939005181,0.93971888346850552,False,,,,,,,,False,,,,,,,,,,,,116,15.738322338749565,0.14839937499724437,2.9251594591407555,0.55037839320980164,2.7869852394242471,0.57804212703166125,False,3.1641356201816961e-15,False,True,True,True,False,True,True,False,True,,,False,False,C0131,S01-B01,S01-B01-C0638,S01-B01-C0639,637,638
1,S01-P071,baseline,twfe_scalar,bjs,static,,,,,,retained_fragile,,-0.12560172334122069,-0.49783260677514019,0.21957569400295537,0.59826747983402295,0.37223088343391952,0.58029016548832324,0.034700393330683477,0.64145647397053751,0.64145647397053751,False,999,False,-0.37223088343391952,0.52122615144863671,False,,,,,,,,False,,,,,,,,,,,,116,15.738322338749565,0.14839937499724437,7.6910692518306725,0.22034248922790184,7.786132814661431,0.21605720320972499,False,3.1641356201816961e-15,False,False,False,True,False,True,True,False,True,,,False,False,C0132,S01-B01,S01-B01-C0638,S01-B01-C0640,637,639
1,S01-P072,baseline,twfe_scalar,csa,static,,,,,,excluded,modern,0.032525505927553898,0.63864689696000443,0.21918733488667008,0.37277231240581338,-0.60612139103245055,0.35835277680536565,0.029292786013491182,-1.691409779033628,1.691409779033628,False,999,False,0.60612139103245055,0.090758565881447303,False,,,,,,,,False,,,,,,,,,,,,116,16.02431128616298,0.14554981663994085,2.7229897908540814,0.58733870872708227,2.544676736479262,0.61580411745493002,False,1.8249290967276011e-15,False,True,True,True,False,True,True,False,True,,,False,False,C0133,S01-B01,S01-B01-C0644,S01-B01-C0645,643,644
1,S01-P072,baseline,twfe_scalar,bjs,static,,,,,,retained_fragile,,0.032525505927553898,0.15063311907687199,0.21918733488667008,0.31246553430998791,-0.11810761314931809,0.32459473668442063,0.02015802741155959,-0.36386176299631545,0.36386176299631545,False,999,False,0.11810761314931809,0.7159612389601745,False,,,,,,,,False,,,,,,,,,,,,116,16.02431128616298,0.14554981663994085,8.068021413627676,0.19547236197597964,7.9599519229208884,0.23187295553831089,False,1.8249290967276011e-15,False,False,False,True,False,True,True,False,True,,,False,False,C0134,S01-B01,S01-B01-C0644,S01-B01-C0646,643,645
1,S01-P073,baseline,twfe_scalar,csa,static,,,,,,excluded,modern,0.062358924292749002,-0.2132989565517906,0.25400788449815404,0.26870790861938443,0.27565788084453957,0.30341006353588978,0.022333139443489171,0.90853242516767263,0.90853242516767263,False,999,False,-0.27565788084453957,0.36359699041572086,False,,,,,,,,False,,,,,,,,,,,,116,16.024697404991706,0.14551666985016282,2.7722258915624294,0.58140330477102009,2.5866378625004418,0.61031983801604595,False,2.3939183968479938e-15,False,True,True,True,False,True,True,False,True,,,False,False,C0135,S01-B01,S01-B01-C0650,S01-B01-C0651,649,650
1,S01-P073,baseline,twfe_scalar,bjs,static,,,,,,retained_fragile,,0.062358924292749002,0.16902695302665041,0.25400788449815404,0.44717597141439802,-0.10666802873390141,0.43684108120931081,0.036828112282759187,-0.24418039722503071,0.24418039722503071,False,999,False,0.10666802873390141,0.80709110837955778,False,,,,,,,,False,,,,,,,,,,,,116,16.024697404991706,0.14551666985016282,8.1481157882691129,0.19557788600628845,8.0250516981193023,0.23229097157590886,False,2.3939183968479938e-15,False,False,False,True,False,True,True,False,True,,,False,False,C0136,S01-B01,S01-B01-C0650,S01-B01-C0652,649,651
1,S01-P074,baseline,twfe_scalar,csa,static,,,,,,retained,,0.30279383935847087,0.3473838575639619,0.10148092850894129,0.1318840154144908,-0.044590018205491022,0.12785131724405388,0.0056729065259233987,-0.34876463666286411,0.34876463666286411,False,999,False,0.044590018205491022,0.72726601420811865,False,,,,,,,,False,,,,,,,,,,,,116,40.127998285844399,0.074965098899415633,26.845279602894625,0.091545396192463463,41.775860146534392,0.065017233565107621,False,4.9960036108132044e-16,False,False,False,False,False,False,False,False,False,,,False,False,C0137,S01-B01,S01-B01-C0656,S01-B01-C0657,655,656
1,S01-P074,baseline,twfe_scalar,bjs,static,,,,,,retained,,0.30279383935847087,0.37046332234189328,0.10148092850894129,0.12998606812077459,-0.067669482983422402,0.12162987591788267,0.0062004650203679864,-0.55635576763318295,0.55635576763318295,False,999,False,0.067669482983422402,0.57796767048838471,False,,,,,,,,False,,,,,,,,,,,,116,40.127998285844399,0.074965098899415633,30.402835630357568,0.08443965404727917,41.202695252099879,0.050417976703361851,False,4.9960036108132044e-16,False,False,False,False,False,False,False,False,False,,,False,False,C0138,S01-B01,S01-B01-C0656,S01-B01-C0658,655,657
1,S01-P075,baseline,twfe_scalar,csa,static,,,,,,retained,,0.2321834522407864,0.2987061190451773,0.086468699011529329,0.13174373488309876,-0.066522666804390895,0.11937554777135512,0.0052913630919917912,-0.55725538476107761,0.55725538476107761,False,999,False,0.066522666804390895,0.57735295369781325,False,,,,,,,,False,,,,,,,,,,,,116,40.1168320768288,0.075150477757895115,26.654852012918635,0.091867579970874635,41.694580403535141,0.065375445188005657,False,1.9428902930940239e-16,False,False,False,False,False,False,False,False,False,,,False,False,C0139,S01-B01,S01-B01-C0662,S01-B01-C0663,661,662
1,S01-P075,baseline,twfe_scalar,bjs,static,,,,,,retained,,0.2321834522407864,0.31276206820680291,0.086468699011529329,0.12328124245044753,-0.080578615966016509,0.10454923210428041,0.0058722793576388909,-0.77072413009829743,0.77072413009829743,False,999,False,0.080578615966016509,0.44087046607566527,False,,,,,,,,False,,,,,,,,,,,,116,40.1168320768288,0.075150477757895115,30.251065979765674,0.084831551713361292,41.116285826938174,0.050439647099233743,False,1.9428902930940239e-16,False,False,False,False,False,False,False,False,False,,,False,False,C0140,S01-B01,S01-B01-C0662,S01-B01-C0664,661,663
1,S01-P076,baseline,twfe_scalar,csa,static,,,,,,retained,,0.21055654106197719,0.15847134980844441,0.10268627105694993,0.13054056514656762,0.052085191253532781,0.14416927377690245,0.0034002649555036047,0.36127803025582989,0.36127803025582989,False,999,False,-0.052085191253532781,0.71789161552031033,False,,,,,,,,False,,,,,,,,,,,,116,40.084260663579585,0.074986046590755848,26.692826212418296,0.091518875136950006,41.824898259323781,0.064922037993238008,False,1.6375789613221059e-15,False,False,False,False,False,False,False,False,False,,,False,False,C0141,S01-B01,S01-B01-C0668,S01-B01-C0669,667,668
1,S01-P076,baseline,twfe_scalar,bjs,static,,,,,,retained,,0.21055654106197719,0.17935204757069151,0.10268627105694993,0.1167502008449077,0.031204493491285679,0.12027334682918939,0.0048547008517065985,0.2594464552117427,0.2594464552117427,False,999,False,-0.031204493491285679,0.79529079034027894,False,,,,,,,,False,,,,,,,,,,,,116,40.084260663579585,0.074986046590755848,30.374224459061391,0.083630670661706874,41.148612118778921,0.050783390045540291,False,1.6375789613221059e-15,False,False,False,False,False,False,False,False,False,,,False,False,C0142,S01-B01,S01-B01-C0668,S01-B01-C0670,667,669
1,S01-P077,baseline,twfe_scalar,csa,static,,,,,,retained,,0.1469113194907064,0.23687940461177179,0.1030834570563767,0.13036591981397036,-0.089968085121065383,0.12264825254436811,0.0062894391577246545,-0.73354559282056919,0.73354559282056919,False,999,False,0.089968085121065383,0.46322573075578855,False,,,,,,,,False,,,,,,,,,,,,116,40.247895109851626,0.075015682997341682,26.681473578125882,0.091430952490917636,40.603965127743699,0.06744115926238009,False,8.3266726846886741e-17,False,False,False,False,False,False,False,False,False,,,False,False,C0143,S01-B01,S01-B01-C0674,S01-B01-C0675,673,674
1,S01-P077,baseline,twfe_scalar,bjs,static,,,,,,retained,,0.1469113194907064,0.2015408989660093,0.1030834570563767,0.14627651081460918,-0.054629579475302892,0.12858554940848846,0.0077443866090537569,-0.4248500685077492,0.4248500685077492,False,999,False,0.054629579475302892,0.67094597584214088,False,,,,,,,,False,,,,,,,,,,,,116,40.247895109851626,0.075015682997341682,30.463658692333446,0.083078208666528722,40.588330701348589,0.054263458464660561,False,1.1102230246251565e-15,False,False,False,False,False,False,False,False,False,,,False,False,C0144,S01-B01,S01-B01-C0674,S01-B01-C0676,673,675
1,S01-P078,baseline,twfe_scalar,csa,static,,,,,,retained,,0.26427495742037349,0.30888127517424008,0.096394483537861717,0.13577716948086993,-0.044606317753866587,0.12612322603043891,0.0059101340322213923,-0.35367250868687089,0.35367250868687089,False,999,False,0.044606317753866587,0.72358432755747581,False,,,,,,,,False,,,,,,,,,,,,116,40.084260663579585,0.074986046590755848,26.692826212418296,0.091518875136950006,41.824898259323781,0.064922037993238008,False,1.9984014443252818e-15,False,False,False,False,False,False,False,False,False,,,False,False,C0145,S01-B01,S01-B01-C0680,S01-B01-C0681,679,680
1,S01-P078,baseline,twfe_scalar,bjs,static,,,,,,retained,,0.26427495742037349,0.29501765358649218,0.096394483537861717,0.13476987823375586,-0.030742696166118688,0.12426363393229187,0.006006682908806924,-0.24739897903572988,0.24739897903572988,False,999,False,0.030742696166118688,0.80459946424525697,False,,,,,,,,False,,,,,,,,,,,,116,40.084260663579585,0.074986046590755848,30.374224459061391,0.083630670661706874,41.148612118778921,0.050783390045540291,False,1.9984014443252818e-15,False,False,False,False,False,False,False,False,False,,,False,False,C0146,S01-B01,S01-B01-C0680,S01-B01-C0682,679,681
1,S01-P079,baseline,twfe_scalar,csa,static,,,,,,retained,,0.078918321579063394,0.1431365976261865,0.11840989576759287,0.17012298579734245,-0.064218276047123102,0.13464941323986618,0.012416134613227372,-0.47692949045922572,0.47692949045922572,False,999,False,0.064218276047123102,0.63341233137635344,False,,,,,,,,False,,,,,,,,,,,,116,39.929499744125827,0.076202163866390574,26.617998220633567,0.087292585866750219,39.12714694918516,0.080167670504823582,False,4.5102810375396984e-15,False,False,False,False,False,False,False,False,False,,,False,False,C0147,S01-B01,S01-B01-C0686,S01-B01-C0687,685,686
1,S01-P079,baseline,twfe_scalar,bjs,static,,,,,,retained,,0.078918321579063394,0.056070504564471602,0.11840989576759287,0.18856647401726107,0.022847817014591792,0.17276220801302344,0.009865719010729709,0.13225008685273021,0.13225008685273021,False,999,False,-0.022847817014591792,0.89478648542296224,False,,,,,,,,False,,,,,,,,,,,,116,39.929499744125827,0.076202163866390574,30.635374139663547,0.080083503160173736,40.329344671070707,0.050282380267276591,False,4.5102810375396984e-15,False,False,False,False,False,False,False,False,False,,,False,False,C0148,S01-B01,S01-B01-C0686,S01-B01-C0688,685,687
1,S01-P080,baseline,twfe_scalar,csa,static,,,,,,retained,,0.13269634201834529,0.26568982773335842,0.10726163454079553,0.21427192499179767,-0.13299348571501313,0.20133239237286926,0.008441391932735378,-0.66056675802425313,0.66056675802425313,False,999,False,0.13299348571501313,0.50889019310636141,False,,,,,,,,False,,,,,,,,,,,,116,40.745356914317583,0.072687052766538626,26.939341915939032,0.088382822757861274,42.159038641200702,0.064797686211052488,False,3.0531133177191805e-16,False,False,False,False,False,False,False,False,False,,,False,False,C0149,S01-B01,S01-B01-C0692,S01-B01-C0693,691,692
1,S01-P080,baseline,twfe_scalar,bjs,static,,,,,,retained,,0.13269634201834529,0.2334490577360892,0.10726163454079553,0.16990366167309703,-0.10075271571774391,0.13962657622454608,0.010438365853050219,-0.72158695315793175,0.72158695315793175,False,999,False,0.10075271571774391,0.4705484629109617,False,,,,,,,,False,,,,,,,,,,,,116,40.745356914317583,0.072687052766538626,30.521441621959557,0.082932195094575459,40.763566488630431,0.051763123992521046,False,4.163336342344337e-16,False,False,False,False,False,False,False,False,False,,,False,False,C0150,S01-B01,S01-B01-C0692,S01-B01-C0694,691,693
1,S01-P081,baseline,twfe_scalar,csa,static,,,,,,retained,,0.1454655803042666,-0.052807106276941497,0.136649335955117,0.1801398849357875,0.19827268658120809,0.15120870716270599,0.014129673019918115,1.3112517810754083,1.3112517810754083,False,999,False,-0.19827268658120809,0.18977271329231357,False,,,,,,,,False,,,,,,,,,,,,116,40.597363821806425,0.071607872990207669,26.861918407922616,0.090577224019733837,41.335582976330507,0.067310835503499047,False,1.915134717478395e-15,False,False,False,False,False,False,False,False,False,,,False,False,C0151,S01-B01,S01-B01-C0698,S01-B01-C0699,697,698
1,S01-P081,baseline,twfe_scalar,bjs,static,,,,,,retained,,0.1454655803042666,0.030290843826872998,0.136649335955117,0.21555489981942477,0.1151747364773936,0.18728017726715748,0.015031545527959369,0.61498626367218467,0.61498626367218467,False,999,False,-0.1151747364773936,0.53856379198675164,False,,,,,,,,False,,,,,,,,,,,,116,40.597363821806425,0.071607872990207669,30.530255289476798,0.082463223413720699,41.496443251417674,0.049554182243604153,False,4.8225312632155237e-15,False,False,False,False,False,False,False,False,False,,,False,False,C0152,S01-B01,S01-B01-C0698,S01-B01-C0700,697,699
1,S01-P082,baseline,twfe_scalar,csa,static,,,,,,retained,,-0.1227651057259032,-0.15997702251073609,0.11688011666064201,0.17357818497578162,0.037211916784832891,0.13998221089704505,0.012097664301233576,0.2658331837050476,0.2658331837050476,False,999,False,-0.037211916784832891,0.79036768552235315,False,,,,,,,,False,,,,,,,,,,,,116,40.371695513365694,0.07271186893873062,26.71369596685313,0.090986936477238836,41.122569400681932,0.068451328664739519,False,3.0531133177191805e-16,False,False,False,False,False,False,False,False,False,,,False,False,C0153,S01-B01,S01-B01-C0704,S01-B01-C0705,703,704
1,S01-P082,baseline,twfe_scalar,bjs,static,,,,,,retained,,-0.1227651057259032,-0.1658396576869075,0.11688011666064201,0.1863074367486639,0.043074551961004306,0.15211938702809394,0.012615557374329825,0.28316280260220317,0.28316280260220317,False,999,False,-0.043074551961004306,0.77705204111035131,False,,,,,,,,False,,,,,,,,,,,,116,40.371695513365694,0.07271186893873062,30.368039542393305,0.084129799321760609,41.296642304151383,0.049982401787239249,False,8.0491169285323849e-16,False,False,False,False,False,False,False,False,False,,,False,False,C0154,S01-B01,S01-B01-C0704,S01-B01-C0706,703,705
1,S01-P083,baseline,twfe_scalar,csa,static,,,,,,retained,,0.048052143054407803,-0.058914993175201297,0.13267827543642416,0.17101215588590379,0.1069671362296091,0.1401617579465376,0.013601681921432251,0.76316919676770867,0.76316919676770867,False,999,False,-0.1069671362296091,0.44536249666636857,False,,,,,,,,False,,,,,,,,,,,,116,40.677574129911896,0.070613674003268345,26.953793021839139,0.089834187653964906,41.670820596023184,0.066586343913380447,False,4.7878367936959876e-16,False,False,False,False,False,False,False,False,False,,,False,False,C0155,S01-B01,S01-B01-C0710,S01-B01-C0711,709,710
1,S01-P083,baseline,twfe_scalar,bjs,static,,,,,,retained,,0.048052143054407803,-0.080878742429202594,0.13267827543642416,0.16497830529027352,0.1289308854836104,0.15256101296643781,0.010773251655944362,0.84511031341915743,0.84511031341915743,False,999,False,-0.1289308854836104,0.39804925054618756,False,,,,,,,,False,,,,,,,,,,,,116,40.677574129911896,0.070613674003268345,30.416013509458281,0.083902134441077636,41.674361842519446,0.048984341133047324,False,4.7878367936959876e-16,False,False,False,False,False,False,False,False,False,,,False,False,C0156,S01-B01,S01-B01-C0710,S01-B01-C0712,709,711
1,S01-P084,baseline,twfe_scalar,csa,static,,,,,,retained,,0.14569783963652561,0.0823026071432712,0.094293348412589434,0.17354506809740552,0.063395232493254405,0.15878787348007878,0.0068977687257328014,0.39924479813131225,0.39924479813131225,False,999,False,-0.063395232493254405,0.68971283734538835,False,,,,,,,,False,,,,,,,,,,,,116,40.677574129911896,0.070613674003268345,26.953793021839139,0.089834187653964906,41.670820596023184,0.066586343913380447,False,2.581268532253489e-15,False,False,False,False,False,False,False,False,False,,,False,False,C0157,S01-B01,S01-B01-C0716,S01-B01-C0717,715,716
1,S01-P084,baseline,twfe_scalar,bjs,static,,,,,,retained,,0.14569783963652561,0.13928977276945481,0.094293348412589434,0.16030471832592988,0.0064080668670707941,0.1237495559595873,0.0096374428361093393,0.051782544328187061,0.051782544328187061,False,999,False,-0.0064080668670707941,0.95870196449730682,False,,,,,,,,False,,,,,,,,,,,,116,40.677574129911896,0.070613674003268345,30.416013509458281,0.083902134441077636,41.674361842519446,0.048984341133047324,False,2.581268532253489e-15,False,False,False,False,False,False,False,False,False,,,False,False,C0158,S01-B01,S01-B01-C0716,S01-B01-C0718,715,717
1,S01-P085,baseline,twfe_scalar,csa,static,,,,,,retained,,-0.039467561045418299,-0.1041924642272075,0.11771941812717047,0.15262000272025747,0.064724903181789195,0.13579550216040354,0.0093551541137674183,0.47663510316663682,0.47663510316663682,False,999,False,-0.064724903181789195,0.6336219823646112,False,,,,,,,,False,,,,,,,,,,,,116,40.677574129911896,0.070613674003268345,26.953793021839139,0.089834187653964906,41.670820596023184,0.066586343913380447,False,1.2587153541687712e-14,False,False,False,False,False,False,False,False,False,,,False,False,C0159,S01-B01,S01-B01-C0722,S01-B01-C0723,721,722
1,S01-P085,baseline,twfe_scalar,bjs,static,,,,,,retained,,-0.039467561045418299,-0.1672703287532091,0.11771941812717047,0.13535664527226798,0.12780276770779081,0.12902891992765519,0.0077654103229324598,0.99049707445003898,0.99049707445003898,False,999,False,-0.12780276770779081,0.32193121840417083,False,,,,,,,,False,,,,,,,,,,,,116,40.677574129911896,0.070613674003268345,30.416013509458281,0.083902134441077636,41.674361842519446,0.048984341133047324,False,1.2587153541687712e-14,False,False,False,False,False,False,False,False,False,,,False,False,C0160,S01-B01,S01-B01-C0722,S01-B01-C0724,721,723
1,S01-P086,baseline,twfe_scalar,csa,static,,,,,,retained,,0.48385902306874612,0.367184373492355,0.15540774991023718,0.23824457842930019,0.11667464957639112,0.2233826109588648,0.015506128502159126,0.52230855873502346,0.52230855873502346,False,999,False,-0.11667464957639112,0.60145551104765971,False,,,,,,,,False,,,,,,,,,,,,116,36.880345453238981,0.070980124854291213,20.082645852147255,0.1404830797388536,38.086292474563564,0.074256158733635766,False,1.4432899320127035e-15,False,False,False,False,False,False,False,False,False,,,False,False,C0161,S01-B01,S01-B01-C0728,S01-B01-C0729,727,728
1,S01-P086,baseline,twfe_scalar,bjs,static,,,,,,retained,,0.48385902306874612,0.59059619420261211,0.15540774991023718,0.25057095804865964,-0.10673717113386599,0.21529900298673435,0.020291856531252064,-0.49576249612471546,0.49576249612471546,False,999,False,0.10673717113386599,0.62006198803460677,False,,,,,,,,False,,,,,,,,,,,,116,36.880345453238981,0.070980124854291213,24.138935976788378,0.081119365719524106,34.647512324704394,0.069311310942481816,False,1.4432899320127035e-15,False,False,False,False,False,False,False,False,False,,,False,False,C0162,S01-B01,S01-B01-C0728,S01-B01-C0730,727,729
1,S01-P087,baseline,twfe_scalar,csa,static,,,,,,retained,,0.27799578184757667,0.0145559215525721,0.14766396859701697,0.21340166975569194,0.26343986029500455,0.19630509391068932,0.014404615190526831,1.3419919730399801,1.3419919730399801,False,999,False,-0.26343986029500455,0.17959859832805664,False,,,,,,,,False,,,,,,,,,,,,116,37.140458963372843,0.072836847418734391,20.252444897087017,0.14164137825938156,38.696990994062574,0.071716028590964404,False,9.9920072216264089e-16,False,False,False,False,False,False,False,False,False,,,False,False,C0163,S01-B01,S01-B01-C0734,S01-B01-C0735,733,734
1,S01-P087,baseline,twfe_scalar,bjs,static,,,,,,retained,,0.27799578184757667,0.083763955589300998,0.14766396859701697,0.2195198302798729,0.19423182625827567,0.1841151216653458,0.018047612741039974,1.0549477115264783,1.0549477115264783,False,999,False,-0.19423182625827567,0.29144923959743013,False,,,,,,,,False,,,,,,,,,,,,116,37.140458963372843,0.072836847418734391,24.299209693949074,0.086401532492441063,35.841310663838883,0.069282229123888012,False,9.9920072216264089e-16,False,False,False,False,False,False,False,False,False,,,False,False,C0164,S01-B01,S01-B01-C0734,S01-B01-C0736,733,735
1,S01-P088,baseline,twfe_scalar,csa,static,,,,,,retained,,0.53308676291915624,0.034419041592243599,0.17180004359768988,0.24016754711611857,0.49866772132691262,0.23732422211497983,0.015436459632730449,2.1012087046273598,2.1012087046273598,False,999,False,-0.49866772132691262,0.035622649628404217,True,,,,,,,,False,,,,,,,,,,,,116,37.449971736692476,0.071342494174080964,20.733488244794302,0.1369869168541904,38.507966772469025,0.072595419299087333,False,2.2204460492503131e-15,False,False,False,False,False,False,False,False,False,,,False,False,C0165,S01-B01,S01-B01-C0740,S01-B01-C0741,739,740
1,S01-P088,baseline,twfe_scalar,bjs,static,,,,,,retained,,0.53308676291915624,0.23906285406910099,0.17180004359768988,0.18556139380586448,0.29402390885005525,0.20054513797411747,0.011864966743142717,1.4661233466951578,1.4661233466951578,False,999,False,-0.29402390885005525,0.14261468641487116,False,,,,,,,,False,,,,,,,,,,,,116,37.449971736692476,0.071342494174080964,24.838091293284908,0.082532293535168333,35.518957550085837,0.071262397282560688,False,2.2204460492503131e-15,False,False,False,False,False,False,False,False,False,,,False,False,C0166,S01-B01,S01-B01-C0740,S01-B01-C0742,739,741
1,S01-P089,baseline,twfe_scalar,csa,static,,,,,,retained,,0.21956607896311661,0.38400057298912771,0.17975301078957617,0.21052264255945438,-0.1644344940260111,0.19115245964986818,0.020045832543969397,-0.86022693261286787,0.86022693261286787,False,999,False,0.1644344940260111,0.38966396117269048,False,,,,,,,,False,,,,,,,,,,,,116,37.448438820657223,0.072572667983305306,20.724899412076653,0.12766558070081396,36.518037063480321,0.073067107721945468,False,1.3045120539345589e-15,False,False,False,False,False,False,False,False,False,,,False,False,C0167,S01-B01,S01-B01-C0746,S01-B01-C0747,745,746
1,S01-P089,baseline,twfe_scalar,bjs,static,,,,,,retained,,0.21956607896311661,0.49996191936461498,0.17975301078957617,0.19634627498665203,-0.28039584040149834,0.19564793606665914,0.01629244485095396,-1.4331653378953344,1.4331653378953344,False,999,False,0.28039584040149834,0.15181059279149145,False,,,,,,,,False,,,,,,,,,,,,116,37.448438820657223,0.072572667983305306,26.042898552267506,0.078196128236636811,34.770077938924416,0.079004204868640043,False,1.3045120539345589e-15,False,False,False,False,False,False,False,False,False,,,False,False,C0168,S01-B01,S01-B01-C0746,S01-B01-C0748,745,747
1,S01-P090,baseline,twfe_scalar,csa,static,,,,,,retained,,-0.10087467961067401,0.067205536052543605,0.14985730993318705,0.21561839947076603,-0.16808021566321762,0.18945873332985511,0.016526947947896477,-0.88716003062568438,0.88716003062568438,False,999,False,0.16808021566321762,0.3749927480352343,False,,,,,,,,False,,,,,,,,,,,,116,37.449971736692476,0.071342494174080964,20.733488244794302,0.1369869168541904,38.507966772469025,0.072595419299087333,False,2.0816681711721685e-15,False,False,False,False,False,False,False,False,False,,,False,False,C0169,S01-B01,S01-B01-C0752,S01-B01-C0753,751,752
1,S01-P090,baseline,twfe_scalar,bjs,static,,,,,,retained,,-0.10087467961067401,-0.0299859206558898,0.14985730993318705,0.1930024288538795,-0.070888758954784206,0.1736871784403288,0.014769957464672743,-0.40814042574327636,0.40814042574327636,False,999,False,0.070888758954784206,0.68317058238297812,False,,,,,,,,False,,,,,,,,,,,,116,37.449971736692476,0.071342494174080964,24.838091293284908,0.082532293535168333,35.518957550085837,0.071262397282560688,False,2.0816681711721685e-15,False,False,False,False,False,False,False,False,False,,,False,False,C0170,S01-B01,S01-B01-C0752,S01-B01-C0754,751,753
1,S01-P091,baseline,twfe_scalar,csa,static,,,,,,retained,,0.43520285938142123,0.2093804348581976,0.15237142858919275,0.24652912074272276,0.22582242452322362,0.23664072980341477,0.01399741231129935,0.95428384078607997,0.95428384078607997,False,999,False,-0.22582242452322362,0.33993998535182945,False,,,,,,,,False,,,,,,,,,,,,116,37.911884050354125,0.065157069289955655,21.983854763517066,0.11732071772828101,38.592052447871026,0.075446538379163264,False,2.2204460492503131e-16,False,False,False,False,False,False,False,False,False,,,False,False,C0171,S01-B01,S01-B01-C0758,S01-B01-C0759,757,758
1,S01-P091,baseline,twfe_scalar,bjs,static,,,,,,retained,,0.43520285938142123,0.35621831598805548,0.15237142858919275,0.16724439695187451,0.078984543393365747,0.17395679471227454,0.010463387067769609,0.45404690011681692,0.45404690011681692,False,999,False,-0.078984543393365747,0.64979507072725506,False,,,,,,,,False,,,,,,,,,,,,116,37.911884050354125,0.065157069289955655,24.51351635888502,0.094076102710019649,35.275263612343728,0.073741240485046142,False,1.2212453270876722e-15,False,False,False,False,False,False,False,False,False,,,False,False,C0172,S01-B01,S01-B01-C0758,S01-B01-C0760,757,759
1,S01-P092,baseline,twfe_scalar,csa,static,,,,,,retained,,-0.015061546521474499,0.1219118977505968,0.15098889990966732,0.20738749829430581,-0.13697344427207131,0.21550422347306722,0.0096825760049862701,-0.63559517333167093,0.63559517333167093,False,999,False,0.13697344427207131,0.52504031625361747,False,,,,,,,,False,,,,,,,,,,,,116,36.713078954126495,0.071121028104270081,19.739825567970964,0.14155645470649714,36.609306003592877,0.078097891253679164,False,9.1419927183977734e-16,False,False,False,False,False,False,False,False,False,,,False,False,C0173,S01-B01,S01-B01-C0764,S01-B01-C0765,763,764
1,S01-P092,baseline,twfe_scalar,bjs,static,,,,,,retained,,-0.015061546521474499,0.23648317358173279,0.15098889990966732,0.21116464781424454,-0.25154472010320728,0.1914104261954486,0.015375102563061098,-1.3141641503183099,1.3141641503183099,False,999,False,0.25154472010320728,0.18879096986058339,False,,,,,,,,False,,,,,,,,,,,,116,36.713078954126495,0.071121028104270081,23.998457248418319,0.083974667180159321,34.382120177123142,0.069687316755190909,False,1.27675647831893e-15,False,False,False,False,False,False,False,False,False,,,False,False,C0174,S01-B01,S01-B01-C0764,S01-B01-C0766,763,765
1,S01-P093,baseline,twfe_scalar,csa,static,,,,,,retained,,-0.16460321823012791,-0.17117586488768469,0.15842351759271076,0.22427109054712824,0.0065726466575567744,0.1988152739352459,0.017934009915849636,0.033059062955583002,0.033059062955583002,False,999,False,-0.0065726466575567744,0.97362748792090503,False,,,,,,,,False,,,,,,,,,,,,116,37.217555212738979,0.071890273338777982,20.750397174239364,0.13755741606270025,38.921397853778011,0.070420316909399441,False,1.3322676295501878e-15,False,False,False,False,False,False,False,False,False,,,False,False,C0175,S01-B01,S01-B01-C0770,S01-B01-C0771,769,770
1,S01-P093,baseline,twfe_scalar,bjs,static,,,,,,retained,,-0.16460321823012791,-0.14138540448128131,0.15842351759271076,0.23438540223427101,-0.0232178137488466,0.23126354868417173,0.013275849378486349,-0.10039547469088753,0.10039547469088753,False,999,False,0.0232178137488466,0.92003036229037016,False,,,,,,,,False,,,,,,,,,,,,116,37.217555212738979,0.071890273338777982,24.850033622439469,0.082649651809591509,35.988906729841787,0.07228755997177666,False,1.1851630787873546e-14,False,False,False,False,False,False,False,False,False,,,False,False,C0176,S01-B01,S01-B01-C0770,S01-B01-C0772,769,771
1,S01-P094,baseline,twfe_scalar,csa,static,,,,,,retained,,0.0236704816195519,-0.042499849694541902,0.15945744036685619,0.21004726819165304,0.066170331314093805,0.20216311563579217,0.014338302419777519,0.32731159245340902,0.32731159245340902,False,999,False,-0.066170331314093805,0.74343222540375498,False,,,,,,,,False,,,,,,,,,,,,116,37.217555212738979,0.071890273338777982,20.750397174239364,0.13755741606270025,38.921397853778011,0.070420316909399441,False,1.1796119636642288e-16,False,False,False,False,False,False,False,False,False,,,False,False,C0177,S01-B01,S01-B01-C0776,S01-B01-C0777,775,776
1,S01-P094,baseline,twfe_scalar,bjs,static,,,,,,retained,,0.0236704816195519,0.095432476224303495,0.15945744036685619,0.23474714190144549,-0.071761994604751592,0.20541577799625951,0.019168627034719162,-0.34934996378933625,0.34934996378933625,False,999,False,0.071761994604751592,0.72682659273985395,False,,,,,,,,False,,,,,,,,,,,,116,37.217555212738979,0.071890273338777982,24.850033622439469,0.082649651809591509,35.988906729841787,0.07228755997177666,False,6.9388939039072284e-17,False,False,False,False,False,False,False,False,False,,,False,False,C0178,S01-B01,S01-B01-C0776,S01-B01-C0778,775,777
1,S01-P095,baseline,twfe_scalar,csa,static,,,,,,retained,,0.2149888090901626,0.2339332708784963,0.16529133446646804,0.22453010092191267,-0.0189444617883337,0.20591320209186287,0.017667372336992861,-0.092002171768870447,0.092002171768870447,False,999,False,0.0189444617883337,0.92669631409002451,False,,,,,,,,False,,,,,,,,,,,,116,37.217555212738979,0.071890273338777982,20.750397174239364,0.13755741606270025,38.921397853778011,0.070420316909399441,False,7.4940054162198066e-16,False,False,False,False,False,False,False,False,False,,,False,False,C0179,S01-B01,S01-B01-C0782,S01-B01-C0783,781,782
1,S01-P095,baseline,twfe_scalar,bjs,static,,,,,,retained,,0.2149888090901626,0.34074454643407159,0.16529133446646804,0.23477190874741843,-0.12575573734390899,0.18757601356612047,0.023627156760627283,-0.67042547153599752,0.67042547153599752,False,999,False,0.12575573734390899,0.50258660169416658,False,,,,,,,,False,,,,,,,,,,,,116,37.217555212738979,0.071890273338777982,24.850033622439469,0.082649651809591509,35.988906729841787,0.07228755997177666,False,7.4940054162198066e-16,False,False,False,False,False,False,False,False,False,,,False,False,C0180,S01-B01,S01-B01-C0782,S01-B01-C0784,781,783
1,S01-P096,baseline,twfe_scalar,csa,static,,,,,,retained,,0.38539915362297189,-0.039621233028797297,0.17788717923108291,0.29666506996446551,0.42502038665176917,0.23199142515255222,0.032916995463750195,1.8320521388766224,1.8320521388766224,False,999,False,-0.42502038665176917,0.066943653021990082,False,,,,,,,,False,,,,,,,,,,,,116,37.217555212738979,0.071890273338777982,20.750397174239364,0.13755741606270025,38.921397853778011,0.070420316909399441,False,9.9920072216264089e-16,False,False,False,False,False,False,False,False,False,,,False,False,C0181,S01-B01,S01-B01-C0788,S01-B01-C0789,787,788
1,S01-P096,baseline,twfe_scalar,bjs,static,,,,,,retained,,0.38539915362297189,0.049592559983536101,0.17788717923108291,0.27621150418641321,0.33580659363943577,0.24309288285175157,0.024421246943268488,1.3813921234552349,1.3813921234552349,False,999,False,-0.33580659363943577,0.16715842639004738,False,,,,,,,,False,,,,,,,,,,,,116,37.217555212738979,0.071890273338777982,24.850033622439469,0.082649651809591509,35.988906729841787,0.07228755997177666,False,9.9920072216264089e-16,False,False,False,False,False,False,False,False,False,,,False,False,C0182,S01-B01,S01-B01-C0788,S01-B01-C0790,787,789
1,S01-P097,baseline,twfe_scalar,csa,static,,,,,,retained,,0.30751672228835342,-0.0111869231365525,0.17342186929952713,0.2233127386895235,0.31870364542490592,0.20953199092775773,0.018020034395103871,1.5210261880000382,1.5210261880000382,False,999,False,-0.31870364542490592,0.12825326563953635,False,,,,,,,,False,,,,,,,,,,,,116,37.217555212738979,0.071890273338777982,20.750397174239364,0.13755741606270025,38.921397853778011,0.070420316909399441,False,1.5543122344752192e-15,False,False,False,False,False,False,False,False,False,,,False,False,C0183,S01-B01,S01-B01-C0794,S01-B01-C0795,793,794
1,S01-P097,baseline,twfe_scalar,bjs,static,,,,,,retained,,0.30751672228835342,0.085578109633173999,0.17342186929952713,0.23586534223374406,0.22193861265517942,0.21692857250633321,0.019324799424374008,1.023095344660971,1.023095344660971,False,999,False,-0.22193861265517942,0.30626276784269385,False,,,,,,,,False,,,,,,,,,,,,116,37.217555212738979,0.071890273338777982,24.850033622439469,0.082649651809591509,35.988906729841787,0.07228755997177666,False,5.7176485768195562e-15,False,False,False,False,False,False,False,False,False,,,False,False,C0184,S01-B01,S01-B01-C0794,S01-B01-C0796,793,795
1,S01-P098,baseline,twfe_scalar,csa,static,,,,,,retained,,1.8236390367642568,1.843805702356802,0.064615778531661339,0.073365842804173034,-0.020166665592545208,0.03790365936906584,0.0040605291660265816,-0.53205062329690911,0.53205062329690911,False,999,False,0.020166665592545208,0.594690934305528,False,,,,,,,,False,,,,,,,,,,,,116,41.154543377365549,0.064573427277761594,27.63106065348537,0.087331158170060944,43.214594968229846,0.072825281540148404,False,4.4408920985006262e-16,False,False,False,False,False,False,False,False,False,,,False,False,C0185,S01-B01,S01-B01-C0800,S01-B01-C0801,799,800
1,S01-P098,baseline,twfe_scalar,bjs,static,,,,,,retained,,1.8236390367642568,1.8532124987883667,0.064615778531661339,0.068931548751529986,-0.029573462024109931,0.029689744567986547,0.004022638158012487,-0.99608341043115611,0.99608341043115611,False,999,False,0.029573462024109931,0.31920961963664735,False,,,,,,,,False,,,,,,,,,,,,116,41.154543377365549,0.064573427277761594,31.399283262925145,0.07586297096100951,41.703631761395791,0.057909927751094888,False,4.4408920985006262e-16,False,False,False,False,False,False,False,False,False,,,False,False,C0186,S01-B01,S01-B01-C0800,S01-B01-C0802,799,801
1,S01-P099,baseline,twfe_scalar,csa,static,,,,,,retained,,0.18843719411093621,0.1952049540416603,0.081339732605549109,0.14382703274287756,-0.0067677599307240932,0.14146002720230147,0.0036457140759435661,-0.047842207191474272,0.047842207191474272,False,999,False,0.0067677599307240932,0.96184199857612029,False,,,,,,,,False,,,,,,,,,,,,116,40.506594918125202,0.067783837617806209,27.44718726746137,0.088375096729953945,43.248940379002327,0.070370720552848542,False,6.3005156647477634e-15,False,False,False,False,False,False,False,False,False,,,False,False,C0187,S01-B01,S01-B01-C0806,S01-B01-C0807,805,806
1,S01-P099,baseline,twfe_scalar,bjs,static,,,,,,retained,,0.18843719411093621,0.21423175339204051,0.081339732605549109,0.10780103831588861,-0.025794559281104301,0.10624801468257111,0.0034742876691690331,-0.24277685901396548,0.24277685901396548,False,999,False,0.025794559281104301,0.80817826316071273,False,,,,,,,,False,,,,,,,,,,,,116,40.506594918125202,0.067783837617806209,30.876118480935602,0.078904333736341745,41.437948454561351,0.059624461548935269,False,6.3005156647477634e-15,False,False,False,False,False,False,False,False,False,,,False,False,C0188,S01-B01,S01-B01-C0806,S01-B01-C0808,805,807
1,S01-P100,baseline,twfe_scalar,csa,static,,,,,,retained,,0.1125364112888515,0.1200077161575193,0.088667629762138295,0.15088703806575435,-0.0074713048686678024,0.12714777466133834,0.0072311451112807871,-0.058760799302762727,0.058760799302762727,False,999,False,0.0074713048686678024,0.95314263210583539,False,,,,,,,,False,,,,,,,,,,,,116,40.496885938993913,0.067786600569097688,27.44718726746137,0.088375096729953945,43.227469262452708,0.070418973299086959,False,8.0629947163401994e-15,False,False,False,False,False,False,False,False,False,,,False,False,C0189,S01-B01,S01-B01-C0812,S01-B01-C0813,811,812
1,S01-P100,baseline,twfe_scalar,bjs,static,,,,,,retained,,0.1125364112888515,0.19467058048387861,0.088667629762138295,0.12592422075780207,-0.082134169195027112,0.1130298787056998,0.0054715522304350471,-0.72665891652315207,0.72665891652315207,False,999,False,0.082134169195027112,0.46743492671949649,False,,,,,,,,False,,,,,,,,,,,,116,40.496885938993913,0.067786600569097688,30.876118480935602,0.078904333736341745,41.419142002290307,0.059630348076544486,False,8.0629947163401994e-15,False,False,False,False,False,False,False,False,False,,,False,False,C0190,S01-B01,S01-B01-C0812,S01-B01-C0814,811,813
1,S01-P101,baseline,twfe_scalar,csa,static,,,,,,retained,,0.19877386613550399,0.20742156826068789,0.077777251023509214,0.13148767771161193,-0.0086477021251838981,0.13002494281819463,0.0032159122059459556,-0.066508024827785658,0.066508024827785658,False,999,False,0.0086477021251838981,0.946973368968691,False,,,,,,,,False,,,,,,,,,,,,116,40.506594918125202,0.067783837617806209,27.44718726746137,0.088375096729953945,43.248940379002327,0.070370720552848542,False,9.4368957093138306e-16,False,False,False,False,False,False,False,False,False,,,False,False,C0191,S01-B01,S01-B01-C0818,S01-B01-C0819,817,818
1,S01-P101,baseline,twfe_scalar,bjs,static,,,,,,retained,,0.19877386613550399,0.26933507041502042,0.077777251023509214,0.10592272922503877,-0.070561204279516426,0.094667120142819791,0.0041535308535598876,-0.74536126347842935,0.74536126347842935,False,999,False,0.070561204279516426,0.45605335463665442,False,,,,,,,,False,,,,,,,,,,,,116,40.506594918125202,0.067783837617806209,30.876118480935602,0.078904333736341745,41.437948454561351,0.059624461548935269,False,9.4368957093138306e-16,False,False,False,False,False,False,False,False,False,,,False,False,C0192,S01-B01,S01-B01-C0818,S01-B01-C0820,817,819
1,S01-P102,baseline,twfe_scalar,csa,static,,,,,,retained,,-0.0072243877842230004,-0.170589364146009,0.08355923985434853,0.13034927897396006,0.16336497636178601,0.11762870571009981,0.0050682843435172755,1.3888189568658937,1.3888189568658937,False,999,False,-0.16336497636178601,0.16488780926038382,False,,,,,,,,False,,,,,,,,,,,,116,41.154543377365549,0.064573427277761594,27.63106065348537,0.087331158170060944,43.214594968229846,0.072825281540148404,False,1.7607443281164592e-16,False,False,False,False,False,False,False,False,False,,,False,False,C0193,S01-B01,S01-B01-C0824,S01-B01-C0825,823,824
1,S01-P102,baseline,twfe_scalar,bjs,static,,,,,,retained,,-0.0072243877842230004,-0.12736108698798021,0.08355923985434853,0.11029585446932333,0.12013669920375721,0.097712941604657766,0.0047997515605597207,1.2294860561032435,1.2294860561032435,False,999,False,-0.12013669920375721,0.2188896226875206,False,,,,,,,,False,,,,,,,,,,,,116,41.154543377365549,0.064573427277761594,31.399283262925145,0.07586297096100951,41.703631761395791,0.057909927751094888,False,1.7607443281164592e-16,False,False,False,False,False,False,False,False,False,,,False,False,C0194,S01-B01,S01-B01-C0824,S01-B01-C0826,823,825
1,S01-P103,baseline,twfe_scalar,csa,static,,,,,,retained,,0.12457422661490079,0.098958784143080999,0.078446973989817328,0.11032174074946509,0.025615442471819794,0.11734089171881973,0.0022779646703917429,0.21829936773619607,0.21829936773619607,False,999,False,-0.025615442471819794,0.82719586705481385,False,,,,,,,,False,,,,,,,,,,,,116,41.154543377365549,0.064573427277761594,27.63106065348537,0.087331158170060944,43.214594968229846,0.072825281540148404,False,3.0947466811426239e-15,False,False,False,False,False,False,False,False,False,,,False,False,C0195,S01-B01,S01-B01-C0830,S01-B01-C0831,829,830
1,S01-P103,baseline,twfe_scalar,bjs,static,,,,,,retained,,0.12457422661490079,0.1373938844710976,0.078446973989817328,0.083876329904070124,-0.012819657856196806,0.086029901150977556,0.0028940112771442578,-0.14901397868281913,0.14901397868281913,False,999,False,0.012819657856196806,0.88154260272437834,False,,,,,,,,False,,,,,,,,,,,,116,41.154543377365549,0.064573427277761594,31.399283262925145,0.07586297096100951,41.703631761395791,0.057909927751094888,False,5.440092820663267e-15,False,False,False,False,False,False,False,False,False,,,False,False,C0196,S01-B01,S01-B01-C0830,S01-B01-C0832,829,831
1,S01-P001,baseline,event_study_post_average,csa,post,"[""e0"", ""ge_p1""]","[""e0"", ""ge_p1""]",,,,retained,,0.22186126984127863,0.28874870659960156,0.098092280619635874,0.12376265545316531,-0.066887436758322927,0.10471964521224059,0.0069865431543013785,-0.63872864182034594,0.63872864182034594,False,999,False,0.066887436758322927,0.52299947665637281,False,,,,,,,,False,,,,,,,,,,,,116,40.585688155321229,0.075852600591348684,27.061378079349986,0.087036890092810112,40.480706707157132,0.06407561629204489,False,1.6375789613221059e-15,False,False,False,False,False,False,False,False,False,,,False,False,C0197,S01-B01,S01-B01-C0845,S01-B01-C0851,844,850
1,S01-P001,baseline,event_study_post_average,bjs,post,"[""e0"", ""ge_p1""]","[""e0"", ""ge_p1""]",,,,retained,,0.22186126984127863,0.33186063195869703,0.098092280619635874,0.12205982876998654,-0.1099993621174184,0.11070742064589913,0.0061322821652258904,-0.99360423606340287,0.99360423606340287,False,999,False,0.1099993621174184,0.3204155810677064,False,,,,,,,,False,,,,,,,,,,,,116,40.585688155321229,0.075852600591348684,31.110101530433447,0.077686695266930519,42.274079442057946,0.065700843801413583,False,1.6375789613221059e-15,False,False,False,False,False,False,False,False,False,,,False,False,C0198,S01-B01,S01-B01-C0845,S01-B01-C0857,844,856
1,S01-P002,baseline,event_study_post_average,csa,post,"[""e0"", ""ge_p1""]","[""e0"", ""ge_p1""]",,,,retained,,0.14549280731482217,0.11819595363803886,0.072609715542882355,0.093844869604474718,0.027296853676783306,0.080151543283772511,0.0038273802257643486,0.34056554070506373,0.34056554070506373,False,999,False,-0.027296853676783306,0.73343067471033185,False,,,,,,,,False,,,,,,,,,,,,116,40.883480773569765,0.076745079138634986,26.907329987583161,0.089017355692888864,40.721816733492389,0.063586522938176807,False,2.4980018054066022e-16,False,False,False,False,False,False,False,False,False,,,False,False,C0199,S01-B01,S01-B01-C0875,S01-B01-C0881,874,880
1,S01-P002,baseline,event_study_post_average,bjs,post,"[""e0"", ""ge_p1""]","[""e0"", ""ge_p1""]",,,,retained,,0.14549280731482217,0.11545270992947959,0.072609715542882355,0.10323120217420338,0.030040097385342579,0.078446401686796008,0.0048875069779716999,0.38293786253294632,0.38293786253294632,False,999,False,-0.030040097385342579,0.7017658369891957,False,,,,,,,,False,,,,,,,,,,,,116,40.883480773569765,0.076745079138634986,31.156480416932762,0.079184639140450652,42.378808017645461,0.065976808904003661,False,2.4980018054066022e-16,False,False,False,False,False,False,False,False,False,,,False,False,C0200,S01-B01,S01-B01-C0875,S01-B01-C0887,874,886
1,S01-P003,baseline,event_study_post_average,csa,post,"[""e0"", ""ge_p1""]","[""e0"", ""ge_p1""]",,,,retained,,0.18484573319696421,0.066796974660616112,0.071781383225086121,0.11278647406056447,0.11804875853634809,0.10998708414704064,0.0028880985147764315,1.0732965552439764,1.0732965552439764,False,999,False,-0.11804875853634809,0.28313808029204951,False,,,,,,,,False,,,,,,,,,,,,116,40.933778086908248,0.076214622556150635,27.036648519097373,0.087686416622599947,40.778675166404831,0.063568150770199269,False,9.1593399531575415e-16,False,False,False,False,False,False,False,False,False,,,False,False,C0201,S01-B01,S01-B01-C0905,S01-B01-C0911,904,910
1,S01-P003,baseline,event_study_post_average,bjs,post,"[""e0"", ""ge_p1""]","[""e0"", ""ge_p1""]",,,,retained,,0.18484573319696421,0.094635889011677646,0.071781383225086121,0.094368657898743963,0.090209844185286561,0.079975712506839075,0.0038309479901701376,1.1279654954943017,1.1279654954943017,False,999,False,-0.090209844185286561,0.25933449149252824,False,,,,,,,,False,,,,,,,,,,,,116,40.933778086908248,0.076214622556150635,31.480583559720198,0.077265942967094839,42.366818887641337,0.065997607987546086,False,9.1593399531575415e-16,False,False,False,False,False,False,False,False,False,,,False,False,C0202,S01-B01,S01-B01-C0905,S01-B01-C0917,904,916
1,S01-P004,baseline,event_study_post_average,csa,post,"[""e0"", ""ge_p1""]","[""e0"", ""ge_p1""]",,,,retained,,0.19832111414682471,0.31405733645346701,0.0916294997777891,0.11379195882506973,-0.11573622230664229,0.10777029197389322,0.0048650696453180113,-1.0739158277002607,1.0739158277002607,False,999,False,0.11573622230664229,0.28286040876603352,False,,,,,,,,False,,,,,,,,,,,,116,41.415629001024826,0.076301475745839314,27.252359468382288,0.085899124178763525,39.991033771373665,0.065023456577148572,False,2.7200464103316335e-15,False,False,False,False,False,False,False,False,False,,,False,False,C0203,S01-B01,S01-B01-C0935,S01-B01-C0941,934,940
1,S01-P004,baseline,event_study_post_average,bjs,post,"[""e0"", ""ge_p1""]","[""e0"", ""ge_p1""]",,,,retained,,0.19832111414682471,0.33673087303108218,0.0916294997777891,0.11208232611407387,-0.13840975888425747,0.094184726695104914,0.0060438251570189274,-1.4695563043073636,1.4695563043073636,False,999,False,0.13840975888425747,0.14168196199821448,False,,,,,,,,False,,,,,,,,,,,,116,41.415629001024826,0.076301475745839314,31.81733415732808,0.078821697764520665,42.862088846145127,0.064622663541229738,False,2.7200464103316335e-15,False,False,False,False,False,False,False,False,False,,,False,False,C0204,S01-B01,S01-B01-C0935,S01-B01-C0947,934,946
1,S01-P005,baseline,event_study_post_average,csa,post,"[""e0"", ""ge_p1""]","[""e0"", ""ge_p1""]",,,,retained,,0.10231782268775541,0.2276583240520661,0.077523374088873234,0.11864313254500895,-0.12534050136431069,0.094893731581652055,0.0055406230683626573,-1.320851222469426,1.320851222469426,False,999,False,0.12534050136431069,0.18655097650576274,False,,,,,,,,False,,,,,,,,,,,,116,40.933778086908248,0.076214622556150635,27.036648519097373,0.087686416622599947,40.778675166404831,0.063568150770199269,False,2.2204460492503131e-16,False,False,False,False,False,False,False,False,False,,,False,False,C0205,S01-B01,S01-B01-C0965,S01-B01-C0971,964,970
1,S01-P005,baseline,event_study_post_average,bjs,post,"[""e0"", ""ge_p1""]","[""e0"", ""ge_p1""]",,,,retained,,0.10231782268775541,0.17344395744494129,0.077523374088873234,0.11035400058769795,-0.071126134757185877,0.089389329012452487,0.0050987134172682707,-0.79568932380371227,0.79568932380371227,False,999,False,0.071126134757185877,0.42621263375037771,False,,,,,,,,False,,,,,,,,,,,,116,40.933778086908248,0.076214622556150635,31.480583559720198,0.077265942967094839,42.366818887641337,0.065997607987546086,False,3.8857805861880479e-16,False,False,False,False,False,False,False,False,False,,,False,False,C0206,S01-B01,S01-B01-C0965,S01-B01-C0977,964,976
1,S01-P006,baseline,event_study_post_average,csa,post,"[""e0"", ""ge_p1""]","[""e0"", ""ge_p1""]",,,,retained,,0.26397522874093726,0.26586253223041922,0.085701626290186267,0.11592621189236338,-0.0018873034894819618,0.092696738581729762,0.0060954850044031682,-0.020359977258724651,0.020359977258724651,False,999,False,0.0018873034894819618,0.98375621074745523,False,,,,,,,,False,,,,,,,,,,,,116,41.233826749749412,0.07553796678558182,27.329706911141269,0.079357892603739502,39.060585612097064,0.077236102119008304,False,3.9412917374193057e-15,False,False,False,False,False,False,False,False,False,,,False,False,C0207,S01-B01,S01-B01-C0995,S01-B01-C1001,994,1000
1,S01-P006,baseline,event_study_post_average,bjs,post,"[""e0"", ""ge_p1""]","[""e0"", ""ge_p1""]",,,,retained,,0.26397522874093726,0.23048722837549568,0.085701626290186267,0.12747712730675198,0.033488000365441584,0.11063280658892428,0.0056777844207111352,0.30269502689082234,0.30269502689082234,False,999,False,-0.033488000365441584,0.76212228807350846,False,,,,,,,,False,,,,,,,,,,,,116,41.233826749749412,0.07553796678558182,31.288110635196926,0.07976051314980391,41.903698165999202,0.063173504392042668,False,3.9412917374193057e-15,False,False,False,False,False,False,False,False,False,,,False,False,C0208,S01-B01,S01-B01-C0995,S01-B01-C1007,994,1006
1,S01-P007,baseline,event_study_post_average,csa,post,"[""e0"", ""ge_p1""]","[""e0"", ""ge_p1""]",,,,retained,,0.047671441127851988,0.14430667212784826,0.077583166147661753,0.13678526069333877,-0.096635230999996269,0.12516435749576352,0.0045316194125565191,-0.77206668842020076,0.77206668842020076,False,999,False,0.096635230999996269,0.44007493059664837,False,,,,,,,,False,,,,,,,,,,,,116,40.783518756827647,0.074631235884934768,26.985685561146934,0.085537855378767888,40.287880696192062,0.06435274312273119,False,7.5633943552588789e-16,False,False,False,False,False,False,False,False,False,,,False,False,C0209,S01-B01,S01-B01-C1025,S01-B01-C1031,1024,1030
1,S01-P007,baseline,event_study_post_average,bjs,post,"[""e0"", ""ge_p1""]","[""e0"", ""ge_p1""]",,,,retained,,0.047671441127851988,0.15543656281327523,0.077583166147661753,0.1085702831629705,-0.10776512168542324,0.097060119751646468,0.0041929936046896672,-1.1102924863596737,1.1102924863596737,False,999,False,0.10776512168542324,0.26687300979788198,False,,,,,,,,False,,,,,,,,,,,,116,40.783518756827647,0.074631235884934768,30.917767466234203,0.077773785061397468,41.976059298651677,0.065383817912193262,False,7.5633943552588789e-16,False,False,False,False,False,False,False,False,False,,,False,False,C0210,S01-B01,S01-B01-C1025,S01-B01-C1037,1024,1036
1,S01-P008,baseline,event_study_post_average,csa,post,"[""e0"", ""ge_p1""]","[""e0"", ""ge_p1""]",,,,retained,,-0.034923052729653105,-0.03306868410181911,0.11721483837225567,0.15132818454098321,-0.0018543686278339952,0.10772343451962064,0.012517599713200446,-0.017214161766224062,0.017214161766224062,False,999,False,0.0018543686278339952,0.98626576440789115,False,,,,,,,,False,,,,,,,,,,,,116,41.127769124217401,0.075096775278233718,27.225288133665885,0.086400056962794944,41.002572604167007,0.063200367920042924,False,9.9018016008756149e-15,False,False,False,False,False,False,False,False,False,,,False,False,C0211,S01-B01,S01-B01-C1055,S01-B01-C1061,1054,1060
1,S01-P008,baseline,event_study_post_average,bjs,post,"[""e0"", ""ge_p1""]","[""e0"", ""ge_p1""]",,,,retained,,-0.034923052729653105,0.047963145428210126,0.11721483837225567,0.16614249178038237,-0.082886198157863231,0.14876547716071331,0.0096057393573868704,-0.55716016739771002,0.55716016739771002,False,999,False,0.082886198157863231,0.57741800203923865,False,,,,,,,,False,,,,,,,,,,,,116,41.127769124217401,0.075096775278233718,31.560829861642681,0.076279766211026945,42.712198982809028,0.065390043688028046,False,9.9018016008756149e-15,False,False,False,False,False,False,False,False,False,,,False,False,C0212,S01-B01,S01-B01-C1055,S01-B01-C1067,1054,1066
1,S01-P009,baseline,event_study_post_average,csa,post,"[""e0"", ""ge_p1""]","[""e0"", ""ge_p1""]",,,,retained,,-0.25121122453694478,-0.21860703808919191,0.10543635485156809,0.14950577743228202,-0.03260418644775287,0.12542238845454023,0.008869013442187627,-0.25995507540163265,0.25995507540163265,False,999,False,0.03260418644775287,0.79489842713976633,False,,,,,,,,False,,,,,,,,,,,,116,40.823218945527664,0.075709969780449915,27.104440186256394,0.086696482202237413,40.527093387842712,0.064030965250936281,False,2.7755575615628914e-16,False,False,False,False,False,False,False,False,False,,,False,False,C0213,S01-B01,S01-B01-C1085,S01-B01-C1091,1084,1090
1,S01-P009,baseline,event_study_post_average,bjs,post,"[""e0"", ""ge_p1""]","[""e0"", ""ge_p1""]",,,,retained,,-0.25121122453694478,-0.22804336036113873,0.10543635485156809,0.14436670213141781,-0.023167864175806047,0.11715962770654458,0.00911609562217559,-0.19774614028166532,0.19774614028166532,False,999,False,0.023167864175806047,0.84324368773107539,False,,,,,,,,False,,,,,,,,,,,,116,40.823218945527664,0.075709969780449915,31.508759384435166,0.077420985315677773,42.341150188979086,0.066420046690414292,False,3.3306690738754696e-16,False,False,False,False,False,False,False,False,False,,,False,False,C0214,S01-B01,S01-B01-C1085,S01-B01-C1097,1084,1096
1,S01-P010,baseline,event_study_post_average,csa,post,"[""e0"", ""ge_p1""]","[""e0"", ""ge_p1""]",,,,retained,,0.053777369901339564,0.0059029295387239304,0.10092906541907082,0.11065028433768792,0.047874440362615636,0.10081953360870237,0.006132791656650996,0.4748528251323243,0.4748528251323243,False,999,False,-0.047874440362615636,0.63489187800715241,False,,,,,,,,False,,,,,,,,,,,,116,41.212735871421778,0.074367150031119059,27.285810711213422,0.085790498363937331,41.127393409415021,0.063227897706228567,False,3.7886360715333467e-15,False,False,False,False,False,False,False,False,False,,,False,False,C0215,S01-B01,S01-B01-C1115,S01-B01-C1121,1114,1120
1,S01-P010,baseline,event_study_post_average,bjs,post,"[""e0"", ""ge_p1""]","[""e0"", ""ge_p1""]",,,,retained,,0.053777369901339564,0.043887936920679327,0.10092906541907082,0.1048595391132931,0.0098894329806602371,0.10312791089821011,0.0052734165915950806,0.095894825120828461,0.095894825120828461,False,999,False,-0.0098894329806602371,0.92360410459564179,False,,,,,,,,False,,,,,,,,,,,,116,41.212735871421778,0.074367150031119059,31.467491985541315,0.077316740148804602,42.76615954441035,0.065444965615610001,False,3.7886360715333467e-15,False,False,False,False,False,False,False,False,False,,,False,False,C0216,S01-B01,S01-B01-C1115,S01-B01-C1127,1114,1126
1,S01-P011,baseline,event_study_post_average,csa,post,"[""e0"", ""ge_p1""]","[""e0"", ""ge_p1""]",,,,retained,,0.20076985164157399,0.098294323311664822,0.085299271515275554,0.14731131008933177,0.10247552832990917,0.12349595846814769,0.0068626680216527488,0.82978851778651397,0.82978851778651397,False,999,False,-0.10247552832990917,0.40665836385951964,False,,,,,,,,False,,,,,,,,,,,,116,41.212735871421778,0.074367150031119059,27.285810711213422,0.085790498363937331,41.127393409415021,0.063227897706228567,False,8.0491169285323849e-16,False,False,False,False,False,False,False,False,False,,,False,False,C0217,S01-B01,S01-B01-C1145,S01-B01-C1151,1144,1150
1,S01-P011,baseline,event_study_post_average,bjs,post,"[""e0"", ""ge_p1""]","[""e0"", ""ge_p1""]",,,,retained,,0.20076985164157399,0.13482384821598847,0.085299271515275554,0.12158909583058049,0.065946003425585514,0.093202943153851872,0.0066865426666973217,0.70755280030939782,0.70755280030939782,False,999,False,-0.065946003425585514,0.47922301268160877,False,,,,,,,,False,,,,,,,,,,,,116,41.212735871421778,0.074367150031119059,31.467491985541315,0.077316740148804602,42.76615954441035,0.065444965615610001,False,8.0491169285323849e-16,False,False,False,False,False,False,False,False,False,,,False,False,C0218,S01-B01,S01-B01-C1145,S01-B01-C1157,1144,1156
1,S01-P012,baseline,event_study_post_average,csa,post,"[""e0"", ""ge_p1""]","[""e0"", ""ge_p1""]",,,,retained,,-0.036834571304137129,-0.1222116033260446,0.085589270533661374,0.097566190627157531,0.085377032021907467,0.10185549135015741,0.0032350718328985634,0.83821727125540513,0.83821727125540513,False,999,False,-0.085377032021907467,0.40190868871656732,False,,,,,,,,False,,,,,,,,,,,,116,41.212735871421778,0.074367150031119059,27.285810711213422,0.085790498363937331,41.127393409415021,0.063227897706228567,False,7.4523720527963633e-15,False,False,False,False,False,False,False,False,False,,,False,False,C0219,S01-B01,S01-B01-C1175,S01-B01-C1181,1174,1180
1,S01-P012,baseline,event_study_post_average,bjs,post,"[""e0"", ""ge_p1""]","[""e0"", ""ge_p1""]",,,,retained,,-0.036834571304137129,-0.13923601243307077,0.085589270533661374,0.088607696255460347,0.10240144112893364,0.085399737054456859,0.0039418659886069143,1.199083798860356,1.199083798860356,False,999,False,-0.10240144112893364,0.23049536304050144,False,,,,,,,,False,,,,,,,,,,,,116,41.212735871421778,0.074367150031119059,31.467491985541315,0.077316740148804602,42.76615954441035,0.065444965615610001,False,7.4523720527963633e-15,False,False,False,False,False,False,False,False,False,,,False,False,C0220,S01-B01,S01-B01-C1175,S01-B01-C1187,1174,1186
7,S07-P001,baseline,scalar,csa,static,,,,,,retained,,0.29084195429443555,0.18919010874075845,0.10636850259432211,0.18478899721294201,0.10165184555367709,0.16864386313038274,0.0085102396317918629,0.60276041871199038,0.60276041871199038,False,999,False,-0.10165184555367709,0.54666808161981317,False,,,,,,,,False,,,,,,,,,,,,,30.395797090062196,0.063255454929215846,24.685459862020895,0.074663472271061543,23.169181437495315,0.081638987336273977,False,4.9960036108132044e-16,False,False,False,False,False,False,False,False,False,,,False,False,C0221,S07-B01,S07-B01-C0001,S07-B01-C0002,0,1
7,S07-P001,baseline,scalar,bjs,static,,,,,,retained,,0.29084195429443555,0.27312617275760687,0.10636850259432211,0.10456287463624654,0.017715781536828679,0.050122626613055714,0.00986768769888096,0.35344878618580122,0.35344878618580122,False,999,False,-0.017715781536828679,0.72375201680160117,False,,,,,,,,False,,,,,,,,,,,,,30.395797090062196,0.063255454929215846,22.580354800869284,0.088807727026758529,13.525594602625679,0.12889127312391596,False,1.609823385706477e-15,False,False,False,False,False,False,False,False,False,,,False,False,C0222,S07-B01,S07-B01-C0001,S07-B01-C0005,0,4
7,S07-P002,baseline,scalar,csa,static,,,,,,retained,,0.29300410894181234,0.16619715612852173,0.13529637432064193,0.20512713110860142,0.1268069528132906,0.17492301396873158,0.014892094002625771,0.72493007029914325,0.72493007029914325,False,999,False,-0.1268069528132906,0.4684949321471808,False,,,,,,,,False,,,,,,,,,,,,,24.843936271104479,0.077175550575553045,26.602193824569888,0.046888284157982692,27.364457865174984,0.052966025575634415,False,8.2711615334574162e-15,False,False,False,False,False,False,False,False,False,,,False,False,C0223,S07-B01,S07-B01-C0007,S07-B01-C0008,6,7
7,S07-P002,baseline,scalar,bjs,static,,,,,,retained,,0.29300410894181234,0.31478762301330482,0.13529637432064193,0.14345254193167675,-0.021783514071492482,0.06028710962799573,0.017624602551836375,-0.36132954798975464,0.36132954798975464,False,999,False,0.021783514071492482,0.71785310757738774,False,,,,,,,,False,,,,,,,,,,,,,24.843936271104479,0.077175550575553045,24.069544611601177,0.06085677577379011,17.174927099803263,0.12204935681148592,False,8.2711615334574162e-15,False,False,False,False,False,False,False,False,False,,,False,False,C0224,S07-B01,S07-B01-C0007,S07-B01-C0011,6,10
7,S07-P003,baseline,scalar,csa,static,,,,,,retained_fragile,,0.30689422833435065,-0.048667355389210853,0.14875105176179823,0.23949009989785675,0.3555615837235615,0.21473638623533217,0.016685333887958415,1.655805007978002,1.655805007978002,False,999,False,-0.3555615837235615,0.097761313294393581,False,,,,,,,,False,,,,,,,,,,,,,17.219723207907933,0.092147311104109078,6.6673951126928932,0.31759525222794144,6.1066061743616036,0.33259665499949198,False,1.0180745135812685e-13,False,False,False,True,False,True,True,False,True,,,False,False,C0225,S07-B01,S07-B01-C0013,S07-B01-C0014,12,13
7,S07-P003,baseline,scalar,bjs,static,,,,,,retained_fragile,,0.30689422833435065,0.43587682101697012,0.14875105176179823,0.12816649352840884,-0.12898259268261947,0.11686538414299086,0.012448003726360013,-1.1036851812749153,1.1036851812749153,False,999,False,0.12898259268261947,0.26972972600624712,False,,,,,,,,False,,,,,,,,,,,,,17.219723207907933,0.092147311104109078,6.0298644110186244,0.31247078736437955,6.6972863370866937,0.30302187216193566,False,1.0180745135812685e-13,False,False,False,True,False,True,True,False,True,,,False,False,C0226,S07-B01,S07-B01-C0013,S07-B01-C0017,12,16
10,S10-P001,baseline,twfe_scalar,csa,static,,,,,,retained,,0.4334397694158737,0.27817448215392448,0.15163935043879961,0.15401785093685019,0.15526528726194921,0.098362321604871406,0.018520422348603384,1.5785036864589386,1.5785036864589386,False,999,False,-0.15526528726194921,0.11444994189929257,False,,,,,,,,False,,,,,,,,,,,,,74.664072321316311,0.021772467890531326,54.010337586173812,0.02990613370204051,53.502960921081026,0.030173258305511794,False,2.2204460492503131e-16,False,False,False,False,False,False,False,False,False,,,False,False,C0227,S10-B01,S10-B01-C0001,S10-B01-C0002,0,1
10,S10-P001,baseline,twfe_scalar,bjs,static,,,,,,retained,,0.4334397694158737,0.42151915309650773,0.15163935043879961,0.16785308439819341,0.011920616319365973,0.051523413962371895,0.024257244178575117,0.23136309111953893,0.23136309111953893,False,999,False,-0.011920616319365973,0.81703273633326157,False,,,,,,,,False,,,,,,,,,,,,,74.664072321316311,0.021772467890531326,63.259542666257254,0.030214427187727804,38.274130193600918,0.062859203422242813,False,2.2204460492503131e-16,False,False,False,False,False,False,False,False,False,,,False,False,C0228,S10-B01,S10-B01-C0001,S10-B01-C0005,0,4
10,S10-P002,baseline,twfe_scalar,csa,static,,,,,,retained,,0.68469636048121485,0.62096302650402224,0.2040473479511416,0.2071924185211847,0.063733333977192608,0.12293653080492359,0.034725313946101059,0.51842469898817167,0.51842469898817167,False,999,False,-0.063733333977192608,0.60416198567933388,False,,,,,,,,False,,,,,,,,,,,,,74.664072321316311,0.021772467890531326,54.010337586173812,0.02990613370204051,53.502960921081026,0.030173258305511794,False,3.3306690738754696e-16,False,False,False,False,False,False,False,False,False,,,False,False,C0229,S10-B01,S10-B01-C0007,S10-B01-C0008,6,7
10,S10-P002,baseline,twfe_scalar,bjs,static,,,,,,retained,,0.68469636048121485,0.74426696817658355,0.2040473479511416,0.2258935665499967,-0.059570607695368705,0.082369787869753477,0.042939220830431946,-0.72320943438101626,0.72320943438101626,False,999,False,0.059570607695368705,0.46955122347714234,False,,,,,,,,False,,,,,,,,,,,,,74.664072321316311,0.021772467890531326,63.259542666257254,0.030214427187727804,38.274130193600918,0.062859203422242813,False,6.6613381477509392e-16,False,False,False,False,False,False,False,False,False,,,False,False,C0230,S10-B01,S10-B01-C0007,S10-B01-C0011,6,10
11,S11-P001,baseline,event_study_post_average,csa,post,"[0, 1, 2, 3, 4, 5]","[0, 1, 2, 3, 4, 5]",,,,retained,,0.14679817389629671,0.15569172057214481,0.03231983627492211,0.030549084485149262,-0.0088935466758481019,0.0076840219360702232,0.00095938709330227511,-1.157407767682201,1.157407767682201,False,999,False,0.0088935466758481019,0.24710580197450602,False,,,,,,,,False,,,,,,,,,,,,,5919.2745462795974,0.0001814721493388448,5388.416875819139,0.00022758023053889091,2953.2644544116852,0.00074517231711123408,False,1.7898356408085903e-13,False,False,False,False,False,False,False,False,False,,,False,False,C0231,S11-B01,S11-B01-C0001,S11-B01-C0002,0,1
11,S11-P001,baseline,event_study_post_average,bjs,post,"[0, 1, 2, 3, 4, 5]","[0, 1, 2, 3, 4, 5]",,,,retained,,0.14679817389629671,0.23943479861077679,0.03231983627492211,0.023167824896437279,-0.092636624714480087,0.022192508193822711,0.00054440625366843109,-4.174229605118069,4.174229605118069,False,999,False,0.092636624714480087,2.9899609682488383e-05,True,,,,,,,,False,,,,,,,,,,,,,5919.2745462795974,0.0001814721493388448,4451.7902529367948,0.00069938879223001012,5798.6008551478799,0.00017807551375096338,False,1.7899570714519086e-13,False,False,False,False,False,False,False,False,False,,,False,False,C0232,S11-B01,S11-B01-C0001,S11-B01-C0005,0,4
18,S18-P012,baseline,scalar,csa,static,,,,,,retained_fragile,,0.5279614982562838,0.41794908325871322,0.22992694098700533,0.40898030122196866,0.11001241499757058,0.34947013722506232,0.049000954083575077,0.31479775602892635,0.31479775602892635,False,999,False,-0.11001241499757058,0.75291521561111763,False,,,,,,,,False,,,,,,,,,,,,,16.102121451816402,0.1069804501991439,9.6308294088763162,0.18016855838581422,9.6358937360809787,0.18192493425343306,False,7.7715611723760958e-16,False,False,False,True,False,True,True,False,True,,,False,False,C0233,S18-B01,S18-B01-C0001,S18-B01-C0002,0,1
18,S18-P012,baseline,scalar,bjs,static,,,,,,retained_fragile,,0.5279614982562838,0.58619919118070851,0.22992694098700533,0.47518135256376542,-0.058237692924424711,0.38225686354143457,0.066271703145718203,-0.1523522491784168,0.1523522491784168,False,999,False,0.058237692924424711,0.87890911697053165,False,,,,,,,,False,,,,,,,,,,,,,16.102121451816402,0.1069804501991439,6.2854242804097611,0.295199868078523,5.8616878222096434,0.28773931895379568,False,4.6629367034256575e-15,False,False,False,True,False,True,True,False,True,,,False,False,C0234,S18-B01,S18-B01-C0001,S18-B01-C0005,0,4
18,S18-P013,baseline,scalar,csa,static,,,,,,retained_fragile,,0.32489962633391328,0.18894943394142361,0.22527481130124294,0.34542715441204697,0.13595019239248968,0.31831453292881451,0.034372258869162724,0.42709389088085575,0.42709389088085575,False,999,False,-0.13595019239248968,0.66931094242942035,False,,,,,,,,False,,,,,,,,,,,,,16.102121451816402,0.1069804501991439,9.6308294088763162,0.18016855838581422,9.6358937360809787,0.18192493425343306,False,7.2164496600635175e-16,False,False,False,True,False,True,True,False,True,,,False,False,C0235,S18-B01,S18-B01-C0007,S18-B01-C0008,6,7
18,S18-P013,baseline,scalar,bjs,static,,,,,,retained_fragile,,0.32489962633391328,0.63331913337986756,0.22527481130124294,0.38369969166808998,-0.30841950704595428,0.26941219176609704,0.062695632460392864,-1.144786748603134,1.144786748603134,False,999,False,0.30841950704595428,0.25229750594156297,False,,,,,,,,False,,,,,,,,,,,,,16.102121451816402,0.1069804501991439,6.2854242804097611,0.295199868078523,5.8616878222096434,0.28773931895379568,False,5.440092820663267e-15,False,False,False,True,False,True,True,False,True,,,False,False,C0236,S18-B01,S18-B01-C0007,S18-B01-C0011,6,10
18,S18-P005,baseline,scalar,csa,static,,,,,,retained,,-0.0400102833763398,-0.019904524094146645,0.0060055002895502627,0.012712854647438094,-0.020105759282193155,0.012208433210341605,2.4318432781652417e-05,-1.6468746591628014,1.6468746591628014,False,999,False,0.020105759282193155,0.099583811532277383,False,,,,,,,,False,,,,,,,,,,,,,27.169908900153029,0.056075466853472533,17.296825501528719,0.10559850191233446,17.304432418546075,0.10559289912156329,False,8.6736173798840355e-17,False,False,False,False,False,False,False,False,False,,,False,False,C0237,S18-B01,S18-B01-C0013,S18-B01-C0014,12,13
18,S18-P005,baseline,scalar,bjs,static,,,,,,retained_fragile,,-0.0400102833763398,-0.037229784024218102,0.0060055002895502627,0.0067837366519452255,-0.0027804993521216986,0.0023606371593276258,3.825625444636746e-05,-1.1778596897600566,1.1778596897600566,False,999,False,0.0027804993521216986,0.23885254765990258,False,,,,,,,,False,,,,,,,,,,,,,27.169908900153029,0.056075466853472533,13.028045533973918,0.16972129919255186,6.2374044600189871,0.31376126847974017,False,7.6327832942979512e-17,False,False,False,True,False,False,True,False,True,,,False,False,C0238,S18-B01,S18-B01-C0013,S18-B01-C0017,12,16
18,S18-P006,baseline,scalar,csa,static,,,,,,retained,,-0.020412598800422802,0.01983585652928322,0.0050488582283664913,0.028969316605918668,-0.040248455329706022,0.028729767542516268,1.9656365488539034e-05,-1.4009321610466781,1.4009321610466781,False,999,False,0.040248455329706022,0.16123436034910241,False,,,,,,,,False,,,,,,,,,,,,,27.169908900153029,0.056075466853472533,17.296825501528719,0.10559850191233446,17.304432418546075,0.10559289912156329,False,9.3675067702747583e-17,False,False,False,False,False,False,False,False,False,,,False,False,C0239,S18-B01,S18-B01-C0019,S18-B01-C0020,18,19
18,S18-P006,baseline,scalar,bjs,static,,,,,,retained_fragile,,-0.020412598800422802,-0.017818109771821401,0.0050488582283664913,0.0054399085637344977,-0.0025944890286014009,0.0017851957952682402,2.5948325282246278e-05,-1.4533358388352902,1.4533358388352902,False,999,False,0.0025944890286014009,0.146130531278197,False,,,,,,,,False,,,,,,,,,,,,,27.169908900153029,0.056075466853472533,13.028045533973918,0.16972129919255186,6.2374044600189871,0.31376126847974017,False,9.3675067702747583e-17,False,False,False,True,False,False,True,False,True,,,False,False,C0240,S18-B01,S18-B01-C0019,S18-B01-C0023,18,22
18,S18-P007,baseline,scalar,csa,static,,,,,,retained,,0.015690466368820301,0.042114026897027458,0.026849844911063622,0.028025745096275305,-0.026423560528207157,0.026939531952819007,0.00039030908905630615,-0.9808470531145268,0.9808470531145268,False,999,False,0.026423560528207157,0.32666817070583071,False,,,,,,,,False,,,,,,,,,,,,,27.169908900153029,0.056075466853472533,17.296825501528719,0.10559850191233446,17.304432418546075,0.10559289912156329,False,5.5511151231257827e-17,False,False,False,False,False,False,False,False,False,,,False,False,C0241,S18-B01,S18-B01-C0025,S18-B01-C0026,24,25
18,S18-P007,baseline,scalar,bjs,static,,,,,,retained_fragile,,0.015690466368820301,-0.0060344320135931996,0.026849844911063622,0.016956345142547732,0.0217248983824135,0.01323121423428609,0.00041668339111389815,1.6419429084684984,1.6419429084684984,False,999,False,-0.0217248983824135,0.10060183633865162,False,,,,,,,,False,,,,,,,,,,,,,27.169908900153029,0.056075466853472533,13.028045533973918,0.16972129919255186,6.2374044600189871,0.31376126847974017,False,4.5102810375396984e-17,False,False,False,True,False,False,True,False,True,,,False,False,C0242,S18-B01,S18-B01-C0025,S18-B01-C0029,24,28
18,S18-P008,baseline,scalar,csa,static,,,,,,retained,,0.2290541652880351,0.11838343349030077,0.059173826002731279,0.088594822360462178,0.11067073179773433,0.082798066346029528,0.0022475322211209289,1.3366342558679982,1.3366342558679982,False,999,False,-0.11067073179773433,0.18134205157486658,False,,,,,,,,False,,,,,,,,,,,,,27.169908900153029,0.056075466853472533,17.296825501528719,0.10559850191233446,17.304432418546075,0.10559289912156329,False,4.8711035205428743e-15,False,False,False,False,False,False,False,False,False,,,False,False,C0243,S18-B01,S18-B01-C0031,S18-B01-C0032,30,31
18,S18-P008,baseline,scalar,bjs,static,,,,,,retained_fragile,,0.2290541652880351,0.31236384233275277,0.059173826002731279,0.074554767957481852,-0.083309677044717673,0.041485962556895628,0.003669435009861667,-2.0081413545717592,2.0081413545717592,False,999,False,0.083309677044717673,0.044628272818353541,True,,,,,,,,False,,,,,,,,,,,,,27.169908900153029,0.056075466853472533,13.028045533973918,0.16972129919255186,6.2374044600189871,0.31376126847974017,False,3.3306690738754696e-16,False,False,False,True,False,False,True,False,True,,,False,False,C0244,S18-B01,S18-B01-C0031,S18-B01-C0035,30,34
18,S18-P009,baseline,scalar,csa,static,,,,,,retained,,0.1809202584498999,0.11119243876053025,0.047811180217577486,0.080475184511522066,0.069727819689369641,0.072425713000705022,0.0017583401861503499,0.96274950981415786,0.96274950981415786,False,999,False,-0.069727819689369641,0.33567324418359912,False,,,,,,,,False,,,,,,,,,,,,,27.169908900153029,0.056075466853472533,17.296825501528719,0.10559850191233446,17.304432418546075,0.10559289912156329,False,4.0523140398818214e-15,False,False,False,False,False,False,False,False,False,,,False,False,C0245,S18-B01,S18-B01-C0037,S18-B01-C0038,36,37
18,S18-P009,baseline,scalar,bjs,static,,,,,,retained_fragile,,0.1809202584498999,0.2747462923090388,0.047811180217577486,0.064276708261403359,-0.093826033859138902,0.036387569752160641,0.0025466744731254373,-2.5785188320681307,2.5785188320681307,False,999,False,0.093826033859138902,0.0099224891097787187,True,,,,,,,,False,,,,,,,,,,,,,27.169908900153029,0.056075466853472533,13.028045533973918,0.16972129919255186,6.2374044600189871,0.31376126847974017,False,9.9920072216264089e-16,False,False,False,True,False,False,True,False,True,,,False,False,C0246,S18-B01,S18-B01-C0037,S18-B01-C0041,36,40
18,S18-P010,baseline,scalar,csa,static,,,,,,retained,,0.17030942877922201,0.1067193496471078,0.048730878830891174,0.082719555652095628,0.063590079132114202,0.073654926786059755,0.0018960875995256616,0.86335133176928947,0.86335133176928947,False,999,False,-0.063590079132114202,0.38794432922630523,False,,,,,,,,False,,,,,,,,,,,,,27.169908900153029,0.056075466853472533,17.296825501528719,0.10559850191233446,17.304432418546075,0.10559289912156329,False,3.1225022567582528e-15,False,False,False,False,False,False,False,False,False,,,False,False,C0247,S18-B01,S18-B01-C0043,S18-B01-C0044,42,43
18,S18-P010,baseline,scalar,bjs,static,,,,,,retained_fragile,,0.17030942877922201,0.25914881796536138,0.048730878830891174,0.0698239320975578,-0.088839389186139373,0.041192768142758636,0.0027766179489661456,-2.1566744162046958,2.1566744162046958,False,999,False,0.088839389186139373,0.031031041746016508,True,,,,,,,,False,,,,,,,,,,,,,27.169908900153029,0.056075466853472533,13.028045533973918,0.16972129919255186,6.2374044600189871,0.31376126847974017,False,5.2735593669694936e-16,False,False,False,True,False,False,True,False,True,,,False,False,C0248,S18-B01,S18-B01-C0043,S18-B01-C0047,42,46
18,S18-P011,baseline,scalar,csa,static,,,,,,retained,,0.17959627508121651,0.084648577519990498,0.060179414407856097,0.085055304997986969,0.094947697561226008,0.081446707320820932,0.0021112003466848008,1.1657647151679722,1.1657647151679722,False,999,False,-0.094947697561226008,0.24370958691839748,False,,,,,,,,False,,,,,,,,,,,,,27.169908900153029,0.056075466853472533,17.296825501528719,0.10559850191233446,17.304432418546075,0.10559289912156329,False,1.6237011735142914e-15,False,False,False,False,False,False,False,False,False,,,False,False,C0249,S18-B01,S18-B01-C0049,S18-B01-C0050,48,49
18,S18-P011,baseline,scalar,bjs,static,,,,,,retained_fragile,,0.17959627508121651,0.22937537166304539,0.060179414407856097,0.071983675677299061,-0.049779096581828886,0.039006011826622909,0.003640871261934203,-1.276190367861525,1.276190367861525,False,999,False,0.049779096581828886,0.20188823273760223,False,,,,,,,,False,,,,,,,,,,,,,27.169908900153029,0.056075466853472533,13.028045533973918,0.16972129919255186,6.2374044600189871,0.31376126847974017,False,1.9428902930940239e-16,False,False,False,True,False,False,True,False,True,,,False,False,C0250,S18-B01,S18-B01-C0049,S18-B01-C0053,48,52
18,S18-P014,baseline,scalar,csa,static,,,,,,retained,,-0.044570526225918901,-0.0052513158912066487,0.0060686357025745794,0.019116807326298564,-0.039319210334712251,0.018806239603912443,2.4303006800810296e-05,-2.0907534500694278,2.0907534500694278,False,999,False,0.039319210334712251,0.03655017089493446,True,,,,,,,,False,,,,,,,,,,,,,27.169908900153029,0.056075466853472533,17.296825501528719,0.10559850191233446,17.304432418546075,0.10559289912156329,False,4.8572257327350599e-17,False,False,False,False,False,False,False,False,False,,,False,False,C0251,S18-B01,S18-B01-C0055,S18-B01-C0056,54,55
18,S18-P014,baseline,scalar,bjs,static,,,,,,retained_fragile,,-0.044570526225918901,-0.040809617868097801,0.0060686357025745794,0.0069094562454410143,-0.0037609083578210994,0.0024238518200546703,3.9346933626322166e-05,-1.5516247019325924,1.5516247019325924,False,999,False,0.0037609083578210994,0.12075204906563115,False,,,,,,,,False,,,,,,,,,,,,,27.169908900153029,0.056075466853472533,13.028045533973918,0.16972129919255186,6.2374044600189871,0.31376126847974017,False,4.8572257327350599e-17,False,False,False,True,False,False,True,False,True,,,False,False,C0252,S18-B01,S18-B01-C0055,S18-B01-C0059,54,58
18,S18-P001,baseline,event_study_post_average,csa,post,"[0, 1, 2, 3, 4, 5, 6, 7, 8, 9]","[0, 1, 2, 3, 4, 5, 6, 7, 8, 9]",,,,retained_fragile,,0.1535470279525871,0.025233239395298899,0.0547631442178068,0.092287347405005105,0.1283137885572882,0.076702044868067101,0.0028163763843647252,1.6728861502714421,1.6728861502714421,False,999,False,-0.1283137885572882,0.094349710778630982,False,,,,,,,,False,,,,,,,,,,,,,30.553202012681133,0.034289508272287703,5.3214075181345493,0.4166557298569718,2.8466961591062918,0.57461640158018934,False,4.9737991503207013e-14,False,False,False,True,False,True,True,False,True,,,False,False,C0253,S18-B01,S18-B01-C0061,S18-B01-C0062,60,61
18,S18-P001,baseline,event_study_post_average,bjs,post,"[0, 1, 2, 3, 4, 5, 6, 7, 8, 9]","[0, 1, 2, 3, 4, 5, 6, 7, 8, 9]",,,,retained,,0.1535470279525871,0.15703240051183889,0.0547631442178068,0.0575640132048678,-0.0034853725592517981,0.0085001000547382174,0.0031201829399649774,-0.41003900387136549,0.41003900387136549,False,999,False,0.0034853725592517981,0.68177733596386347,False,,,,,,,,False,,,,,,,,,,,,,30.553202012681133,0.034289508272287703,30.12127827234038,0.0430799672695555,16.085343240123759,0.11469485088249649,False,4.9737991503207013e-14,False,False,False,False,False,False,False,False,False,,,False,False,C0254,S18-B01,S18-B01-C0061,S18-B01-C0065,60,64
18,S18-P002,baseline,event_study_post_average,csa,post,"[0, 1, 2, 3, 4, 5, 6, 7, 8, 9]","[0, 1, 2, 3, 4, 5, 6, 7, 8, 9]",,,,retained_fragile,,0.13363313733731799,0.013884515390735,0.046749358592789898,0.083957477683064802,0.11974862194658299,0.074543247695161866,0.0018388324053986694,1.6064315098838271,1.6064315098838271,False,999,False,-0.11974862194658299,0.10817913221811459,False,,,,,,,,False,,,,,,,,,,,,,30.553202012681133,0.034289508272287703,5.3214075181345493,0.4166557298569718,2.8466961591062918,0.57461640158018934,False,3.8968828164343001e-14,False,False,False,True,False,True,True,False,True,,,False,False,C0255,S18-B01,S18-B01-C0067,S18-B01-C0068,66,67
18,S18-P002,baseline,event_study_post_average,bjs,post,"[0, 1, 2, 3, 4, 5, 6, 7, 8, 9]","[0, 1, 2, 3, 4, 5, 6, 7, 8, 9]",,,,retained,,0.13363313733731799,0.1411518405611428,0.046749358592789898,0.047263390243129401,-0.0075187032238248075,0.010774586609331983,0.0021516194347548064,-0.69781825479158333,0.69781825479158333,False,999,False,0.0075187032238248075,0.48529086137246147,False,,,,,,,,False,,,,,,,,,,,,,30.553202012681133,0.034289508272287703,30.12127827234038,0.0430799672695555,16.085343240123759,0.11469485088249649,False,3.8968828164343001e-14,False,False,False,False,False,False,False,False,False,,,False,False,C0256,S18-B01,S18-B01-C0067,S18-B01-C0071,66,70
18,S18-P003,baseline,event_study_post_average,csa,post,"[0, 1, 2, 3, 4, 5, 6, 7, 8, 9]","[0, 1, 2, 3, 4, 5, 6, 7, 8, 9]",,,,retained_fragile,,0.74600532560580723,0.3742047689471526,0.27288554906070878,0.4499180244594897,0.37180055665865464,0.41236808891583226,0.053422655431799373,0.9016230078233386,0.9016230078233386,False,999,False,-0.37180055665865464,0.36725716469940861,False,,,,,,,,False,,,,,,,,,,,,,14.862428803741938,0.10517326975574361,7.558477364431095,0.23856167958107519,7.2828741276269922,0.25108497784285372,False,3.5749181392930041e-14,False,False,False,True,False,True,True,False,True,,,False,False,C0257,S18-B01,S18-B01-C0073,S18-B01-C0074,72,73
18,S18-P003,baseline,event_study_post_average,bjs,post,"[0, 1, 2, 3, 4, 5, 6, 7, 8, 9]","[0, 1, 2, 3, 4, 5, 6, 7, 8, 9]",,,,retained_fragile,,0.74600532560580723,0.60711857668060532,0.27288554906070878,0.4508018985935357,0.13888674892520192,0.40847731859795344,0.055417577426363475,0.34001092007241202,0.34001092007241202,False,999,False,-0.13888674892520192,0.73384830431706449,False,,,,,,,,False,,,,,,,,,,,,,14.862428803741938,0.10517326975574361,8.2088760961095399,0.25787327003763211,8.0045364101232277,0.24107289119099001,False,3.5749181392930041e-14,False,False,False,True,False,True,True,False,True,,,False,False,C0258,S18-B01,S18-B01-C0073,S18-B01-C0077,72,76
18,S18-P004,baseline,event_study_post_average,csa,post,"[0, 1, 2, 3, 4, 5, 6, 7, 8, 9]","[0, 1, 2, 3, 4, 5, 6, 7, 8, 9]",,,,retained_fragile,,0.65779343592208606,-0.057087712650219197,0.28885099560386618,0.42478032887851391,0.71488114857230523,0.37215314781296582,0.062687630018191956,1.9209326933641451,1.9209326933641451,False,999,False,-0.71488114857230523,0.05474019343693165,False,,,,,,,,False,,,,,,,,,,,,,14.862428803741938,0.10517326975574361,7.558477364431095,0.23856167958107519,7.2828741276269922,0.25108497784285372,False,6.3060667798708891e-14,False,False,False,True,False,True,True,False,True,,,False,False,C0259,S18-B01,S18-B01-C0079,S18-B01-C0080,78,79
18,S18-P004,baseline,event_study_post_average,bjs,post,"[0, 1, 2, 3, 4, 5, 6, 7, 8, 9]","[0, 1, 2, 3, 4, 5, 6, 7, 8, 9]",,,,retained_fragile,,0.65779343592208606,0.65143711167816476,0.28885099560386618,0.35387579926653129,0.0063563242439212964,0.30478610803951228,0.057884203656998923,0.020855032681139345,0.020855032681139345,False,999,False,-0.0063563242439212964,0.98336129753585477,False,,,,,,,,False,,,,,,,,,,,,,14.862428803741938,0.10517326975574361,8.2088760961095399,0.25787327003763211,8.0045364101232277,0.24107289119099001,False,6.3060667798708891e-14,False,False,False,True,False,True,True,False,True,,,False,False,C0260,S18-B01,S18-B01-C0079,S18-B01-C0083,78,82
19,S19-P001,baseline,twfe_scalar,csa,static,,,,,,excluded,modern,-0.1446700392228551,0,0.20814888830279549,0,-0.1446700392228551,0.20814888830279552,0,-0.695031524801625,0.695031524801625,True,999,False,0.1446700392228551,0.48703554550952405,False,,,,,,,,False,,,,,,,,,,,,,5.3831697259847537,0.29427410421963085,2,0.66666666666666663,1.9548570556402218,0.68581390598353686,False,5.5511151231257827e-17,False,True,True,True,True,True,True,True,True,,,False,False,C0261,S19-B01,S19-B01-C0001,S19-B01-C0002,0,1
19,S19-P001,baseline,twfe_scalar,bjs,static,,,,,,excluded,modern,-0.1446700392228551,0.52681941076480154,0.20814888830279549,0.20240850333073079,-0.67148944998765669,0.23686925921487281,0.014094057980636766,-2.8348526618159595,2.8348526618159595,False,999,False,0.67148944998765669,0.0045846824694101371,True,,,,,,,,False,,,,,,,,,,,,,5.3831697259847537,0.29427410421963085,2.2191780821917808,0.61111111111111105,2.1199470148007102,0.6479982086409628,False,5.5511151231257827e-17,False,True,True,True,True,True,True,False,True,,,False,False,C0262,S19-B01,S19-B01-C0001,S19-B01-C0005,0,4
19,S19-P002,baseline,twfe_scalar,csa,static,,,,,,excluded,modern,-0.22969558324164821,0,0.27124958014323242,0,-0.22969558324164821,0.27124958014323242,0,-0.84680530425285172,0.84680530425285172,True,999,False,0.22969558324164821,0.39710365123510566,False,,,,,,,,False,,,,,,,,,,,,,5.3831697259847537,0.29427410421963085,2,0.66666666666666663,1.9548570556402218,0.68581390598353686,False,0,False,True,True,True,True,True,True,True,True,,,False,False,C0263,S19-B01,S19-B01-C0007,S19-B01-C0008,6,7
19,S19-P002,baseline,twfe_scalar,bjs,static,,,,,,excluded,modern,-0.22969558324164821,0.75092991064817471,0.27124958014323242,0.29147241517699951,-0.9806254938898229,0.3033938262212762,0.033242344873903554,-3.2321867129050177,3.2321867129050177,False,999,False,0.9806254938898229,0.0012284675869519456,True,,,,,,,,False,,,,,,,,,,,,,5.3831697259847537,0.29427410421963085,2.2191780821917808,0.61111111111111105,2.1199470148007102,0.6479982086409628,False,1.1102230246251565e-16,False,True,True,True,True,True,True,False,True,,,False,False,C0264,S19-B01,S19-B01-C0007,S19-B01-C0011,6,10
19,S19-P003,baseline,twfe_scalar,csa,static,,,,,,excluded,modern,-0.34968888044134661,3.550452905965229,0.28794123192256088,0.3694845798324346,-3.9001417864065755,0.3915558486527434,0.033056512580431359,-9.9606270722965728,9.9606270722965728,False,999,False,3.9001417864065755,2.2662871813397743e-23,True,,,,,,,,False,,,,,,,,,,,,,5.3831697259847537,0.29427410421963085,2,0.66666666666666663,1.9548570556402218,0.68581390598353686,False,4.4408920985006262e-16,False,True,True,True,True,True,True,False,True,,,False,False,C0265,S19-B01,S19-B01-C0013,S19-B01-C0014,12,13
19,S19-P003,baseline,twfe_scalar,bjs,static,,,,,,excluded,modern,-0.34968888044134661,3.2968491269677127,0.28794123192256088,0.37816205214187099,-3.6465380074090592,0.40572828293031021,0.030650625575827695,-8.9876357178565378,8.9876357178565378,False,999,False,3.6465380074090592,2.5260570956940522e-19,True,,,,,,,,False,,,,,,,,,,,,,5.3831697259847537,0.29427410421963085,2.2191780821917808,0.61111111111111105,2.1199470148007102,0.6479982086409628,False,4.4408920985006262e-16,False,True,True,True,True,True,True,False,True,,,False,False,C0266,S19-B01,S19-B01-C0013,S19-B01-C0017,12,16
19,S19-P004,baseline,twfe_scalar,csa,static,,,,,,excluded,modern,-0.12026093281163899,0.99894608660051043,0.19264840438411629,0.57756009074961867,-1.1192070194121495,0.53867240405845351,0.040260553622170035,-2.0777136734309112,2.0777136734309112,False,999,False,1.1192070194121495,0.037735738908770897,True,,,,,,,,False,,,,,,,,,,,,,5.3831697259847537,0.29427410421963085,2,0.66666666666666663,1.9548570556402218,0.68581390598353686,False,3.3306690738754696e-16,False,True,True,True,True,True,True,False,True,,,False,False,C0267,S19-B01,S19-B01-C0019,S19-B01-C0020,18,19
19,S19-P004,baseline,twfe_scalar,bjs,static,,,,,,excluded,modern,-0.12026093281163899,0.99894608660051043,0.19264840438411629,0.57756009074961867,-1.1192070194121495,0.53867240405845351,0.040260553622170028,-2.0777136734309112,2.0777136734309112,False,999,False,1.1192070194121495,0.037735738908770897,True,,,,,,,,False,,,,,,,,,,,,,5.3831697259847537,0.29427410421963085,2.2191780821917808,0.61111111111111105,2.1199470148007102,0.6479982086409628,False,7.7715611723760958e-16,False,True,True,True,True,True,True,False,True,,,False,False,C0268,S19-B01,S19-B01-C0019,S19-B01-C0023,18,22
19,S19-P005,baseline,twfe_scalar,csa,static,,,,,,excluded,modern,-0.60689398608801814,0.5406438405523174,0.30641019870616659,0.62546134126098651,-1.1475378266403355,0.49276138692443838,0.12113765741972433,-2.3287900738381166,2.3287900738381166,False,999,False,1.1475378266403355,0.019870189518865166,True,,,,,,,,False,,,,,,,,,,,,,5.5454123494871901,0.26178596340234017,2,0.66666666666666663,1.9528352080751115,0.68628421291548181,False,1.1102230246251565e-16,False,True,True,True,True,True,True,False,True,,,False,False,C0269,S19-B01,S19-B01-C0025,S19-B01-C0026,24,25
19,S19-P005,baseline,twfe_scalar,bjs,static,,,,,,excluded,modern,-0.60689398608801814,0.98536699287565843,0.30641019870616659,0.77303246123220726,-1.5922609789636766,0.61092771944292223,0.15911685880307339,-2.6063001043979286,2.6063001043979286,False,999,False,1.5922609789636766,0.0091526230224468989,True,,,,,,,,False,,,,,,,,,,,,,5.5454123494871901,0.26178596340234017,2.2191780821917808,0.61111111111111105,2.1142380434513868,0.64932456321393617,False,5.5511151231257827e-16,False,True,True,True,True,True,True,False,True,,,False,False,C0270,S19-B01,S19-B01-C0025,S19-B01-C0029,24,28
19,S19-P006,baseline,twfe_scalar,csa,static,,,,,,excluded,modern,-0.14381281400482671,-2.5545870565817848,0.2540868477068482,0.86200366010604046,2.410774242576958,0.83985231050804621,0.051129266374054849,2.8704740255088717,2.8704740255088717,False,999,False,-2.410774242576958,0.0040985686816230838,True,,,,,,,,False,,,,,,,,,,,,,5.5454123494871901,0.26178596340234017,2,0.66666666666666663,1.9528352080751115,0.68628421291548181,False,3.3306690738754696e-16,False,True,True,True,True,True,True,False,True,,,False,False,C0271,S19-B01,S19-B01-C0031,S19-B01-C0032,30,31
19,S19-P006,baseline,twfe_scalar,bjs,static,,,,,,excluded,modern,-0.14381281400482671,-3.0011596550547508,0.2540868477068482,0.74878514737356072,2.8573468410499241,0.72399409880784249,0.050535933998134074,3.946643827283876,3.946643827283876,False,999,False,-2.8573468410499241,7.9254320399206851e-05,True,,,,,,,,False,,,,,,,,,,,,,5.5454123494871901,0.26178596340234017,2.2191780821917808,0.61111111111111105,2.1142380434513868,0.64932456321393617,False,8.8817841970012523e-16,False,True,True,True,True,True,True,False,True,,,False,False,C0272,S19-B01,S19-B01-C0031,S19-B01-C0035,30,34
19,S19-P007,baseline,twfe_scalar,csa,static,,,,,,excluded,modern,-1.286695307431601,0.22132408943860729,0.42833473911160558,0.67867006115267736,-1.5080193968702083,0.56145933353091737,0.16441355871290225,-2.6858924712971533,2.6858924712971533,False,999,False,1.5080193968702083,0.0072336364236746204,True,,,,,,,,False,,,,,,,,,,,,,5.6303752241072544,0.2585364691479301,2,0.66666666666666663,1.9661103339295589,0.68344440275567542,False,4.4408920985006262e-16,False,True,True,True,True,True,True,False,True,,,False,False,C0273,S19-B01,S19-B01-C0037,S19-B01-C0038,36,37
19,S19-P007,baseline,twfe_scalar,bjs,static,,,,,,excluded,modern,-1.286695307431601,-1.9530355459920337,0.42833473911160558,0.56295925462933805,0.66634023856043267,0.81215030096316099,-0.079597170125962721,0.82046418965823642,0.82046418965823642,False,999,False,-0.66634023856043267,0.41195153567731291,False,,,,,,,,False,,,,,,,,,,,,,5.6303752241072544,0.2585364691479301,2.2191780821917808,0.61111111111111105,2.1381348094751886,0.6445292930481622,False,4.4408920985006262e-16,False,True,True,True,True,True,True,False,True,,,False,False,C0274,S19-B01,S19-B01-C0037,S19-B01-C0041,36,40
19,S19-P008,baseline,twfe_scalar,csa,static,,,,,,excluded,twfe; modern,0.5259491191682103,1.8775886803776307,0.4753254424967821,0.1459613642408232,-1.3516395612094203,0.51855790549903813,-0.010831652609872651,-2.6065354454651688,2.6065354454651688,False,999,False,1.3516395612094203,0.009146335685112035,True,,,,,,,,False,,,,,,,,,,,,,4.910944983872592,0.27481218878365926,1.9985401459854015,0.51351351351351338,2.0806991984609695,0.53215731386723897,False,1.9984014443252818e-15,True,True,True,True,True,True,True,False,True,,,False,False,C0275,S19-B01,S19-B01-C0043,S19-B01-C0044,42,43
19,S19-P008,baseline,twfe_scalar,bjs,static,,,,,,excluded,twfe; modern,0.5259491191682103,2.7566415625544312,0.4753254424967821,0.21713725321019101,-2.230692443386221,0.55740154625541682,-0.018806810375750625,-4.0019487896505685,4.0019487896505685,False,999,False,2.230692443386221,6.2822897835956924e-05,True,,,,,,,,False,,,,,,,,,,,,,4.910944983872592,0.27481218878365926,1.9953741887750323,0.52407419545126843,2.0860708716399934,0.56565267030544664,False,2.6645352591003757e-15,True,True,True,True,True,True,True,False,True,,,False,False,C0276,S19-B01,S19-B01-C0043,S19-B01-C0047,42,46
19,S19-P009,baseline,twfe_scalar,csa,static,,,,,,excluded,twfe; modern,0.0150653309821909,-0.29975524713253182,0.16935569789212049,0.067800376603802198,0.31482057811472275,0.16643724718910971,0.0027884431121279101,1.8915271877635453,1.8915271877635453,False,999,False,-0.31482057811472275,0.058554005225142695,False,,,,,,,,False,,,,,,,,,,,,,4.6787811972987186,0.32211113895786297,2,0.5,2.0964604479249669,0.5276595134105253,False,1.3877787807814457e-17,True,True,True,True,True,True,True,False,True,,,False,False,C0277,S19-B01,S19-B01-C0049,S19-B01-C0050,48,49
19,S19-P009,baseline,twfe_scalar,bjs,static,,,,,,excluded,twfe; modern,0.0150653309821909,3.3279517711874082e-17,0.16935569789212049,1.3890543018426174e-16,0.015065330982190867,0.16935569789212054,1.4934692047607582e-18,0.088956741164902944,0.088956741164902944,True,999,False,-0.015065330982190867,0.92911628931540946,False,,,,,,,,False,,,,,,,,,,,,,4.6787811972987186,0.32211113895786297,2.0000000000000004,0.5,2.1095455470825528,0.5510543668150204,False,3.3279517711874082e-17,True,True,True,True,True,True,True,True,True,,,False,False,C0278,S19-B01,S19-B01-C0049,S19-B01-C0053,48,52
19,S19-P010,baseline,twfe_scalar,csa,static,,,,,,excluded,twfe; modern,0.9324109151579234,0,0.32205527533539641,0,0.9324109151579234,0.32205527533539646,0,2.8951890764307064,2.8951890764307064,True,999,False,-0.9324109151579234,0.0037893021358105967,True,,,,,,,,False,,,,,,,,,,,,,4.6787811972987186,0.32211113895786297,2,0.5,2.0964604479249669,0.5276595134105253,False,0,True,True,True,True,True,True,True,True,True,,,False,False,C0279,S19-B01,S19-B01-C0055,S19-B01-C0056,54,55
19,S19-P010,baseline,twfe_scalar,bjs,static,,,,,,excluded,twfe; modern,0.9324109151579234,0.98200778308777958,0.32205527533539641,0.1096421246815717,-0.049596867929856181,0.33981425879960392,0.00013363269626158136,-0.14595287468235571,0.14595287468235571,False,999,False,0.049596867929856181,0.88395859049977055,False,,,,,,,,False,,,,,,,,,,,,,4.6787811972987186,0.32211113895786297,2.0000000000000004,0.5,2.1095455470825528,0.5510543668150204,False,0,True,True,True,True,True,True,True,False,True,,,False,False,C0280,S19-B01,S19-B01-C0055,S19-B01-C0059,54,58
19,S19-P015,baseline,twfe_scalar,csa,static,,,,,,excluded,modern,0.060785677835292901,-0.22056205515357491,0.1559053360797841,0.050641922458007103,0.28134773298886784,0.17453454689507542,-0.0017956149657380029,1.6119887895776019,1.6119887895776019,False,999,False,-0.28134773298886784,0.10696437921728312,False,,,,,,,,False,,,,,,,,,,,,,5.113310753324491,0.28698879008259753,2,0.5,2.1374996184000734,0.5296569189066147,False,1.1796119636642288e-16,False,True,True,True,True,True,True,False,True,,,False,False,C0281,S19-B01,S19-B01-C0061,S19-B01-C0062,60,61
19,S19-P015,baseline,twfe_scalar,bjs,static,,,,,,excluded,modern,0.060785677835292901,0.2205620551535748,0.1559053360797841,0.050641922458007103,-0.1597763773182819,0.15257735152019536,0.0017956149657380027,-1.0471827943424072,1.0471827943424072,False,999,False,0.1597763773182819,0.29501527917787762,False,,,,,,,,False,,,,,,,,,,,,,5.113310753324491,0.28698879008259753,2.0000000000000004,0.50000000000000011,2.1708488572721722,0.54627243720886265,False,2.7755575615628914e-16,False,True,True,True,True,True,True,False,True,,,False,False,C0282,S19-B01,S19-B01-C0061,S19-B01-C0065,60,64
19,S19-P016,baseline,twfe_scalar,csa,static,,,,,,excluded,modern,-0.13059082069124911,0.36305706882278271,0.17585582581106091,0.090656426082402403,-0.49364788951403182,0.14404969752771188,0.0091967718519495156,-3.4269276366863957,3.4269276366863957,False,999,False,0.49364788951403182,0.00061045172358984942,True,,,,,,,,False,,,,,,,,,,,,,5.113310753324491,0.28698879008259753,2,0.5,2.1374996184000734,0.5296569189066147,False,5.5511151231257827e-17,False,True,True,True,True,True,True,False,True,,,False,False,C0283,S19-B01,S19-B01-C0067,S19-B01-C0068,66,67
19,S19-P016,baseline,twfe_scalar,bjs,static,,,,,,excluded,modern,-0.13059082069124911,0.54458560323417393,0.17585582581106091,0.1359846391236037,-0.67517642392542299,0.14773888450038603,0.013795157777924269,-4.5700658036554946,4.5700658036554946,False,999,False,0.67517642392542299,4.8757109671309439e-06,True,,,,,,,,False,,,,,,,,,,,,,5.113310753324491,0.28698879008259753,2.0000000000000004,0.50000000000000011,2.1708488572721722,0.54627243720886265,False,2.2204460492503131e-16,False,True,True,True,True,True,True,False,True,,,False,False,C0284,S19-B01,S19-B01-C0067,S19-B01-C0071,66,70
19,S19-P017,baseline,twfe_scalar,csa,static,,,,,,excluded,modern,-0.72157069233433213,0.84445657399598706,0.2271615027657059,0.30636810793287178,-1.5660272663303192,0.26867366053668224,0.036639115015480637,-5.8287338744041426,5.8287338744041426,False,999,False,1.5660272663303192,5.584948500309355e-09,True,,,,,,,,False,,,,,,,,,,,,,5.6057929958870254,0.26489964441816038,2,0.66666666666666663,1.9509680226866293,0.68677805966312888,False,2.2204460492503131e-16,False,True,True,True,True,True,True,False,True,,,False,False,C0285,S19-B01,S19-B01-C0073,S19-B01-C0074,72,73
19,S19-P017,baseline,twfe_scalar,bjs,static,,,,,,excluded,modern,-0.72157069233433213,1.5219856781771617,0.2271615027657059,0.55259896586554658,-2.2435563705114938,0.45067133216798583,0.076931657888189217,-4.9782540187739688,4.9782540187739688,False,999,False,2.2435563705114938,6.4160416430941827e-07,True,,,,,,,,False,,,,,,,,,,,,,5.6057929958870254,0.26489964441816038,2.2191780821917808,0.61111111111111105,2.1103987137302678,0.65026280951288429,False,4.4408920985006262e-16,False,True,True,True,True,True,True,False,True,,,False,False,C0286,S19-B01,S19-B01-C0073,S19-B01-C0077,72,76
19,S19-P018,baseline,twfe_scalar,csa,static,,,,,,excluded,modern,0.010801273469023501,-0.57119959793765607,0.50887453827105711,1.0149251567309108,0.58200087140667955,0.84757324493408204,0.28532298196887806,0.68666734690515541,0.68666734690515541,False,999,False,-0.58200087140667955,0.49229237823926014,False,,,,,,,,False,,,,,,,,,,,,,5.6057929958870254,0.26489964441816038,2,0.66666666666666663,1.9509680226866293,0.68677805966312888,False,1.1102230246251565e-16,False,True,True,True,True,True,True,False,True,,,False,False,C0287,S19-B01,S19-B01-C0079,S19-B01-C0080,78,79
19,S19-P018,baseline,twfe_scalar,bjs,static,,,,,,excluded,modern,0.010801273469023501,-0.99959929639089795,0.50887453827105711,0.89095166919462321,1.0104005698599214,0.74913632073951997,0.245771472745061,1.3487539475625625,1.3487539475625625,False,999,False,-1.0104005698599214,0.17741601120690587,False,,,,,,,,False,,,,,,,,,,,,,5.6057929958870254,0.26489964441816038,2.2191780821917808,0.61111111111111105,2.1103987137302678,0.65026280951288429,False,1.1102230246251565e-16,False,True,True,True,True,True,True,False,True,,,False,False,C0288,S19-B01,S19-B01-C0079,S19-B01-C0083,78,82
19,S19-P019,baseline,twfe_scalar,csa,static,,,,,,excluded,modern,0.0010616131712299999,0.14845714440906571,0.17994769303186631,0.60547979181428191,-0.14739553123783572,0.59512670774092791,0.022405576128200568,-0.24767083937022757,0.24767083937022757,False,999,False,0.14739553123783572,0.80438909583312546,False,,,,,,,,False,,,,,,,,,,,,,5.5454123494871901,0.26178596340234017,2,0.66666666666666663,1.9528352080751115,0.68628421291548181,False,1.1666015375944028e-16,False,True,True,True,True,True,True,False,True,,,False,False,C0289,S19-B01,S19-B01-C0085,S19-B01-C0086,84,85
19,S19-P019,baseline,twfe_scalar,bjs,static,,,,,,excluded,modern,0.0010616131712299999,-0.1855713906920278,0.17994769303186631,0.50730638515819226,0.18663300386325779,0.48922110568108945,0.025201825202967671,0.38149009046416532,0.38149009046416532,False,999,False,-0.18663300386325779,0.70283962294652547,False,,,,,,,,False,,,,,,,,,,,,,5.5454123494871901,0.26178596340234017,2.2191780821917808,0.61111111111111105,2.1142380434513868,0.64932456321393617,False,1.1666015375944028e-16,False,True,True,True,True,True,True,False,True,,,False,False,C0290,S19-B01,S19-B01-C0085,S19-B01-C0089,84,88
19,S19-P020,baseline,twfe_scalar,csa,static,,,,,,excluded,modern,-0.40623021799471171,0,0.3070495221126826,0,-0.40623021799471171,0.30704952211268266,0,-1.3230120509538887,1.3230120509538887,True,999,False,0.40623021799471171,0.18583137028163063,False,,,,,,,,False,,,,,,,,,,,,,5.6090953601298894,0.30592872572546526,1.2047269005303802,0.90756302521008414,1.1880346239347943,0.91517435458058138,False,1.1102230246251565e-16,False,True,True,True,True,True,True,True,True,,,False,False,C0291,S19-B01,S19-B01-C0091,S19-B01-C0092,90,91
19,S19-P020,baseline,twfe_scalar,bjs,static,,,,,,excluded,modern,-0.40623021799471171,1.049916694123737,0.3070495221126826,0.56343020477048233,-1.4561469121184487,0.57896464362443412,0.038266473055083239,-2.5150878005307522,2.5150878005307522,False,999,False,1.4561469121184487,0.011900274338804976,True,,,,,,,,False,,,,,,,,,,,,,5.6090953601298894,0.30592872572546526,1.1955856334518358,0.91236326931760114,1.1649333623296008,0.92536079403836091,False,1.3322676295501878e-15,False,True,True,True,True,True,True,False,True,,,False,False,C0292,S19-B01,S19-B01-C0091,S19-B01-C0095,90,94
19,S19-P021,baseline,twfe_scalar,csa,static,,,,,,excluded,modern,0.0078734309959495007,0.49673068805879722,0.1795694398035837,0.1939498395611641,-0.48885725706284772,0.23890903959725918,0.0063920973879447356,-2.0462066143957491,2.0462066143957491,False,999,False,0.48885725706284772,0.040736046855959648,True,,,,,,,,False,,,,,,,,,,,,,5.6122990494963414,0.30614703464675386,1.2047269005303802,0.90756302521008414,1.1880166334175608,0.91518235740677356,False,1.1622647289044608e-16,False,True,True,True,True,True,True,False,True,,,False,False,C0293,S19-B01,S19-B01-C0097,S19-B01-C0098,96,97
19,S19-P021,baseline,twfe_scalar,bjs,static,,,,,,excluded,modern,0.0078734309959495007,0.50104687747601806,0.1795694398035837,0.1967299025237253,-0.49317344648006856,0.24085081358430552,0.0064693619270727405,-2.0476303946859704,2.0476303946859704,False,999,False,0.49317344648006856,0.040596228793420792,True,,,,,,,,False,,,,,,,,,,,,,5.6122990494963414,0.30614703464675386,1.1955856334518358,0.91236326931760114,1.1649603264266326,0.92535009341477115,False,5.5511151231257827e-16,False,True,True,True,True,True,True,False,True,,,False,False,C0294,S19-B01,S19-B01-C0097,S19-B01-C0101,96,100
19,S19-P022,baseline,twfe_scalar,csa,static,,,,,,excluded,modern,0.25181216784391391,-0.4448153916746036,0.23323127105661889,0.1747519614949879,0.69662755951851751,0.29247922207084315,-0.00030451074906688862,2.3818018749714231,2.3818018749714231,False,999,False,-0.69662755951851751,0.017228163721608663,True,,,,,,,,False,,,,,,,,,,,,,5.6090953601298894,0.30592872572546526,1.2047269005303802,0.90756302521008414,1.1880346239347943,0.91517435458058138,False,4.4408920985006262e-16,False,True,True,True,True,True,True,False,True,,,False,False,C0295,S19-B01,S19-B01-C0103,S19-B01-C0104,102,103
19,S19-P022,baseline,twfe_scalar,bjs,static,,,,,,excluded,modern,0.25181216784391391,-1.1134754988328397,0.23323127105661889,0.18090062396336201,1.3652876666767537,0.28951484375872621,0.0016515083961900867,4.7157777782701435,4.7157777782701435,False,999,False,-1.3652876666767537,2.4078913210872376e-06,True,,,,,,,,False,,,,,,,,,,,,,5.6090953601298894,0.30592872572546526,1.1955856334518358,0.91236326931760114,1.1649333623296008,0.92536079403836091,False,2.2204460492503131e-15,False,True,True,True,True,True,True,False,True,,,False,False,C0296,S19-B01,S19-B01-C0103,S19-B01-C0107,102,106
19,S19-P023,baseline,twfe_scalar,csa,static,,,,,,excluded,modern,-0.1782944943815481,-0.2673037312932256,0.18392082147335809,0.1580151819658199,0.089009236911677503,0.25309923218441177,-0.0026317775146063281,0.3516772300866724,0.3516772300866724,False,999,False,-0.089009236911677503,0.7250803388233259,False,,,,,,,,False,,,,,,,,,,,,,5.5454123494871901,0.26178596340234017,2,0.66666666666666663,1.9528352080751115,0.68628421291548181,False,8.3266726846886741e-17,False,True,True,True,True,True,True,False,True,,,False,False,C0297,S19-B01,S19-B01-C0109,S19-B01-C0110,108,109
19,S19-P023,baseline,twfe_scalar,bjs,static,,,,,,excluded,modern,-0.1782944943815481,-0.5346074625864512,0.18392082147335809,0.1058201759912018,0.3563129682049031,0.20434992358175066,0.0016329434751882431,1.7436413087884481,1.7436413087884481,False,999,False,-0.3563129682049031,0.08122165541888117,False,,,,,,,,False,,,,,,,,,,,,,5.5454123494871901,0.26178596340234017,2.2191780821917808,0.61111111111111105,2.1142380434513868,0.64932456321393617,False,2.2204460492503131e-16,False,True,True,True,True,True,True,False,True,,,False,False,C0298,S19-B01,S19-B01-C0109,S19-B01-C0113,108,112
19,S19-P024,baseline,twfe_scalar,csa,static,,,,,,excluded,twfe; modern,0.035399940816586699,-0.91475377727699603,0.32945536072307008,0.078087576908074094,0.95015371809358273,0.30943646947988263,0.009443787866184182,3.0705938433522459,3.0705938433522459,False,999,False,-0.95015371809358273,0.0021363353977390618,True,,,,,,,,False,,,,,,,,,,,,,4.6787811972987186,0.32211113895786297,2,0.5,2.0964604479249669,0.5276595134105253,False,2.2204460492503131e-16,True,True,True,True,True,True,True,False,True,,,False,False,C0299,S19-B01,S19-B01-C0115,S19-B01-C0116,114,115
19,S19-P024,baseline,twfe_scalar,bjs,static,,,,,,excluded,twfe; modern,0.035399940816586699,-0.91475377727699636,0.32945536072307008,0.078087576908074094,0.95015371809358307,0.30943646947988263,0.0094437878661841803,3.0705938433522468,3.0705938433522468,False,999,False,-0.95015371809358307,0.0021363353977390527,True,,,,,,,,False,,,,,,,,,,,,,4.6787811972987186,0.32211113895786297,2.0000000000000004,0.5,2.1095455470825528,0.5510543668150204,False,2.0122792321330962e-16,True,True,True,True,True,True,True,False,True,,,False,False,C0300,S19-B01,S19-B01-C0115,S19-B01-C0119,114,118
19,S19-P025,baseline,twfe_scalar,csa,static,,,,,,excluded,twfe; modern,0.042944293062696398,0.5453823866971611,0.2062501297944756,0.1690527994892892,-0.50243809363446468,0.21737155411014589,0.011933786259571909,-2.3114252262274881,2.3114252262274881,False,999,False,0.50243809363446468,0.020809378905457653,True,,,,,,,,False,,,,,,,,,,,,,4.6787811972987186,0.32211113895786297,2,0.5,2.0964604479249669,0.5276595134105253,False,1.1102230246251565e-16,True,True,True,True,True,True,True,False,True,,,False,False,C0301,S19-B01,S19-B01-C0121,S19-B01-C0122,120,121
19,S19-P025,baseline,twfe_scalar,bjs,static,,,,,,excluded,twfe; modern,0.042944293062696398,0.82943571310193254,0.2062501297944756,0.25710113255662731,-0.78649142003923611,0.26896376806044708,0.018149299936432283,-2.9241537836519287,2.9241537836519287,False,999,False,0.78649142003923611,0.0034539406294781883,True,,,,,,,,False,,,,,,,,,,,,,4.6787811972987186,0.32211113895786297,2.0000000000000004,0.5,2.1095455470825528,0.5510543668150204,False,1.1102230246251565e-16,True,True,True,True,True,True,True,False,True,,,False,False,C0302,S19-B01,S19-B01-C0121,S19-B01-C0125,120,124
19,S19-P026,baseline,twfe_scalar,csa,static,,,,,,excluded,modern,0.20266262845679811,0.22884489870857991,0.33058818378581761,0.5417222785263025,-0.026182270251781797,0.59534453219920114,0.024158231145524393,-0.043978350074140367,0.043978350074140367,False,999,False,0.026182270251781797,0.96492166130542623,False,,,,,,,,False,,,,,,,,,,,,,5.5454123494871901,0.26178596340234017,2,0.66666666666666663,1.9528352080751115,0.68628421291548181,False,8.3266726846886741e-17,False,True,True,True,True,True,True,False,True,,,False,False,C0303,S19-B01,S19-B01-C0127,S19-B01-C0128,126,127
19,S19-P026,baseline,twfe_scalar,bjs,static,,,,,,excluded,modern,0.20266262845679811,-0.32784514890077421,0.33058818378581761,0.39596156861799903,0.53050777735757237,0.42506011032154423,0.042699006847334305,1.2480770706906852,1.2480770706906852,False,999,False,-0.53050777735757237,0.21200283435318573,False,,,,,,,,False,,,,,,,,,,,,,5.5454123494871901,0.26178596340234017,2.2191780821917808,0.61111111111111105,2.1142380434513868,0.64932456321393617,False,3.3306690738754696e-16,False,True,True,True,True,True,True,False,True,,,False,False,C0304,S19-B01,S19-B01-C0127,S19-B01-C0131,126,130
13,S13-P002,baseline,twfe_scalar,csa,static,,,,,,retained,,0.057352390991534594,0.016060505495511905,0.0022052305433716067,0.0090619476629879413,0.041291885496022689,0.0088703982478104664,4.1489860606963223e-06,4.6550204785016289,4.6550204785016289,False,999,False,-0.041291885496022689,3.2394850760125926e-06,True,,,,,,,,False,,,,,,,,,,,,,34382.014433651719,6.1648815825735204e-05,25392.314084125475,7.5789599856763724e-05,24978.822266288124,7.7676029775142631e-05,False,1.700029006457271e-16,False,False,False,False,False,False,False,False,False,,,False,False,C0305,S13-B01,S13-B01-C0001,S13-B01-C0002,0,1
13,S13-P002,baseline,twfe_scalar,bjs,static,,,,,,retained,,0.057352390991534594,-0.0083627426136340562,0.0022052305433716067,0.0039360520376058245,0.065715133605168646,0.0032525320926428112,4.8882911892442822e-06,20.204299829605215,20.204299829605215,False,999,False,-0.065715133605168646,8.9733223323175461e-91,True,,,,,,,,False,,,,,,,,,,,,,34382.014433651719,6.1648815825735204e-05,18516.337645922275,0.00026878144938493649,12371.945225979458,0.00041743539848806559,False,9.1593399531575415e-16,False,False,False,False,False,False,False,False,False,,,False,False,C0306,S13-B01,S13-B01-C0001,S13-B01-C0005,0,4
13,S13-P003,baseline,twfe_scalar,csa,static,,,,,,retained,,0.060680375799714331,0.056410207261032602,0.02034156811193636,0.051271148656971424,0.004270168538681729,0.051341940061633444,0.00020325763428272436,0.083171156632484172,0.083171156632484172,False,999,False,-0.004270168538681729,0.93371544693081265,False,,,,,,,,False,,,,,,,,,,,,,499.42270372931728,0.0098447052083337067,585.98458227911362,0.0026331076080588676,591.16088732450555,0.0026615603696955614,False,3.9551695252271202e-16,False,False,False,False,False,False,False,False,False,,,False,False,C0307,S13-B01,S13-B01-C0007,S13-B01-C0008,6,7
13,S13-P003,baseline,twfe_scalar,bjs,static,,,,,,retained,,0.060680375799714331,-0.021803324517104594,0.02034156811193636,0.021886173685268285,0.082483700316818925,0.015187601971893616,0.00033106036908880454,5.4309890705237329,5.4309890705237329,False,999,False,-0.082483700316818925,5.6042567147667468e-08,True,,,,,,,,False,,,,,,,,,,,,,499.42270372931728,0.0098447052083337067,289.03178997819299,0.014839356677334704,145.25398786081979,0.02701692151523152,False,3.9551695252271202e-16,False,False,False,False,False,False,False,False,False,,,False,False,C0308,S13-B01,S13-B01-C0007,S13-B01-C0011,6,10
5,S05-P001,baseline,scalar,csa,static,,,,,,retained,,0.023233083288469999,0.0226805135245529,0.016567999858218802,0.0174617214871364,0.000552569763917099,0.013927831106929552,0.00019271292862655371,0.039673784071245485,0.039673784071245485,False,999,False,-0.000552569763917099,0.96835320249672907,False,,,,,,,,False,,,,,,,,,,,,,1844.4858773374965,0.00081979780783459895,1492.6693451479282,0.00090889060485199171,1562.7270548425711,0.00078727228925455281,False,3.8163916471489756e-17,False,False,False,False,False,False,False,False,False,,,False,False,C0309,S05-B01,S05-B01-C0001,S05-B01-C0002,0,1
5,S05-P001,baseline,scalar,bjs,static,,,,,,retained,,0.023233083288469999,0.024978817635123898,0.016567999858218802,0.0118793479825118,-0.0017457343466538988,0.01003679313176453,0.00015744015571085576,-0.17393347892455643,0.17393347892455643,False,999,False,0.0017457343466538988,0.8619177412564385,False,,,,,,,,False,,,,,,,,,,,,,1844.4858773374965,0.00081979780783459895,1239.6261948648323,0.0012929878063348604,904.30695232861274,0.0015998249092898827,False,3.9898639947466563e-16,False,False,False,False,False,False,False,False,False,,,False,False,C0310,S05-B01,S05-B01-C0001,S05-B01-C0005,0,4
5,S05-P002,baseline,scalar,csa,static,,,,,,retained,,0.0280214737334573,0.026304073023695598,0.0151569670243588,0.019403897626789499,0.0017174007097617017,0.014158068704072942,0.00020289699152958952,0.12130190534162658,0.12130190534162658,False,999,False,-0.0017174007097617017,0.90345191091974542,False,,,,,,,,False,,,,,,,,,,,,,1844.4858773374965,0.00081979780783459895,1492.6693451479282,0.00090889060485199171,1562.7270548425711,0.00078727228925455281,False,1.3183898417423734e-16,False,False,False,False,False,False,False,False,False,,,False,False,C0311,S05-B01,S05-B01-C0007,S05-B01-C0008,6,7
5,S05-P002,baseline,scalar,bjs,static,,,,,,retained,,0.0280214737334573,0.031075888611218599,0.0151569670243588,0.0144997186462845,-0.0030544148777612995,0.0093267053394933876,0.00017649402885458937,-0.32749130229595208,0.32749130229595208,False,999,False,0.0030544148777612995,0.74329632037053783,False,,,,,,,,False,,,,,,,,,,,,,1844.4858773374965,0.00081979780783459895,1239.6261948648323,0.0012929878063348604,904.30695232861274,0.0015998249092898827,False,8.9823981586079071e-15,False,False,False,False,False,False,False,False,False,,,False,False,C0312,S05-B01,S05-B01-C0007,S05-B01-C0011,6,10
5,S05-P003,baseline,scalar,csa,static,,,,,,retained,,0.033453535100076801,0.0323252344094343,0.015104526000525101,0.018956310658591002,0.0011283006906425003,0.014150358959073637,0.00019362788040745924,0.079736541942563216,0.079736541942563216,False,999,False,-0.0011283006906425003,0.93644679570018952,False,,,,,,,,False,,,,,,,,,,,,,1844.4858773374965,0.00081979780783459895,1492.6693451479282,0.00090889060485199171,1562.7270548425711,0.00078727228925455281,False,2.7755575615628914e-17,False,False,False,False,False,False,False,False,False,,,False,False,C0313,S05-B01,S05-B01-C0013,S05-B01-C0014,12,13
5,S05-P003,baseline,scalar,bjs,static,,,,,,retained,,0.033453535100076801,0.037822437210460302,0.015104526000525101,0.0139013307794998,-0.0043689021103835018,0.0095615965531207717,0.00016498478724848081,-0.45692182117405417,0.45692182117405417,False,999,False,0.0043689021103835018,0.64772723898964346,False,,,,,,,,False,,,,,,,,,,,,,1844.4858773374965,0.00081979780783459895,1239.6261948648323,0.0012929878063348604,904.30695232861274,0.0015998249092898827,False,1.1046719095020308e-14,False,False,False,False,False,False,False,False,False,,,False,False,C0314,S05-B01,S05-B01-C0013,S05-B01-C0017,12,16
21,S21-P006,baseline,scalar,csa,static,,,,,,retained,,0.036896082709274511,0.12379549950763691,0.026802824347174365,0.036936962569733382,-0.086899416798362397,0.03786075961854013,0.00032464673898524452,-2.2952370125138324,2.2952370125138324,False,999,False,0.086899416798362397,0.021719545125060129,True,,,,,,,,False,,,,,,,,,,,,,101.8296740425244,0.022635047766837481,58.740536250413015,0.080750332360481153,53.720353171224708,0.086826343752489973,False,5.5511151231257827e-17,False,False,False,False,False,False,False,False,False,,,False,False,C0315,S21-B01,S21-B01-C0001,S21-B01-C0002,0,1
21,S21-P006,baseline,scalar,bjs,static,,,,,,retained,,0.036896082709274511,0.13778927615553063,0.026802824347174365,0.038970480146001851,-0.10089319344625612,0.037314459027295133,0.00042236043164786018,-2.7038632228984967,2.7038632228984967,False,999,False,0.10089319344625612,0.0068538494838732396,True,,,,,,,,False,,,,,,,,,,,,,101.8296740425244,0.022635047766837481,55.638728908694532,0.075028219816452454,40.258758447790036,0.098018484308590642,False,1.9428902930940239e-16,False,False,False,False,False,False,False,False,False,,,False,False,C0316,S21-B01,S21-B01-C0001,S21-B01-C0005,0,4
21,S21-P007,baseline,scalar,csa,static,,,,,,retained,,0.14927629551400604,0.12368336266419595,0.038452661152263083,0.064359074340222339,0.025592932849810082,0.060175142507985842,0.00099982491188231148,0.42530739077873631,0.42530739077873631,False,999,False,-0.025592932849810082,0.67061260650112109,False,,,,,,,,False,,,,,,,,,,,,,85.537860357895894,0.027746613560990344,26.023974473237274,0.1053172827078848,25.614552121709174,0.10805623183362004,False,1.8041124150158794e-16,False,False,False,False,False,False,False,False,False,,,False,False,C0317,S21-B01,S21-B01-C0007,S21-B01-C0008,6,7
21,S21-P007,baseline,scalar,bjs,static,,,,,,retained,,0.14927629551400604,0.17407697594161073,0.038452661152263083,0.052775374720478933,-0.024800680427604693,0.043827760702826769,0.0011714873591767419,-0.56586693068270577,0.56586693068270577,False,999,False,0.024800680427604693,0.57148424329534042,False,,,,,,,,False,,,,,,,,,,,,,85.537860357895894,0.027746613560990344,55.942266641062503,0.074191147408877431,34.644463400444153,0.12134843959033365,False,7.4940054162198066e-16,False,False,False,False,False,False,False,False,False,,,False,False,C0318,S21-B01,S21-B01-C0007,S21-B01-C0011,6,10
21,S21-P008,baseline,scalar,csa,static,,,,,,retained,,0.14215689481748772,0.13484454729840459,0.037040626511389882,0.060231876123714535,0.0073123475190831344,0.05695234727222339,0.00087815852696142077,0.12839413771887656,0.12839413771887656,False,999,False,-0.0073123475190831344,0.89783707018384118,False,,,,,,,,False,,,,,,,,,,,,,89.357253675206223,0.024252904260350802,41.857364224872562,0.062324737034123397,41.70538961292884,0.062895497286507243,False,1.3877787807814457e-16,False,False,False,False,False,False,False,False,False,,,False,False,C0319,S21-B01,S21-B01-C0013,S21-B01-C0014,12,13
21,S21-P008,baseline,scalar,bjs,static,,,,,,retained,,0.14215689481748772,0.16500306187656677,0.037040626511389882,0.055570696958352678,-0.022846167059079048,0.047412375867094292,0.0011060884937153606,-0.48186083572612143,0.48186083572612143,False,999,False,0.022846167059079048,0.62990480928880854,False,,,,,,,,False,,,,,,,,,,,,,89.357253675206223,0.024252904260350802,52.308794757309116,0.082066367375178098,29.66891686590407,0.13578998114658192,False,6.9388939039072284e-16,False,False,False,False,False,False,False,False,False,,,False,False,C0320,S21-B01,S21-B01-C0013,S21-B01-C0017,12,16
21,S21-P009,baseline,scalar,csa,static,,,,,,retained,,0.15504498785612131,0.1407843671102546,0.039300310309924757,0.066198592160453526,0.014260620745866703,0.062001246874371106,0.0010413066902528628,0.23000538642008322,0.23000538642008322,False,999,False,-0.014260620745866703,0.81808758416223126,False,,,,,,,,False,,,,,,,,,,,,,84.114630362846569,0.026251965533274833,24.094465593688401,0.11619789488395658,23.509149566889512,0.12024164788295903,False,8.3266726846886741e-17,False,False,False,False,False,False,False,False,False,,,False,False,C0321,S21-B01,S21-B01-C0019,S21-B01-C0020,18,19
21,S21-P009,baseline,scalar,bjs,static,,,,,,retained,,0.15504498785612131,0.17469656687833254,0.039300310309924757,0.045425177100890619,-0.019651579022211235,0.03460811787190133,0.0012051196412341193,-0.5678314866745916,0.5678314866745916,False,999,False,0.019651579022211235,0.57014939748543125,False,,,,,,,,False,,,,,,,,,,,,,84.114630362846569,0.026251965533274833,66.545220422622393,0.046306958801485512,50.517724947206432,0.081739833556069119,False,5.8286708792820718e-16,False,False,False,False,False,False,False,False,False,,,False,False,C0322,S21-B01,S21-B01-C0019,S21-B01-C0023,18,22
21,S21-P010,baseline,scalar,csa,static,,,,,,retained,,0.12303909496591749,0.15604853292350357,0.028041837822070044,0.052600477349446451,-0.033009437957586082,0.057216362212181716,0.00013972139051666521,-0.57692304580940601,0.57692304580940601,False,999,False,0.033009437957586082,0.56399144163715986,False,,,,,,,,False,,,,,,,,,,,,,84.114630362846569,0.026251965533274833,24.094465593688401,0.11619789488395658,23.509149566889512,0.12024164788295903,False,1.1102230246251565e-16,False,False,False,False,False,False,False,False,False,,,False,False,C0323,S21-B01,S21-B01-C0025,S21-B01-C0026,24,25
21,S21-P010,baseline,scalar,bjs,static,,,,,,retained,,0.12303909496591749,0.12190697617265116,0.028041837822070044,0.039397158406555784,0.001132118793266329,0.025491722499081815,0.00084432642149016661,0.044411231657927659,0.044411231657927659,False,999,False,-0.001132118793266329,0.96457660891498898,False,,,,,,,,False,,,,,,,,,,,,,84.114630362846569,0.026251965533274833,66.545220422622393,0.046306958801485512,50.517724947206432,0.081739833556069119,False,6.2450045135165055e-16,False,False,False,False,False,False,False,False,False,,,False,False,C0324,S21-B01,S21-B01-C0025,S21-B01-C0029,24,28
21,S21-P011,baseline,scalar,csa,static,,,,,,retained,,0.16334892262196549,-0.050150770699553891,0.047457784861362824,0.083502190091050643,0.21349969332151938,0.084751155713332957,0.0010210493496018715,2.5191360698805414,2.5191360698805414,False,999,False,-0.21349969332151938,0.011764318408477841,True,,,,,,,,False,,,,,,,,,,,,,72.862954373899427,0.028805606052105706,22.303282029284887,0.14409646019086292,21.717050277270797,0.14951394490150854,False,5.6968318951078345e-15,False,False,False,False,False,False,False,False,False,,,False,False,C0325,S21-B01,S21-B01-C0031,S21-B01-C0032,30,31
21,S21-P011,baseline,scalar,bjs,static,,,,,,retained,,0.16334892262196549,0.19112457334600169,0.047457784861362824,0.094365552198435523,-0.027775650724036205,0.085876096881017411,0.0018911973850725839,-0.32343867191029624,0.32343867191029624,False,999,False,0.027775650724036205,0.7463630461001034,False,,,,,,,,False,,,,,,,,,,,,,72.862954373899427,0.028805606052105706,47.840244003103741,0.053322943288130309,36.229901272197935,0.080000756592283076,False,1.3045120539345589e-15,False,False,False,False,False,False,False,False,False,,,False,False,C0326,S21-B01,S21-B01-C0031,S21-B01-C0035,30,34
21,S21-P003,baseline,event_study_post_average,csa,post,"[0, 1, 2, 3, 4, 5, 6, 7, 8, 9, 10, 11]","[0, 1, 2, 3, 4, 5, 6, 7, 8, 9, 10, 11]",,,,retained,,0.071783929238784308,0.055146555093435357,0.028215992265372938,0.022940551332183638,0.016637374145348952,0.01964654780715025,0.00046821213710274877,0.84683448250862037,0.84683448250862037,False,999,False,-0.016637374145348952,0.39708738517966935,False,,,,,,,,False,,,,,,,,,,,,,96.720911612349283,0.022935931347385599,96.08710015105612,0.035756275967231403,97.355845327887195,0.034772395820194299,False,4.7184478546569153e-16,False,False,False,False,False,False,False,False,False,,,False,False,C0327,S21-B01,S21-B01-C0037,S21-B01-C0038,36,37
21,S21-P003,baseline,event_study_post_average,bjs,post,"[0, 1, 2, 3, 4, 5, 6, 7, 8, 9, 10, 11]","[0, 1, 2, 3, 4, 5, 6, 7, 8, 9, 10, 11]",,,,retained,,0.071783929238784308,0.076667962718201851,0.028215992265372938,0.026469035922582249,-0.0048840334794175433,0.012379909130483884,0.00067174496605574836,-0.39451286983934791,0.39451286983934791,False,999,False,0.0048840334794175433,0.69320242733930471,False,,,,,,,,False,,,,,,,,,,,,,96.720911612349283,0.022935931347385599,81.497259516242636,0.044570016625374402,50.637710941010369,0.073303355222312794,False,4.7184478546569153e-16,False,False,False,False,False,False,False,False,False,,,False,False,C0328,S21-B01,S21-B01-C0037,S21-B01-C0041,36,40
21,S21-P004,baseline,event_study_post_average,csa,post,"[0, 1, 2, 3, 4, 5, 6, 7, 8, 9, 10, 11]","[0, 1, 2, 3, 4, 5, 6, 7, 8, 9, 10, 11]",,,,retained,,0.12333363890665107,0.10970298563721398,0.040880833930066585,0.067618176289123491,0.01363065326943709,0.059286145357373435,0.0013643066580745265,0.22991296174295539,0.22991296174295539,False,999,False,-0.01363065326943709,0.81815940409463594,False,,,,,,,,False,,,,,,,,,,,,,80.606762403610162,0.0288018648854136,21.869151700729791,0.1131259678017896,21.231752973979447,0.1157754300850239,False,1.1102230246251563e-16,False,False,False,False,False,False,False,False,False,,,False,False,C0329,S21-B01,S21-B01-C0043,S21-B01-C0044,42,43
21,S21-P004,baseline,event_study_post_average,bjs,post,"[0, 1, 2, 3, 4, 5, 6, 7, 8, 9, 10, 11]","[0, 1, 2, 3, 4, 5, 6, 7, 8, 9, 10, 11]",,,,retained,,0.12333363890665107,0.15871398164271069,0.040880833930066585,0.047357781037225724,-0.035380342736059625,0.023502713546670138,0.0016808122317653338,-1.5053726739171489,1.5053726739171489,False,999,False,0.035380342736059625,0.13222829045178741,False,,,,,,,,False,,,,,,,,,,,,,80.606762403610162,0.0288018648854136,69.272686347878292,0.035405765258634002,43.476300418526471,0.059914878293736699,False,1.1102230246251563e-16,False,False,False,False,False,False,False,False,False,,,False,False,C0330,S21-B01,S21-B01-C0043,S21-B01-C0047,42,46
21,S21-P001,baseline,event_study_post_average,csa,post,"[0, 1, 2, 3, 4, 5, 6, 7, 8, 9, 10, 11]","[0, 1, 2, 3, 4, 5, 6, 7, 8, 9, 10, 11]",,,,retained,,0.099838380162658946,0.08192150631545439,0.045747560603579741,0.03925023502292966,0.017916873847204556,0.033555594882673193,0.0012537211513016656,0.53394594582068144,0.53394594582068144,False,999,False,-0.017916873847204556,0.59337893261921315,False,,,,,,,,False,,,,,,,,,,,,,96.720911612349283,0.022935931347385599,96.08710015105612,0.035756275967231403,97.355845327887195,0.034772395820194299,False,2.2204460492503131e-16,False,False,False,False,False,False,False,False,False,,,False,False,C0331,S21-B01,S21-B01-C0049,S21-B01-C0050,48,49
21,S21-P001,baseline,event_study_post_average,bjs,post,"[0, 1, 2, 3, 4, 5, 6, 7, 8, 9, 10, 11]","[0, 1, 2, 3, 4, 5, 6, 7, 8, 9, 10, 11]",,,,retained,,0.099838380162658946,0.11009031301678625,0.045747560603579741,0.038707827016504048,-0.010251932854127302,0.021115111366151535,0.0015726436227564097,-0.48552587179632911,0.48552587179632911,False,999,False,0.010251932854127302,0.62730336505469131,False,,,,,,,,False,,,,,,,,,,,,,96.720911612349283,0.022935931347385599,81.497259516242636,0.044570016625374402,50.637710941010369,0.073303355222312794,False,2.2204460492503131e-16,False,False,False,False,False,False,False,False,False,,,False,False,C0332,S21-B01,S21-B01-C0049,S21-B01-C0053,48,52
21,S21-P002,baseline,event_study_post_average,csa,post,"[0, 1, 2, 3, 4, 5, 6, 7, 8, 9, 10, 11]","[0, 1, 2, 3, 4, 5, 6, 7, 8, 9, 10, 11]",,,,retained,,0.1833460295105486,-0.070098487377767194,0.057381435420708289,0.1173305929751834,0.25344451688831582,0.11036413079571257,0.0024394279062779608,2.2964392059359349,2.2964392059359349,False,999,False,-0.25344451688831582,0.021650781451033621,True,,,,,,,,False,,,,,,,,,,,,,80.606762403610162,0.0288018648854136,21.869151700729791,0.1131259678017896,21.231752973979447,0.1157754300850239,False,1.3877787807814454e-16,False,False,False,False,False,False,False,False,False,,,False,False,C0333,S21-B01,S21-B01-C0055,S21-B01-C0056,54,55
21,S21-P002,baseline,event_study_post_average,bjs,post,"[0, 1, 2, 3, 4, 5, 6, 7, 8, 9, 10, 11]","[0, 1, 2, 3, 4, 5, 6, 7, 8, 9, 10, 11]",,,,retained,,0.1833460295105486,0.1863598399008215,0.057381435420708289,0.055859462467416895,-0.003013810390272903,0.033494257249177789,0.0026455217047077874,-0.089979914104436079,0.089979914104436079,False,999,False,0.003013810390272903,0.92830317629508474,False,,,,,,,,False,,,,,,,,,,,,,80.606762403610162,0.0288018648854136,69.272686347878292,0.035405765258634002,43.476300418526471,0.059914878293736699,False,2.4980018054066022e-16,False,False,False,False,False,False,False,False,False,,,False,False,C0334,S21-B01,S21-B01-C0055,S21-B01-C0059,54,58
12,S12-P001,baseline,twfe_scalar,csa,static,,,,,,retained,,-0.058301436893191401,-0.25830104836620832,0.059443166924594601,0.15707398807417661,0.19999961147301692,0.15240366961222887,0.0024894246561392029,1.3123018099360053,1.3123018099360053,False,999,False,-0.19999961147301692,0.18941832172332579,False,,,,,,,,False,,,,,,,,,,,,,111.61552757836171,0.019602865348052563,15.112212457817153,0.20342649423998524,14.350250589113939,0.21266729338352383,False,5.5511151231257827e-17,False,False,False,False,False,False,False,False,False,,,False,False,C0335,S12-B01,S12-B01-C0001,S12-B01-C0002,0,1
12,S12-P001,baseline,twfe_scalar,bjs,static,,,,,,retained,,-0.058301436893191401,-0.099903426013459307,0.059443166924594601,0.084125240879059801,0.041601989120267906,0.084005937220809665,0.0017767743793192221,0.49522677201870918,0.49522677201870918,False,999,False,-0.041601989120267906,0.62044005467336327,False,,,,,,,,False,,,,,,,,,,,,,111.61552757836171,0.019602865348052563,21.64597094650485,0.12892182679232556,20.915363462417261,0.13533850644886691,False,3.0531133177191805e-16,False,False,False,False,False,False,False,False,False,,,False,False,C0336,S12-B01,S12-B01-C0001,S12-B01-C0005,0,4
12,S12-P002,baseline,twfe_scalar,csa,static,,,,,,retained,,0.1808528157214164,0.25242843352695371,0.086981736638049201,0.1259124153483375,-0.071575617805537312,0.13647435004816777,0.0023972553131767055,-0.5244620529812023,0.5244620529812023,False,999,False,0.071575617805537312,0.59995720649363316,False,,,,,,,,False,,,,,,,,,,,,,111.61552757836171,0.019602865348052563,15.112212457817153,0.20342649423998524,14.350250589113939,0.21266729338352383,False,2.7755575615628914e-17,False,False,False,False,False,False,False,False,False,,,False,False,C0337,S12-B01,S12-B01-C0007,S12-B01-C0008,6,7
12,S12-P002,baseline,twfe_scalar,bjs,static,,,,,,retained,,0.1808528157214164,0.19830680844147619,0.086981736638049201,0.14066345631106369,-0.017453992720059791,0.146406951505513,0.0029585175004039387,-0.11921560103928915,0.11921560103928915,False,999,False,0.017453992720059791,0.90510454695311404,False,,,,,,,,False,,,,,,,,,,,,,111.61552757836171,0.019602865348052563,21.64597094650485,0.12892182679232556,20.915363462417261,0.13533850644886691,False,3.8857805861880479e-16,False,False,False,False,False,False,False,False,False,,,False,False,C0338,S12-B01,S12-B01-C0007,S12-B01-C0011,6,10
12,S12-P003,baseline,twfe_scalar,csa,static,,,,,,retained,,0.1161636763521714,0.0234712543293208,0.058019011009895399,0.0129759452712103,0.092692422022850593,0.06079954478284872,-8.1001925776904755e-05,1.5245578294033331,1.5245578294033331,False,999,False,-0.092692422022850593,0.12736942249330119,False,,,,,,,,False,,,,,,,,,,,,,111.61552757836171,0.019602865348052563,15.112212457817153,0.20342649423998524,14.350250589113939,0.21266729338352383,False,1.0408340855860843e-17,False,False,False,False,False,False,False,False,False,,,False,False,C0339,S12-B01,S12-B01-C0013,S12-B01-C0014,12,13
12,S12-P003,baseline,twfe_scalar,bjs,static,,,,,,retained,,0.1161636763521714,0.020722210876167699,0.058019011009895399,0.0106288473941625,0.095441465476003698,0.060575141996243191,-9.5084896185129538e-05,1.5755879776876607,1.5755879776876607,False,999,False,-0.095441465476003698,0.11512078857611779,False,,,,,,,,False,,,,,,,,,,,,,111.61552757836171,0.019602865348052563,21.64597094650485,0.12892182679232556,20.915363462417261,0.13533850644886691,False,2.0816681711721685e-17,False,False,False,False,False,False,False,False,False,,,False,False,C0340,S12-B01,S12-B01-C0013,S12-B01-C0017,12,16
12,S12-P004,baseline,twfe_scalar,csa,static,,,,,,retained,,0.19458040812268981,-0.043186010454234702,0.0878401929105464,0.0395384495535838,0.23776641857692452,0.086277605573533894,0.0009176816300805131,2.7558300557411459,2.7558300557411459,False,999,False,-0.23776641857692452,0.0058543405734536643,True,,,,,,,,False,,,,,,,,,,,,,111.61552757836171,0.019602865348052563,15.112212457817153,0.20342649423998524,14.350250589113939,0.21266729338352383,False,2.0122792321330962e-16,False,False,False,False,False,False,False,False,False,,,False,False,C0341,S12-B01,S12-B01-C0019,S12-B01-C0020,18,19
12,S12-P004,baseline,twfe_scalar,bjs,static,,,,,,retained,,0.19458040812268981,-0.023772750755174502,0.0878401929105464,0.0398518671286969,0.21835315887786433,0.084688290064006536,0.0010659821651200141,2.5783158298843354,2.5783158298843354,False,999,False,-0.21835315887786433,0.0099283208032137221,True,,,,,,,,False,,,,,,,,,,,,,111.61552757836171,0.019602865348052563,21.64597094650485,0.12892182679232556,20.915363462417261,0.13533850644886691,False,1.1102230246251565e-16,False,False,False,False,False,False,False,False,False,,,False,False,C0342,S12-B01,S12-B01-C0019,S12-B01-C0023,18,22
22,S22-P019,baseline,twfe_scalar,csa,static,,,,,,retained_fragile,,-0.094965797571658794,-0.1895064923768269,0.039656976068582601,0.074897962777742799,0.094540694805168107,0.063498651475539875,0.0015751509199741027,1.4888614578151451,1.4888614578151451,False,999,False,-0.094540694805168107,0.13652385464442759,False,,,,,,,,False,,,,,,,,,,,,,45.552514075987183,0.058949755475992245,5.807069317225622,0.40426717322623917,4.7089691831542657,0.45276472631674725,False,6.9388939039072284e-17,False,False,False,True,False,True,True,False,True,,,False,False,C0343,S22-B01,S22-B01-C0001,S22-B01-C0002,0,1
22,S22-P019,baseline,twfe_scalar,bjs,static,,,,,,excluded,modern,-0.094965797571658794,-0.1054178291200023,0.039656976068582601,0.041107527161569901,0.01045203154834351,0.020740693652749612,0.0014161640835230708,0.50393837946484854,0.50393837946484854,False,999,False,-0.01045203154834351,0.61430467952574463,False,,,,,,,,False,,,,,,,,,,,,,45.552514075987183,0.058949755475992245,4.5804925376100325,0.45852755925976707,2.1615986390207036,0.67706078984698148,False,6.9388939039072284e-17,False,True,True,True,False,True,True,False,True,,,False,False,C0344,S22-B01,S22-B01-C0001,S22-B01-C0005,0,4
22,S22-P020,baseline,twfe_scalar,csa,static,,,,,,excluded,modern,-0.075415314470328704,-0.093837052033371102,0.043212571687709103,0.068473627617814503,0.018421737563042398,0.053634825423739915,0.0018396347663867413,0.34346597415955316,0.34346597415955316,False,999,False,-0.018421737563042398,0.73124793433220014,False,,,,,,,,False,,,,,,,,,,,,,41.407804348175787,0.061294583217328696,4.4532498468669193,0.46486188058738809,3.8240164921774973,0.5043420237722902,False,6.9388939039072284e-17,False,True,True,True,False,True,True,False,True,,,False,False,C0345,S22-B01,S22-B01-C0007,S22-B01-C0008,6,7
22,S22-P020,baseline,twfe_scalar,bjs,static,,,,,,excluded,modern,-0.075415314470328704,-0.068633504725607697,0.043212571687709103,0.037916360525241603,-0.0067818097447210068,0.017454938187364488,0.0015001509401103915,-0.38853244118792202,0.38853244118792202,False,999,False,0.0067818097447210068,0.6976220513937057,False,,,,,,,,False,,,,,,,,,,,,,41.407804348175787,0.061294583217328696,3.2895560723361132,0.5459912776271465,1.8064042072659123,0.74142857819239538,False,4.163336342344337e-17,False,True,True,True,False,True,True,False,True,,,False,False,C0346,S22-B01,S22-B01-C0007,S22-B01-C0011,6,10
22,S22-P021,baseline,twfe_scalar,csa,static,,,,,,retained_fragile,,-0.16164425700519749,-0.21248534250307791,0.060949857483694803,0.087493013447876397,0.050841085497880412,0.069043138657103195,0.0033014787669245096,0.73636695096348803,0.73636695096348803,False,999,False,-0.050841085497880412,0.46150741170995935,False,,,,,,,,False,,,,,,,,,,,,,50.582974744792935,0.052771514729056813,5.8837248211870605,0.4018216109942036,4.8504670178477483,0.44623823220206088,False,8.3266726846886741e-17,False,False,False,True,False,True,True,False,True,,,False,False,C0347,S22-B01,S22-B01-C0013,S22-B01-C0014,12,13
22,S22-P021,baseline,twfe_scalar,bjs,static,,,,,,excluded,modern,-0.16164425700519749,-0.1450453006653078,0.060949857483694803,0.061167078062160603,-0.016598956339889698,0.029637878864054827,0.0032889463511923912,-0.5600588495562383,0.5600588495562383,False,999,False,0.016598956339889698,0.57543929757286927,False,,,,,,,,False,,,,,,,,,,,,,50.582974744792935,0.052771514729056813,4.6404140536643128,0.45572291067734449,2.3895600300872695,0.64305636895076912,False,8.3266726846886741e-17,False,True,True,True,False,True,True,False,True,,,False,False,C0348,S22-B01,S22-B01-C0013,S22-B01-C0017,12,16
22,S22-P022,baseline,twfe_scalar,csa,static,,,,,,excluded,modern,-0.1561562068753079,-0.13748353617973369,0.071081296942543504,0.086739227421083795,-0.018672670695574212,0.06176746670023129,0.0043805122030381866,-0.30230591755035163,0.30230591755035163,False,999,False,0.018672670695574212,0.76241886770641809,False,,,,,,,,False,,,,,,,,,,,,,45.285247129526667,0.055158809988397915,4.4633062087734539,0.46461820584704766,3.8827876847124245,0.50067714148301912,False,8.3266726846886741e-17,False,True,True,True,False,True,True,False,True,,,False,False,C0349,S22-B01,S22-B01-C0019,S22-B01-C0020,18,19
22,S22-P022,baseline,twfe_scalar,bjs,static,,,,,,excluded,modern,-0.1561562068753079,-0.12126546063073711,0.071081296942543504,0.066074791599006796,-0.034890746244570794,0.030854011127616269,0.0042332294286115835,-1.1308333979740286,1.1308333979740286,False,999,False,0.034890746244570794,0.25812522000009935,False,,,,,,,,False,,,,,,,,,,,,,45.285247129526667,0.055158809988397915,3.3145002447744552,0.5441269821906668,1.9752651488917159,0.7077292947828514,False,6.9388939039072284e-17,False,True,True,True,False,True,True,False,True,,,False,False,C0350,S22-B01,S22-B01-C0019,S22-B01-C0023,18,22
22,S22-P023,baseline,twfe_scalar,csa,static,,,,,,retained,,-0.16410706644466519,-0.17598840157274551,0.0970470938640383,0.1379584102154611,0.011881335128080317,0.065591718900424673,0.01207419389416029,0.18114078007495837,0.18114078007495837,False,999,False,-0.011881335128080317,0.85625707614646296,False,,,,,,,,False,,,,,,,,,,,,,25.159091743142824,0.085495479128851623,13.38762229364527,0.12531688498296939,11.949667089425692,0.13814399939221961,False,8.3266726846886741e-17,False,False,False,False,False,False,False,False,False,,,False,False,C0351,S22-B01,S22-B01-C0025,S22-B01-C0026,24,25
22,S22-P023,baseline,twfe_scalar,bjs,static,,,,,,retained_fragile,,-0.16410706644466519,-0.19842466011267981,0.0970470938640383,0.13606450812671181,0.034317593668014623,0.055371503522390328,0.012432842698444713,0.619769944555285,0.619769944555285,False,999,False,-0.034317593668014623,0.53540925886390134,False,,,,,,,,False,,,,,,,,,,,,,25.159091743142824,0.085495479128851623,18.246417647613494,0.096994610761076155,10.109854607150762,0.25416437443153977,False,8.3266726846886741e-17,False,False,False,True,False,False,True,False,True,,,False,False,C0352,S22-B01,S22-B01-C0025,S22-B01-C0029,24,28
22,S22-P024,baseline,twfe_scalar,csa,static,,,,,,retained_fragile,,-0.14400560708132851,-0.15009131061023359,0.1073178861907067,0.144303790052283,0.0060857035289050843,0.065756472823735507,0.014008399400838097,0.092549117487159133,0.092549117487159133,False,999,False,-0.0060857035289050843,0.92626176852805608,False,,,,,,,,False,,,,,,,,,,,,,22.136117192010726,0.10708364239389506,11.075006442018749,0.14522374980719888,9.8701714782969514,0.15776216413155025,False,8.3266726846886741e-17,False,False,False,True,False,False,True,False,True,,,False,False,C0353,S22-B01,S22-B01-C0031,S22-B01-C0032,30,31
22,S22-P024,baseline,twfe_scalar,bjs,static,,,,,,retained_fragile,,-0.14400560708132851,-0.16355747955145941,0.1073178861907067,0.1425865135241299,0.019551872470130904,0.054757131742895308,0.014424849529349791,0.3570653145590984,0.3570653145590984,False,999,False,-0.019551872470130904,0.72104291013281208,False,,,,,,,,False,,,,,,,,,,,,,22.136117192010726,0.10708364239389506,16.180860203943723,0.11357312231917303,7.9998433221741463,0.30476976332821853,False,5.5511151231257827e-17,False,False,False,True,False,False,True,False,True,,,False,False,C0354,S22-B01,S22-B01-C0031,S22-B01-C0035,30,34
22,S22-P025,baseline,twfe_scalar,csa,static,,,,,,retained,,-0.2232833533140145,-0.1896157884951967,0.031045572068126599,0.064601569051870894,-0.033667564818817802,0.054058244887959857,0.0011074482143171281,-0.62280166306909501,0.62280166306909501,False,999,False,0.033667564818817802,0.53341486532776128,False,,,,,,,,False,,,,,,,,,,,,,61.558347063008782,0.021880620472103283,37.612276485931631,0.053810290319657922,36.456888353700592,0.055615473975846569,False,2.7755575615628914e-17,False,False,False,False,False,False,False,False,False,,,False,False,C0355,S22-B01,S22-B01-C0037,S22-B01-C0038,36,37
22,S22-P025,baseline,twfe_scalar,bjs,static,,,,,,retained_fragile,,-0.2232833533140145,-0.22677865161651781,0.031045572068126599,0.030223785603287999,0.003495298302503308,0.006977955926116928,0.00091430644616196993,0.50090575800589232,0.50090575800589232,False,999,False,-0.003495298302503308,0.61643744995749072,False,,,,,,,,False,,,,,,,,,,,,,61.558347063008782,0.021880620472103283,38.305186519155754,0.06140291706136744,8.9928644937956257,0.23738194386752756,False,3.6082248300317588e-16,False,False,False,True,False,False,True,False,True,,,False,False,C0356,S22-B01,S22-B01-C0037,S22-B01-C0041,36,40
22,S22-P026,baseline,twfe_scalar,csa,static,,,,,,retained,,-0.2923595353848546,-0.19986655147205321,0.034546638610961598,0.060625247638486,-0.092492983912801391,0.051050762759348181,0.0011313552561164441,-1.8117845633141789,1.8117845633141789,False,999,False,0.092492983912801391,0.070019491226241348,False,,,,,,,,False,,,,,,,,,,,,,62.750299655284721,0.022072329072836051,37.786253529318024,0.044632151661938263,36.14204181178615,0.046972066375133743,False,1.1102230246251565e-16,False,False,False,False,False,False,False,False,False,,,False,False,C0357,S22-B01,S22-B01-C0043,S22-B01-C0044,42,43
22,S22-P026,baseline,twfe_scalar,bjs,static,,,,,,retained_fragile,,-0.2923595353848546,-0.29970191216306541,0.034546638610961598,0.034080793169503298,0.0073423767782108129,0.0065391658834658565,0.0011561050059636837,1.1228307874519377,1.1228307874519377,False,999,False,-0.0073423767782108129,0.2615093670263744,False,,,,,,,,False,,,,,,,,,,,,,62.750299655284721,0.022072329072836051,42.482019421249859,0.067469616199670554,8.976160749092303,0.29579441361185665,False,2.2204460492503131e-16,False,False,False,True,False,False,True,False,True,,,False,False,C0358,S22-B01,S22-B01-C0043,S22-B01-C0047,42,46
22,S22-P027,baseline,twfe_scalar,csa,static,,,,,,retained_fragile,,-0.15203009109642751,0.052031835494310903,0.057133792656291899,0.070527628674958806,-0.20406192659073841,0.068125114339752005,0.0017986927330003737,-2.9953993995965345,2.9953993995965345,False,999,False,0.20406192659073841,0.0027408569514025794,True,,,,,,,,False,,,,,,,,,,,,,27.397074835515792,0.05987532897547599,5.5236922013861385,0.28732475230264004,5.2101328560076743,0.31432984537895342,False,5.5511151231257827e-17,False,False,False,True,False,True,True,False,True,,,False,False,C0359,S22-B01,S22-B01-C0049,S22-B01-C0050,48,49
22,S22-P027,baseline,twfe_scalar,bjs,static,,,,,,retained,,-0.15203009109642751,-0.1833323706892013,0.057133792656291899,0.056589681288236902,0.031302279592773791,0.014714839475403528,0.0031250678954047465,2.1272593319891029,2.1272593319891029,False,999,False,-0.031302279592773791,0.03339854177742952,True,,,,,,,,False,,,,,,,,,,,,,27.397074835515792,0.05987532897547599,14.595273958740814,0.096654573937573443,15.559385326680347,0.18249364763392636,False,2.2204460492503131e-16,False,False,False,False,False,False,False,False,False,,,False,False,C0360,S22-B01,S22-B01-C0049,S22-B01-C0053,48,52
22,S22-P028,baseline,twfe_scalar,csa,static,,,,,,retained_fragile,,-0.15050216484690079,-0.011601039109777301,0.0649204361717306,0.081858384381588406,-0.13890112573712349,0.065527811118866547,0.0033107820481308916,-2.1197278432688491,2.1197278432688491,False,999,False,0.13890112573712349,0.034029003497140414,True,,,,,,,,False,,,,,,,,,,,,,26.037055515903724,0.065739723859057062,10.036159669345382,0.12739019815144992,9.6214460136779572,0.13016696673706898,False,1.1275702593849246e-16,False,False,False,True,False,False,True,False,True,,,False,False,C0361,S22-B01,S22-B01-C0055,S22-B01-C0056,54,55
22,S22-P028,baseline,twfe_scalar,bjs,static,,,,,,retained,,-0.15050216484690079,-0.19901006078490549,0.0649204361717306,0.068380268284713802,0.048507895938004697,0.015459993829685404,0.0043257563571016374,3.1376400581003199,3.1376400581003199,False,999,False,-0.048507895938004697,0.0017031388323881071,True,,,,,,,,False,,,,,,,,,,,,,26.037055515903724,0.065739723859057062,13.148662918114969,0.11001178054954151,18.490416330736782,0.08977111248407256,False,5.5511151231257827e-16,False,False,False,False,False,False,False,False,False,,,False,False,C0362,S22-B01,S22-B01-C0055,S22-B01-C0059,54,58
22,S22-P029,baseline,twfe_scalar,csa,static,,,,,,retained,,-0.094698905677915099,-0.1073518263546771,0.039320439246427502,0.069634113620546903,0.012652920676762006,0.047263538789326501,0.0020805823116805369,0.2677099726527335,0.2677099726527335,False,999,False,-0.012652920676762006,0.7889225728628787,False,,,,,,,,False,,,,,,,,,,,,,78.186161271988425,0.031635724944707254,50.764740997715847,0.0445405623294957,51.74560748055297,0.042609909015731647,False,6.9388939039072284e-17,False,False,False,False,False,False,False,False,False,,,False,False,C0363,S22-B01,S22-B01-C0061,S22-B01-C0062,60,61
22,S22-P029,baseline,twfe_scalar,bjs,static,,,,,,retained,,-0.094698905677915099,-0.091711670457267802,0.039320439246427502,0.040651824740321203,-0.0029872352206472969,0.015858941941402294,0.0014735808788745124,-0.18836283225482045,0.18836283225482045,False,999,False,0.0029872352206472969,0.85059223370593395,False,,,,,,,,False,,,,,,,,,,,,,78.186161271988425,0.031635724944707254,55.075319681397083,0.048165833685642173,25.767769354446163,0.12298515201997565,False,4.163336342344337e-17,False,False,False,False,False,False,False,False,False,,,False,False,C0364,S22-B01,S22-B01-C0061,S22-B01-C0065,60,64
22,S22-P030,baseline,twfe_scalar,csa,static,,,,,,retained,,-0.090988860203628799,-0.063214987011073295,0.039720533890618998,0.068399842871967501,-0.027773873192555504,0.047622989510210996,0.0019941550937880043,-0.58320305966093167,0.58320305966093167,False,999,False,0.027773873192555504,0.55975661170094582,False,,,,,,,,False,,,,,,,,,,,,,80.191155722242243,0.027274811886354614,50.397050915892436,0.036935171313063515,51.040899682392727,0.039976129148878922,False,4.163336342344337e-17,False,False,False,False,False,False,False,False,False,,,False,False,C0365,S22-B01,S22-B01-C0067,S22-B01-C0068,66,67
22,S22-P030,baseline,twfe_scalar,bjs,static,,,,,,retained,,-0.090988860203628799,-0.089721706259146897,0.039720533890618998,0.040274617318210998,-0.0012671539444819024,0.014916507087202727,0.0014886317145007967,-0.084949776584695755,0.084949776584695755,False,999,False,0.0012671539444819024,0.932301318782913,False,,,,,,,,False,,,,,,,,,,,,,80.191155722242243,0.027274811886354614,58.571357251752858,0.052439924955563551,28.731509076129736,0.1483869869393506,False,1.2490009027033011e-16,False,False,False,False,False,False,False,False,False,,,False,False,C0366,S22-B01,S22-B01-C0067,S22-B01-C0071,66,70
22,S22-P031,baseline,twfe_scalar,csa,static,,,,,,retained,,-0.13564632987411659,-0.14244079414209709,0.043451663827611002,0.074127771061405598,0.006794464267980499,0.050543027492623981,0.0024141879518998774,0.13442930914599549,0.13442930914599549,False,999,False,-0.006794464267980499,0.89306310662308774,False,,,,,,,,False,,,,,,,,,,,,,81.697164784847175,0.028850832210860936,55.142372609626051,0.042901408783097117,57.092969791459872,0.040291628122942277,False,2.7755575615628914e-17,False,False,False,False,False,False,False,False,False,,,False,False,C0367,S22-B01,S22-B01-C0073,S22-B01-C0074,72,73
22,S22-P031,baseline,twfe_scalar,bjs,static,,,,,,retained,,-0.13564632987411659,-0.13786533787293989,0.043451663827611002,0.046681836923274801,0.0022190079988232969,0.018676039252038496,0.001859223272887631,0.11881577077865112,0.11881577077865112,False,999,False,-0.0022190079988232969,0.90542131391980174,False,,,,,,,,False,,,,,,,,,,,,,81.697164784847175,0.028850832210860936,59.696000089697712,0.046676686561720561,33.597435246916014,0.10807070909101227,False,2.2204460492503131e-16,False,False,False,False,False,False,False,False,False,,,False,False,C0368,S22-B01,S22-B01-C0073,S22-B01-C0077,72,76
22,S22-P032,baseline,twfe_scalar,csa,static,,,,,,retained,,-0.11730117058914891,-0.089020543274923106,0.041919703233108799,0.073989301918415795,-0.028280627314225801,0.050833442724246974,0.0023238197091635594,-0.5563390122451074,0.5563390122451074,False,999,False,0.028280627314225801,0.57797912252198091,False,,,,,,,,False,,,,,,,,,,,,,83.689558167874694,0.02605034505945537,54.287947211316869,0.035903123211756725,55.795817291462328,0.037611546960181673,False,4.163336342344337e-17,False,False,False,False,False,False,False,False,False,,,False,False,C0369,S22-B01,S22-B01-C0079,S22-B01-C0080,78,79
22,S22-P032,baseline,twfe_scalar,bjs,static,,,,,,retained,,-0.11730117058914891,-0.121706984063728,0.041919703233108799,0.0447447063786163,0.0044058134745790928,0.017342540213459261,0.0017292932835025281,0.25404660565006582,0.25404660565006582,False,999,False,-0.0044058134745790928,0.79945955278659175,False,,,,,,,,False,,,,,,,,,,,,,83.689558167874694,0.02605034505945537,64.33665907537889,0.033214116248963657,36.30690363388382,0.12621652805319078,False,3.1918911957973251e-16,False,False,False,False,False,False,False,False,False,,,False,False,C0370,S22-B01,S22-B01-C0079,S22-B01-C0083,78,82
22,S22-P033,baseline,twfe_scalar,csa,static,,,,,,retained_fragile,,-0.13072046025500661,-0.0363352271455522,0.063686230150175493,0.071997064897371899,-0.094385233109454403,0.053219886935991736,0.0032035784495488872,-1.7734955585864505,1.7734955585864505,False,999,False,0.094385233109454403,0.076146627197087077,False,,,,,,,,False,,,,,,,,,,,,,29.567382220220665,0.059646462107056014,5.8142558717957407,0.36896276963621499,5.4117714568588342,0.39112372276377838,False,3.4694469519536142e-17,False,False,False,True,False,True,True,False,True,,,False,False,C0371,S22-B01,S22-B01-C0085,S22-B01-C0086,84,85
22,S22-P033,baseline,twfe_scalar,bjs,static,,,,,,retained_fragile,,-0.13072046025500661,-0.15577830671115389,0.063686230150175493,0.079213207042168193,0.025057846456147281,0.024014563253468735,0.0048769844161958417,1.0434437716675047,1.0434437716675047,False,999,False,-0.025057846456147281,0.2967428098503882,False,,,,,,,,False,,,,,,,,,,,,,29.567382220220665,0.059646462107056014,15.266124318835312,0.101483521058838,8.0906169475528316,0.28224523114600192,False,1.6653345369377348e-16,False,False,False,True,False,False,True,False,True,,,False,False,C0372,S22-B01,S22-B01-C0085,S22-B01-C0089,84,88
22,S22-P034,baseline,twfe_scalar,csa,static,,,,,,retained_fragile,,-0.072718633374291006,-0.0216924655432888,0.058246928661691698,0.078329024047278997,-0.051026167831002209,0.055383962230204691,0.0032303787172013442,-0.92131667320786459,0.92131667320786459,False,999,False,0.051026167831002209,0.3568851186497447,False,,,,,,,,False,,,,,,,,,,,,,28.651205287613507,0.063476031390492516,10.168282400256201,0.14619933355850467,9.9184802142567587,0.14868846228224758,False,7.9797279894933126e-17,False,False,False,True,False,False,True,False,True,,,False,False,C0373,S22-B01,S22-B01-C0091,S22-B01-C0092,90,91
22,S22-P034,baseline,twfe_scalar,bjs,static,,,,,,retained_fragile,,-0.072718633374291006,-0.095108555121712096,0.058246928661691698,0.075230578185665004,0.02238992174742109,0.024292244717081711,0.0042311157196375394,0.92169011172841697,0.92169011172841697,False,999,False,-0.02238992174742109,0.35669023985834608,False,,,,,,,,False,,,,,,,,,,,,,28.651205287613507,0.063476031390492516,14.096241100195476,0.11539421664494859,6.665273576126717,0.33893980778240579,False,9.7144514654701197e-17,False,False,False,True,False,False,True,False,True,,,False,False,C0374,S22-B01,S22-B01-C0091,S22-B01-C0095,90,94
22,S22-P049,baseline,twfe_scalar,csa,static,,,,,,retained_fragile,,0.1434106889973589,0.1692734768475378,0.076303974785972006,0.044253020548201301,-0.025862787850178898,0.075226597886445451,0.0010607926831044156,-0.34379845130333792,0.34379845130333792,False,999,False,0.025862787850178898,0.73099786499912434,False,,,,,,,,False,,,,,,,,,,,,,66.423113065728316,0.020399673274203157,5.7948070304314081,0.40546633234838697,4.1945401660152237,0.48200542764556037,False,8.3266726846886741e-17,False,False,False,True,False,True,True,False,True,,,False,False,C0375,S22-B01,S22-B01-C0097,S22-B01-C0098,96,97
22,S22-P049,baseline,twfe_scalar,bjs,static,,,,,,retained,,0.1434106889973589,0.2178167269044203,0.076303974785972006,0.077948366069294006,-0.074406037907061406,0.014952625506709748,0.0058373316657335077,-4.9761186002868127,4.9761186002868127,False,999,False,0.074406037907061406,6.4871908854105683e-07,True,,,,,,,,False,,,,,,,,,,,,,66.423113065728316,0.020399673274203157,43.785027999144511,0.057147625924525533,11.422616946334543,0.24808102844269189,False,2.7755575615628914e-16,False,False,False,False,False,False,False,False,False,,,False,False,C0376,S22-B01,S22-B01-C0097,S22-B01-C0101,96,100
22,S22-P053,baseline,twfe_scalar,csa,static,,,,,,retained_fragile,,-0.2458454659144822,-0.1957893109785121,0.033825381439733397,0.068302368375024597,-0.050056154935970099,0.058942321463305421,0.0011675863478486973,-0.84923962431870947,0.84923962431870947,False,999,False,0.050056154935970099,0.39574796874284746,False,,,,,,,,False,,,,,,,,,,,,,66.423113065728316,0.020399673274203157,5.7948070304314081,0.40546633234838697,4.1945401660152237,0.48200542764556037,False,2.7755575615628914e-17,False,False,False,True,False,True,True,False,True,,,False,False,C0377,S22-B01,S22-B01-C0103,S22-B01-C0104,102,103
22,S22-P053,baseline,twfe_scalar,bjs,static,,,,,,retained,,-0.2458454659144822,-0.26259136161433477,0.033825381439733397,0.033461744490142199,0.016745895699852575,0.0096059907748039276,0.0010857848575507073,1.7432762629521039,1.7432762629521039,False,999,False,-0.016745895699852575,0.081285369609751995,False,,,,,,,,False,,,,,,,,,,,,,66.423113065728316,0.020399673274203157,43.785027999144511,0.057147625924525533,11.422616946334543,0.24808102844269189,False,2.7755575615628914e-16,False,False,False,False,False,False,False,False,False,,,False,False,C0378,S22-B01,S22-B01-C0103,S22-B01-C0107,102,106
22,S22-P057,baseline,twfe_scalar,csa,static,,,,,,retained,,-0.30931165236801861,-0.25397425832816328,0.036804843378812201,0.067027118840705294,-0.055337394039855325,0.056363775387156145,0.0013351779901655757,-0.98179005327001734,0.98179005327001734,False,999,False,0.055337394039855325,0.32620328943469834,False,,,,,,,,False,,,,,,,,,,,,,66.33814879217843,0.020993141439247111,41.912601007226698,0.044931352152861564,40.477179243749895,0.046758094543121659,False,1.1102230246251565e-16,False,False,False,False,False,False,False,False,False,,,False,False,C0379,S22-B01,S22-B01-C0109,S22-B01-C0110,108,109
22,S22-P057,baseline,twfe_scalar,bjs,static,,,,,,retained,,-0.30931165236801861,-0.33365921130906612,0.036804843378812201,0.038037359116936002,0.024347558941047509,0.010477701600417893,0.00134582747695113,2.3237499854048553,2.3237499854048553,False,999,False,-0.024347558941047509,0.020138897736612951,True,,,,,,,,False,,,,,,,,,,,,,66.33814879217843,0.020993141439247111,49.506992549868208,0.040673436773255266,34.110267072228019,0.10882447384556714,False,8.8817841970012523e-16,False,False,False,False,False,False,False,False,False,,,False,False,C0380,S22-B01,S22-B01-C0109,S22-B01-C0113,108,112
22,S22-P059,baseline,twfe_scalar,csa,static,,,,,,retained,,0.135794205354137,0.1878625668958096,0.088613356853176395,0.0539831390975462,-0.052068361541672603,0.088190240329007227,0.0014944939151626836,-0.59040956626746444,0.59040956626746444,False,999,False,0.052068361541672603,0.55491609864990143,False,,,,,,,,False,,,,,,,,,,,,,66.33814879217843,0.020993141439247111,41.912601007226698,0.044931352152861564,40.477179243749895,0.046758094543121659,False,2.2204460492503131e-16,False,False,False,False,False,False,False,False,False,,,False,False,C0381,S22-B01,S22-B01-C0115,S22-B01-C0116,114,115
22,S22-P059,baseline,twfe_scalar,bjs,static,,,,,,retained,,0.135794205354137,0.22672525337744939,0.088613356853176395,0.094089000985671398,-0.090931048023312394,0.017955039808813883,0.0081913418323669943,-5.0643746263751304,5.0643746263751304,False,999,False,0.090931048023312394,4.0974318810835106e-07,True,,,,,,,,False,,,,,,,,,,,,,66.33814879217843,0.020993141439247111,49.506992549868208,0.040673436773255266,34.110267072228019,0.10882447384556714,False,3.8857805861880479e-16,False,False,False,False,False,False,False,False,False,,,False,False,C0382,S22-B01,S22-B01-C0115,S22-B01-C0119,114,118
22,S22-P061,baseline,twfe_scalar,csa,static,,,,,,excluded,twfe; modern,0.2044650559591186,0.014132923074429799,0.1235922490653987,0.14500227938298471,0.19033213288468881,0.13539991962351655,0.008983783410624991,1.4057034406956288,1.4057034406956288,False,999,False,-0.19033213288468881,0.1598122048457242,False,,,,,,,,False,,,,,,,,,,,,,3.7391754141690599,0.34313232872456828,2.5630377638407831,0.55236251067178188,2.1301550232892712,0.64768279327558975,False,6.591949208711867e-17,True,True,True,True,True,True,True,False,True,,,False,False,C0383,S22-B01,S22-B01-C0121,S22-B01-C0122,120,121
22,S22-P061,baseline,twfe_scalar,bjs,static,,,,,,excluded,twfe; modern,0.2044650559591186,0.16458036356868841,0.1235922490653987,0.12257822815109271,0.039884692390430188,0.069964686580667304,0.012702704338686954,0.57006890675404176,0.57006890675404176,False,999,False,-0.039884692390430188,0.5686309630992139,False,,,,,,,,False,,,,,,,,,,,,,3.7391754141690599,0.34313232872456828,2.6869120657873857,0.43064515306840201,2.9011804098831404,0.5206945581739697,False,2.7755575615628914e-16,True,True,True,True,True,True,True,False,True,,,False,False,C0384,S22-B01,S22-B01-C0121,S22-B01-C0125,120,124
22,S22-P063,baseline,twfe_scalar,csa,static,,,,,,excluded,twfe; modern,0.25095482730210827,0.23204990427522421,0.066896817189813204,0.2093305276298533,0.018904923026884068,0.20013630546401726,0.0041199565915668321,0.094460237901628538,0.094460237901628538,False,999,False,-0.018904923026884068,0.92474356672741653,False,,,,,,,,False,,,,,,,,,,,,,3.7391754141690599,0.34313232872456828,2.5630377638407831,0.55236251067178188,2.1301550232892712,0.64768279327558975,False,1.1102230246251565e-16,True,True,True,True,True,True,True,False,True,,,False,False,C0385,S22-B01,S22-B01-C0127,S22-B01-C0128,126,127
22,S22-P063,baseline,twfe_scalar,bjs,static,,,,,,excluded,twfe; modern,0.25095482730210827,0.19693725956882149,0.066896817189813204,0.087769425790150707,0.054017567733286781,0.036051203509170487,0.0054394834896002277,1.4983568501269622,1.4983568501269622,False,999,False,-0.054017567733286781,0.13404056095368869,False,,,,,,,,False,,,,,,,,,,,,,3.7391754141690599,0.34313232872456828,2.6869120657873857,0.43064515306840201,2.9011804098831404,0.5206945581739697,False,2.2204460492503131e-16,True,True,True,True,True,True,True,False,True,,,False,False,C0386,S22-B01,S22-B01-C0127,S22-B01-C0131,126,130
22,S22-P066,baseline,twfe_scalar,csa,static,,,,,,retained_fragile,,0.38556652147204251,0.32127369970909758,0.1769849043872444,0.13537884456569521,0.064292821762944929,0.098386117666055511,0.019985629893752903,0.6534745275870032,0.6534745275870032,False,999,False,-0.064292821762944929,0.51345040583729795,False,,,,,,,,False,,,,,,,,,,,,,66.423113065728316,0.020399673274203157,5.7948070304314081,0.40546633234838697,4.1945401660152237,0.48200542764556037,False,1.1102230246251565e-16,False,False,False,True,False,True,True,False,True,,,False,False,C0387,S22-B01,S22-B01-C0133,S22-B01-C0134,132,133
22,S22-P066,baseline,twfe_scalar,bjs,static,,,,,,retained,,0.38556652147204251,0.22537011420267211,0.1769849043872444,0.140192563116432,0.1601964072693704,0.055253897305446373,0.023962308983338006,2.8992779709962622,2.8992779709962622,False,999,False,-0.1601964072693704,0.0037402314077167494,True,,,,,,,,False,,,,,,,,,,,,,66.423113065728316,0.020399673274203157,43.785027999144511,0.057147625924525533,11.422616946334543,0.24808102844269189,False,4.163336342344337e-16,False,False,False,False,False,False,False,False,False,,,False,False,C0388,S22-B01,S22-B01-C0133,S22-B01-C0137,132,136
22,S22-P068,baseline,twfe_scalar,csa,static,,,,,,retained_fragile,,0.46244682199063197,0.3748119862028641,0.18962364479427929,0.1456673001928625,0.087634835787767873,0.1035567970455608,0.02322603939810455,0.84624899850091051,0.84624899850091051,False,999,False,-0.087634835787767873,0.39741385289176923,False,,,,,,,,False,,,,,,,,,,,,,66.423113065728316,0.020399673274203157,5.7948070304314081,0.40546633234838697,4.1945401660152237,0.48200542764556037,False,1.6653345369377348e-16,False,False,False,True,False,True,True,False,True,,,False,False,C0389,S22-B01,S22-B01-C0139,S22-B01-C0140,138,139
22,S22-P068,baseline,twfe_scalar,bjs,static,,,,,,retained,,0.46244682199063197,0.28616313320087938,0.18962364479427929,0.14686465478167601,0.17628368878975259,0.05937262582034275,0.027000622396202739,2.96910716603935,2.96910716603935,False,999,False,-0.17628368878975259,0.0029866641662046538,True,,,,,,,,False,,,,,,,,,,,,,66.423113065728316,0.020399673274203157,43.785027999144511,0.057147625924525533,11.422616946334543,0.24808102844269189,False,7.2164496600635175e-16,False,False,False,False,False,False,False,False,False,,,False,False,C0390,S22-B01,S22-B01-C0139,S22-B01-C0143,138,142
22,S22-P070,baseline,twfe_scalar,csa,static,,,,,,retained_fragile,,0.51036776311567933,0.45372520884174877,0.18167805269794171,0.13667556236482681,0.056642554273930557,0.099650867939398494,0.020878414349391167,0.56841004444012533,0.56841004444012533,False,999,False,-0.056642554273930557,0.56975657161675886,False,,,,,,,,False,,,,,,,,,,,,,66.423113065728316,0.020399673274203157,5.7948070304314081,0.40546633234838697,4.1945401660152237,0.48200542764556037,False,1.1102230246251565e-16,False,False,False,True,False,True,True,False,True,,,False,False,C0391,S22-B01,S22-B01-C0145,S22-B01-C0146,144,145
22,S22-P070,baseline,twfe_scalar,bjs,static,,,,,,retained,,0.51036776311567933,0.35688098168638721,0.18167805269794171,0.15240639341451989,0.15348678142929212,0.057378442070511931,0.026471168985649215,2.6749903951848917,2.6749903951848917,False,999,False,-0.15348678142929212,0.0074731391155576435,True,,,,,,,,False,,,,,,,,,,,,,66.423113065728316,0.020399673274203157,43.785027999144511,0.057147625924525533,11.422616946334543,0.24808102844269189,False,4.4408920985006262e-16,False,False,False,False,False,False,False,False,False,,,False,False,C0392,S22-B01,S22-B01-C0145,S22-B01-C0149,144,148
22,S22-P072,baseline,twfe_scalar,csa,static,,,,,,retained_fragile,,0.3946213885266045,0.32998469543349962,0.17896597054891661,0.13194827376922391,0.06463669309310488,0.10282703773140615,0.019432882938288872,0.62859627700198828,0.62859627700198828,False,999,False,-0.06463669309310488,0.52961339831083176,False,,,,,,,,False,,,,,,,,,,,,,66.423113065728316,0.020399673274203157,5.7948070304314081,0.40546633234838697,4.1945401660152237,0.48200542764556037,False,1.6653345369377348e-16,False,False,False,True,False,True,True,False,True,,,False,False,C0393,S22-B01,S22-B01-C0151,S22-B01-C0152,150,151
22,S22-P072,baseline,twfe_scalar,bjs,static,,,,,,retained,,0.3946213885266045,0.2084297891508603,0.17896597054891661,0.14516763438267469,0.1861915993757442,0.050539041892420165,0.025274132965686917,3.684114150246073,3.684114150246073,False,999,False,-0.1861915993757442,0.00022949938267142697,True,,,,,,,,False,,,,,,,,,,,,,66.423113065728316,0.020399673274203157,43.785027999144511,0.057147625924525533,11.422616946334543,0.24808102844269189,False,2.4980018054066022e-16,False,False,False,False,False,False,False,False,False,,,False,False,C0394,S22-B01,S22-B01-C0151,S22-B01-C0155,150,154
22,S22-P086,baseline,twfe_scalar,csa,static,,,,,,retained_fragile,,0.1602418002423768,0.097742064585279301,0.0542892688993004,0.080258434847954502,0.062499735657097502,0.059880238178878546,0.0029015490787523439,1.043745608866715,1.043745608866715,False,999,False,-0.062499735657097502,0.29660310227296482,False,,,,,,,,False,,,,,,,,,,,,,56.660830487176071,0.025773312528563668,5.9284107314282766,0.39704986381578555,4.3954430666398681,0.46842150279616512,False,8.3266726846886741e-17,False,False,False,True,False,True,True,False,True,,,False,False,C0395,S22-B01,S22-B01-C0157,S22-B01-C0158,156,157
22,S22-P086,baseline,twfe_scalar,bjs,static,,,,,,retained,,0.1602418002423768,0.21337565774396211,0.0542892688993004,0.067327216063645196,-0.053133857501585308,0.025177683294636218,0.003423181502208157,-2.1103553047275319,2.1103553047275319,False,999,False,0.053133857501585308,0.034827763230578977,True,,,,,,,,False,,,,,,,,,,,,,56.660830487176071,0.025773312528563668,37.902800433265448,0.054580811198728471,21.525271451019471,0.14795577473833552,False,1.1102230246251565e-16,False,False,False,False,False,False,False,False,False,,,False,False,C0396,S22-B01,S22-B01-C0157,S22-B01-C0161,156,160
22,S22-P087,baseline,twfe_scalar,csa,static,,,,,,retained_fragile,,0.17792822797505881,0.12741622807846029,0.075404729921422498,0.090936622162538505,0.05051199989659852,0.062667876792324842,0.0050140398815984848,0.80602698674458528,0.80602698674458528,False,999,False,-0.05051199989659852,0.42022728875691651,False,,,,,,,,False,,,,,,,,,,,,,56.660830487176071,0.025773312528563668,5.9284107314282766,0.39704986381578555,4.3954430666398681,0.46842150279616512,False,8.3266726846886741e-17,False,False,False,True,False,True,True,False,True,,,False,False,C0397,S22-B01,S22-B01-C0163,S22-B01-C0164,162,163
22,S22-P087,baseline,twfe_scalar,bjs,static,,,,,,retained,,0.17792822797505881,0.25746043026973681,0.075404729921422498,0.090461990272370701,-0.079532202294678001,0.033635638633194638,0.0063689443961491661,-2.364521844285381,2.364521844285381,False,999,False,0.079532202294678001,0.01805336265308214,True,,,,,,,,False,,,,,,,,,,,,,56.660830487176071,0.025773312528563668,37.902800433265448,0.054580811198728471,21.525271451019471,0.14795577473833552,False,1.6653345369377348e-16,False,False,False,False,False,False,False,False,False,,,False,False,C0398,S22-B01,S22-B01-C0163,S22-B01-C0167,162,166
22,S22-P088,baseline,twfe_scalar,csa,static,,,,,,retained_fragile,,0.17050953680676309,0.10873533155478721,0.0605488077265584,0.080434832118134,0.061774205251975883,0.05738812167357378,0.0034212619128796253,1.0764284219537685,1.0764284219537685,False,999,False,-0.061774205251975883,0.28173569685261446,False,,,,,,,,False,,,,,,,,,,,,,56.660830487176071,0.025773312528563668,5.9284107314282766,0.39704986381578555,4.3954430666398681,0.46842150279616512,False,2.4980018054066022e-16,False,False,False,True,False,True,True,False,True,,,False,False,C0399,S22-B01,S22-B01-C0169,S22-B01-C0170,168,169
22,S22-P088,baseline,twfe_scalar,bjs,static,,,,,,retained,,0.17050953680676309,0.23219102665794719,0.0605488077265584,0.074166429264627895,-0.061681489851184101,0.027349401606185951,0.0042094137893781795,-2.2553140554721622,2.2553140554721622,False,999,False,0.061681489851184101,0.024113623008259619,True,,,,,,,,False,,,,,,,,,,,,,56.660830487176071,0.025773312528563668,37.902800433265448,0.054580811198728471,21.525271451019471,0.14795577473833552,False,1.9428902930940239e-16,False,False,False,False,False,False,False,False,False,,,False,False,C0400,S22-B01,S22-B01-C0169,S22-B01-C0173,168,172
22,S22-P089,baseline,twfe_scalar,csa,static,,,,,,retained_fragile,,0.15542443280402929,0.17065249563839521,0.0386817406542702,0.072322654059731803,-0.015228062834365924,0.056238620153948329,0.0017820304767338889,-0.27077589728696094,0.27077589728696094,False,999,False,0.015228062834365924,0.78656339875363723,False,,,,,,,,False,,,,,,,,,,,,,56.660830487176071,0.025773312528563668,5.9284107314282766,0.39704986381578555,4.3954430666398681,0.46842150279616512,False,2.7755575615628914e-17,False,False,False,True,False,True,True,False,True,,,False,False,C0401,S22-B01,S22-B01-C0175,S22-B01-C0176,174,175
22,S22-P089,baseline,twfe_scalar,bjs,static,,,,,,retained,,0.15542443280402929,0.17544864631762611,0.0386817406542702,0.0509728049539169,-0.020024213513596817,0.017634415385130279,0.0018917656494694826,-1.1355189880851773,1.1355189880851773,False,999,False,0.020024213513596817,0.25615793065098802,False,,,,,,,,False,,,,,,,,,,,,,56.660830487176071,0.025773312528563668,37.902800433265448,0.054580811198728471,21.525271451019471,0.14795577473833552,False,3.0531133177191805e-16,False,False,False,False,False,False,False,False,False,,,False,False,C0402,S22-B01,S22-B01-C0175,S22-B01-C0179,174,178
22,S22-P090,baseline,twfe_scalar,csa,static,,,,,,retained_fragile,,0.14405739542181811,0.15816172367256229,0.047111743822436297,0.089134457298365097,-0.014104328250744175,0.079246629080039127,0.0019422198316578236,-0.17798016665792557,0.17798016665792557,False,999,False,0.014104328250744175,0.85873855176529501,False,,,,,,,,False,,,,,,,,,,,,,56.660830487176071,0.025773312528563668,5.9284107314282766,0.39704986381578555,4.3954430666398681,0.46842150279616512,False,8.3266726846886741e-17,False,False,False,True,False,True,True,False,True,,,False,False,C0403,S22-B01,S22-B01-C0181,S22-B01-C0182,180,181
22,S22-P090,baseline,twfe_scalar,bjs,static,,,,,,retained,,0.14405739542181811,0.1826853954849742,0.047111743822436297,0.058870653667188202,-0.038628000063156087,0.021547964898351514,0.002610477738966153,-1.7926518928992339,1.7926518928992339,False,999,False,0.038628000063156087,0.073028603259381986,False,,,,,,,,False,,,,,,,,,,,,,56.660830487176071,0.025773312528563668,37.902800433265448,0.054580811198728471,21.525271451019471,0.14795577473833552,False,1.9428902930940239e-16,False,False,False,False,False,False,False,False,False,,,False,False,C0404,S22-B01,S22-B01-C0181,S22-B01-C0185,180,184
22,S22-P001,baseline,scalar,csa,static,,,,,,retained_fragile,,-0.10905718028501372,-0.068153457433147033,0.047233650319353948,0.078897101533053918,-0.040903722851866692,0.065226393060991608,0.0021006440005305244,-0.62710385983812744,0.62710385983812744,False,999,False,0.040903722851866692,0.53059115717458272,False,,,,,,,,False,,,,,,,,,,,,,45.299684533001091,0.053887006488369485,9.1935506005520082,0.30597593724225547,7.4786656163469107,0.34612621622384571,False,3.8857805861880479e-16,False,False,False,True,False,True,True,False,True,,,False,False,C0405,S22-B01,S22-B01-C0187,S22-B01-C0188,186,187
22,S22-P001,baseline,scalar,bjs,static,,,,,,retained_fragile,,-0.10905718028501372,-0.11369526482774563,0.047233650319353948,0.049039696517973026,0.0046380845427319017,0.022860379992168823,0.0020566562918397742,0.20288746487681961,0.20288746487681961,False,999,False,-0.0046380845427319017,0.83922299210459683,False,,,,,,,,False,,,,,,,,,,,,,45.299684533001091,0.053887006488369485,6.6495109047627246,0.36594710920443013,2.9557978994675365,0.56872292136651126,False,1.6653345369377348e-16,False,False,False,True,False,True,True,False,True,,,False,False,C0406,S22-B01,S22-B01-C0187,S22-B01-C0191,186,190
22,S22-P002,baseline,scalar,csa,static,,,,,,retained_fragile,,-0.080188359937242201,-0.053631892381695898,0.052331301828829883,0.077871692346409588,-0.026556467555546304,0.058969907269041097,0.0026625578283373257,-0.45033931348045914,0.45033931348045914,False,999,False,0.026556467555546304,0.65246579594167065,False,,,,,,,,False,,,,,,,,,,,,,40.683505532763192,0.057877786834286245,6.9362402684060562,0.36551628470214564,5.8036208993125733,0.40392522821122279,False,4.4408920985006262e-16,False,False,False,True,False,True,True,False,True,,,False,False,C0407,S22-B01,S22-B01-C0193,S22-B01-C0194,192,193
22,S22-P002,baseline,scalar,bjs,static,,,,,,excluded,modern,-0.080188359937242201,-0.07996066173559413,0.052331301828829883,0.063077988525330086,-0.00022769820164807164,0.03389253907652294,0.0027843467912240668,-0.0067182397026664831,0.0067182397026664831,False,999,False,0.00022769820164807164,0.99463966058842501,False,,,,,,,,False,,,,,,,,,,,,,40.683505532763192,0.057877786834286245,4.6368583025864503,0.45655685455344508,2.1758359807627135,0.67451633204653383,False,1.609823385706477e-15,False,True,True,True,False,True,True,False,True,,,False,False,C0408,S22-B01,S22-B01-C0193,S22-B01-C0197,192,196
22,S22-P003,baseline,scalar,csa,static,,,,,,retained_fragile,,-0.16341236435376877,-0.11086471687905441,0.067252608953169202,0.095279608362258628,-0.052547647474714354,0.070915786741231765,0.0042860341857727099,-0.74098659677087342,0.74098659677087342,False,999,False,0.052547647474714354,0.45870156712826654,False,,,,,,,,False,,,,,,,,,,,,,49.81592192928877,0.046083121686597429,9.3693563849905654,0.30338207521306726,7.8174459064674027,0.33848180302889475,False,3.3306690738754696e-16,False,False,False,True,False,True,True,False,True,,,False,False,C0409,S22-B01,S22-B01-C0199,S22-B01-C0200,198,199
22,S22-P003,baseline,scalar,bjs,static,,,,,,retained_fragile,,-0.16341236435376877,-0.15047758817961332,0.067252608953169202,0.069796949744705419,-0.012934776174155449,0.035065184740561493,0.004082480211891561,-0.368878027304194,0.368878027304194,False,999,False,0.012934776174155449,0.71221864185157591,False,,,,,,,,False,,,,,,,,,,,,,49.81592192928877,0.046083121686597429,6.7182746099121644,0.36426369796308622,3.3828295130787827,0.52951179832718376,False,1.7208456881689926e-15,False,False,False,True,False,True,True,False,True,,,False,False,C0410,S22-B01,S22-B01-C0199,S22-B01-C0203,198,202
22,S22-P004,baseline,scalar,csa,static,,,,,,retained_fragile,,-0.16187558600562482,-0.09046195860449921,0.076329237755682108,0.10195819543792312,-0.071413627401125612,0.073150035589145748,0.005435349223313941,-0.97626237398197813,0.97626237398197813,False,999,False,0.071413627401125612,0.32893446055743242,False,,,,,,,,False,,,,,,,,,,,,,44.460925859804135,0.051530032322392436,7.0676804213825273,0.36249819408071843,6.0905167588342533,0.39446083021088002,False,4.163336342344337e-16,False,False,False,True,False,True,True,False,True,,,False,False,C0411,S22-B01,S22-B01-C0205,S22-B01-C0206,204,205
22,S22-P004,baseline,scalar,bjs,static,,,,,,excluded,modern,-0.16187558600562482,-0.13381635280319187,0.076329237755682108,0.089712220272580009,-0.028059233202432948,0.054200975176997138,0.0054683446462309507,-0.51768871520860149,0.51768871520860149,False,999,False,0.028059233202432948,0.60467547299883817,False,,,,,,,,False,,,,,,,,,,,,,44.460925859804135,0.051530032322392436,4.7808498336636287,0.44984021509502475,2.5922164712542348,0.61587938953681087,False,1.5820678100908481e-15,False,True,True,True,False,True,True,False,True,,,False,False,C0412,S22-B01,S22-B01-C0205,S22-B01-C0209,204,208
22,S22-P005,baseline,scalar,csa,static,,,,,,retained,,-0.13284053665129633,-0.1024400703665434,0.10480679770457139,0.14398316332030112,-0.030400466284752931,0.073297293689535331,0.013171561451298731,-0.41475564450605645,0.41475564450605645,False,999,False,0.030400466284752931,0.67832079309811111,False,,,,,,,,False,,,,,,,,,,,,,25.343694840174635,0.092136383735083899,15.077871310127078,0.11658079429880343,13.542426152290714,0.12927137733153293,False,1.6653345369377348e-16,False,False,False,False,False,False,False,False,False,,,False,False,C0413,S22-B01,S22-B01-C0211,S22-B01-C0212,210,211
22,S22-P005,baseline,scalar,bjs,static,,,,,,retained,,-0.13284053665129633,-0.15544166736112208,0.10480679770457139,0.13686736777116404,0.022601130709825751,0.054275375578954149,0.013385662405728747,0.41641592469402605,0.41641592469402605,False,999,False,-0.022601130709825751,0.67710567757112106,False,,,,,,,,False,,,,,,,,,,,,,25.343694840174635,0.092136383735083899,20.306425965934171,0.088458258391386366,11.831943402346269,0.22600283652979247,False,2.7755575615628914e-16,False,False,False,False,False,False,False,False,False,,,False,False,C0414,S22-B01,S22-B01-C0211,S22-B01-C0215,210,214
22,S22-P006,baseline,scalar,csa,static,,,,,,retained,,-0.14208275230392126,-0.12315022238043957,0.11392364462893823,0.14649359889862387,-0.018932529923481684,0.073167117058648881,0.014542772152568733,-0.25875735828577001,0.25875735828577001,False,999,False,0.018932529923481684,0.79582246069711271,False,,,,,,,,False,,,,,,,,,,,,,21.20702730955847,0.11703403666866252,12.531150674940598,0.13413341962305517,11.306925690405631,0.14717147863660479,False,8.6042284408449632e-16,False,False,False,False,False,False,False,False,False,,,False,False,C0415,S22-B01,S22-B01-C0217,S22-B01-C0218,216,217
22,S22-P006,baseline,scalar,bjs,static,,,,,,retained,,-0.14208275230392126,-0.14494669253629694,0.11392364462893823,0.14312811893746039,0.0028639402323756835,0.058564592908031496,0.015017221846816479,0.048902247760402778,0.048902247760402778,False,999,False,-0.0028639402323756835,0.96099719755353585,False,,,,,,,,False,,,,,,,,,,,,,21.20702730955847,0.11703403666866252,17.94525611526424,0.10139185533966008,11.616894021052245,0.22831371875915568,False,3.8857805861880479e-16,False,False,False,False,False,False,False,False,False,,,False,False,C0416,S22-B01,S22-B01-C0217,S22-B01-C0221,216,220
22,S22-P007,baseline,scalar,csa,static,,,,,,retained,,-0.32945271869189641,-0.17091004966165799,0.041265127791538424,0.065575921025132308,-0.15854266903023842,0.053503540291537852,0.0015701916831090859,-2.9632182873572126,2.9632182873572126,False,999,False,0.15854266903023842,0.0030444058962564948,True,,,,,,,,False,,,,,,,,,,,,,61.404628580575334,0.025655086305319548,36.907057494908088,0.056876479561630069,35.704971984441627,0.05638766667705078,False,5.8286708792820718e-16,False,False,False,False,False,False,False,False,False,,,False,False,C0417,S22-B01,S22-B01-C0223,S22-B01-C0224,222,223
22,S22-P007,baseline,scalar,bjs,static,,,,,,retained_fragile,,-0.32945271869189641,-0.32483423353612639,0.041265127791538424,0.042973070727244392,-0.0046184851557700135,0.011932706404568965,0.0017035530486215523,-0.38704422946345368,0.38704422946345368,False,999,False,0.0046184851557700135,0.69872346437800492,False,,,,,,,,False,,,,,,,,,,,,,61.404628580575334,0.025655086305319548,39.792637508934277,0.063707812829637542,8.6332301348221439,0.30273468115540886,False,8.8817841970012523e-16,False,False,False,True,False,False,True,False,True,,,False,False,C0418,S22-B01,S22-B01-C0223,S22-B01-C0227,222,226
22,S22-P008,baseline,scalar,csa,static,,,,,,retained,,-0.32246750212730091,-0.16158842662816852,0.03985863874837689,0.064878697379403924,-0.16087907549913238,0.053335842355238618,0.0014766221883895101,-3.0163407643890139,3.0163407643890139,False,999,False,0.16087907549913238,0.0025584555705998211,True,,,,,,,,False,,,,,,,,,,,,,59.026213974572634,0.028227458714724065,36.5318159144772,0.047921413679444941,34.910532644880035,0.05043405687730905,False,1.1102230246251565e-16,False,False,False,False,False,False,False,False,False,,,False,False,C0419,S22-B01,S22-B01-C0229,S22-B01-C0230,228,229
22,S22-P008,baseline,scalar,bjs,static,,,,,,retained,,-0.32246750212730091,-0.32820715594010019,0.03985863874837689,0.040800208287727839,0.0057396538127992835,0.0085223054601805785,0.0015903691944194821,0.67348604665921774,0.67348604665921774,False,999,False,-0.0057396538127992835,0.50063812280903619,False,,,,,,,,False,,,,,,,,,,,,,59.026213974572634,0.028227458714724065,44.890525565052172,0.046462392581450795,26.130437494007129,0.12102004701902268,False,1.9984014443252818e-15,False,False,False,False,False,False,False,False,False,,,False,False,C0420,S22-B01,S22-B01-C0229,S22-B01-C0233,228,232
22,S22-P009,baseline,scalar,csa,static,,,,,,retained_fragile,,-0.34282566701117134,-0.17232396258124691,0.043565362436747503,0.068875957890061193,-0.17050170442992443,0.058695038755880613,0.0015983654024821635,-2.9048742115847395,2.9048742115847395,False,999,False,0.17050170442992443,0.0036740072153082499,True,,,,,,,,False,,,,,,,,,,,,,67.569918855993436,0.023840923734223397,5.785937932403991,0.40532873138281639,4.1412700756259975,0.48473613987388658,False,1.9428902930940239e-16,False,False,False,True,False,True,True,False,True,,,False,False,C0421,S22-B01,S22-B01-C0235,S22-B01-C0236,234,235
22,S22-P009,baseline,scalar,bjs,static,,,,,,retained,,-0.34282566701117134,-0.3563437270502644,0.043565362436747503,0.045897515096273656,0.013518060039093061,0.013904301709413341,0.0019055965451157219,0.97222142626128494,0.97222142626128494,False,999,False,-0.013518060039093061,0.3309404034515015,False,,,,,,,,False,,,,,,,,,,,,,67.569918855993436,0.023840923734223397,45.178093135557226,0.057599159610205786,13.256019244241413,0.24250552387240867,False,7.2164496600635175e-16,False,False,False,False,False,False,False,False,False,,,False,False,C0422,S22-B01,S22-B01-C0235,S22-B01-C0239,234,238
22,S22-P010,baseline,scalar,csa,static,,,,,,retained,,-0.33868669299481491,-0.21177406577403529,0.042460985072067546,0.070239590289482942,-0.12691262722077962,0.059670690873712691,0.0015879719739892951,-2.1268838245794415,2.1268838245794415,False,999,False,0.12691262722077962,0.033429737161028157,True,,,,,,,,False,,,,,,,,,,,,,64.471256897276845,0.026549651550018951,38.60303431005557,0.064059743270974634,35.832664642686474,0.078596198727400812,False,1.3877787807814457e-16,False,False,False,False,False,False,False,False,False,,,False,False,C0423,S22-B01,S22-B01-C0241,S22-B01-C0242,240,241
22,S22-P010,baseline,scalar,bjs,static,,,,,,retained,,-0.33868669299481491,-0.35564505213890441,0.042460985072067546,0.044598553698394945,0.016958359144089497,0.012349684586774563,0.0018197257679430717,1.3731815598149302,1.3731815598149302,False,999,False,-0.016958359144089497,0.16969591084602048,False,,,,,,,,False,,,,,,,,,,,,,64.471256897276845,0.026549651550018951,49.41976670344269,0.042155074766082053,44.281587595064003,0.077271576383951185,False,1.0547118733938987e-15,False,False,False,False,False,False,False,False,False,,,False,False,C0424,S22-B01,S22-B01-C0241,S22-B01-C0245,240,244
22,S22-P011,baseline,scalar,csa,static,,,,,,retained_fragile,,-0.16133902760406421,0.047246125214371104,0.07376054814953166,0.086235024891195222,-0.20858515281843532,0.077353365560055704,0.0034467774089184133,-2.6965233032620115,2.6965233032620115,False,999,False,0.20858515281843532,0.0070067494838913728,True,,,,,,,,False,,,,,,,,,,,,,29.09637590903403,0.060412899814452151,5.7475457139146764,0.28233850269737937,5.3983581750419427,0.30965204858756396,False,2.9837243786801082e-16,False,False,False,True,False,True,True,False,True,,,False,False,C0425,S22-B01,S22-B01-C0247,S22-B01-C0248,246,247
22,S22-P011,baseline,scalar,bjs,static,,,,,,retained,,-0.16133902760406421,-0.21203368248284188,0.07376054814953166,0.07861135503912621,0.050694654878777667,0.017775260546291253,0.005652201858459196,2.85197816070015,2.85197816070015,False,999,False,-0.050694654878777667,0.0043448085574935508,True,,,,,,,,False,,,,,,,,,,,,,29.09637590903403,0.060412899814452151,15.801560586980532,0.092814823918558775,17.104323426949986,0.16428903994043068,False,7.2164496600635175e-16,False,False,False,False,False,False,False,False,False,,,False,False,C0426,S22-B01,S22-B01-C0247,S22-B01-C0251,246,250
22,S22-P012,baseline,scalar,csa,static,,,,,,retained,,-0.15682369993867692,-0.026085575592619335,0.077375124671864526,0.086760912240720453,-0.13073812434605758,0.066239708136674721,0.004563333438398362,-1.9737122644970144,1.9737122644970144,False,999,False,0.13073812434605758,0.048414469810043985,True,,,,,,,,False,,,,,,,,,,,,,28.024411683422258,0.066800038037666223,10.593260896037371,0.12390598744964501,10.079035892580441,0.12770507986908516,False,1.1102230246251565e-16,False,False,False,False,False,False,False,False,False,,,False,False,C0427,S22-B01,S22-B01-C0253,S22-B01-C0254,252,253
22,S22-P012,baseline,scalar,bjs,static,,,,,,retained,,-0.15682369993867692,-0.2106696936596946,0.077375124671864526,0.086453746353253355,0.053845993721017671,0.020732019581124118,0.0065156717702935674,2.5972382242028571,2.5972382242028571,False,999,False,-0.053845993721017671,0.0093976721961316154,True,,,,,,,,False,,,,,,,,,,,,,28.024411683422258,0.066800038037666223,14.197620022487778,0.10571814798693488,17.918559645016117,0.10291723491008624,False,5.5511151231257827e-16,False,False,False,False,False,False,False,False,False,,,False,False,C0428,S22-B01,S22-B01-C0253,S22-B01-C0257,252,256
22,S22-P013,baseline,scalar,csa,static,,,,,,retained,,-0.11912034800244153,-0.06484696988860128,0.045807442512521584,0.072457484862393437,-0.054273378113840254,0.049981219608690605,0.0024251432942748925,-1.0858754255849199,1.0858754255849199,False,999,False,0.054273378113840254,0.27753411053187071,False,,,,,,,,False,,,,,,,,,,,,,76.017077894889724,0.029335825101841885,49.137190978219166,0.047507523599421807,50.654478046287544,0.044629303389288735,False,4.9960036108132044e-16,False,False,False,False,False,False,False,False,False,,,False,False,C0429,S22-B01,S22-B01-C0259,S22-B01-C0260,258,259
22,S22-P013,baseline,scalar,bjs,static,,,,,,retained,,-0.11912034800244153,-0.11524889080138584,0.045807442512521584,0.048142344940505025,-0.0038714572010556947,0.017247575590820231,0.0020592641510737411,-0.22446384888530194,0.22446384888530194,False,999,False,0.0038714572010556947,0.82239639364462314,False,,,,,,,,False,,,,,,,,,,,,,76.017077894889724,0.029335825101841885,55.050885257303413,0.050908438133203261,30.715922136714052,0.14324480707777601,False,3.7470027081099033e-16,False,False,False,False,False,False,False,False,False,,,False,False,C0430,S22-B01,S22-B01-C0259,S22-B01-C0263,258,262
22,S22-P014,baseline,scalar,csa,static,,,,,,retained,,-0.09401070444133805,-0.03993714346832835,0.044837724418954915,0.073175113844019549,-0.0540735609730097,0.050748844480584913,0.0023947868005203877,-1.0655131466825167,1.0655131466825167,False,999,False,0.0540735609730097,0.28664377954782244,False,,,,,,,,False,,,,,,,,,,,,,75.582326123660167,0.029642915503587611,49.406927775282,0.039315761148072656,50.50681908514094,0.040366824095970082,False,3.6082248300317588e-16,False,False,False,False,False,False,False,False,False,,,False,False,C0431,S22-B01,S22-B01-C0265,S22-B01-C0266,264,265
22,S22-P014,baseline,scalar,bjs,static,,,,,,retained,,-0.09401070444133805,-0.092308032967902826,0.044837724418954915,0.048674794274378812,-0.0017026714734352244,0.016612235919331669,0.0020518453732418559,-0.10249502124237379,0.10249502124237379,False,999,False,0.0017026714734352244,0.91836376451196111,False,,,,,,,,False,,,,,,,,,,,,,75.582326123660167,0.029642915503587611,61.206247573244234,0.035835030184854927,59.449960372933987,0.036286130966694058,False,1.9428902930940239e-16,False,False,False,False,False,False,False,False,False,,,False,False,C0432,S22-B01,S22-B01-C0265,S22-B01-C0269,264,268
22,S22-P015,baseline,scalar,csa,static,,,,,,retained,,-0.15253475344387879,-0.084081366042667235,0.047661763718601244,0.078295257956354641,-0.068453387401211555,0.053016127035589597,0.0027955407066830571,-1.2911804620367491,1.2911804620367491,False,999,False,0.068453387401211555,0.19664110837994334,False,,,,,,,,False,,,,,,,,,,,,,80.486572270237048,0.02800155463639677,54.556274827562966,0.043326271298650042,56.653340561190376,0.039881585564677371,False,3.1918911957973251e-16,False,False,False,False,False,False,False,False,False,,,False,False,C0433,S22-B01,S22-B01-C0271,S22-B01-C0272,270,271
22,S22-P015,baseline,scalar,bjs,static,,,,,,retained,,-0.15253475344387879,-0.14436617862583104,0.047661763718601244,0.053574061132391632,-0.0081685748180477524,0.021721850472451093,0.0023349924795187421,-0.37605335827201331,0.37605335827201331,False,999,False,0.0081685748180477524,0.70687722822460941,False,,,,,,,,False,,,,,,,,,,,,,80.486572270237048,0.02800155463639677,59.340555045434648,0.047879551667291465,32.61758481274294,0.10900737032989559,False,3.6082248300317588e-16,False,False,False,False,False,False,False,False,False,,,False,False,C0434,S22-B01,S22-B01-C0271,S22-B01-C0275,270,274
22,S22-P016,baseline,scalar,csa,static,,,,,,retained,,-0.12441635098896679,-0.067085652000855547,0.046829901748826265,0.078203472470952023,-0.057330698988111245,0.052988296913701799,0.0027505315972525266,-1.0819502102791037,1.0819502102791037,False,999,False,0.057330698988111245,0.27927465236985377,False,,,,,,,,False,,,,,,,,,,,,,80.478589126639207,0.028274062233323429,54.122016380917707,0.035878289068767909,55.872985548519509,0.036019855132333155,False,2.4980018054066022e-16,False,False,False,False,False,False,False,False,False,,,False,False,C0435,S22-B01,S22-B01-C0277,S22-B01-C0278,276,277
22,S22-P016,baseline,scalar,bjs,static,,,,,,retained,,-0.12441635098896679,-0.12172221467386528,0.046829901748826265,0.054039930421302881,-0.0026941363151015141,0.021533580520487816,0.0023248293438558228,-0.12511325334577855,0.12511325334577855,False,999,False,0.0026941363151015141,0.90043389108974203,False,,,,,,,,False,,,,,,,,,,,,,80.478589126639207,0.028274062233323429,64.886562575758475,0.033674041495050065,34.92717896058533,0.13585250288544379,False,9.7144514654701197e-17,False,False,False,False,False,False,False,False,False,,,False,False,C0436,S22-B01,S22-B01-C0277,S22-B01-C0281,276,280
22,S22-P017,baseline,scalar,csa,static,,,,,,retained_fragile,,-0.10844879307525923,0.020488492013792374,0.06236325278933999,0.083769175254561346,-0.12893728508905161,0.06250847651568045,0.0034995701924925814,-2.0627168070030835,2.0627168070030835,False,999,False,0.12893728508905161,0.039139542133203802,True,,,,,,,,False,,,,,,,,,,,,,31.331382810280154,0.058786382865784408,6.113670185135657,0.3595257355316242,5.6596039221397891,0.38211093358229647,False,4.4408920985006262e-16,False,False,False,True,False,True,True,False,True,,,False,False,C0437,S22-B01,S22-B01-C0283,S22-B01-C0284,282,283
22,S22-P017,baseline,scalar,bjs,static,,,,,,retained_fragile,,-0.10844879307525923,-0.13482722885543741,0.06236325278933999,0.078397198436268925,0.026378435780178178,0.025170815593297393,0.004700863031745532,1.0479769986953604,1.0479769986953604,False,999,False,-0.026378435780178178,0.29464920439778269,False,,,,,,,,False,,,,,,,,,,,,,31.331382810280154,0.058786382865784408,16.210347618932751,0.0984079148304388,8.3908643234281115,0.27817897335391512,False,2.4980018054066022e-16,False,False,False,True,False,False,True,False,True,,,False,False,C0438,S22-B01,S22-B01-C0283,S22-B01-C0287,282,286
22,S22-P018,baseline,scalar,csa,static,,,,,,retained,,-0.095148129443039201,-0.029373867487336298,0.064813192506568168,0.0815605678066844,-0.065774261955702906,0.05845415508937462,0.0037179939483147841,-1.1252281699245514,1.1252281699245514,False,999,False,0.065774261955702906,0.26049235892627953,False,,,,,,,,False,,,,,,,,,,,,,29.982162687567929,0.065856645231996733,10.829931430021547,0.14047424302421258,10.461448407169879,0.1445800809121707,False,1.1449174941446927e-16,False,False,False,False,False,False,False,False,False,,,False,False,C0439,S22-B01,S22-B01-C0289,S22-B01-C0290,288,289
22,S22-P018,baseline,scalar,bjs,static,,,,,,retained_fragile,,-0.095148129443039201,-0.11755189591695549,0.064813192506568168,0.080847635543054991,0.022403766473916287,0.027016883574996587,0.0050035890488455952,0.82925058368502502,0.82925058368502502,False,999,False,-0.022403766473916287,0.4069626271354298,False,,,,,,,,False,,,,,,,,,,,,,29.982162687567929,0.065856645231996733,15.135748039801481,0.11073133521103724,8.1532692778537026,0.29970137567025446,False,6.8001160258290838e-16,False,False,False,True,False,False,True,False,True,,,False,False,C0440,S22-B01,S22-B01-C0289,S22-B01-C0293,288,292
22,S22-P035,baseline,twfe_scalar,csa,static,,,,,,retained_fragile,,-0.1198565777499014,-0.1868420027507654,0.050365014879574302,0.079562105862156202,0.066985425000864005,0.071412121844578194,0.0018835361333479081,0.93801196870541836,0.93801196870541836,False,999,False,-0.066985425000864005,0.34823825934215252,False,,,,,,,,False,,,,,,,,,,,,,46.974438070090628,0.055660503415395045,6.5224284058744919,0.38126998417702934,5.3678891839560317,0.42349337538126935,False,3.0531133177191805e-16,False,False,False,True,False,True,True,False,True,,,False,False,C0441,S22-B01,S22-B01-C0295,S22-B01-C0296,294,295
22,S22-P035,baseline,twfe_scalar,bjs,static,,,,,,retained_fragile,,-0.1198565777499014,-0.12502851999817849,0.050365014879574302,0.051025531585927597,0.0051719422482770921,0.026233540321398248,0.002226020479825909,0.19714999138177425,0.19714999138177425,False,999,False,-0.0051719422482770921,0.84371016357231032,False,,,,,,,,False,,,,,,,,,,,,,46.974438070090628,0.055660503415395045,5.1299923446332922,0.43308242077881309,2.5679188428681838,0.61984581372141134,False,1.6653345369377348e-16,False,False,False,True,False,True,True,False,True,,,False,False,C0442,S22-B01,S22-B01-C0295,S22-B01-C0299,294,298
22,S22-P036,baseline,twfe_scalar,csa,static,,,,,,retained_fragile,,-0.039977336631018101,-0.047571700180065603,0.060413406117569603,0.092933486234559895,0.0075943635490475017,0.064062105129787425,0.0040912295943877994,0.11854689341946546,0.11854689341946546,False,999,False,-0.0075943635490475017,0.90563434144356869,False,,,,,,,,False,,,,,,,,,,,,,40.468962011563818,0.077044146345741513,5.3266002411201772,0.42377560756921534,4.6963604530070731,0.45371622712886461,False,4.0245584642661925e-16,False,False,False,True,False,True,True,False,True,,,False,False,C0443,S22-B01,S22-B01-C0301,S22-B01-C0302,300,301
22,S22-P036,baseline,twfe_scalar,bjs,static,,,,,,excluded,modern,-0.039977336631018101,-0.019536965532099201,0.060413406117569603,0.069709400430135099,-0.0204403710989189,0.031177914950761217,0.003768558883189204,-0.65560417145277516,0.65560417145277516,False,999,False,0.0204403710989189,0.51207884083422139,False,,,,,,,,False,,,,,,,,,,,,,40.468962011563818,0.077044146345741513,3.7378251543135095,0.51176788841252041,2.1740707090779274,0.67494784944542674,False,1.5890067039947553e-15,False,True,True,True,False,True,True,False,True,,,False,False,C0444,S22-B01,S22-B01-C0301,S22-B01-C0305,300,304
22,S22-P037,baseline,twfe_scalar,csa,static,,,,,,retained_fragile,,-0.1503690682993645,-0.081245024768419799,0.099194953257407195,0.12115490407966351,-0.069124043530944701,0.079512809730389211,0.0090979313115353046,-0.8693447479133164,0.8693447479133164,False,999,False,0.069124043530944701,0.38465859423564336,False,,,,,,,,False,,,,,,,,,,,,,44.378544567378867,0.068377965592121046,5.3972966738542034,0.42123433570967483,4.8326879072125646,0.44743072449602689,False,2.2204460492503131e-15,False,False,False,True,False,True,True,False,True,,,False,False,C0445,S22-B01,S22-B01-C0307,S22-B01-C0308,306,307
22,S22-P037,baseline,twfe_scalar,bjs,static,,,,,,excluded,modern,-0.1503690682993645,-0.078129852324597404,0.099194953257407195,0.1135022561430937,-0.072239215974767096,0.056887077702477411,0.0097431306458919849,-1.2698703975019112,1.2698703975019112,False,999,False,0.072239215974767096,0.20413079935394493,False,,,,,,,,False,,,,,,,,,,,,,44.378544567378867,0.068377965592121046,3.8523969004123964,0.50425543978391174,2.530595111260757,0.62391056590841687,False,5.5511151231257827e-15,False,True,True,True,False,True,True,False,True,,,False,False,C0446,S22-B01,S22-B01-C0307,S22-B01-C0311,306,310
22,S22-P038,baseline,twfe_scalar,csa,static,,,,,,retained,,-0.16927356223440321,-0.18801969072341099,0.1019090863215574,0.1574541719931489,0.01874612848900778,0.079786124262198124,0.014405726264079924,0.2349547451058418,0.2349547451058418,False,999,False,-0.01874612848900778,0.81424385819120448,False,,,,,,,,False,,,,,,,,,,,,,26.042909270143557,0.081763644676267982,13.975626513133291,0.12278290493885084,12.536509860031847,0.13467489948455577,False,7.4940054162198066e-16,False,False,False,False,False,False,False,False,False,,,False,False,C0447,S22-B01,S22-B01-C0313,S22-B01-C0314,312,313
22,S22-P038,baseline,twfe_scalar,bjs,static,,,,,,retained_fragile,,-0.16927356223440321,-0.21922513521503509,0.1019090863215574,0.1595214183611334,0.049951572980631881,0.074162349622503204,0.015166245344655995,0.67354355997203996,0.67354355997203996,False,999,False,-0.049951572980631881,0.50060154601485762,False,,,,,,,,False,,,,,,,,,,,,,26.042909270143557,0.081763644676267982,18.970315646106904,0.095057704270143206,10.157808102956841,0.25822509371178853,False,4.163336342344337e-16,False,False,False,True,False,False,True,False,True,,,False,False,C0448,S22-B01,S22-B01-C0313,S22-B01-C0317,312,316
22,S22-P039,baseline,twfe_scalar,csa,static,,,,,,retained,,-0.15960262892488289,-0.19470079015328839,0.13126923363042431,0.18678464627315039,0.035098161228405506,0.086579682429717336,0.022312037185837082,0.40538565450268416,0.40538565450268416,False,999,False,-0.035098161228405506,0.68519405408983913,False,,,,,,,,False,,,,,,,,,,,,,23.003901534885454,0.10001960116094044,11.796553887059016,0.14048400177059753,10.725351381541357,0.15087180375739764,False,4.163336342344337e-16,False,False,False,False,False,False,False,False,False,,,False,False,C0449,S22-B01,S22-B01-C0319,S22-B01-C0320,318,319
22,S22-P039,baseline,twfe_scalar,bjs,static,,,,,,retained_fragile,,-0.15960262892488289,-0.21633328425089571,0.13126923363042431,0.2065731759037458,0.056730655326012819,0.096471909963847358,0.025298629644403083,0.58805361423104929,0.58805361423104929,False,999,False,-0.056730655326012819,0.55649630662854688,False,,,,,,,,False,,,,,,,,,,,,,23.003901534885454,0.10001960116094044,17.015139635095323,0.11041045171857167,8.790086181125389,0.29529939367897667,False,3.8857805861880479e-16,False,False,False,True,False,False,True,False,True,,,False,False,C0450,S22-B01,S22-B01-C0319,S22-B01-C0323,318,322
22,S22-P040,baseline,twfe_scalar,csa,static,,,,,,retained,,-0.2603783052100378,-0.184579974404012,0.040733228269638301,0.080526861965073707,-0.075798330806025799,0.066075412860362698,0.0018889055992705646,-1.1471488035377178,1.1471488035377178,False,999,False,0.075798330806025799,0.2513201265472973,False,,,,,,,,False,,,,,,,,,,,,,69.303455369177954,0.028577413698551355,43.500332488774568,0.049660026123346065,42.239432694275621,0.051458387250207342,False,1.6653345369377348e-16,False,False,False,False,False,False,False,False,False,,,False,False,C0451,S22-B01,S22-B01-C0325,S22-B01-C0326,324,325
22,S22-P040,baseline,twfe_scalar,bjs,static,,,,,,retained,,-0.2603783052100378,-0.2641024165359882,0.040733228269638301,0.043074940519757597,0.0037241113259504077,0.012083105382806689,0.0016843224751775555,0.3082081309370624,0.3082081309370624,False,999,False,-0.0037241113259504077,0.7579239658374608,False,,,,,,,,False,,,,,,,,,,,,,69.303455369177954,0.028577413698551355,45.05723916012456,0.056359605574445693,10.910900462487279,0.21979653113308681,False,1.1102230246251565e-15,False,False,False,False,False,False,False,False,False,,,False,False,C0452,S22-B01,S22-B01-C0325,S22-B01-C0329,324,328
22,S22-P041,baseline,twfe_scalar,csa,static,,,,,,retained,,-0.27937880941087367,-0.18432196786594879,0.0434391691559625,0.081852481484128395,-0.095056841544924886,0.066428578619204592,0.0020870170423510337,-1.4309630511564766,1.4309630511564766,False,999,False,0.095056841544924886,0.15244080490911499,False,,,,,,,,False,,,,,,,,,,,,,68.833432024898244,0.027287356015650251,45.061729442900884,0.040641239238437488,43.857832363386578,0.042610748711654128,False,8.8817841970012523e-16,False,False,False,False,False,False,False,False,False,,,False,False,C0453,S22-B01,S22-B01-C0331,S22-B01-C0332,330,331
22,S22-P041,baseline,twfe_scalar,bjs,static,,,,,,retained_fragile,,-0.27937880941087367,-0.2812644003493675,0.0434391691559625,0.045556865788303397,0.0018855909384938307,0.0095018660976196392,0.0019360519890383673,0.1984442760108143,0.1984442760108143,False,999,False,-0.0018855909384938307,0.84269747893648217,False,,,,,,,,False,,,,,,,,,,,,,68.833432024898244,0.027287356015650251,49.316028153578728,0.062117118460514889,11.230840286496031,0.25871166070613943,False,8.8817841970012523e-16,False,False,False,True,False,False,True,False,True,,,False,False,C0454,S22-B01,S22-B01-C0331,S22-B01-C0335,330,334
22,S22-P042,baseline,twfe_scalar,csa,static,,,,,,retained_fragile,,-0.18805819007476571,-0.010041581531157501,0.067910295532921494,0.092660680244548294,-0.17801660854360821,0.079396802333471017,0.003446978840985443,-2.2421130739740436,2.2421130739740436,False,999,False,0.17801660854360821,0.024954065237471013,True,,,,,,,,False,,,,,,,,,,,,,28.147670023076564,0.059208919052389661,5.7407675212776201,0.28250223195886631,5.4142202532924415,0.30844156538784273,False,5.5511151231257827e-17,False,False,False,True,False,True,True,False,True,,,False,False,C0455,S22-B01,S22-B01-C0337,S22-B01-C0338,336,337
22,S22-P042,baseline,twfe_scalar,bjs,static,,,,,,retained,,-0.18805819007476571,-0.24614868966704509,0.067910295532921494,0.074111604211829593,0.058090499592279382,0.019995860210794955,0.0048522518463249894,2.90512631014087,2.90512631014087,False,999,False,-0.058090499592279382,0.0036710492089433123,True,,,,,,,,False,,,,,,,,,,,,,28.147670023076564,0.059208919052389661,15.371219173275531,0.094146374415196118,18.923296157161829,0.16267121038853913,False,4.4408920985006262e-16,False,False,False,False,False,False,False,False,False,,,False,False,C0456,S22-B01,S22-B01-C0337,S22-B01-C0341,336,340
22,S22-P043,baseline,twfe_scalar,csa,static,,,,,,retained,,-0.1145078010016034,-0.035903285104083603,0.066734565656308906,0.082605873101189498,-0.078604515897519794,0.065223733598413033,0.0035115485498146371,-1.2051520445225223,1.2051520445225223,False,999,False,0.078604515897519794,0.22814461139311981,False,,,,,,,,False,,,,,,,,,,,,,26.797818608229846,0.066571140082803293,10.778215941123483,0.1229354320166183,10.468595763024071,0.12495169492729997,False,5.5511151231257827e-17,False,False,False,False,False,False,False,False,False,,,False,False,C0457,S22-B01,S22-B01-C0343,S22-B01-C0344,342,343
22,S22-P043,baseline,twfe_scalar,bjs,static,,,,,,retained,,-0.1145078010016034,-0.1395053411016037,0.066734565656308906,0.077269711554555906,0.024997540100000298,0.025614714245116563,0.0048839984956007554,0.97590548388671061,0.97590548388671061,False,999,False,-0.024997540100000298,0.32911130431319552,False,,,,,,,,False,,,,,,,,,,,,,26.797818608229846,0.066571140082803293,13.919965690433312,0.10684434104889177,26.425204533546687,0.077800410726683047,False,1.9706458687096529e-15,False,False,False,False,False,False,False,False,False,,,False,False,C0458,S22-B01,S22-B01-C0343,S22-B01-C0347,342,346
22,S22-P044,baseline,twfe_scalar,csa,static,,,,,,retained,,-0.1081005736258883,-0.1038036812822402,0.041586579845486499,0.081982663474935297,-0.0042968923436481066,0.066602367700152224,0.0020073626752116205,-0.06451560945990642,0.06451560945990642,False,999,False,0.0042968923436481066,0.94855967845252875,False,,,,,,,,False,,,,,,,,,,,,,79.214042692235665,0.033185642033597827,55.994339934472123,0.040897941772604703,56.908812019466083,0.038191569428684603,False,2.9837243786801082e-15,False,False,False,False,False,False,False,False,False,,,False,False,C0459,S22-B01,S22-B01-C0349,S22-B01-C0350,348,349
22,S22-P044,baseline,twfe_scalar,bjs,static,,,,,,retained,,-0.1081005736258883,-0.083961636500268499,0.041586579845486499,0.044629888984248002,-0.024138937125619805,0.018026024625695802,0.00169816652509257,-1.3391159519004621,1.3391159519004621,False,999,False,0.024138937125619805,0.18053292817218111,False,,,,,,,,False,,,,,,,,,,,,,79.214042692235665,0.033185642033597827,56.54574774793506,0.043003242109277758,30.637073591369383,0.12028788249626668,False,7.0776717819853729e-16,False,False,False,False,False,False,False,False,False,,,False,False,C0460,S22-B01,S22-B01-C0349,S22-B01-C0353,348,352
22,S22-P045,baseline,twfe_scalar,csa,static,,,,,,retained,,-0.10502696303966461,-0.0725402335852878,0.044295278062858101,0.087594222490695595,-0.032486729454376806,0.076483051540779418,0.0018925811497129488,-0.42475723444501234,0.42475723444501234,False,999,False,0.032486729454376806,0.6710136560105564,False,,,,,,,,False,,,,,,,,,,,,,76.944037616574064,0.039072663550776612,57.708229032757835,0.032353036399074199,58.04428173426048,0.03293467691540812,False,1.0824674490095276e-15,False,False,False,False,False,False,False,False,False,,,False,False,C0461,S22-B01,S22-B01-C0355,S22-B01-C0356,354,355
22,S22-P045,baseline,twfe_scalar,bjs,static,,,,,,retained,,-0.10502696303966461,-0.086991332150713196,0.044295278062858101,0.049898547133656698,-0.018035630888951409,0.018613048206124184,0.0020527455505960899,-0.9689778207858083,0.9689778207858083,False,999,False,0.018035630888951409,0.33255625536714117,False,,,,,,,,False,,,,,,,,,,,,,76.944037616574064,0.039072663550776612,56.909293812711034,0.044984614620003693,30.604207862918557,0.11682184844521014,False,2.2204460492503131e-16,False,False,False,False,False,False,False,False,False,,,False,False,C0462,S22-B01,S22-B01-C0355,S22-B01-C0359,354,358
22,S22-P046,baseline,twfe_scalar,csa,static,,,,,,retained,,-0.13717591636882709,-0.1095521787269315,0.046803219653416203,0.096399635806822301,-0.027623737641895588,0.085491451047093353,0.0020873214757381811,-0.32311695852113831,0.32311695852113831,False,999,False,0.027623737641895588,0.74660666751059601,False,,,,,,,,False,,,,,,,,,,,,,81.463732167516937,0.038264139057567752,60.443547388956972,0.030839207440080636,61.52757507135027,0.029752758654855913,False,7.0776717819853729e-16,False,False,False,False,False,False,False,False,False,,,False,False,C0463,S22-B01,S22-B01-C0361,S22-B01-C0362,360,361
22,S22-P046,baseline,twfe_scalar,bjs,static,,,,,,retained,,-0.13717591636882709,-0.12901445347046511,0.046803219653416203,0.056791951557014601,-0.0081614628983619764,0.025618488619954402,0.0023797800862047497,-0.31857706437861294,0.31857706437861294,False,999,False,0.0081614628983619764,0.75004724788196664,False,,,,,,,,False,,,,,,,,,,,,,81.463732167516937,0.038264139057567752,60.802196467142117,0.035352524120402441,30.443525095321942,0.12259502945584215,False,8.3266726846886741e-17,False,False,False,False,False,False,False,False,False,,,False,False,C0464,S22-B01,S22-B01-C0361,S22-B01-C0365,360,364
22,S22-P047,baseline,twfe_scalar,csa,static,,,,,,retained_fragile,,-0.13339307802291209,0.002552662097525,0.061106594777539103,0.083431121691174601,-0.13594574012043709,0.069061232669126976,0.0029626570670873366,-1.9684812284158673,1.9684812284158673,False,999,False,0.13594574012043709,0.049012693881927742,True,,,,,,,,False,,,,,,,,,,,,,30.430683560947131,0.057963915106586134,6.1503406541239132,0.35814486203613277,5.7722368062696781,0.3773249886326433,False,9.5192950744227289e-16,False,False,False,True,False,True,True,False,True,,,False,False,C0465,S22-B01,S22-B01-C0367,S22-B01-C0368,366,367
22,S22-P047,baseline,twfe_scalar,bjs,static,,,,,,retained_fragile,,-0.13339307802291209,-0.1477020436434254,0.061106594777539103,0.0762452100445071,0.014308965620513314,0.023266917180532407,0.0045029992724758125,0.61499190070980814,0.61499190070980814,False,999,False,-0.014308965620513314,0.53856006924083666,False,,,,,,,,False,,,,,,,,,,,,,30.430683560947131,0.057963915106586134,16.700529651424034,0.096846872770375791,8.0500005801593151,0.29830775402436643,False,8.3266726846886741e-17,False,False,False,True,False,False,True,False,True,,,False,False,C0466,S22-B01,S22-B01-C0367,S22-B01-C0371,366,370
22,S22-P048,baseline,twfe_scalar,csa,static,,,,,,retained,,-0.087392639953536896,-0.059552770391338501,0.055666871134530602,0.081064915501014495,-0.027839869562198395,0.068580127850728978,0.0024835435655363655,-0.40594659757407364,0.40594659757407364,False,999,False,0.027839869562198395,0.68478183888416511,False,,,,,,,,False,,,,,,,,,,,,,28.944498948688555,0.066614126974741436,10.918516201858051,0.14097629989045163,10.542024337199035,0.14445951050933073,False,3.3306690738754696e-16,False,False,False,False,False,False,False,False,False,,,False,False,C0467,S22-B01,S22-B01-C0373,S22-B01-C0374,372,373
22,S22-P048,baseline,twfe_scalar,bjs,static,,,,,,retained_fragile,,-0.087392639953536896,-0.081565453990445805,0.055666871134530602,0.070786833544129193,-0.0058271859630910916,0.025763942989294523,0.0037228977933785432,-0.22617601527500716,0.22617601527500716,False,999,False,0.0058271859630910916,0.8210645243252066,False,,,,,,,,False,,,,,,,,,,,,,28.944498948688555,0.066614126974741436,15.790665914381538,0.10869411590690761,6.8605612043275173,0.34281706103147996,False,4.163336342344337e-16,False,False,False,True,False,False,True,False,True,,,False,False,C0468,S22-B01,S22-B01-C0373,S22-B01-C0377,372,376
22,S22-P050,baseline,twfe_scalar,csa,static,,,,,,retained_fragile,,0.081827125499413303,0.19742364926552741,0.083114267554773302,0.065500799180458494,-0.11559652376611411,0.07914971575399081,0.0024668293302538349,-1.460479329141313,1.460479329141313,False,999,False,0.11559652376611411,0.14415838451813176,False,,,,,,,,False,,,,,,,,,,,,,73.990829064663714,0.026789075085758368,6.4584949468286421,0.38386537757313305,4.5882142180591012,0.4608503668006958,False,8.3266726846886741e-17,False,False,False,True,False,True,True,False,True,,,False,False,C0469,S22-B01,S22-B01-C0379,S22-B01-C0380,378,379
22,S22-P050,baseline,twfe_scalar,bjs,static,,,,,,retained,,0.081827125499413303,0.1680601799469689,0.083114267554773302,0.085900324651260906,-0.086233054447555593,0.025425128819748632,0.0068202050354288302,-3.3916467074328138,3.3916467074328138,False,999,False,0.086233054447555593,0.0006947395845328454,True,,,,,,,,False,,,,,,,,,,,,,73.990829064663714,0.026789075085758368,52.306127993736531,0.051879864728505087,17.780605867617808,0.197160873554375,False,6.3837823915946501e-16,False,False,False,False,False,False,False,False,False,,,False,False,C0470,S22-B01,S22-B01-C0379,S22-B01-C0383,378,382
22,S22-P051,baseline,twfe_scalar,csa,static,,,,,,retained,,0.153824333530482,0.15872305767436129,0.098892002395210094,0.087383104035156894,-0.0048987241438792906,0.085743420384369246,0.0050317504346713187,-0.057132362132503785,0.057132362132503785,False,999,False,0.0048987241438792906,0.95443975726254726,False,,,,,,,,False,,,,,,,,,,,,,84.327730588071731,0.029858235407001305,59.728540987533549,0.038350589833423383,61.349684142010148,0.039389034190723142,False,1.1379786002407855e-15,False,False,False,False,False,False,False,False,False,,,False,False,C0471,S22-B01,S22-B01-C0385,S22-B01-C0386,384,385
22,S22-P051,baseline,twfe_scalar,bjs,static,,,,,,retained,,0.153824333530482,0.28852851767537607,0.098892002395210094,0.11446408859809171,-0.13470418414489407,0.048383837667871916,0.010270329984427532,-2.7840739932529379,2.7840739932529379,False,999,False,0.13470418414489407,0.0053680786487534842,True,,,,,,,,False,,,,,,,,,,,,,84.327730588071731,0.029858235407001305,61.449906774345266,0.041126997514047255,35.808280708109862,0.10726737916614,False,3.8857805861880479e-16,False,False,False,False,False,False,False,False,False,,,False,False,C0472,S22-B01,S22-B01-C0385,S22-B01-C0389,384,388
22,S22-P052,baseline,twfe_scalar,csa,static,,,,,,retained_fragile,,0.26958225505892602,0.39281109960830352,0.16385705057738659,0.1458926345220265,-0.12322884454937749,0.13925046773126515,0.014371550534160863,-0.88494384655994651,0.88494384655994651,False,999,False,0.12322884454937749,0.37618691806942245,False,,,,,,,,False,,,,,,,,,,,,,51.432400950852454,0.04896283492613334,6.6738163354658404,0.3766958339611941,5.5829914781308529,0.41497808519262652,False,2.7200464103316335e-15,False,False,False,True,False,True,True,False,True,,,False,False,C0473,S22-B01,S22-B01-C0391,S22-B01-C0392,390,391
22,S22-P052,baseline,twfe_scalar,bjs,static,,,,,,retained_fragile,,0.26958225505892602,0.34600662109447788,0.16385705057738659,0.1910782926170253,-0.076424366035551861,0.11449052750791416,0.025125983022158693,-0.66751693523526667,0.66751693523526667,False,999,False,0.076424366035551861,0.50444199589809546,False,,,,,,,,False,,,,,,,,,,,,,51.432400950852454,0.04896283492613334,5.0863375517746006,0.43510210640598324,2.7120582016415153,0.60206396468742884,False,2.7755575615628914e-16,False,False,False,True,False,True,True,False,True,,,False,False,C0474,S22-B01,S22-B01-C0391,S22-B01-C0395,390,394
22,S22-P054,baseline,twfe_scalar,csa,static,,,,,,retained_fragile,,-0.29178648971836091,-0.22436861986344431,0.042725793659299197,0.085883414673799202,-0.067417869854916601,0.072513752755346411,0.0019716050105926305,-0.92972529062696874,0.92972529062696874,False,999,False,0.067417869854916601,0.35251333648456762,False,,,,,,,,False,,,,,,,,,,,,,73.990829064663714,0.026789075085758368,6.4584949468286421,0.38386537757313305,4.5882142180591012,0.4608503668006958,False,1.9428902930940239e-16,False,False,False,True,False,True,True,False,True,,,False,False,C0475,S22-B01,S22-B01-C0397,S22-B01-C0398,396,397
22,S22-P054,baseline,twfe_scalar,bjs,static,,,,,,retained,,-0.29178648971836091,-0.31783095672050338,0.042725793659299197,0.046843056748452301,0.026044467002142468,0.016783159492175816,0.0018690454834079638,1.5518214561617081,1.5518214561617081,False,999,False,-0.026044467002142468,0.12070495053637556,False,,,,,,,,False,,,,,,,,,,,,,73.990829064663714,0.026789075085758368,52.306127993736531,0.051879864728505087,17.780605867617808,0.197160873554375,False,1.6653345369377348e-16,False,False,False,False,False,False,False,False,False,,,False,False,C0476,S22-B01,S22-B01-C0397,S22-B01-C0401,396,400
22,S22-P055,baseline,twfe_scalar,csa,static,,,,,,retained,,-0.15002112894008979,-0.15752745214385069,0.046798553432829397,0.087980876778048001,0.0075063232037609062,0.073102577306923627,0.0022933762365623602,0.10268205965222479,0.10268205965222479,False,999,False,-0.0075063232037609062,0.91821531269545287,False,,,,,,,,False,,,,,,,,,,,,,84.327730588071731,0.029858235407001305,59.728540987533549,0.038350589833423383,61.349684142010148,0.039389034190723142,False,5.8286708792820718e-16,False,False,False,False,False,False,False,False,False,,,False,False,C0477,S22-B01,S22-B01-C0403,S22-B01-C0404,402,403
22,S22-P055,baseline,twfe_scalar,bjs,static,,,,,,retained,,-0.15002112894008979,-0.13497814639081909,0.046798553432829397,0.052227056907036599,-0.015042982549270695,0.0223419532859199,0.0022093035999730098,-0.67330650801919445,0.67330650801919445,False,999,False,0.015042982549270695,0.50075231327667469,False,,,,,,,,False,,,,,,,,,,,,,84.327730588071731,0.029858235407001305,61.449906774345266,0.041126997514047255,35.808280708109862,0.10726737916614,False,1.9428902930940239e-16,False,False,False,False,False,False,False,False,False,,,False,False,C0478,S22-B01,S22-B01-C0403,S22-B01-C0407,402,406
22,S22-P056,baseline,twfe_scalar,csa,static,,,,,,retained_fragile,,-0.1967049691355795,-0.22933805625362799,0.074682228864923594,0.096043397947645298,0.032633087118048493,0.076599681257989244,0.0044671292143685258,0.42602118680023759,0.42602118680023759,False,999,False,-0.032633087118048493,0.67009240781673918,False,,,,,,,,False,,,,,,,,,,,,,51.432400950852454,0.04896283492613334,6.6738163354658404,0.3766958339611941,5.5829914781308529,0.41497808519262652,False,5.0792703376600912e-15,False,False,False,True,False,True,True,False,True,,,False,False,C0479,S22-B01,S22-B01-C0409,S22-B01-C0410,408,409
22,S22-P056,baseline,twfe_scalar,bjs,static,,,,,,retained_fragile,,-0.1967049691355795,-0.1786257949370019,0.074682228864923594,0.075996930208026406,-0.018079174198577602,0.036765199701717467,0.0050006444000846566,-0.49174693311221274,0.49174693311221274,False,999,False,0.018079174198577602,0.62289825530150122,False,,,,,,,,False,,,,,,,,,,,,,51.432400950852454,0.04896283492613334,5.0863375517746006,0.43510210640598324,2.7120582016415153,0.60206396468742884,False,1.3877787807814457e-15,False,False,False,True,False,True,True,False,True,,,False,False,C0480,S22-B01,S22-B01-C0409,S22-B01-C0413,408,412
22,S22-P058,baseline,twfe_scalar,csa,static,,,,,,retained,,-0.29440006789650652,-0.2472032004937717,0.043614435976599503,0.090386864419247703,-0.047196867402734821,0.075531204746179054,0.0021835206973455745,-0.62486580958610227,0.62486580958610227,False,999,False,0.047196867402734821,0.53205913390289006,False,,,,,,,,False,,,,,,,,,,,,,72.286866040444735,0.026355333025383405,50.599974200115462,0.040750939446433543,49.854592936672461,0.04174011606826443,False,2.4980018054066022e-16,False,False,False,False,False,False,False,False,False,,,False,False,C0481,S22-B01,S22-B01-C0415,S22-B01-C0416,414,415
22,S22-P058,baseline,twfe_scalar,bjs,static,,,,,,retained,,-0.29440006789650652,-0.29999317565133421,0.043614435976599503,0.050510610957369001,0.0055931077548276864,0.017965733570211088,0.002065386631063891,0.31132086719250901,0.31132086719250901,False,999,False,-0.0055931077548276864,0.75555670523137031,False,,,,,,,,False,,,,,,,,,,,,,72.286866040444735,0.026355333025383405,57.359226260525034,0.037355044234839527,43.633960762495313,0.085430345318218498,False,0,False,False,False,False,False,False,False,False,False,,,False,False,C0482,S22-B01,S22-B01-C0415,S22-B01-C0419,414,418
22,S22-P060,baseline,twfe_scalar,csa,static,,,,,,retained,,0.073653866153869693,0.15287549875009199,0.087889642848827401,0.085538840927779997,-0.079221632596222294,0.081722071605775048,0.0041814928199115304,-0.96940313723794469,0.96940313723794469,False,999,False,0.079221632596222294,0.33234408765865303,False,,,,,,,,False,,,,,,,,,,,,,72.286866040444735,0.026355333025383405,50.599974200115462,0.040750939446433543,49.854592936672461,0.04174011606826443,False,3.8857805861880479e-16,False,False,False,False,False,False,False,False,False,,,False,False,C0483,S22-B01,S22-B01-C0421,S22-B01-C0422,420,421
22,S22-P060,baseline,twfe_scalar,bjs,static,,,,,,retained,,0.073653866153869693,0.16125321639558909,0.087889642848827401,0.1103245764516893,-0.087599350241719401,0.03904523844531585,0.0091857854220437612,-2.2435347747819545,2.2435347747819545,False,999,False,0.087599350241719401,0.024862349994238763,True,,,,,,,,False,,,,,,,,,,,,,72.286866040444735,0.026355333025383405,57.359226260525034,0.037355044234839527,43.633960762495313,0.085430345318218498,False,2.7755575615628914e-16,False,False,False,False,False,False,False,False,False,,,False,False,C0484,S22-B01,S22-B01-C0421,S22-B01-C0425,420,424
22,S22-P062,baseline,twfe_scalar,csa,static,,,,,,excluded,twfe; modern,0.30166241695037738,-0.042843729714697,0.3817380762051234,0.1214801856678074,0.3445061466650744,0.44491088081335495,-0.018732148765720887,0.7743261887308136,0.7743261887308136,False,999,False,-0.3445061466650744,0.43873792045585086,False,,,,,,,,False,,,,,,,,,,,,,4.5181680328185196,0.32024162504729148,3.4594668870752048,0.47280070320986511,2.9257447497714559,0.55134252842796139,False,1.0408340855860843e-16,True,True,True,True,True,True,True,False,True,,,False,False,C0485,S22-B01,S22-B01-C0427,S22-B01-C0428,426,427
22,S22-P062,baseline,twfe_scalar,bjs,static,,,,,,excluded,twfe; modern,0.30166241695037738,0.49315581356069699,0.3817380762051234,0.42424272982013927,-0.19149339661031961,0.16038046722168747,0.14999197918189278,-1.1939945052387582,1.1939945052387582,False,999,False,0.19149339661031961,0.23248011745396696,False,,,,,,,,False,,,,,,,,,,,,,4.5181680328185196,0.32024162504729148,4.3015063025153406,0.33539676705842403,5.9697146494745708,0.33988518872450341,False,5.5511151231257827e-17,True,True,True,True,True,True,True,False,True,,,False,False,C0486,S22-B01,S22-B01-C0427,S22-B01-C0431,426,430
22,S22-P064,baseline,twfe_scalar,csa,static,,,,,,excluded,twfe; modern,0.38704950159857571,0.71396220063255711,0.12967362764025989,0.56629022324126932,-0.3269126990339814,0.47887369025252707,0.054089927713979108,-0.68266999354587377,0.68266999354587377,False,999,False,0.3269126990339814,0.4948153946690006,False,,,,,,,,False,,,,,,,,,,,,,4.5181680328185196,0.32024162504729148,3.4594668870752048,0.47280070320986511,2.9257447497714559,0.55134252842796139,False,6.6613381477509392e-16,True,True,True,True,True,True,True,False,True,,,False,False,C0487,S22-B01,S22-B01-C0433,S22-B01-C0434,432,433
22,S22-P064,baseline,twfe_scalar,bjs,static,,,,,,excluded,twfe; modern,0.38704950159857571,0.4573937891878268,0.12967362764025989,0.2291119126821233,-0.070344287589251098,0.13368022514407948,0.025718557821836963,-0.52621311426902961,0.52621311426902961,False,999,False,0.070344287589251098,0.598740143199747,False,,,,,,,,False,,,,,,,,,,,,,4.5181680328185196,0.32024162504729148,4.3015063025153406,0.33539676705842403,5.9697146494745708,0.33988518872450341,False,2.2204460492503131e-16,True,True,True,True,True,True,True,False,True,,,False,False,C0488,S22-B01,S22-B01-C0433,S22-B01-C0437,432,436
22,S22-P067,baseline,twfe_scalar,csa,static,,,,,,retained_fragile,,0.2714434161050529,0.36195704438717768,0.1610835292247805,0.1396736894575297,-0.090513628282124781,0.092086133007119125,0.018488393510992188,-0.98292354479829469,0.98292354479829469,False,999,False,0.090513628282124781,0.32564506884787714,False,,,,,,,,False,,,,,,,,,,,,,73.990829064663714,0.026789075085758368,6.4584949468286421,0.38386537757313305,4.5882142180591012,0.4608503668006958,False,4.9960036108132044e-16,False,False,False,True,False,True,True,False,True,,,False,False,C0489,S22-B01,S22-B01-C0439,S22-B01-C0440,438,439
22,S22-P067,baseline,twfe_scalar,bjs,static,,,,,,retained,,0.2714434161050529,0.18288050214552171,0.1610835292247805,0.13984168570671171,0.088562913959531198,0.049419300327117492,0.021530666601991825,1.7920713845261527,1.7920713845261527,False,999,False,-0.088562913959531198,0.073121531982517224,False,,,,,,,,False,,,,,,,,,,,,,73.990829064663714,0.026789075085758368,52.306127993736531,0.051879864728505087,17.780605867617808,0.197160873554375,False,1.1102230246251565e-16,False,False,False,False,False,False,False,False,False,,,False,False,C0490,S22-B01,S22-B01-C0439,S22-B01-C0443,438,442
22,S22-P069,baseline,twfe_scalar,csa,static,,,,,,retained_fragile,,0.32556377505558881,0.39687544360290938,0.17054615852971741,0.14696883725135779,-0.071311668547320572,0.098099906267834214,0.020531119851250872,-0.72692901818503386,0.72692901818503386,False,999,False,0.071311668547320572,0.46726943977209395,False,,,,,,,,False,,,,,,,,,,,,,73.990829064663714,0.026789075085758368,6.4584949468286421,0.38386537757313305,4.5882142180591012,0.4608503668006958,False,4.9960036108132044e-16,False,False,False,True,False,True,True,False,True,,,False,False,C0491,S22-B01,S22-B01-C0445,S22-B01-C0446,444,445
22,S22-P069,baseline,twfe_scalar,bjs,static,,,,,,retained,,0.32556377505558881,0.22653779940183849,0.17054615852971741,0.14358976169883739,0.09902597565375032,0.051669210815883215,0.023517152253818126,1.9165374134824127,1.9165374134824127,False,999,False,-0.09902597565375032,0.055296725727353238,False,,,,,,,,False,,,,,,,,,,,,,73.990829064663714,0.026789075085758368,52.306127993736531,0.051879864728505087,17.780605867617808,0.197160873554375,False,2.2204460492503131e-16,False,False,False,False,False,False,False,False,False,,,False,False,C0492,S22-B01,S22-B01-C0445,S22-B01-C0449,444,448
22,S22-P071,baseline,twfe_scalar,csa,static,,,,,,retained_fragile,,0.35001048233020549,0.4114439848336861,0.1669264321009947,0.1417203461628459,-0.061433502503480619,0.086836397213556821,0.020204265184727149,-0.70746259028224256,0.70746259028224256,False,999,False,0.061433502503480619,0.4792790526784122,False,,,,,,,,False,,,,,,,,,,,,,73.990829064663714,0.026789075085758368,6.4584949468286421,0.38386537757313305,4.5882142180591012,0.4608503668006958,False,4.4408920985006262e-16,False,False,False,True,False,True,True,False,True,,,False,False,C0493,S22-B01,S22-B01-C0451,S22-B01-C0452,450,451
22,S22-P071,baseline,twfe_scalar,bjs,static,,,,,,retained,,0.35001048233020549,0.25223767294571398,0.1669264321009947,0.1568587508888479,0.09777280938449151,0.051758813703495984,0.024895063334192228,1.8890079271250293,1.8890079271250293,False,999,False,-0.09777280938449151,0.058890766517633343,False,,,,,,,,False,,,,,,,,,,,,,73.990829064663714,0.026789075085758368,52.306127993736531,0.051879864728505087,17.780605867617808,0.197160873554375,False,4.4408920985006262e-16,False,False,False,False,False,False,False,False,False,,,False,False,C0494,S22-B01,S22-B01-C0451,S22-B01-C0455,450,454
22,S22-P073,baseline,twfe_scalar,csa,static,,,,,,retained_fragile,,0.39528475052590228,0.44867511825286199,0.1549227421499651,0.12991235449845909,-0.053390367726959709,0.10454031268350386,0.014974799455316577,-0.51071559244900311,0.51071559244900311,False,999,False,0.053390367726959709,0.60955022086133082,False,,,,,,,,False,,,,,,,,,,,,,73.990829064663714,0.026789075085758368,6.4584949468286421,0.38386537757313305,4.5882142180591012,0.4608503668006958,False,3.3306690738754696e-16,False,False,False,True,False,True,True,False,True,,,False,False,C0495,S22-B01,S22-B01-C0457,S22-B01-C0458,456,457
22,S22-P073,baseline,twfe_scalar,bjs,static,,,,,,retained,,0.39528475052590228,0.31148372993495471,0.1549227421499651,0.13504482206161539,0.083801020590947572,0.047969897293282632,0.019968524477294945,1.7469501774956371,1.7469501774956371,False,999,False,-0.083801020590947572,0.080645980804850012,False,,,,,,,,False,,,,,,,,,,,,,73.990829064663714,0.026789075085758368,52.306127993736531,0.051879864728505087,17.780605867617808,0.197160873554375,False,2.7755575615628914e-16,False,False,False,False,False,False,False,False,False,,,False,False,C0496,S22-B01,S22-B01-C0457,S22-B01-C0461,456,460
22,S22-P065,baseline,twfe_scalar,csa,static,,,,,,retained,,-0.085792508451120894,-0.1674352202450812,0.1106078027612744,0.11572795822140169,0.081642711793960307,0.13196544815018527,0.0041060834201461244,0.61866733253575279,0.61866733253575279,False,999,False,-0.081642711793960307,0.53613553475806031,False,,,,,,,,False,,,,,,,,,,,,,33.702777579724682,0.075116268434254257,38.826182112592875,0.062717489027079076,40.718087674982961,0.0534894126125691,False,1.1657341758564144e-15,False,False,False,False,False,False,False,False,False,,,False,False,C0497,S22-B01,S22-B01-C0463,S22-B01-C0464,462,463
22,S22-P065,baseline,twfe_scalar,bjs,static,,,,,,retained_fragile,,-0.085792508451120894,-0.0773123730167464,0.1106078027612744,0.1093312399049139,-0.0084801354343744945,0.008780554548386596,0.012055153956322812,-0.96578586097761865,0.96578586097761865,False,999,False,0.0084801354343744945,0.33415134494315085,False,,,,,,,,False,,,,,,,,,,,,,33.702777579724682,0.075116268434254257,15.64400813149431,0.16102979380110424,3.7267262403500636,0.36815332907958409,False,2.0261570199409107e-15,False,False,False,True,False,False,True,False,True,,,False,False,C0498,S22-B01,S22-B01-C0463,S22-B01-C0467,462,466
22,S22-P074,baseline,twfe_scalar,csa,static,,,,,,retained_fragile,,-0.20301087716405711,-0.1618997883803176,0.071802929413253599,0.066057419448165303,-0.041111088783739508,0.06150487995523389,0.002868196539083902,-0.66841994998871745,0.66841994998871745,False,999,False,0.041111088783739508,0.50386556434751917,False,,,,,,,,False,,,,,,,,,,,,,18.181863658661751,0.081004608371778489,8.8594721516223949,0.19120327251572175,10.260729604660868,0.16858958336107419,False,1.3877787807814457e-16,False,False,False,True,False,True,False,False,True,,,False,False,C0499,S22-B01,S22-B01-C0469,S22-B01-C0470,468,469
22,S22-P074,baseline,twfe_scalar,bjs,static,,,,,,excluded,modern,-0.20301087716405711,-0.2705446805708337,0.071802929413253599,0.054676451355943498,0.067533803406776588,0.03357339017949737,0.0035090012385293897,2.0115276725321052,2.0115276725321052,False,999,False,-0.067533803406776588,0.04426975040555374,True,,,,,,,,False,,,,,,,,,,,,,18.181863658661751,0.081004608371778489,4.4946756435122905,0.32434212933601647,2.6143547184575366,0.43675685859589841,False,1.27675647831893e-15,False,True,True,True,False,True,True,False,True,,,False,False,C0500,S22-B01,S22-B01-C0469,S22-B01-C0473,468,472
22,S22-P075,baseline,twfe_scalar,csa,static,,,,,,retained_fragile,,-0.22837292036028531,-0.2465094297225946,0.075376123670642697,0.082536172819350495,0.018136509362309289,0.080943750692537592,0.0029709445335510281,0.22406312046497914,0.22406312046497914,False,999,False,-0.018136509362309289,0.82270818852207506,False,,,,,,,,False,,,,,,,,,,,,,18.712852743477793,0.082911330140315473,9.8571209329201608,0.18122577463506401,11.224350371442217,0.16284085964264219,False,5.5511151231257827e-17,False,False,False,True,False,True,False,False,True,,,False,False,C0501,S22-B01,S22-B01-C0475,S22-B01-C0476,474,475
22,S22-P075,baseline,twfe_scalar,bjs,static,,,,,,retained_fragile,,-0.22837292036028531,-0.3393400078282931,0.075376123670642697,0.080531806842915804,0.11096708746800779,0.056386559915003465,0.004493743896974229,1.9679705170040249,1.9679705170040249,False,999,False,-0.11096708746800779,0.049071430116151296,True,,,,,,,,False,,,,,,,,,,,,,18.712852743477793,0.082911330140315473,5.1869812872738024,0.30170262547511095,3.135382276642209,0.39927064081172758,False,2.7755575615628914e-16,False,False,False,True,False,True,True,False,True,,,False,False,C0502,S22-B01,S22-B01-C0475,S22-B01-C0479,474,478
22,S22-P076,baseline,twfe_scalar,csa,static,,,,,,retained_fragile,,0.27759600406660601,0.1563815409871766,0.22546144491454451,0.16487925211445109,0.1212144630794294,0.1421973823279013,0.028898967689933802,0.85243807653163295,0.85243807653163295,False,999,False,-0.1212144630794294,0.39397099430455867,False,,,,,,,,False,,,,,,,,,,,,,18.181863658661751,0.081004608371778489,8.8594721516223949,0.19120327251572175,10.260729604660868,0.16858958336107419,False,5.5511151231257827e-17,False,False,False,True,False,True,False,False,True,,,False,False,C0503,S22-B01,S22-B01-C0481,S22-B01-C0482,480,481
22,S22-P076,baseline,twfe_scalar,bjs,static,,,,,,excluded,modern,0.27759600406660601,0.091583886604104103,0.22546144491454451,0.16229252958780521,0.1860121174625019,0.10541701778275724,0.033029490332376343,1.7645359485110323,1.7645359485110323,False,999,False,-0.1860121174625019,0.077641788519890023,False,,,,,,,,False,,,,,,,,,,,,,18.181863658661751,0.081004608371778489,4.4946756435122905,0.32434212933601647,2.6143547184575366,0.43675685859589841,False,9.8532293435482643e-16,False,True,True,True,False,True,True,False,True,,,False,False,C0504,S22-B01,S22-B01-C0481,S22-B01-C0485,480,484
22,S22-P077,baseline,twfe_scalar,csa,static,,,,,,retained_fragile,,0.33857648833753978,0.038890685604570902,0.1883114962267918,0.1717406591960135,0.29968580273296885,0.15706064107584067,0.020144014328550119,1.9080897714422167,1.9080897714422167,False,999,False,-0.29968580273296885,0.056379614504129004,False,,,,,,,,False,,,,,,,,,,,,,18.712852743477793,0.082911330140315473,9.8571209329201608,0.18122577463506401,11.224350371442217,0.16284085964264219,False,2.4980018054066022e-16,False,False,False,True,False,True,False,False,True,,,False,False,C0505,S22-B01,S22-B01-C0487,S22-B01-C0488,486,487
22,S22-P077,baseline,twfe_scalar,bjs,static,,,,,,retained_fragile,,0.33857648833753978,0.018758423153238099,0.1883114962267918,0.18664853384530519,0.31981806518430167,0.13681348074233082,0.025790483142471482,2.3376209964764696,2.3376209964764696,False,999,False,-0.31981806518430167,0.019406917762095941,True,,,,,,,,False,,,,,,,,,,,,,18.712852743477793,0.082911330140315473,5.1869812872738024,0.30170262547511095,3.135382276642209,0.39927064081172758,False,2.7061686225238191e-16,False,False,False,True,False,True,True,False,True,,,False,False,C0506,S22-B01,S22-B01-C0487,S22-B01-C0491,486,490
22,S22-P078,baseline,twfe_scalar,csa,static,,,,,,retained_fragile,,0.3335960930331206,0.089710539431972103,0.066764629591938005,0.061102217157360597,0.2438855536011485,0.058066978026486478,0.0024096113844827433,4.2000731205592166,4.2000731205592166,False,999,False,-0.2438855536011485,2.6682879455145366e-05,True,,,,,,,,False,,,,,,,,,,,,,18.181863658661751,0.081004608371778489,8.8594721516223949,0.19120327251572175,10.260729604660868,0.16858958336107419,False,5.5511151231257827e-17,False,False,False,True,False,True,False,False,True,,,False,False,C0507,S22-B01,S22-B01-C0493,S22-B01-C0494,492,493
22,S22-P078,baseline,twfe_scalar,bjs,static,,,,,,excluded,modern,0.3335960930331206,0.25181196104417097,0.066764629591938005,0.092718438710834197,0.081784131988949627,0.057313526026223138,0.0048846921879824338,1.4269603993921129,1.4269603993921129,False,999,False,-0.081784131988949627,0.15359130949825744,False,,,,,,,,False,,,,,,,,,,,,,18.181863658661751,0.081004608371778489,4.4946756435122905,0.32434212933601647,2.6143547184575366,0.43675685859589841,False,2.2204460492503131e-16,False,True,True,True,False,True,True,False,True,,,False,False,C0508,S22-B01,S22-B01-C0493,S22-B01-C0497,492,496
22,S22-P079,baseline,twfe_scalar,csa,static,,,,,,retained_fragile,,0.31085774893396889,0.16787202026321349,0.065858866317860296,0.062716037102524894,0.1429857286707554,0.060024810881106394,0.0023338568306032498,2.3821104401973563,2.3821104401973563,False,999,False,-0.1429857286707554,0.017213734082713993,True,,,,,,,,False,,,,,,,,,,,,,18.712852743477793,0.082911330140315473,9.8571209329201608,0.18122577463506401,11.224350371442217,0.16284085964264219,False,2.4980018054066022e-16,False,False,False,True,False,True,False,False,True,,,False,False,C0509,S22-B01,S22-B01-C0499,S22-B01-C0500,498,499
22,S22-P079,baseline,twfe_scalar,bjs,static,,,,,,retained_fragile,,0.31085774893396889,0.30773469081508859,0.065858866317860296,0.064753196734462795,0.0031230581188803064,0.040349026395786844,0.003451161414458974,0.077401077494311216,0.077401077494311216,False,999,False,-0.0031230581188803064,0.93830448363941243,False,,,,,,,,False,,,,,,,,,,,,,18.712852743477793,0.082911330140315473,5.1869812872738024,0.30170262547511095,3.135382276642209,0.39927064081172758,False,1.8318679906315083e-15,False,False,False,True,False,True,True,False,True,,,False,False,C0510,S22-B01,S22-B01-C0499,S22-B01-C0503,498,502
22,S22-P080,baseline,twfe_scalar,csa,static,,,,,,excluded,twfe; modern,-0.10714311922082299,-0.019770445864900201,0.18701232191745379,0.17602718829393829,-0.087372673355922789,0.22998330243417067,0.0065334300845498842,-0.37990876916350014,0.37990876916350014,False,999,False,0.087372673355922789,0.70401313768323481,False,,,,,,,,False,,,,,,,,,,,,,2.808580669446441,0.46764136396929412,1.2058599223136763,0.91010864977311967,1.7349178375306546,0.74442731307190912,False,8.3266726846886741e-17,True,True,True,True,True,True,True,False,True,,,False,False,C0511,S22-B01,S22-B01-C0505,S22-B01-C0506,504,505
22,S22-P080,baseline,twfe_scalar,bjs,static,,,,,,excluded,twfe; modern,-0.10714311922082299,-0.099814346683890304,0.18701232191745379,0.29839253269492999,-0.00732877253693269,0.21462717919379973,0.038973443034182438,-0.034146525917461285,0.034146525917461285,False,999,False,0.00732877253693269,0.97276030778138356,False,,,,,,,,False,,,,,,,,,,,,,2.808580669446441,0.46764136396929412,2.316485061463931,0.46314853665745098,2.5433727367593471,0.53096576341156454,False,3.7470027081099033e-16,True,True,True,True,True,True,True,False,True,,,False,False,C0512,S22-B01,S22-B01-C0505,S22-B01-C0509,504,508
22,S22-P081,baseline,twfe_scalar,csa,static,,,,,,excluded,twfe; modern,0.3065872077631846,0.57483921911013736,0.25424343222237461,0.48607014215176908,-0.26825201134695276,0.4740566724251743,0.038087088624412624,-0.56586485741173487,0.56586485741173487,False,999,False,0.26825201134695276,0.57148565279400154,False,,,,,,,,False,,,,,,,,,,,,,3.3607708423393992,0.43490392974301861,1.90886851677074,0.71451552871107071,3.0837307302501338,0.54600083560829626,False,4.4408920985006262e-16,True,True,True,True,True,True,True,False,True,,,False,False,C0513,S22-B01,S22-B01-C0511,S22-B01-C0512,510,511
22,S22-P081,baseline,twfe_scalar,bjs,static,,,,,,excluded,twfe; modern,0.3065872077631846,0.43672863163814851,0.25424343222237461,0.48439927556181689,-0.13014142387496391,0.35079790771751285,0.088111604467020765,-0.3709868873555624,0.3709868873555624,False,999,False,0.13014142387496391,0.71064729830210493,False,,,,,,,,False,,,,,,,,,,,,,3.3607708423393992,0.43490392974301861,4.2214643355633816,0.33597256470463766,11.922816612233936,0.20590798590613676,False,4.163336342344337e-15,True,True,True,True,True,True,False,False,True,,,False,False,C0514,S22-B01,S22-B01-C0511,S22-B01-C0515,510,514
22,S22-P082,baseline,twfe_scalar,csa,static,,,,,,excluded,twfe; modern,-0.49810707576068469,0.40816915190427999,0.1696637410665125,0.27903917097617698,-0.90627622766496474,0.32834248166070001,-0.00058007064567516017,-2.7601552594753347,2.7601552594753347,False,999,False,0.90627622766496474,0.0057773897492075501,True,,,,,,,,False,,,,,,,,,,,,,2.808580669446441,0.46764136396929412,1.2058599223136763,0.91010864977311967,1.7349178375306546,0.74442731307190912,False,2.2204460492503131e-16,True,True,True,True,True,True,True,False,True,,,False,False,C0515,S22-B01,S22-B01-C0517,S22-B01-C0518,516,517
22,S22-P082,baseline,twfe_scalar,bjs,static,,,,,,excluded,twfe; modern,-0.49810707576068469,-0.1490526208096947,0.1696637410665125,0.077216854510207503,-0.34905445495098997,0.15021957912732434,0.0060911528499723597,-2.3236282312782648,2.3236282312782648,False,999,False,0.34905445495098997,0.020145427996682078,True,,,,,,,,False,,,,,,,,,,,,,2.808580669446441,0.46764136396929412,2.316485061463931,0.46314853665745098,2.5433727367593471,0.53096576341156454,False,2.2204460492503131e-16,True,True,True,True,True,True,True,False,True,,,False,False,C0516,S22-B01,S22-B01-C0517,S22-B01-C0521,516,520
22,S22-P083,baseline,twfe_scalar,csa,static,,,,,,excluded,twfe; modern,0.5339690025225714,0.37507815948603129,0.53185169717198688,0.2852343131886324,0.15889084303654011,0.63952584340396745,-0.022384231588321101,0.24845101206672265,0.24845101206672265,False,999,False,-0.15889084303654011,0.80378546861850164,False,,,,,,,,False,,,,,,,,,,,,,3.3607708423393992,0.43490392974301861,1.90886851677074,0.71451552871107071,3.0837307302501338,0.54600083560829626,False,4.9960036108132044e-16,True,True,True,True,True,True,True,False,True,,,False,False,C0517,S22-B01,S22-B01-C0523,S22-B01-C0524,522,523
22,S22-P083,baseline,twfe_scalar,bjs,static,,,,,,excluded,twfe; modern,0.5339690025225714,-0.1437332972605892,0.53185169717198688,0.27941406271204078,0.67770229978316054,0.74770664202572756,-0.099063388151709203,0.906374588230342,0.906374588230342,False,999,False,-0.67770229978316054,0.36473761840866503,False,,,,,,,,False,,,,,,,,,,,,,3.3607708423393992,0.43490392974301861,4.2214643355633816,0.33597256470463766,11.922816612233936,0.20590798590613676,False,1.9428902930940239e-16,True,True,True,True,True,True,False,False,True,,,False,False,C0518,S22-B01,S22-B01-C0523,S22-B01-C0527,522,526
22,S22-P084,baseline,twfe_scalar,csa,static,,,,,,excluded,twfe; modern,0.021940864111532201,0.41247944520457092,0.21725553659439489,0.10019525146212011,-0.39053858109303874,0.22452040594677314,0.0034148219549860808,-1.7394346827683154,1.7394346827683154,False,999,False,0.39053858109303874,0.081958332052752852,False,,,,,,,,False,,,,,,,,,,,,,2.808580669446441,0.46764136396929412,1.2058599223136763,0.91010864977311967,1.7349178375306546,0.74442731307190912,False,6.2450045135165055e-17,True,True,True,True,True,True,True,False,True,,,False,False,C0519,S22-B01,S22-B01-C0529,S22-B01-C0530,528,529
22,S22-P084,baseline,twfe_scalar,bjs,static,,,,,,excluded,twfe; modern,0.021940864111532201,0.16776534634942181,0.21725553659439489,0.18493155315827731,-0.1458244822378896,0.21824487326857478,0.016884411413217462,-0.66816910772715488,0.66816910772715488,False,999,False,0.1458244822378896,0.50402565242673136,False,,,,,,,,False,,,,,,,,,,,,,2.808580669446441,0.46764136396929412,2.316485061463931,0.46314853665745098,2.5433727367593471,0.53096576341156454,False,6.2450045135165055e-17,True,True,True,True,True,True,True,False,True,,,False,False,C0520,S22-B01,S22-B01-C0529,S22-B01-C0533,528,532
22,S22-P085,baseline,twfe_scalar,csa,static,,,,,,excluded,twfe; modern,0.40777003438453341,0.69495523306144369,0.2605147494344523,0.38149254333713828,-0.28718519867691028,0.36835336063502794,0.038860148501807447,-0.77964593069495369,0.77964593069495369,False,999,False,0.28718519867691028,0.43559931270304375,False,,,,,,,,False,,,,,,,,,,,,,3.3607708423393992,0.43490392974301861,1.90886851677074,0.71451552871107071,3.0837307302501338,0.54600083560829626,False,5.5511151231257827e-16,True,True,True,True,True,True,True,False,True,,,False,False,C0521,S22-B01,S22-B01-C0535,S22-B01-C0536,534,535
22,S22-P085,baseline,twfe_scalar,bjs,static,,,,,,excluded,twfe; modern,0.40777003438453341,0.52568820616160372,0.2605147494344523,0.57442099444892902,-0.11791817177707031,0.38997007894795044,0.12287537553096067,-0.30237748520395824,0.30237748520395824,False,999,False,0.11791817177707031,0.76236431613048361,False,,,,,,,,False,,,,,,,,,,,,,3.3607708423393992,0.43490392974301861,4.2214643355633816,0.33597256470463766,11.922816612233936,0.20590798590613676,False,2.2204460492503131e-15,True,True,True,True,True,True,False,False,True,,,False,False,C0522,S22-B01,S22-B01-C0535,S22-B01-C0539,534,538
9,S09-P007,baseline,scalar,csa,static,,,,,,retained_fragile,,0.41732463557939192,0.75372617698233835,0.0835685829417223,0.14185152376280311,-0.33640154140294642,0.12752832034564801,0.0054210451792672002,-2.637857540122666,2.637857540122666,False,999,False,0.33640154140294642,0.0083431622916259555,True,,,,,,,,False,,,,,,,,,,,,,41.558295903601284,0.042459141787427233,8.9561354342006929,0.31070846131382535,6.805719740173279,0.37096636590503057,False,6.0673688295764805e-14,False,False,False,True,False,True,True,False,True,,,False,False,C0523,S09-B01,S09-B01-C0001,S09-B01-C0002,0,1
9,S09-P007,baseline,scalar,bjs,static,,,,,,retained,,0.41732463557939192,0.51977732329744386,0.0835685829417223,0.094024685146521,-0.10245268771805194,0.065415531828586004,0.0057725788336866046,-1.5661829057129368,1.5661829057129368,False,999,False,0.10245268771805194,0.11730580345204307,False,,,,,,,,False,,,,,,,,,,,,,41.558295903601284,0.042459141787427233,27.27987961415781,0.051406977704027967,27.767497724927569,0.052825382550380939,False,4.7961634663806763e-13,False,False,False,False,False,False,False,False,False,,,False,False,C0524,S09-B01,S09-B01-C0001,S09-B01-C0005,0,4
9,S09-P001,baseline,scalar,csa,static,,,,,,excluded,modern,-0.0880523034751855,-0.022790048895330799,0.022523386343324899,0.082714599867572694,-0.065262254579854698,0.081748526652919054,0.00033309317685016073,-0.7983294286995487,0.7983294286995487,False,999,False,0.065262254579854698,0.42467934457132911,False,,,,,,,,False,,,,,,,,,,,,,67.863493594344547,0.031755324067982184,3.693681538697251,0.4605331523842156,3.7011952577785103,0.46055154318994962,False,1.2692624729027102e-13,False,True,True,True,False,True,True,False,True,,,False,False,C0525,S09-B01,S09-B01-C0007,S09-B01-C0008,6,7
9,S09-P001,baseline,scalar,bjs,static,,,,,,retained,,-0.0880523034751855,-0.14619999938367051,0.022523386343324899,0.027789375069623,0.058147695908485009,0.021713831327882464,0.00040403091409756575,2.677910453961124,2.677910453961124,False,999,False,-0.058147695908485009,0.0074083021158601629,True,,,,,,,,False,,,,,,,,,,,,,67.863493594344547,0.031755324067982184,32.588891737714398,0.08182721840528262,25.968660264286488,0.097712176387172126,False,8.4958734491991095e-11,False,False,False,False,False,False,False,False,False,,,False,False,C0526,S09-B01,S09-B01-C0007,S09-B01-C0011,6,10
9,S09-P002,baseline,scalar,csa,static,,,,,,excluded,modern,-0.094375468848066704,-0.82725786126790202,0.029553507491883301,0.18331358738610279,0.73288239241983533,0.18665224533127123,-0.00018088978088493337,3.926459020726552,3.926459020726552,False,999,False,-0.73288239241983533,8.6205571207988304e-05,True,,,,,,,,False,,,,,,,,,,,,,63.236147315428589,0.038699164999214053,3.1913431655797875,0.4961131851064069,3.204791411890703,0.4957145559848174,False,1.8529622280993863e-13,False,True,True,True,False,True,True,False,True,,,False,False,C0527,S09-B01,S09-B01-C0013,S09-B01-C0014,12,13
9,S09-P002,baseline,scalar,bjs,static,,,,,,retained,,-0.094375468848066704,-0.12605759110402609,0.029553507491883301,0.048888280522840798,0.031682122255959386,0.037535106063789826,0.00092729479516641573,0.84406641084526401,0.84406641084526401,False,999,False,-0.031682122255959386,0.39863229610436079,False,,,,,,,,False,,,,,,,,,,,,,63.236147315428589,0.038699164999214053,22.558804726482432,0.11042568487637422,15.799055723133643,0.14792042806522518,False,3.3803404519971991e-11,False,False,False,False,False,False,False,False,False,,,False,False,C0528,S09-B01,S09-B01-C0013,S09-B01-C0017,12,16
9,S09-P003,baseline,scalar,csa,static,,,,,,excluded,modern,-0.067068622157500299,-0.64723584199581963,0.035883872030833201,0.26266620462281021,0.58016721983831931,0.2623800903139839,0.00071893776485144358,2.2111708977005353,2.2111708977005353,False,999,False,-0.58016721983831931,0.027024004862316809,True,,,,,,,,False,,,,,,,,,,,,,64.393041886560212,0.033961173804980885,3.8343199276151934,0.43530052214146076,3.8517830896500209,0.43497084857178997,False,3.196609643651982e-13,False,True,True,True,False,True,True,False,True,,,False,False,C0529,S09-B01,S09-B01-C0019,S09-B01-C0020,18,19
9,S09-P003,baseline,scalar,bjs,static,,,,,,retained,,-0.067068622157500299,-0.1073157313149992,0.035883872030833201,0.049414126574785902,0.040247109157498906,0.033536601766976537,0.0013023522594987052,1.2000950316060406,1.2000950316060406,False,999,False,-0.040247109157498906,0.23010243492247523,False,,,,,,,,False,,,,,,,,,,,,,64.393041886560212,0.033961173804980885,20.885138866431081,0.12334170638530849,14.431277438247612,0.16433605724507386,False,2.4050941793696268e-11,False,False,False,False,False,False,False,False,False,,,False,False,C0530,S09-B01,S09-B01-C0019,S09-B01-C0023,18,22
9,S09-P004,baseline,scalar,csa,static,,,,,,excluded,modern,-0.13160890727524019,-0.11552716538374,0.025010513240908399,0.12903992765721281,-0.01608174189150019,0.12474228629043922,0.00085809535669323226,-0.1289197301872185,0.1289197301872185,False,999,False,0.01608174189150019,0.89742116451783527,False,,,,,,,,False,,,,,,,,,,,,,27.160168075107485,0.071144233804149484,4.4159014381002208,0.29447930056984328,4.4658043206491058,0.29288842168383766,False,6.3421490281712067e-14,False,True,True,True,False,True,True,False,True,,,False,False,C0531,S09-B01,S09-B01-C0025,S09-B01-C0026,24,25
9,S09-P004,baseline,scalar,bjs,static,,,,,,retained,,-0.13160890727524019,-0.16866309144077621,0.025010513240908399,0.0341583516187524,0.037054184165536019,0.027292836070748856,0.00052370992854960854,1.3576523916196788,1.3576523916196788,False,999,False,-0.037054184165536019,0.17457401010651624,False,,,,,,,,False,,,,,,,,,,,,,27.160168075107485,0.071144233804149484,14.834751135382017,0.14195327827603998,12.977698509720728,0.15418050821007412,False,7.7758327554633411e-11,False,False,False,False,False,False,False,False,False,,,False,False,C0532,S09-B01,S09-B01-C0025,S09-B01-C0029,24,28
9,S09-P005,baseline,scalar,csa,static,,,,,,excluded,modern,-0.13108768648330171,-1.0755683297778045,0.041048092072396798,0.24526024141008801,0.94448064329450276,0.24762961932105082,0.00025855175711504339,3.8140859154251148,3.8140859154251148,False,999,False,-0.94448064329450276,0.00013668791338532587,True,,,,,,,,False,,,,,,,,,,,,,28.201094782625169,0.066677376661551782,3.7308220286110685,0.39134801219650683,3.8005371007872575,0.38793199460127065,False,6.1808891338444027e-13,False,True,True,True,False,True,True,False,True,,,False,False,C0533,S09-B01,S09-B01-C0031,S09-B01-C0032,30,31
9,S09-P005,baseline,scalar,bjs,static,,,,,,retained_fragile,,-0.13108768648330171,-0.090226797931741307,0.041048092072396798,0.083512701311219101,-0.040860888551560406,0.070253852181662121,0.0018618566983590217,-0.58161776589705705,0.58161776589705705,False,999,False,0.040860888551560406,0.56082417350855374,False,,,,,,,,False,,,,,,,,,,,,,28.201094782625169,0.066677376661551782,7.8132176266674485,0.23758956898717967,6.1789558371846889,0.28031832700706283,False,2.9873464812979478e-11,False,False,False,True,False,True,True,False,True,,,False,False,C0534,S09-B01,S09-B01-C0031,S09-B01-C0035,30,34
9,S09-P006,baseline,scalar,csa,static,,,,,,excluded,modern,-0.1521593393054268,-0.42782448048563138,0.050877218183487803,0.38065337372811198,0.27566514118020458,0.38059702988887734,0.0013156915502244568,0.72429661697751646,0.72429661697751646,False,999,False,-0.27566514118020458,0.46888365347433925,False,,,,,,,,False,,,,,,,,,,,,,29.322109722604985,0.061802430948041297,3.7213031658207312,0.39184983521638994,3.7805283679538744,0.38894116007115276,False,4.3079428913017637e-13,False,True,True,True,False,True,True,False,True,,,False,False,C0535,S09-B01,S09-B01-C0037,S09-B01-C0038,36,37
9,S09-P006,baseline,scalar,bjs,static,,,,,,retained_fragile,,-0.1521593393054268,-0.1333375366381683,0.050877218183487803,0.070862419291298301,-0.018821802667258497,0.053450356882592788,0.0023765165735147348,-0.35213614585589803,0.35213614585589803,False,999,False,0.018821802667258497,0.72473616178714395,False,,,,,,,,False,,,,,,,,,,,,,29.322109722604985,0.061802430948041297,8.3647664630257026,0.22231683888759407,7.0012741003776977,0.2549428367361401,False,2.2242457875520927e-11,False,False,False,True,False,True,True,False,True,,,False,False,C0536,S09-B01,S09-B01-C0037,S09-B01-C0041,36,40
14,S14-P001,baseline,twfe_scalar,csa,static,,,,,,retained,,0.22621232460038229,0.27577098512117382,0.024755772333430001,0.051737408416800378,-0.049558660520791525,0.043477111075636628,0.00069967425301408945,-1.139879336384032,1.139879336384032,False,999,False,0.049558660520791525,0.25433657492550255,False,,,,,,,,False,,,,,,,,,,,,,733.23310670599926,0.0021105829042567981,369.48106384128204,0.0048337294710052315,360.8869521268677,0.004997644813526974,False,5.5511151231257827e-16,False,False,False,False,False,False,False,False,False,,,False,False,C0537,S14-B01,S14-B01-C0001,S14-B01-C0002,0,1
14,S14-P001,baseline,twfe_scalar,bjs,static,,,,,,retained,,0.22621232460038229,0.3371727330470618,0.024755772333430001,0.030148368238019089,-0.11096040844667951,0.010059787790240067,0.00071028652042757665,-11.030094347947626,11.030094347947626,False,999,False,0.11096040844667951,2.7357789363296864e-28,True,,,,,,,,False,,,,,,,,,,,,,733.23310670599926,0.0021105829042567981,689.12611764086057,0.0034217102230413837,235.02454802779999,0.012254835505225855,False,3.8857805861880479e-16,False,False,False,False,False,False,False,False,False,,,False,False,C0538,S14-B01,S14-B01-C0001,S14-B01-C0005,0,4
14,S14-P002,baseline,twfe_scalar,csa,static,,,,,,retained,,0.16412684992852269,0.12302188823881832,0.036818926285966898,0.092739577994214936,0.041104961689704372,0.083173509007049146,0.0015192150294254265,0.49420737660858621,0.49420737660858621,False,999,False,-0.041104961689704372,0.62115973067874886,False,,,,,,,,False,,,,,,,,,,,,,544.99926471918764,0.0035599670442872807,271.86294863331801,0.0079527431910260127,260.73549894433006,0.0083491382402453157,False,6.9388939039072284e-17,False,False,False,False,False,False,False,False,False,,,False,False,C0539,S14-B01,S14-B01-C0007,S14-B01-C0008,6,7
14,S14-P002,baseline,twfe_scalar,bjs,static,,,,,,retained,,0.16412684992852269,0.20461268490981832,0.036818926285966898,0.042030449337099686,-0.040485834981295626,0.0082732970812794768,0.0015268722798674303,-4.8935550825203098,4.8935550825203098,False,999,False,0.040485834981295626,9.9030580321582765e-07,True,,,,,,,,False,,,,,,,,,,,,,544.99926471918764,0.0035599670442872807,502.43244133014633,0.0051801295553202667,126.37402146052059,0.020078617993006826,False,1.3877787807814457e-16,False,False,False,False,False,False,False,False,False,,,False,False,C0540,S14-B01,S14-B01-C0007,S14-B01-C0011,6,10
14,S14-P003,baseline,twfe_scalar,csa,static,,,,,,retained,,0.19974025646346216,0.19537998994584185,0.026848403076288656,0.056962965375290497,0.0043602665176203093,0.050209412301495608,0.00072231554421591589,0.086841616297716126,0.086841616297716126,False,999,False,-0.0043602665176203093,0.93079740753549867,False,,,,,,,,False,,,,,,,,,,,,,537.7030449615429,0.0038693873496181714,148.25568287599529,0.060366739647354478,140.55137655573495,0.06296989238945333,False,3.8857805861880479e-16,False,False,False,False,False,False,False,False,False,,,False,False,C0541,S14-B01,S14-B01-C0013,S14-B01-C0014,12,13
14,S14-P003,baseline,twfe_scalar,bjs,static,,,,,,retained,,0.19974025646346216,0.26285794150883507,0.026848403076288656,0.031049550427489941,-0.063117685045372907,0.017557241695227623,0.00068832729677573395,-3.5949658916257579,3.5949658916257579,False,999,False,0.063117685045372907,0.00032443407905953709,True,,,,,,,,False,,,,,,,,,,,,,537.7030449615429,0.0038693873496181714,51.003647727714153,0.10354978938472596,12.961782864933944,0.22442711960029646,False,1.1102230246251565e-16,False,False,False,False,False,False,False,False,False,,,False,False,C0542,S14-B01,S14-B01-C0013,S14-B01-C0017,12,16
14,S14-P004,baseline,twfe_scalar,csa,static,,,,,,retained,,0.17157935762852211,0.09719525040532305,0.038907270833760825,0.10658991265912024,0.074384107223199061,0.095965011472440409,0.0018329508887524393,0.77511695233383016,0.77511695233383016,False,999,False,-0.074384107223199061,0.43827055526481268,False,,,,,,,,False,,,,,,,,,,,,,414.79383434741436,0.0059835524206016079,164.40235948301157,0.047605429216610068,154.26047793943852,0.0502856462049317,False,2.7755575615628914e-17,False,False,False,False,False,False,False,False,False,,,False,False,C0543,S14-B01,S14-B01-C0019,S14-B01-C0020,18,19
14,S14-P004,baseline,twfe_scalar,bjs,static,,,,,,retained,,0.17157935762852211,0.17877592028037464,0.038907270833760825,0.047083813907207631,-0.0071965626518525339,0.023346888509735434,0.001592792026347079,-0.30824504296800126,0.30824504296800126,False,999,False,0.0071965626518525339,0.75789588059181479,False,,,,,,,,False,,,,,,,,,,,,,414.79383434741436,0.0059835524206016079,58.126854613160198,0.088748666625572167,12.580037949352649,0.20907336035918023,False,2.7755575615628914e-17,False,False,False,False,False,False,False,False,False,,,False,False,C0544,S14-B01,S14-B01-C0019,S14-B01-C0023,18,22
6,S06-P001,baseline,twfe_scalar,csa,static,,,,,,retained,,0.18268489130830309,-0.14677755918588589,0.054928430213172903,0.17654323178547421,0.32946245049418899,0.18309185994073862,0.00033100797919203027,1.7994380012351514,1.7994380012351514,False,999,False,-0.32946245049418899,0.071949422903698559,False,,,,,,,,False,,,,,,,,,,,,,57.68308705505946,0.034753104954985188,12.21005032440827,0.19988585036774512,12.595017319429903,0.19675360766317998,False,3.0808688933348094e-15,False,False,False,False,False,False,False,False,False,,,False,False,C0545,S06-B01,S06-B01-C0001,S06-B01-C0002,0,1
6,S06-P001,baseline,twfe_scalar,bjs,static,,,,,,retained,,0.18268489130830309,-0.0061453746773227997,0.054928430213172903,0.12655732719773721,0.18883026598562588,0.1326849724681107,0.00071429379712762049,1.4231473427106378,1.4231473427106378,False,999,False,-0.18883026598562588,0.15469344663908208,False,,,,,,,,False,,,,,,,,,,,,,57.68308705505946,0.034753104954985188,18.258901949385475,0.1810514653570309,14.944176155233935,0.21105660595097267,False,4.644722106927901e-15,False,False,False,False,False,False,False,False,False,,,False,False,C0546,S06-B01,S06-B01-C0001,S06-B01-C0005,0,4
20,S20-P001,baseline,event_study_post_average,csa,post,"[0, 1, 2, 3, 4, 5, 6, 7, 8, 9, 10, 11, 12, 13, 14, 15, 16, 17, 18, 19, 20]","[0, 1, 2, 3, 4, 5, 6, 7, 8, 9, 10, 11, 12, 13, 14, 15, 16, 17, 18, 19, 20]",,,,retained,,-0.30101327385862231,-0.2749585511273625,0.055938887061690201,0.050778872697152401,-0.026054722731259805,0.03540651219436218,0.0022270159461623136,-0.73587374515269333,0.73587374515269333,False,999,False,0.026054722731259805,0.46180753657724438,False,,,,,,,,False,,,,,,,,,,,,,15.623204077730112,0.18061802672731761,21.364132481950691,0.1217913960251885,26.326200865430661,0.083016360101247202,False,7.230327447871332e-13,False,False,False,False,False,False,False,False,False,,,False,False,C0547,S20-B01,S20-B01-C0001,S20-B01-C0002,0,1
20,S20-P001,baseline,event_study_post_average,bjs,post,"[0, 1, 2, 3, 4, 5, 6, 7, 8, 9, 10, 11, 12, 13, 14, 15, 16, 17, 18, 19, 20]","[0, 1, 2, 3, 4, 5, 6, 7, 8, 9, 10, 11, 12, 13, 14, 15, 16, 17, 18, 19, 20]",,,,retained,,-0.30101327385862231,-0.31161372460204922,0.055938887061690201,0.057359197512039703,0.010600450743426915,0.052867431979761334,0.0018121356303955141,0.20051003702023903,0.20051003702023903,False,999,False,-0.010600450743426915,0.84108170898254664,False,,,,,,,,False,,,,,,,,,,,,,15.623204077730112,0.18061802672731761,23.791134475833111,0.10222188024408629,16.165235653068621,0.1742750459208747,False,7.230327447871332e-13,False,False,False,False,False,False,False,False,False,,,False,False,C0548,S20-B01,S20-B01-C0001,S20-B01-C0005,0,4
2,S02-P005,baseline,twfe_scalar,csa,static,,,,,,excluded,modern,-0.25440986170827229,-0.27450603558315706,0.064553156970070719,0.079009016544909952,0.020096173874884771,0.061959716577280138,0.0032852641459297787,0.32434257264265454,0.32434257264265454,False,999,False,-0.020096173874884771,0.74567869191758218,False,,,,,,,,False,,,,,,,,,,,,,31.663725829103626,0.066802219000247215,4.0125255052050113,0.37676597165234732,4.5189178541257133,0.35280683963920961,False,2.9021229863701592e-13,False,True,True,True,False,True,True,False,True,,,False,False,C0549,S02-B02,S02-B02-C0001,S02-B02-C0002,0,1
2,S02-P005,baseline,twfe_scalar,bjs,static,,,,,,retained_fragile,,-0.25440986170827229,-0.33212500284855584,0.064553156970070719,0.10485798161959722,0.07771514114028355,0.062977306583677228,0.0055980826198019518,1.2340181782309843,1.2340181782309843,False,999,False,-0.07771514114028355,0.21719613056510823,False,,,,,,,,False,,,,,,,,,,,,,31.663725829103626,0.066802219000247215,16.809953939534047,0.14865181186391355,5.8350908656434601,0.29113002203790889,False,6.1805116580160302e-11,False,False,False,True,False,False,True,False,True,,,False,False,C0550,S02-B02,S02-B02-C0001,S02-B02-C0005,0,4
2,S02-P004,baseline,twfe_scalar,csa,static,,,,,,excluded,modern,-0.13755689670757285,-0.0012616929578440324,0.046483512927028098,0.0389213641252888,-0.13629520374972881,0.058758462557929284,0.00011151631861946421,-2.3195842405739762,2.3195842405739762,False,999,False,0.13629520374972881,0.020363379191947355,True,,,,,,,,False,,,,,,,,,,,,,31.396134292941458,0.063628374829657303,4.1958639487782934,0.35332967801841364,3.9883263322735738,0.40641288358194089,False,2.9587443606260422e-13,False,True,True,True,False,True,True,False,True,,,False,False,C0551,S02-B02,S02-B02-C0007,S02-B02-C0008,6,7
2,S02-P004,baseline,twfe_scalar,bjs,static,,,,,,retained_fragile,,-0.13755689670757285,-0.16733591086402549,0.046483512927028098,0.062941941821725411,0.029779014156452649,0.026788360848455997,0.0027023943686897817,1.1116400262380752,1.1116400262380752,False,999,False,-0.029779014156452649,0.26629295559613186,False,,,,,,,,False,,,,,,,,,,,,,31.396134292941458,0.063628374829657303,22.400895131074655,0.12872220856670502,6.9605938762421955,0.29773112484108094,False,6.8200750602542826e-11,False,False,False,True,False,False,True,False,True,,,False,False,C0552,S02-B02,S02-B02-C0007,S02-B02-C0011,6,10
2,S02-P001,baseline,twfe_scalar,csa,static,,,,,,excluded,modern,-0.096799464169344832,0.012445613281771203,0.03992959950599332,0.038970808899756806,-0.10924507745111603,0.058924517106611903,-0.00017950092661850599,-1.8539834149757957,1.8539834149757957,False,999,False,0.10924507745111603,0.063741532782944199,False,,,,,,,,False,,,,,,,,,,,,,30.96346286992112,0.066526781386495801,3.565605761168769,0.39995384423488828,3.9128983153769852,0.38499237683242199,False,3.2567004648598186e-13,False,True,True,True,False,True,True,False,True,,,False,False,C0553,S02-B02,S02-B02-C0013,S02-B02-C0014,12,13
2,S02-P001,baseline,twfe_scalar,bjs,static,,,,,,retained_fragile,,-0.096799464169344832,-0.11304936398167499,0.03992959950599332,0.053067152329361218,0.01624989981233016,0.020450476969581657,0.0019961367823866302,0.79459759478962289,0.79459759478962289,False,999,False,-0.01624989981233016,0.42684761790077358,False,,,,,,,,False,,,,,,,,,,,,,30.96346286992112,0.066526781386495801,18.940382404502085,0.14082802594497193,5.5840322842569803,0.31491116984505962,False,8.6986695624347021e-11,False,False,False,True,False,False,True,False,True,,,False,False,C0554,S02-B02,S02-B02-C0013,S02-B02-C0017,12,16
2,S02-P002,baseline,twfe_scalar,csa,static,,,,,,excluded,twfe,-0.21113054322374883,-0.031296249740273265,0.13913310727342768,0.049171568505039391,-0.17983429348347557,0.12095232248222519,0.0035732001874803619,-1.4868196806217053,1.4868196806217053,False,999,False,0.17983429348347557,0.13706244213770488,False,,,,,,,,False,,,,,,,,,,,,,3.6443572713058252,0.39544225319181864,5.5212012990334154,0.22698510423129209,4.4218171095246479,0.3514189164303213,False,1.1465273175303992e-12,True,False,True,True,True,True,True,False,True,,,False,False,C0555,S02-B02,S02-B02-C0019,S02-B02-C0020,18,19
2,S02-P002,baseline,twfe_scalar,bjs,static,,,,,,excluded,twfe; modern,-0.21113054322374883,-0.21093619796818525,0.13913310727342768,0.14732070149191864,-0.00019434525556358273,0.022760069478330428,0.020271694932485852,-0.0085388691694731587,0.0085388691694731587,False,999,False,0.00019434525556358273,0.99318705091434523,False,,,,,,,,False,,,,,,,,,,,,,3.6443572713058252,0.39544225319181864,3.9990253831971847,0.36446702973686673,5.1166440812392917,0.31296692061260584,False,8.7006735149941505e-11,True,True,True,True,True,True,True,False,True,,,False,False,C0556,S02-B02,S02-B02-C0019,S02-B02-C0023,18,22
2,S02-P003,baseline,twfe_scalar,csa,static,,,,,,excluded,modern,-0.27681013131674809,-0.24545783667650509,0.078663302352835182,0.091069248122973873,-0.031352294640243,0.06185976615493842,0.0053274462109968394,-0.50682853474931977,0.50682853474931977,False,999,False,0.031352294640243,0.61227513296059766,False,,,,,,,,False,,,,,,,,,,,,,20.177679121302063,0.096706290371828443,4.3082088725950971,0.3538897720175545,4.2534811229424037,0.35995664475039646,False,3.6820546611693317e-13,False,True,True,True,False,True,True,False,True,,,False,False,C0557,S02-B02,S02-B02-C0025,S02-B02-C0026,24,25
2,S02-P003,baseline,twfe_scalar,bjs,static,,,,,,retained_fragile,,-0.27681013131674809,-0.35266179554455679,0.078663302352835182,0.12337986867747536,0.075851664227808702,0.065833600758982494,0.0085382220715157636,1.1521724978328687,1.1521724978328687,False,999,False,-0.075851664227808702,0.24925019661367068,False,,,,,,,,False,,,,,,,,,,,,,20.177679121302063,0.096706290371828443,16.662483973915581,0.12546429443120069,6.2566024155954238,0.2766291630592117,False,7.5555339762445328e-11,False,False,False,True,False,False,True,False,True,,,False,False,C0558,S02-B02,S02-B02-C0025,S02-B02-C0029,24,28
2,S02-P020,baseline,twfe_scalar,csa,static,,,,,,excluded,modern,-0.027004148136156876,-0.044659813879835739,0.0082681098634330256,0.039594938239254744,0.017655665743678862,0.040919673503631238,-1.9149452379792195e-05,0.43147132496333551,0.43147132496333551,False,999,False,-0.017655665743678862,0.66612569827348189,False,,,,,,,,False,,,,,,,,,,,,,28.820310847443455,0.07704506372814672,4.2612681740105751,0.38927835549978934,5.024971093457725,0.34766727845583884,False,1.8379291144565713e-12,False,True,True,True,False,True,True,False,True,,,False,False,C0559,S02-B02,S02-B02-C0031,S02-B02-C0032,30,31
2,S02-P020,baseline,twfe_scalar,bjs,static,,,,,,retained_fragile,,-0.027004148136156876,-0.019738496589255927,0.0082681098634330256,0.0092253053066539033,-0.0072656515469009496,0.0056080959800162119,6.1008579096850553e-05,-1.2955647643676644,1.2955647643676644,False,999,False,0.0072656515469009496,0.19512547513128109,False,,,,,,,,False,,,,,,,,,,,,,28.820310847443455,0.07704506372814672,17.839820731497657,0.14510264356628166,6.4110133139947676,0.27876994247679276,False,1.1821840381620596e-10,False,False,False,True,False,False,True,False,True,,,False,False,C0560,S02-B02,S02-B02-C0031,S02-B02-C0035,30,34
2,S02-P019,baseline,twfe_scalar,csa,static,,,,,,excluded,modern,-0.025791258435499089,-0.064522086697508155,0.010524256019974461,0.052787702664483446,0.038730828262009062,0.05137769074364066,0.00012881720560935163,0.75384525270441471,0.75384525270441471,False,999,False,-0.038730828262009062,0.45094214764619911,False,,,,,,,,False,,,,,,,,,,,,,28.314464551543381,0.076214112914113188,4.4633789451303221,0.36282951224195037,4.912699156233832,0.3252029659299599,False,1.55170321036735e-12,False,True,True,True,False,True,True,False,True,,,False,False,C0561,S02-B02,S02-B02-C0037,S02-B02-C0038,36,37
2,S02-P019,baseline,twfe_scalar,bjs,static,,,,,,retained_fragile,,-0.025791258435499089,-0.02731646496560379,0.010524256019974461,0.015739933006936425,0.0015252065301047009,0.011983563591725267,0.00010744982973994606,0.12727487265623277,0.12727487265623277,False,999,False,-0.0015252065301047009,0.89872284726760077,False,,,,,,,,False,,,,,,,,,,,,,28.314464551543381,0.076214112914113188,24.796351757841119,0.098147183630879681,8.8067257881368946,0.22570989539695513,False,1.5000563985401172e-10,False,False,False,True,False,False,True,False,True,,,False,False,C0562,S02-B02,S02-B02-C0037,S02-B02-C0041,36,40
2,S02-P016,baseline,twfe_scalar,csa,static,,,,,,excluded,modern,-0.030835780731714224,-0.099202786544669533,0.011579835089947402,0.055148434885571029,0.068367005812955309,0.054275048558591034,0.00011483077750051548,1.2596396986941747,1.2596396986941747,False,999,False,-0.068367005812955309,0.20779936767875432,False,,,,,,,,False,,,,,,,,,,,,,28.22015760671205,0.080678160320819592,3.5367951514160834,0.44481859598839207,4.0206551908866759,0.42380588208755449,False,1.732711196744674e-12,False,True,True,True,False,True,True,False,True,,,False,False,C0563,S02-B02,S02-B02-C0043,S02-B02-C0044,42,43
2,S02-P016,baseline,twfe_scalar,bjs,static,,,,,,retained_fragile,,-0.030835780731714224,-0.051291102387261887,0.011579835089947402,0.016240504669830891,0.020455321655547663,0.011647885058273218,0.00013108667315521583,1.7561404111743644,1.7561404111743644,False,999,False,-0.020455321655547663,0.079064436418811015,False,,,,,,,,False,,,,,,,,,,,,,28.22015760671205,0.080678160320819592,18.004529551124957,0.1381167405356479,5.5908531907386569,0.29813982426311292,False,1.3193275638645474e-10,False,False,False,True,False,False,True,False,True,,,False,False,C0564,S02-B02,S02-B02-C0043,S02-B02-C0047,42,46
2,S02-P017,baseline,twfe_scalar,csa,static,,,,,,excluded,twfe,-0.025646482062219592,0.014301269089937462,0.012656332819527336,0.068337220274488047,-0.039947751152157054,0.071677313329078687,-0.00015373940539618818,-0.55732768566188284,0.55732768566188284,False,999,False,0.039947751152157054,0.57730356318744391,False,,,,,,,,False,,,,,,,,,,,,,3.3670307020602803,0.46183706915808215,5.2354130336340887,0.25824644750108866,4.4601172629095229,0.38277775611585513,False,5.2130973149377979e-12,True,False,True,True,True,True,True,False,True,,,False,False,C0565,S02-B02,S02-B02-C0049,S02-B02-C0050,48,49
2,S02-P017,baseline,twfe_scalar,bjs,static,,,,,,excluded,twfe; modern,-0.025646482062219592,-0.027389280582845472,0.012656332819527336,0.011251208047087128,0.0017427985206258795,0.0065288793900017596,0.00012207308843414658,0.26693685340470191,0.26693685340470191,False,999,False,-0.0017427985206258795,0.78951778092215508,False,,,,,,,,False,,,,,,,,,,,,,3.3670307020602803,0.46183706915808215,3.7523651432367648,0.42768299864366888,5.0848597413023144,0.28896088635432177,False,1.3584633418162184e-10,True,True,True,True,True,True,True,False,True,,,False,False,C0566,S02-B02,S02-B02-C0049,S02-B02-C0053,48,52
2,S02-P018,baseline,twfe_scalar,csa,static,,,,,,excluded,modern,-0.031382691622902373,-0.026574957613744798,0.0094642453840001941,0.043210253949938139,-0.004807734009157575,0.044158314368794083,3.370629606733727e-06,-0.10887494411596285,0.10887494411596285,False,999,False,0.004807734009157575,0.91330168018378932,False,,,,,,,,False,,,,,,,,,,,,,18.535163028706581,0.11198449645504646,4.2924940490480523,0.38609590993538823,4.5655989197818894,0.37555174296957422,False,1.7126300377867665e-12,False,True,True,True,False,True,True,False,True,,,False,False,C0567,S02-B02,S02-B02-C0055,S02-B02-C0056,54,55
2,S02-P018,baseline,twfe_scalar,bjs,static,,,,,,retained_fragile,,-0.031382691622902373,-0.022161708529788417,0.0094642453840001941,0.011465310231948314,-0.0092209830931139561,0.0064701976379940686,8.9580910964341849e-05,-1.425147052536204,1.425147052536204,False,999,False,0.0092209830931139561,0.15411469782272846,False,,,,,,,,False,,,,,,,,,,,,,18.535163028706581,0.11198449645504646,16.507036890801292,0.1241744952949943,6.4949981542110713,0.26667579171396177,False,1.4287459410011749e-10,False,False,False,True,False,False,True,False,True,,,False,False,C0568,S02-B02,S02-B02-C0055,S02-B02-C0059,54,58
2,S02-P010,baseline,twfe_scalar,csa,static,,,,,,excluded,modern,-0.15187462114543143,-0.076081167732542643,0.031431981218239306,0.031606178837036078,-0.075793453412888789,0.036400085719425483,0.0003309768718004661,-2.0822328276122826,2.0822328276122826,False,999,False,0.075793453412888789,0.03732120812307254,True,,,,,,,,False,,,,,,,,,,,,,31.957049571920521,0.066185597973098448,4.071043400455733,0.37315157614376226,4.5627349547384828,0.35217600243581809,False,1.065009191947297e-12,False,True,True,True,False,True,True,False,True,,,False,False,C0569,S02-B02,S02-B02-C0061,S02-B02-C0062,60,61
2,S02-P010,baseline,twfe_scalar,bjs,static,,,,,,retained_fragile,,-0.15187462114543143,-0.19642524359952193,0.031431981218239306,0.039062928479838076,0.044550622454090499,0.017958503696849298,0.0010956869848474716,2.4807535864976664,2.4807535864976664,False,999,False,-0.044550622454090499,0.013110497088175589,True,,,,,,,,False,,,,,,,,,,,,,31.957049571920521,0.066185597973098448,18.136058846311204,0.14014175067849738,6.2169494549501021,0.29817530634558131,False,1.8558854453232243e-10,False,False,False,True,False,False,True,False,True,,,False,False,C0570,S02-B02,S02-B02-C0061,S02-B02-C0065,60,64
2,S02-P009,baseline,twfe_scalar,csa,static,,,,,,excluded,modern,-0.079697112173354803,0.010695038597375564,0.035374081299408444,0.051628069882797285,-0.090392150770730373,0.046116272781780168,0.0008950363061583003,-1.9600922910327421,1.9600922910327421,False,999,False,0.090392150770730373,0.049985004121829553,True,,,,,,,,False,,,,,,,,,,,,,31.433102164622706,0.066716404678050303,4.5519073527438376,0.28866431387970953,4.5209703673101869,0.33659280202892072,False,1.12372611216216e-12,False,True,True,True,False,True,True,False,True,,,False,False,C0571,S02-B02,S02-B02-C0067,S02-B02-C0068,66,67
2,S02-P009,baseline,twfe_scalar,bjs,static,,,,,,retained_fragile,,-0.079697112173354803,-0.081775156404647484,0.035374081299408444,0.041860078232998039,0.0020780442312926806,0.014724067426312919,0.0013933968079376325,0.14113248541493859,0.14113248541493859,False,999,False,-0.0020780442312926806,0.88776528083922002,False,,,,,,,,False,,,,,,,,,,,,,31.433102164622706,0.066716404678050303,24.446814410527885,0.11823773132113878,7.2681360557927315,0.29073451715294457,False,2.2432865287580483e-10,False,False,False,True,False,False,True,False,True,,,False,False,C0572,S02-B02,S02-B02-C0067,S02-B02-C0071,66,70
2,S02-P006,baseline,twfe_scalar,csa,static,,,,,,excluded,modern,-0.029801824693312856,0.08525896044912272,0.025878112201409988,0.062006396667439928,-0.11506078514243558,0.062443885915516736,0.00030761551527930009,-1.8426269194410276,1.8426269194410276,False,999,False,0.11506078514243558,0.065383500762439165,False,,,,,,,,False,,,,,,,,,,,,,31.195264390060274,0.067579050475908967,3.5762788235175482,0.40835077693623612,3.8682094441563066,0.39728803517801098,False,8.4454318538540463e-13,False,True,True,True,False,True,True,False,True,,,False,False,C0573,S02-B02,S02-B02-C0073,S02-B02-C0074,72,73
2,S02-P006,baseline,twfe_scalar,bjs,static,,,,,,retained_fragile,,-0.029801824693312856,-0.052965356669209276,0.025878112201409988,0.028415693503953725,0.02316353197589642,0.012199185935161668,0.00066415409546937798,1.8987768609323561,1.8987768609323561,False,999,False,-0.02316353197589642,0.057593820784507872,False,,,,,,,,False,,,,,,,,,,,,,31.195264390060274,0.067579050475908967,19.753327637858874,0.13125337644640692,5.7576590427609062,0.29333626269743746,False,2.022723030736806e-10,False,False,False,True,False,False,True,False,True,,,False,False,C0574,S02-B02,S02-B02-C0073,S02-B02-C0077,72,76
2,S02-P007,baseline,twfe_scalar,csa,static,,,,,,excluded,twfe,-0.20694867183147714,-0.082065455368849904,0.10093312390732982,0.073491662175674571,-0.12488321646262723,0.055253773065198117,0.0062677702365477291,-2.2601753606087325,2.2601753606087325,False,999,False,0.12488321646262723,0.023810369436476613,True,,,,,,,,False,,,,,,,,,,,,,3.649015127063338,0.39672416817740441,5.6064022124812629,0.23043563172634157,4.5146416069268023,0.35555496249989088,False,3.7894132276505843e-12,True,False,True,True,True,True,True,False,True,,,False,False,C0575,S02-B02,S02-B02-C0079,S02-B02-C0080,78,79
2,S02-P007,baseline,twfe_scalar,bjs,static,,,,,,excluded,twfe; modern,-0.20694867183147714,-0.20110785390007954,0.10093312390732982,0.11224112451448402,-0.0058408179313975961,0.022576803458838269,0.011137926739774644,-0.25870880889079351,0.25870880889079351,False,999,False,0.0058408179313975961,0.79585992239329406,False,,,,,,,,False,,,,,,,,,,,,,3.649015127063338,0.39672416817740441,3.9805742133177051,0.36674823014162938,4.8924446657413307,0.31585549402803698,False,2.0500948161306098e-10,True,True,True,True,True,True,True,False,True,,,False,False,C0576,S02-B02,S02-B02-C0079,S02-B02-C0083,78,82
2,S02-P008,baseline,twfe_scalar,csa,static,,,,,,excluded,modern,-0.17421216214177315,-0.070543709042577687,0.039672949466530778,0.040705038845486222,-0.10366845309919547,0.041965412338701442,0.00073487363701460603,-2.4703308587198154,2.4703308587198154,False,999,False,0.10366845309919547,0.013498813800605677,True,,,,,,,,False,,,,,,,,,,,,,20.3195697200374,0.096154578483332087,4.3750684832874827,0.3519710507114433,4.3080104690877183,0.36135013478979672,False,1.2753964551137642e-12,False,True,True,True,False,True,True,False,True,,,False,False,C0577,S02-B02,S02-B02-C0085,S02-B02-C0086,84,85
2,S02-P008,baseline,twfe_scalar,bjs,static,,,,,,retained_fragile,,-0.17421216214177315,-0.21594481302343663,0.039672949466530778,0.048036224537596955,0.041732650881663474,0.019690741489647452,0.0017468482433941068,2.1194047417465063,2.1194047417465063,False,999,False,-0.041732650881663474,0.034056276426532577,True,,,,,,,,False,,,,,,,,,,,,,20.3195697200374,0.096154578483332087,17.265865484721406,0.12298984053815447,6.4211339413546131,0.28451802186170572,False,1.6068943398117597e-10,False,False,False,True,False,False,True,False,True,,,False,False,C0578,S02-B02,S02-B02-C0085,S02-B02-C0089,84,88
2,S02-P015,baseline,twfe_scalar,csa,static,,,,,,excluded,modern,-0.22741402078749878,-0.24114407402719637,0.042682214449305873,0.046833747309237478,0.013730053239697587,0.041154524962037399,0.0011607381962355418,0.33362195900360275,0.33362195900360275,False,999,False,-0.013730053239697587,0.73866484587140824,False,,,,,,,,False,,,,,,,,,,,,,31.773803725806012,0.066582060671796742,4.0243224131039401,0.3783543147879283,4.496833570791785,0.35781239994592123,False,7.9553030829515592e-13,False,True,True,True,False,True,True,False,True,,,False,False,C0579,S02-B02,S02-B02-C0091,S02-B02-C0092,90,91
2,S02-P015,baseline,twfe_scalar,bjs,static,,,,,,retained_fragile,,-0.22741402078749878,-0.30410347877103783,0.042682214449305873,0.060836851507151873,0.076689457983539044,0.036060054907331725,0.0021112831858400021,2.1267149531695959,2.1267149531695959,False,999,False,-0.076689457983539044,0.033443774324806413,True,,,,,,,,False,,,,,,,,,,,,,31.773803725806012,0.066582060671796742,16.577220539661795,0.14906886377700626,5.6356888413158819,0.30865115835023338,False,2.1347451584219357e-10,False,False,False,True,False,False,True,False,True,,,False,False,C0580,S02-B02,S02-B02-C0091,S02-B02-C0095,90,94
2,S02-P014,baseline,twfe_scalar,csa,static,,,,,,excluded,modern,-0.072545880495066675,0.080252352644924418,0.040037507828177082,0.065189037318443749,-0.15279823313999108,0.058000009393440674,0.0012443057649787928,-2.6344518688521337,2.6344518688521337,False,999,False,0.15279823313999108,0.0084273250943914316,True,,,,,,,,False,,,,,,,,,,,,,31.665356220286029,0.063533980606330392,4.2767957694034431,0.34064773529226572,4.0947708354151988,0.39250387020947808,False,1.1140255384844977e-12,False,True,True,True,False,True,True,False,True,,,False,False,C0581,S02-B02,S02-B02-C0097,S02-B02-C0098,96,97
2,S02-P014,baseline,twfe_scalar,bjs,static,,,,,,retained_fragile,,-0.072545880495066675,-0.084132867573804615,0.040037507828177082,0.054204751077104714,0.01158698707873794,0.021646251862021126,0.0020362984263740873,0.53528837937377927,0.53528837937377927,False,999,False,-0.01158698707873794,0.59245046067070328,False,,,,,,,,False,,,,,,,,,,,,,31.665356220286029,0.063533980606330392,23.184019389142318,0.12752753789797489,7.3944816530963005,0.29142761024483016,False,2.4968503653521879e-10,False,False,False,True,False,False,True,False,True,,,False,False,C0582,S02-B02,S02-B02-C0097,S02-B02-C0101,96,100
2,S02-P011,baseline,twfe_scalar,csa,static,,,,,,excluded,modern,-0.0084468541081036894,0.12780481992860876,0.029940003711839403,0.073418655631440399,-0.13625167403671246,0.076499770681218465,0.00021724395135699044,-1.7810729734666217,1.7810729734666217,False,999,False,0.13625167403671246,0.074900530245768177,False,,,,,,,,False,,,,,,,,,,,,,31.254461907193615,0.065613536876614045,3.5237962527474775,0.41843873631142892,3.8521428435275142,0.40608645467085985,False,8.2879189622353522e-13,False,True,True,True,False,True,True,False,True,,,False,False,C0583,S02-B02,S02-B02-C0103,S02-B02-C0104,102,103
2,S02-P011,baseline,twfe_scalar,bjs,static,,,,,,retained_fragile,,-0.0084468541081036894,-0.024896351583438343,0.029940003711839403,0.035095699764406449,0.016449497475334654,0.014246588278051465,0.00096257334332700115,1.1546271397957804,1.1546271397957804,False,999,False,-0.016449497475334654,0.24824314781710999,False,,,,,,,,False,,,,,,,,,,,,,31.254461907193615,0.065613536876614045,20.294543692378188,0.13311712889392247,5.9460782113238464,0.303268867489428,False,2.2636223451222293e-10,False,False,False,True,False,False,True,False,True,,,False,False,C0584,S02-B02,S02-B02-C0103,S02-B02-C0107,102,106
2,S02-P012,baseline,twfe_scalar,csa,static,,,,,,excluded,twfe,-0.2439969043383943,-0.064604276881188707,0.11753185753185125,0.10515887104337904,-0.17939262745720558,0.070260032796244778,0.0099678267427380056,-2.5532670611960442,2.5532670611960442,False,999,False,0.17939262745720558,0.01067176349513084,True,,,,,,,,False,,,,,,,,,,,,,3.6981563065929075,0.39000333128542786,5.6662888841785293,0.22087846958276058,4.501388487446139,0.34529553741922681,False,2.9576896487526483e-12,True,False,True,True,True,True,True,False,True,,,False,False,C0585,S02-B02,S02-B02-C0109,S02-B02-C0110,108,109
2,S02-P012,baseline,twfe_scalar,bjs,static,,,,,,excluded,twfe; modern,-0.2439969043383943,-0.24687492215841716,0.11753185753185125,0.14169749352858138,0.0028780178200228657,0.037507108988040765,0.016242566991264487,0.076732595437854961,0.076732595437854961,False,999,False,-0.0028780178200228657,0.93883627356512922,False,,,,,,,,False,,,,,,,,,,,,,3.6981563065929075,0.39000333128542786,4.0715610808471077,0.35917838437489857,5.3244201786389391,0.29867724599284862,False,2.2454291204176968e-10,True,True,True,True,True,True,True,False,True,,,False,False,C0586,S02-B02,S02-B02-C0109,S02-B02-C0113,108,112
2,S02-P013,baseline,twfe_scalar,csa,static,,,,,,excluded,modern,-0.26739941997512645,-0.24566350420511238,0.051384561906761418,0.059404193218564917,-0.021735915770014075,0.047046276297272129,0.0019779396304295607,-0.46201139560272453,0.46201139560272453,False,999,False,0.021735915770014075,0.6440731484658313,False,,,,,,,,False,,,,,,,,,,,,,20.144155661444845,0.096572955091999257,4.3510465796890454,0.35228982176083412,4.2536266995307104,0.36237181245599348,False,1.0127454430630678e-12,False,True,True,True,False,True,True,False,True,,,False,False,C0587,S02-B02,S02-B02-C0115,S02-B02-C0116,114,115
2,S02-P013,baseline,twfe_scalar,bjs,static,,,,,,retained_fragile,,-0.26739941997512645,-0.34559344796720404,0.051384561906761418,0.070157560813922409,0.078194027992077586,0.038134141027684372,0.0030541219148948477,2.0504992608935599,2.0504992608935599,False,999,False,-0.078194027992077586,0.04031573584337475,True,,,,,,,,False,,,,,,,,,,,,,20.144155661444845,0.096572955091999257,16.541840447051673,0.12929412442601032,6.0946218390124525,0.28968197736187318,False,1.8554846548113346e-10,False,False,False,True,False,False,True,False,True,,,False,False,C0588,S02-B02,S02-B02-C0115,S02-B02-C0119,114,118
2,S02-P021,baseline,twfe_scalar,csa,static,,,,,,excluded,twfe; modern,0.010795910937978315,-0.06088710587955494,0.034464997263409757,0.03934891365929287,0.071683016817533252,0.040884140206084198,0.00053233006107128791,1.7533208832618596,1.7533208832618596,False,999,False,-0.071683016817533252,0.079546942853526856,False,,,,,,,,False,,,,,,,,,,,,,1.532258265404375,0.8048236344039752,1.5134823568131921,0.80983668150086696,1.5185822736145154,0.80861097230057588,False,5.3412309297673488e-13,True,True,True,True,True,True,True,False,True,,,False,False,C0589,S02-B01,S02-B01-C0001,S02-B01-C0002,0,1
2,S02-P021,baseline,twfe_scalar,bjs,static,,,,,,excluded,twfe; modern,0.010795910937978315,0.0027850970633702512,0.034464997263409757,0.040620336542972604,0.0080108138746080651,0.0083865653800017179,0.0013837566491790776,0.95519602025763073,0.95519602025763073,False,999,False,-0.0080108138746080651,0.33947857801976672,False,,,,,,,,False,,,,,,,,,,,,,1.532258265404375,0.8048236344039752,1.4704006502437454,0.82153829186344041,1.2755620139676416,0.8813302632396034,False,6.3026229634582931e-11,True,True,True,True,True,True,True,False,True,,,False,False,C0590,S02-B01,S02-B01-C0001,S02-B01-C0005,0,4
3,S03-P001,baseline,twfe_scalar,csa,static,,,,,,excluded,twfe; modern,-0.043926543554463918,0.043738434245709036,0.022779422303553565,0.14606918117683004,-0.087664977800172961,0.14380154350859603,0.00058811192734929826,-0.60962473462555433,0.60962473462555433,False,999,False,0.087664977800172961,0.54211042281655053,False,,,,,,,,False,,,,,,,,,,,,,4.7295586433806296,0.34905223895720705,3.4766310289409916,0.42887139151643738,3.0401424968808386,0.46782756230513195,False,1.0894549151707622e-12,True,True,True,True,True,True,True,False,True,,,False,False,C0591,S03-B01,S03-B01-C0001,S03-B01-C0002,0,1
3,S03-P001,baseline,twfe_scalar,bjs,static,,,,,,excluded,twfe,-0.043926543554463918,-0.06038873434216728,0.022779422303553565,0.030978804133040203,0.016462190787703362,0.024412183874484319,0.00044131683223763506,0.67434322436468652,0.67434322436468652,False,999,False,-0.016462190787703362,0.50009312955461693,False,,,,,,,,False,,,,,,,,,,,,,4.7295586433806296,0.34905223895720705,5.1530871313836624,0.24115077223832959,3.8641422618906991,0.35297282639370176,False,1.7572197863469086e-10,True,False,True,True,True,True,True,False,True,,,False,False,C0592,S03-B01,S03-B01-C0001,S03-B01-C0005,0,4
3,S03-P002,baseline,twfe_scalar,csa,static,,,,,,excluded,twfe; modern,-0.022226516241338094,0.12100473924906098,0.019948124284475038,0.19085829836960527,-0.14323125549039908,0.18791515171157899,0.00075635673811219736,-0.76221238248120171,0.76221238248120171,False,999,False,0.14323125549039908,0.44593325696298253,False,,,,,,,,False,,,,,,,,,,,,,4.7597504560800674,0.34494148292338761,3.4293217879458457,0.43390317592391281,3.0542160705744146,0.46848851384714313,False,8.3925921767757927e-13,True,True,True,True,True,True,True,False,True,,,False,False,C0593,S03-B01,S03-B01-C0007,S03-B01-C0008,6,7
3,S03-P002,baseline,twfe_scalar,bjs,static,,,,,,excluded,twfe,-0.022226516241338094,-0.039047626622231268,0.019948124284475038,0.03548146522230413,0.016821110380893175,0.030079560490874149,0.00037604103873314172,0.55922061713622906,0.55922061713622906,False,999,False,-0.016821110380893175,0.5760111641598048,False,,,,,,,,False,,,,,,,,,,,,,4.7597504560800674,0.34494148292338761,5.157731414584573,0.2368375451340167,3.8473581894077244,0.351147776523067,False,2.1691306389959308e-10,True,False,True,True,True,True,True,False,True,,,False,False,C0594,S03-B01,S03-B01-C0007,S03-B01-C0011,6,10
3,S03-P003,baseline,twfe_scalar,csa,static,,,,,,excluded,twfe; modern,-0.047583481730345427,-0.0003491415336228026,0.023945521551866054,0.13506474521196868,-0.047234340196722624,0.13733141533158083,-2.2022117705126733e-05,-0.34394417389988541,0.34394417389988541,False,999,False,0.047234340196722624,0.73088827022440195,False,,,,,,,,False,,,,,,,,,,,,,4.5005481093631179,0.38151219669105635,3.3719059654473647,0.4663598686657846,2.9435347494973385,0.50935749155618815,False,8.8529183983609983e-13,True,True,True,True,True,True,True,False,True,,,False,False,C0595,S03-B01,S03-B01-C0013,S03-B01-C0014,12,13
3,S03-P003,baseline,twfe_scalar,bjs,static,,,,,,excluded,twfe,-0.047583481730345427,-0.056997337802603458,0.023945521551866054,0.032058187781475199,0.0094138560722580311,0.026291968490967401,0.00045492389954659231,0.35805063723137198,0.35805063723137198,False,999,False,-0.0094138560722580311,0.72030541909752033,False,,,,,,,,False,,,,,,,,,,,,,4.5005481093631179,0.38151219669105635,5.0402320927508182,0.26777651364971644,3.8927444606702446,0.36150515601998784,False,1.9574548232315081e-10,True,False,True,True,True,True,True,False,True,,,False,False,C0596,S03-B01,S03-B01-C0013,S03-B01-C0017,12,16
3,S03-P004,baseline,twfe_scalar,csa,static,,,,,,excluded,twfe; modern,-0.041281164840146725,0.03497436341177354,0.020867856813073831,0.15826428672561826,-0.076255528251920265,0.16013960563517357,-8.0820696124630598e-05,-0.4761815663867931,0.4761815663867931,False,999,False,0.076255528251920265,0.63394503089423981,False,,,,,,,,False,,,,,,,,,,,,,4.532913140351897,0.37803313075816364,3.3122451000306974,0.47388002454610345,2.9422951565941284,0.51225915293828306,False,9.867315298173196e-13,True,True,True,True,True,True,True,False,True,,,False,False,C0597,S03-B01,S03-B01-C0019,S03-B01-C0020,18,19
3,S03-P004,baseline,twfe_scalar,bjs,static,,,,,,excluded,twfe,-0.041281164840146725,-0.062400016296697607,0.020867856813073831,0.028582587374777774,0.021118851456550881,0.026343321929956573,0.00027923056935121347,0.80167761350307787,0.80167761350307787,False,999,False,-0.021118851456550881,0.42273946865261103,False,,,,,,,,False,,,,,,,,,,,,,4.532913140351897,0.37803313075816364,5.0403777441582491,0.26457223613687325,3.8167765179182824,0.36428070641310251,False,2.427874290500398e-10,True,False,True,True,True,True,True,False,True,,,False,False,C0598,S03-B01,S03-B01-C0019,S03-B01-C0023,18,22
3,S03-P007,baseline,twfe_scalar,csa,static,,,,,,excluded,twfe; modern,-0.053577478411782578,-0.0066755589198619694,0.023772036173379456,0.12994898753312839,-0.046901919491920609,0.13196994561680908,1.7891259305036443e-05,-0.35539849071474261,0.35539849071474261,False,999,False,0.046901919491920609,0.722291079395604,False,,,,,,,,False,,,,,,,,,,,,,4.4587862002489862,0.38459943267589985,3.3537867710503382,0.46875900522174457,2.9215071476704608,0.51260680767586009,False,9.3231672382287911e-13,True,True,True,True,True,True,True,False,True,,,False,False,C0599,S03-B01,S03-B01-C0025,S03-B01-C0026,24,25
3,S03-P007,baseline,twfe_scalar,bjs,static,,,,,,excluded,twfe,-0.053577478411782578,-0.063901319550498867,0.023772036173379456,0.032106621686881463,0.010323841138716289,0.026577502091892601,0.00044479062126421648,0.38844286807019196,0.38844286807019196,False,999,False,-0.010323841138716289,0.69768832571873984,False,,,,,,,,False,,,,,,,,,,,,,4.4587862002489862,0.38459943267589985,5.0150883500941532,0.26837113508209909,3.8917437804645054,0.36175940953434182,False,2.0891682828150238e-10,True,False,True,True,True,True,True,False,True,,,False,False,C0600,S03-B01,S03-B01-C0025,S03-B01-C0029,24,28
3,S03-P008,baseline,twfe_scalar,csa,static,,,,,,excluded,twfe; modern,-0.041069300319010495,0.022470068103398577,0.020310620347211216,0.14846763541673905,-0.063539368422409065,0.15060741757163146,-0.00011371708123472754,-0.42188737744068056,0.42188737744068056,False,999,False,0.063539368422409065,0.67310722379103205,False,,,,,,,,False,,,,,,,,,,,,,4.4905276978252413,0.38118119856944721,3.2919622497927752,0.47674673314847565,2.9187296879759486,0.51593873101901544,False,1.0326392518855698e-12,True,True,True,True,True,True,True,False,True,,,False,False,C0601,S03-B01,S03-B01-C0031,S03-B01-C0032,30,31
3,S03-P008,baseline,twfe_scalar,bjs,static,,,,,,excluded,twfe,-0.041069300319010495,-0.063307024034874898,0.020310620347211216,0.02664376125397503,0.022237723715864403,0.024745318135693948,0.00025504027150533378,0.89866388437283984,0.89866388437283984,False,999,False,-0.022237723715864403,0.36883171948931581,False,,,,,,,,False,,,,,,,,,,,,,4.4905276978252413,0.38118119856944721,5.0285877496670359,0.26469293908166008,3.8494401672722631,0.36284510323017505,False,2.556771599993013e-10,True,False,True,True,True,True,True,False,True,,,False,False,C0602,S03-B01,S03-B01-C0031,S03-B01-C0035,30,34
3,S03-P005,baseline,twfe_scalar,csa,static,,,,,,excluded,twfe; modern,-0.041778251608031274,-0.1187372073873484,0.032960561226803416,0.10383864022955791,0.076958955779317134,0.11150857434868827,-0.00028265017608375897,0.69016177660621703,0.69016177660621703,False,999,False,-0.076958955779317134,0.49009245765427834,False,,,,,,,,False,,,,,,,,,,,,,2.7217648680940449,0.55169843845762556,2.104372942758205,0.67554562125022233,1.7741871870313561,0.74631224431050747,False,1.5408785358772548e-12,True,True,True,True,True,True,True,False,True,,,False,False,C0603,S03-B01,S03-B01-C0037,S03-B01-C0038,36,37
3,S03-P005,baseline,twfe_scalar,bjs,static,,,,,,excluded,twfe; modern,-0.041778251608031274,-0.064471933911453144,0.032960561226803416,0.048604921415175591,0.022693682303421871,0.038521721209421635,0.00098245698861242374,0.5891139230266651,0.5891139230266651,False,999,False,-0.022693682303421871,0.55578485413085388,False,,,,,,,,False,,,,,,,,,,,,,2.7217648680940449,0.55169843845762556,3.0493298891308993,0.40517111210429441,2.2660797762008715,0.62028975935878794,False,1.6482921971761044e-10,True,True,True,True,True,True,True,False,True,,,False,False,C0604,S03-B01,S03-B01-C0037,S03-B01-C0041,36,40
3,S03-P006,baseline,twfe_scalar,csa,static,,,,,,excluded,twfe; modern,-0.031850899957189399,-0.10234799960450323,0.026925874931616474,0.10468363080305086,0.070497099647313835,0.10929695248176104,-0.00013107926142890837,0.64500517211656072,0.64500517211656072,False,999,False,-0.070497099647313835,0.51892383398007424,False,,,,,,,,False,,,,,,,,,,,,,2.7099916248987861,0.55382473695016476,2.0575950920494352,0.68473029561881849,1.7755959067742508,0.74610292632756281,False,1.6536563784974589e-12,True,True,True,True,True,True,True,False,True,,,False,False,C0605,S03-B01,S03-B01-C0043,S03-B01-C0044,42,43
3,S03-P006,baseline,twfe_scalar,bjs,static,,,,,,excluded,twfe; modern,-0.031850899957189399,-0.070630491676295634,0.026925874931616474,0.035932346490854451,0.038779591719106235,0.032348192343457052,0.00048486535864128942,1.1988178908844047,1.1988178908844047,False,999,False,-0.038779591719106235,0.23059876432434606,False,,,,,,,,False,,,,,,,,,,,,,2.7099916248987861,0.55382473695016476,3.0267800032296557,0.40513530338172149,2.2069123587454493,0.62806103924702827,False,1.9457421784885298e-10,True,True,True,True,True,True,True,False,True,,,False,False,C0606,S03-B01,S03-B01-C0043,S03-B01-C0047,42,46
3,S03-P009,baseline,twfe_scalar,csa,static,,,,,,excluded,twfe; modern,-0.10089424466320564,-0.075763694539862439,0.046826867354037897,0.084804680525041837,-0.025130550123343198,0.10947790970480138,-0.0013004116840927883,-0.22954904958548952,0.22954904958548952,False,999,False,0.025130550123343198,0.81844220213017094,False,,,,,,,,False,,,,,,,,,,,,,2.776327403533676,0.52509278426545469,1.4041816212365215,0.84059778091204407,1.5900915931688522,0.78421387895067884,False,2.6501995042949034e-12,True,True,True,True,True,True,True,False,True,,,False,False,C0607,S03-B01,S03-B01-C0049,S03-B01-C0050,48,49
3,S03-P009,baseline,twfe_scalar,bjs,static,,,,,,excluded,twfe; modern,-0.10089424466320564,-0.12055436157831084,0.046826867354037897,0.057299203729034111,0.019660116915105205,0.051162082471011477,0.0014291977857017191,0.38427124084021913,0.38427124084021913,False,999,False,-0.019660116915105205,0.70077742120892283,False,,,,,,,,False,,,,,,,,,,,,,2.776327403533676,0.52509278426545469,3.0865171426343312,0.40271621542279828,2.1860876584266444,0.63676200227052315,False,1.5093963579015934e-10,True,True,True,True,True,True,True,False,True,,,False,False,C0608,S03-B01,S03-B01-C0049,S03-B01-C0053,48,52
3,S03-P010,baseline,twfe_scalar,csa,static,,,,,,excluded,twfe; modern,-0.066271220480276574,0.015108503626800811,0.042979829199913541,0.053366168008479722,-0.081379724107077389,0.073261382230016964,-0.00033600826014480972,-1.1108133866703671,1.1108133866703671,False,999,False,0.081379724107077389,0.2666486831096922,False,,,,,,,,False,,,,,,,,,,,,,2.7774559574978643,0.5312978077463667,1.3850333074869003,0.84682943001937128,1.5801337608760921,0.78702437554745741,False,2.2465779236924277e-12,True,True,True,True,True,True,True,False,True,,,False,False,C0609,S03-B01,S03-B01-C0055,S03-B01-C0056,54,55
3,S03-P010,baseline,twfe_scalar,bjs,static,,,,,,excluded,twfe; modern,-0.066271220480276574,-0.079255652939948934,0.042979829199913541,0.04036974313153624,0.01298443245967236,0.042396768814991305,0.00083974793630406906,0.30625995382650772,0.30625995382650772,False,999,False,-0.01298443245967236,0.75940672736480264,False,,,,,,,,False,,,,,,,,,,,,,2.7774559574978643,0.5312978077463667,3.1026776524876989,0.40341294327639249,2.0782152558421143,0.65401627229932324,False,1.7799359208758858e-10,True,True,True,True,True,True,True,False,True,,,False,False,C0610,S03-B01,S03-B01-C0055,S03-B01-C0059,54,58
3,S03-P011,baseline,twfe_scalar,csa,static,,,,,,excluded,twfe; modern,-0.10245147488665664,-0.10605561114317723,0.048654378960183486,0.082345265016267905,0.0036041362565205903,0.10787741227725706,-0.001244772408518377,0.033409554237893248,0.033409554237893248,False,999,False,-0.0036041362565205903,0.97334799073712575,False,,,,,,,,False,,,,,,,,,,,,,2.8007594657557129,0.52249603733006433,1.4103805307770318,0.83875335522202166,1.5998534891829197,0.7817457324616548,False,2.968708612272053e-12,True,True,True,True,True,True,True,False,True,,,False,False,C0611,S03-B01,S03-B01-C0061,S03-B01-C0062,60,61
3,S03-P011,baseline,twfe_scalar,bjs,static,,,,,,excluded,twfe; modern,-0.10245147488665664,-0.1231697556548325,0.048654378960183486,0.059979294002040238,0.020718280768175862,0.053153765041543233,0.0015697207814463715,0.38978011721245215,0.38978011721245215,False,999,False,-0.020718280768175862,0.6966991474061015,False,,,,,,,,False,,,,,,,,,,,,,2.8007594657557129,0.52249603733006433,3.1055229320510942,0.40286978892353531,2.183983806548544,0.63718978455314013,False,1.7389828466107815e-10,True,True,True,True,True,True,True,False,True,,,False,False,C0612,S03-B01,S03-B01-C0061,S03-B01-C0065,60,64
3,S03-P012,baseline,twfe_scalar,csa,static,,,,,,excluded,twfe; modern,-0.069232777046375579,-0.054166527663617479,0.044951802739416673,0.03804777047256544,-0.0150662493827581,0.062736034245677016,-0.00023375629270915439,-0.24015304065535953,0.24015304065535953,False,999,False,0.0150662493827581,0.81021161658208041,False,,,,,,,,False,,,,,,,,,,,,,2.8011145912353221,0.52898735518395623,1.3911945249883619,0.84494964146250184,1.5894594607809887,0.78466094230838079,False,2.4942409249106845e-12,True,True,True,True,True,True,True,False,True,,,False,False,C0613,S03-B01,S03-B01-C0067,S03-B01-C0068,66,67
3,S03-P012,baseline,twfe_scalar,bjs,static,,,,,,excluded,twfe; modern,-0.069232777046375579,-0.083709356651622893,0.044951802739416673,0.041274803102336499,0.014476579605247314,0.043127475128563873,0.00093214741484759001,0.33566953692726825,0.33566953692726825,False,999,False,-0.014476579605247314,0.73712008024938003,False,,,,,,,,False,,,,,,,,,,,,,2.8011145912353221,0.52898735518395623,3.1000535091329557,0.4025569601019367,2.0083836845591194,0.66784959094781882,False,1.594145648819989e-10,True,True,True,True,True,True,True,False,True,,,False,False,C0614,S03-B01,S03-B01-C0067,S03-B01-C0071,66,70
3,S03-P015,baseline,twfe_scalar,csa,static,,,,,,excluded,twfe; modern,-0.0998470580728444,-0.084506696774627743,0.047141560442987396,0.084067103221670561,-0.015340361298216657,0.10832530002118045,-0.001222383029797956,-0.14161383624340032,0.14161383624340032,False,999,False,0.015340361298216657,0.88738503734189678,False,,,,,,,,False,,,,,,,,,,,,,2.7788835039465343,0.52484357779283586,1.4060924253534397,0.8400228999096413,1.5917035423174635,0.78381670269658088,False,2.7867430585359898e-12,True,True,True,True,True,True,True,False,True,,,False,False,C0615,S03-B01,S03-B01-C0073,S03-B01-C0074,72,73
3,S03-P015,baseline,twfe_scalar,bjs,static,,,,,,excluded,twfe; modern,-0.0998470580728444,-0.11960085705263784,0.047141560442987396,0.057765076345776184,0.019753798979793444,0.051540926814890878,0.0014513318146476245,0.38326433381260622,0.38326433381260622,False,999,False,-0.019753798979793444,0.70152378140212623,False,,,,,,,,False,,,,,,,,,,,,,2.7788835039465343,0.52484357779283586,3.0886008245371581,0.40257945902452535,2.1858552006457121,0.63680909877618785,False,1.6211018638578878e-10,True,True,True,True,True,True,True,False,True,,,False,False,C0616,S03-B01,S03-B01-C0073,S03-B01-C0077,72,76
3,S03-P016,baseline,twfe_scalar,csa,static,,,,,,excluded,twfe; modern,-0.066435320291861277,-0.00098335482711000731,0.04395478681372917,0.050529881376282212,-0.065451965464751266,0.070575289863432492,-0.0002477896717829924,-0.92740625779086172,0.92740625779086172,False,999,False,0.065451965464751266,0.35371564279274065,False,,,,,,,,False,,,,,,,,,,,,,2.7801405368720187,0.53103187843070687,1.3868226261900296,0.84627970383107354,1.5817427430895741,0.78662393806379194,False,2.3272911375826766e-12,True,True,True,True,True,True,True,False,True,,,False,False,C0617,S03-B01,S03-B01-C0079,S03-B01-C0080,78,79
3,S03-P016,baseline,twfe_scalar,bjs,static,,,,,,excluded,twfe; modern,-0.066435320291861277,-0.079605602611674181,0.04395478681372917,0.041572676247616881,0.013170282319812904,0.043347918660825727,0.00089063432100199274,0.30382732843215188,0.30382732843215188,False,999,False,-0.013170282319812904,0.76125944526380418,False,,,,,,,,False,,,,,,,,,,,,,2.7801405368720187,0.53103187843070687,3.1048332636792022,0.40326629912599965,2.0779845926993699,0.6540720665183779,False,1.4609835563561546e-10,True,True,True,True,True,True,True,False,True,,,False,False,C0618,S03-B01,S03-B01-C0079,S03-B01-C0083,78,82
3,S03-P013,baseline,twfe_scalar,csa,static,,,,,,excluded,twfe; modern,-0.093747560894888893,-0.078045217643146689,0.045292094810701462,0.083893062075879737,-0.015702343251742204,0.10677529163496928,-0.0011557715934618813,-0.14705970839605398,0.14705970839605398,False,999,False,0.015702343251742204,0.88308489207999918,False,,,,,,,,False,,,,,,,,,,,,,2.7829160818094931,0.52445366071763677,1.4117772180222574,0.83831433054595117,1.5958787782125747,0.78278341361536585,False,2.6845747846948598e-12,True,True,True,True,True,True,True,False,True,,,False,False,C0619,S03-B01,S03-B01-C0085,S03-B01-C0086,84,85
3,S03-P013,baseline,twfe_scalar,bjs,static,,,,,,excluded,twfe; modern,-0.093747560894888893,-0.1140429638642743,0.045292094810701462,0.055295190143263458,0.020295402969385409,0.050108471164415129,0.0012990365114431042,0.40502937921998161,0.40502937921998161,False,999,False,-0.020295402969385409,0.68545591559955255,False,,,,,,,,False,,,,,,,,,,,,,2.7829160818094931,0.52445366071763677,3.0917927187199852,0.40236910927674358,2.1857462943524291,0.63685455324285734,False,1.3314725710866782e-10,True,True,True,True,True,True,True,False,True,,,False,False,C0620,S03-B01,S03-B01-C0085,S03-B01-C0089,84,88
3,S03-P014,baseline,twfe_scalar,csa,static,,,,,,excluded,twfe; modern,-0.061510774098694009,-0.0033680148931965318,0.042408948124906476,0.052724055411496322,-0.058142759205497475,0.070928068397511188,-0.00022622299325324088,-0.81974260006124267,0.81974260006124267,False,999,False,0.058142759205497475,0.41236285933923789,False,,,,,,,,False,,,,,,,,,,,,,2.7844707261187143,0.53060520751096774,1.3921470748255664,0.84464548909546433,1.585853084771121,0.78559689783089137,False,2.0938320521857179e-12,True,True,True,True,True,True,True,False,True,,,False,False,C0621,S03-B01,S03-B01-C0091,S03-B01-C0092,90,91
3,S03-P014,baseline,twfe_scalar,bjs,static,,,,,,excluded,twfe; modern,-0.061510774098694009,-0.075540862226050498,0.042408948124906476,0.039523649319634514,0.01403008812735649,0.04229493260790932,0.00078588820614743158,0.33172030931981689,0.33172030931981689,False,999,False,-0.01403008812735649,0.7401004636089169,False,,,,,,,,False,,,,,,,,,,,,,2.7844707261187143,0.53060520751096774,3.1081433084203867,0.40304304930389273,2.0778647744557563,0.65413363122942381,False,1.5063324199093842e-10,True,True,True,True,True,True,True,False,True,,,False,False,C0622,S03-B01,S03-B01-C0091,S03-B01-C0095,90,94
19,S19-P011,baseline,static,bjs,static,,,,,,excluded,twfe; modern,0.2816958674467876,0.2921619119388939,0.18919793439041399,0.0643097965372144,-0.010466044492106308,0.19039233757755411,0.0018411830500059991,-0.054970933312077676,0.054970933312077676,False,999,True,0.010466044492106308,0.95616162062321031,False,,,,,,,,False,,,,,,,,,,,,,4.7079313778382117,0.29414637744802474,2,0.50000000000000033,2.0935161603126864,0.54333554947235563,False,1.1102230246251565e-16,True,True,True,True,True,True,True,True,True,,,False,False,C0623,S19-B01,S19-B01-C0133,S19-B01-C0134,132,133
19,S19-P012,baseline,static,bjs,static,,,,,,excluded,twfe; modern,0.3008744344883631,1.5659016839532145,0.2236781246787598,0.21240501919812549,-1.2650272494648513,0.29711701986896022,0.0034346360722754118,-4.2576734581639784,4.2576734581639784,False,999,True,1.2650272494648513,2.0656537388587707e-05,True,,,,,,,,False,,,,,,,,,,,,,4.7079313778382117,0.29414637744802474,2,0.50000000000000033,2.0935161603126864,0.54333554947235563,False,1.3322676295501878e-15,True,True,True,True,True,True,True,True,True,,,False,False,C0624,S19-B01,S19-B01-C0136,S19-B01-C0137,135,136
19,S19-P013,baseline,static,bjs,static,,,,,,excluded,twfe; modern,0.28601498843622442,1.1173205445574397,0.27680977504769411,0.1540317196938171,-0.83130555612121526,0.34494826250980026,-0.0093199407873701939,-2.4099427261141724,2.4099427261141724,False,999,True,0.83130555612121526,0.015955024979702623,True,,,,,,,,False,,,,,,,,,,,,,4.7079313778382117,0.29414637744802474,2,0.50000000000000033,2.0935161603126864,0.54333554947235563,False,1.1102230246251565e-15,True,True,True,True,True,True,True,True,True,,,False,False,C0625,S19-B01,S19-B01-C0139,S19-B01-C0140,138,139
19,S19-P014,baseline,static,bjs,static,,,,,,excluded,twfe; modern,0.27730749894251672,0.35890328267734911,0.1617672110339119,0.12386193079279149,-0.081595783734832394,0.12526495003150509,0.012909550379506508,-0.65138559281195918,0.65138559281195918,False,999,True,0.081595783734832394,0.51479760845859257,False,,,,,,,,False,,,,,,,,,,,,,4.7079313778382117,0.29414637744802474,2,0.50000000000000033,2.0935161603126864,0.54333554947235563,False,4.9960036108132044e-16,True,True,True,True,True,True,True,True,True,,,False,False,C0626,S19-B01,S19-B01-C0142,S19-B01-C0143,141,142
17,S17-P001,baseline,twfe_scalar,csa,static,,,,,,retained,,0.798291571483981,1.5725329693806547,0.14721343647790694,0.29280748573388099,-0.77424139789667368,0.27823044124352392,0.014997920573432848,-2.7827343206454227,2.7827343206454227,False,999,False,0.77424139789667368,0.0053902925959077612,True,0.798291571483981,861,73,35,198,0.17676767676767677,534,False,,,,,,,,,,,,,28.897293261592939,0.077747035006419343,17.352170896677233,0.075870070777627849,19.794218744364109,0.06934230144122723,False,2.8976820942716586e-14,False,False,False,False,False,False,False,False,False,,,False,False,C0627,S17-B01,S17-B01-C0135,S17-B01-C0136,134,135
17,S17-P001,baseline,twfe_scalar,bjs,static,,,,,,retained,,0.798291571483981,0.91138465455703366,0.14721343647790694,0.22888487195846,-0.11309308307305266,0.22373465316703359,0.012001442731651287,-0.50547861706796382,0.50547861706796382,False,999,False,0.11309308307305266,0.61322271333618672,False,0.798291571483981,861,73,35,198,0.17676767676767677,698,False,,,,,,,,,,,,,28.897293261592939,0.077747035006419343,16.207367993545965,0.093887990136846317,24.378027055316242,0.069671672620466293,False,2.8976820942716586e-14,False,False,False,False,False,False,False,False,False,,,False,False,C0628,S17-B01,S17-B01-C0135,S17-B01-C0137,134,136
17,S17-P002,baseline,event_study_post_average,csa,post,"[0, 1, 2, 3, 4, 5, 6, 7, 8]","[0, 1, 2, 3, 4, 5, 6, 7, 8]",,,,retained_fragile,,0.8195125837873769,0.58158388697519348,0.12505934209698261,0.22866091622012305,0.23792869681218343,0.19806858329880067,0.014347244981181156,1.2012439976573717,1.2012439976573717,False,999,False,-0.23792869681218343,0.22965656700406337,False,0.8195125837873769,977,76,181,181,1,867,False,,,,,,,,,,,,,28.323990238639471,0.053450859256507249,6.1372487363782193,0.23003738264010462,6.0094008208517984,0.23318185024440641,False,8.8817841970012523e-15,False,False,False,True,False,True,True,False,True,,,False,False,C0629,S17-B01,S17-B01-C0001,S17-B01-C0002,0,1
17,S17-P002,baseline,event_study_post_average,bjs,post,"[0, 1, 2, 3, 4, 5, 6, 7, 8]","[0, 1, 2, 3, 4, 5, 6, 7, 8]",,,,retained_fragile,,0.8195125837873769,0.79861418898082914,0.12505934209698261,0.14534925418518591,0.02089839480654776,0.078337203400389493,0.015314763650662954,0.26677483876637664,0.26677483876637664,False,999,False,-0.02089839480654776,0.78964252812549052,False,0.8195125837873769,977,76,137,181,0.75690607734806625,899,False,,,,,,,,,,,,,28.323990238639471,0.053450859256507249,9.6535950499385201,0.19194054621951825,27.885290630738481,0.059996113014308086,False,8.8817841970012523e-15,False,False,False,True,False,True,False,False,True,,,False,False,C0630,S17-B01,S17-B01-C0001,S17-B01-C0003,0,2
17,S17-P003,baseline,event_study_post_average,csa,post,"[0, 1, 2, 3, 4, 5, 6, 7, 8]","[0, 1, 2, 3, 4, 5, 6]","TWFE,CSA,BJS",,,retained,,1.0902659982251459,1.5725329693806545,0.25189759569086695,0.29280748573388105,-0.48226697115550854,0.2710820666271459,0.037851567784896033,-1.7790441734341373,1.7790441734341373,False,999,False,0.48226697115550854,0.075232520142549442,False,1.0902659982251459,861,73,35,150,0.23333333333333334,534,True,7,,,,,,,,,,,,16.611175067628963,0.1103270812475116,17.352170896677233,0.075870070777627849,28.774556520323678,0.064962360845606304,False,2.6645352591003757e-15,False,False,False,False,False,False,False,False,False,,,False,False,C0631,S17-B01,S17-B01-C0159,S17-B01-C0160,158,159
17,S17-P003,baseline,event_study_post_average,bjs,post,"[0, 1, 2, 3, 4, 5, 6, 7, 8]","[0, 1, 2, 3, 4, 5, 6]","TWFE,CSA,BJS",,,retained,,1.0902659982251459,0.91138465455703377,0.25189759569086695,0.22888487195846002,0.17888134366811215,0.25618632165115635,0.025104625962565182,0.6982470512679877,0.6982470512679877,False,999,False,-0.17888134366811215,0.48502270608501902,False,1.0902659982251459,861,73,35,150,0.23333333333333334,698,True,7,,,,,,,,,,,,16.611175067628963,0.1103270812475116,16.207367993545965,0.093887990136846317,19.865326646627246,0.10837508093628423,False,1.7763568394002505e-15,False,False,False,False,False,False,False,False,False,,,False,False,C0632,S17-B01,S17-B01-C0159,S17-B01-C0161,158,160
21,S21-P005,baseline,event_study_post_average,csa,post,"[0, 1, 2, 3, 4, 5, 6, 7, 8, 9, 10, 11]","[0, 1, 2, 3, 4, 5, 6, 7, 8, 9, 10, 11]","TWFE,CSA,BJS",,,retained,,-0.035865804491405646,-0.0082327452870422421,0.033361560182941452,0.033472234269485236,-0.027633059204363403,0.023384170863581601,0.0008432823589270735,-1.1816993369390316,1.1816993369390316,False,999,False,0.027633059204363403,0.23732502152742083,False,-0.035865804491405646,28164,140,7901,7901,1,18692,False,12,,,,,,,,,,,,105.09378262661942,0.0222014145961997,94.074822700538036,0.028055062800240099,93.91017073162088,0.0276283385204555,False,8.5348395018058909e-16,False,False,False,False,False,False,False,False,False,,,False,True,C0633,S21-B01,S21-B01-C0061,S21-B01-C0062,60,61
21,S21-P005,baseline,event_study_post_average,bjs,post,"[0, 1, 2, 3, 4, 5, 6, 7, 8, 9, 10, 11]","[0, 1, 2, 3, 4, 5, 6, 7, 8, 9, 10, 11]","TWFE,CSA,BJS",,,retained,,-0.035865804491405646,-0.021472204345604994,0.033361560182941452,0.034801184750677068,-0.014393600145800652,0.010671550775854247,0.0011051170809645734,-1.3487824261088668,1.3487824261088668,False,999,False,0.014393600145800652,0.17740686104220674,False,-0.035865804491405646,28164,140,7901,7901,1,28164,False,12,,,,,,,,,,,,105.09378262661942,0.0222014145961997,92.617864024223039,0.032199925819847201,68.0969771906625,0.041286296181170502,False,8.5348395018058909e-16,False,False,False,False,False,False,False,False,False,,,False,True,C0634,S21-B01,S21-B01-C0061,S21-B01-C0063,60,62
16,S16-P001,baseline,event_study_post_average,csa,post,"[0, 1, 2, 3, 4, 5, 6]","[0, 1, 2, 3, 4, 5, 6]","TWFE,CSA,BJS",CSA,panel,retained,,-0.17368991303548884,-0.21834368046399158,0.083323008766376785,0.088858849108594068,0.044653767428502744,0.02452019499402551,0.0071186894461202762,1.8211016445580019,1.8211016445580019,False,999,False,-0.044653767428502744,0.068591407351605807,False,-0.17368991303548884,1872,94,283,283,1,1288,False,7,,,,,,,,,,,,15.54301625977428,0.120443338338191,16.172430313843709,0.12965690963926499,22.735415860377881,0.090037082823058001,False,6.8556271770603416e-15,False,False,False,False,False,False,False,False,False,,,False,False,C0635,S16-B01,S16-B01-C0057,S16-B01-C0058,56,57
16,S16-P001,baseline,event_study_post_average,bjs,post,"[0, 1, 2, 3, 4, 5, 6]","[0, 1, 2, 3, 4, 5, 6]","TWFE,CSA,BJS",CSA,panel,retained,,-0.17368991303548884,-0.2608199496420574,0.083323008766376785,0.072693332004356709,0.087130036606568567,0.067266928323163042,0.0038511023308718897,1.2952878744214305,1.2952878744214305,False,999,False,-0.087130036606568567,0.19522094055210051,False,-0.17368991303548884,1872,94,283,283,1,1652,False,7,,,,,,,,,,,,15.54301625977428,0.120443338338191,21.038896660756951,0.1109032485823425,15.9265105682393,0.11674773283294849,False,6.8556271770603416e-15,False,False,False,False,False,False,False,False,False,,,False,False,C0636,S16-B01,S16-B01-C0057,S16-B01-C0059,56,58
16,S16-P002,baseline,event_study_post_average,csa,post,"[0, 1, 2, 3, 4, 5, 6]","[0, 1, 2, 3, 4, 5, 6]","TWFE,CSA,BJS",CSA,panel,retained,,-0.14510364668273487,-0.15666242703463618,0.07026031667584498,0.086524899253626109,0.011558780351901304,0.03488420415385006,0.0056030812953963404,0.33134711346498064,0.33134711346498064,False,999,False,-0.011558780351901304,0.74038230788420556,False,-0.14510364668273487,2100,100,323,323,1,1430,False,7,,,,,,,,,,,,18.283513399229445,0.14074589738479459,20.93504178750862,0.1227599384986193,24.168584803051989,0.10903136782901431,False,4.8849813083506888e-15,False,False,False,False,False,False,False,False,False,,,False,False,C0637,S16-B01,S16-B01-C0043,S16-B01-C0044,42,43
16,S16-P002,baseline,event_study_post_average,bjs,post,"[0, 1, 2, 3, 4, 5, 6]","[0, 1, 2, 3, 4, 5, 6]","TWFE,CSA,BJS",CSA,panel,retained,,-0.14510364668273487,-0.21184862167726598,0.07026031667584498,0.07297328203814539,0.066744974994531109,0.064406449394551535,0.0030567106335979027,1.0363088731324692,1.0363088731324692,False,999,False,-0.066744974994531109,0.30005806791129502,False,-0.14510364668273487,2100,100,323,323,1,1830,False,7,,,,,,,,,,,,18.283513399229445,0.14074589738479459,27.174446590949984,0.10398572664683541,18.649200991291828,0.13837846588368599,False,4.8849813083506888e-15,False,False,False,False,False,False,False,False,False,,,False,False,C0638,S16-B01,S16-B01-C0043,S16-B01-C0045,42,44
16,S16-P003,baseline,event_study_post_average,csa,post,"[0, 1, 2, 3, 4, 5, 6]","[0, 1, 2, 3, 4, 5, 6]","TWFE,CSA,BJS",CSA,panel,retained,,-0.091983768717617112,-0.088889618872699097,0.071947413098700883,0.088410342837978703,-0.0030941498449180149,0.037526789751184994,0.0057922795116472012,-0.082451759541203762,0.082451759541203762,False,999,False,0.0030941498449180149,0.93428747796480516,False,-0.091983768717617112,1990,95,309,309,1,1356,False,7,,,,,,,,,,,,16.43561178268439,0.15877307999787971,17.919310863937721,0.14088503989473281,18.074338931988638,0.15776554459056519,False,9.7144514654701197e-15,False,False,False,False,False,False,False,False,False,,,False,False,C0639,S16-B01,S16-B01-C0071,S16-B01-C0072,70,71
16,S16-P003,baseline,event_study_post_average,bjs,post,"[0, 1, 2, 3, 4, 5, 6]","[0, 1, 2, 3, 4, 5, 6]","TWFE,CSA,BJS",CSA,panel,retained,,-0.091983768717617112,-0.12927153342494824,0.071947413098700883,0.079188014364775253,0.037287764707331125,0.072347847078510469,0.0031064804468677147,0.51539563667827148,0.51539563667827148,False,999,False,-0.037287764707331125,0.6062765809004047,False,-0.091983768717617112,1990,95,309,309,1,1734,False,7,,,,,,,,,,,,16.43561178268439,0.15877307999787971,23.021970409606329,0.1247927356061543,16.706442523948223,0.1554561556590687,False,9.7144514654701197e-15,False,False,False,False,False,False,False,False,False,,,False,False,C0640,S16-B01,S16-B01-C0071,S16-B01-C0073,70,72
16,S16-P004,baseline,twfe_scalar,csa,static,[],[],"TWFE,CSA,BJS",TWFE,panel,retained,,-0.19143692107818547,-0.21762442360066367,0.058942951544477207,0.077343699129643742,0.026187502522478201,0.052692225724669702,0.0033399243400059489,0.49698987207931911,0.49698987207931911,False,999,False,-0.026187502522478201,0.61919619339716325,False,-0.19143692107818547,1995,95,565,565,1,1615,False,0,,,,,,,,,,,,23.24064733049514,0.1021883168498943,16.100077378251378,0.1362465842570878,15.778676514877851,0.13398820954483739,False,1.9428902930940239e-16,False,False,False,False,False,False,False,False,False,,,False,False,C0641,S16-B01,S16-B01-C0008,S16-B01-C0009,7,8
16,S16-P004,baseline,twfe_scalar,bjs,static,[],[],"TWFE,CSA,BJS",TWFE,panel,retained_fragile,,-0.19143692107818547,-0.23892003138080395,0.058942951544477207,0.077433748560031296,0.047483110302618481,0.032322885233724771,0.004212744021500096,1.4690244994922659,1.4690244994922659,False,999,False,-0.047483110302618481,0.1418261442377198,False,-0.19143692107818547,1995,95,565,565,1,1995,False,0,,,,,,,,,,,,23.24064733049514,0.1021883168498943,21.834420494703096,0.10292779795478391,9.9837991794059118,0.18074930358839791,False,2.2204460492503131e-16,False,False,False,True,False,False,True,False,True,,,False,False,C0642,S16-B01,S16-B01-C0008,S16-B01-C0010,7,9
16,S16-P005,baseline,scalar,csa,static,[],[],"TWFE,CSA,BJS",CSA,panel,retained,,-0.21379534705587599,-0.27431673669457729,0.074708291667396912,0.096086463995858865,0.060521389638701295,0.066940195316677081,0.005166473829026727,0.9041113392691783,0.9041113392691783,False,999,False,-0.060521389638701295,0.36593636628001108,False,-0.21379534705587599,1908,98,516,516,1,1537,False,0,,,,,,,,,,,,23.224775793200507,0.10223960971844639,16.102741989042169,0.1359334010303318,15.773516367285213,0.133697847735644,False,5.5511151231257847e-16,False,False,False,False,False,False,False,False,False,,,False,False,C0643,S16-B01,S16-B01-C0029,S16-B01-C0030,28,29
16,S16-P005,baseline,scalar,bjs,static,[],[],"TWFE,CSA,BJS",CSA,panel,retained_fragile,,-0.21379534705587599,-0.27599399831898563,0.074708291667396912,0.090003446887698207,0.062198651263109639,0.033357220681746604,0.006284622561958407,1.8646233106928285,1.8646233106928285,False,999,False,-0.062198651263109639,0.062234223058756227,False,-0.21379534705587599,1908,98,516,516,1,1908,False,0,,,,,,,,,,,,23.224775793200507,0.10223960971844639,21.788413296451864,0.1030853994141317,9.9670312585380536,0.18116661531003009,False,3.3306690738754696e-16,False,False,False,True,False,False,True,False,True,,,False,False,C0644,S16-B01,S16-B01-C0029,S16-B01-C0031,28,30
16,S16-P006,baseline,scalar,csa,static,[],[],"TWFE,CSA,BJS",CSA,panel,retained,,-0.21170963065786177,-0.27682367717401912,0.075041095071900918,0.11172048162388643,0.065114046516157348,0.084925322860095354,0.0054501607504858929,0.76672121251072789,0.76672121251072789,False,999,False,-0.065114046516157348,0.44324728877070446,False,-0.21170963065786177,2100,100,593,593,1,1700,False,0,,,,,,,,,,,,32.165087244920556,0.083371884358511394,18.148161267583745,0.14778880890183249,16.755343868534457,0.15716765014430531,False,4.4408920985006262e-16,False,False,False,False,False,False,False,False,False,,,False,False,C0645,S16-B01,S16-B01-C0022,S16-B01-C0023,21,22
16,S16-P006,baseline,scalar,bjs,static,[],[],"TWFE,CSA,BJS",CSA,panel,retained,,-0.21170963065786177,-0.30034540999622189,0.075041095071900918,0.095946771117487145,0.088635779338360116,0.04114051543603571,0.0065722034135594215,2.1544644834644551,2.1544644834644551,False,999,False,-0.088635779338360116,0.03120376436039796,True,-0.21170963065786177,2100,100,593,593,1,2100,False,0,,,,,,,,,,,,32.165087244920556,0.083371884358511394,26.728211324536343,0.1032984665326791,13.398639244647535,0.1483996960351337,False,6.106226635438361e-16,False,False,False,False,False,False,False,False,False,,,False,False,C0646,S16-B01,S16-B01-C0022,S16-B01-C0024,21,23
16,S16-P007,baseline,scalar,csa,static,[],[],"TWFE,CSA,BJS",CSA,panel,retained,,-0.13393435538949522,-0.21122295062145002,0.076678764685595993,0.11392430474125337,0.077288595231954804,0.095403308975514203,0.00487829440050477,0.81012489044579528,0.81012489044579528,False,999,False,-0.077288595231954804,0.41786840011460102,False,-0.13393435538949522,2095,100,593,593,1,1697,False,0,,,,,,,,,,,,26.459771268735551,0.1002862132557014,17.20468248796552,0.16823469904029251,15.710131994092492,0.18004338534137429,False,3.3306690738754696e-16,False,False,False,False,False,False,False,False,False,,,False,False,C0647,S16-B01,S16-B01-C0036,S16-B01-C0037,35,36
16,S16-P007,baseline,scalar,bjs,static,[],[],"TWFE,CSA,BJS",CSA,panel,retained,,-0.13393435538949522,-0.23649042841408296,0.076678764685595993,0.091316652195034972,0.10255607302458775,0.043586107448089183,0.006159307579670808,2.3529532465529637,2.3529532465529637,False,999,False,-0.10255607302458775,0.018624975719800204,True,-0.13393435538949522,2095,100,593,593,1,2095,False,0,,,,,,,,,,,,26.459771268735551,0.1002862132557014,25.37944968273424,0.1206728662438744,12.866122385222877,0.1700292509107422,False,9.9920072216264089e-16,False,False,False,False,False,False,False,False,False,,,False,False,C0648,S16-B01,S16-B01-C0036,S16-B01-C0038,35,37
16,S16-P008,baseline,twfe_scalar,csa,static,[],[],"TWFE,CSA,BJS",TWFE,panel,retained,,-0.26922127913684873,-0.34156197976561242,0.085362469628366119,0.13120007344339638,0.072340700628763688,0.10002357178781472,0.0072477477897071041,0.7232365265082098,0.7232365265082098,False,999,False,-0.072340700628763688,0.46953458153599897,False,-0.26922127913684873,2100,100,593,593,1,1700,False,0,,,,,,,,,,,,32.165087244920556,0.083371884358511394,18.148161267583745,0.14778880890183249,16.755343868534457,0.15716765014430531,False,3.8857805861880479e-16,False,False,False,False,False,False,False,False,False,,,False,False,C0649,S16-B01,S16-B01-C0001,S16-B01-C0002,0,1
16,S16-P008,baseline,twfe_scalar,bjs,static,[],[],"TWFE,CSA,BJS",TWFE,panel,retained,,-0.26922127913684873,-0.38486943492600889,0.085362469628366119,0.11602470145184438,0.11564815578916016,0.053385798179089582,0.0089492195604124313,2.1662719250015412,2.1662719250015412,False,999,False,-0.11564815578916016,0.030290413764413954,True,-0.26922127913684873,2100,100,593,593,1,2100,False,0,,,,,,,,,,,,32.165087244920556,0.083371884358511394,26.728211324536343,0.1032984665326791,13.398639244647535,0.1483996960351337,False,6.106226635438361e-16,False,False,False,False,False,False,False,False,False,,,False,False,C0650,S16-B01,S16-B01-C0001,S16-B01-C0003,0,2
16,S16-P009,baseline,twfe_scalar,csa,static,[],[],"TWFE,CSA,BJS",TWFE,panel,retained,,-0.17379445267896768,-0.25480813118982443,0.089246306260783198,0.1308125302768971,0.081013678510856751,0.11313949492086324,0.0061381379738447966,0.71605126545352471,0.71605126545352471,False,999,False,-0.081013678510856751,0.47395969444326169,False,-0.17379445267896768,1995,95,565,565,1,1615,False,0,,,,,,,,,,,,25.997269754425322,0.1004275097448158,16.61443868863071,0.1718000677100377,15.133117601718279,0.1841046528297503,False,3.3306690738754696e-16,False,False,False,False,False,False,False,False,False,,,False,False,C0651,S16-B01,S16-B01-C0015,S16-B01-C0016,14,15
16,S16-P009,baseline,twfe_scalar,bjs,static,[],[],"TWFE,CSA,BJS",TWFE,panel,retained,,-0.17379445267896768,-0.29726150225507963,0.089246306260783198,0.11016167463370097,0.12346704957611196,0.054934078651064873,0.0085413723710267599,2.2475492919497357,2.2475492919497357,False,999,False,-0.12346704957611196,0.024604944095332388,True,-0.17379445267896768,1995,95,565,565,1,1995,False,0,,,,,,,,,,,,25.997269754425322,0.1004275097448158,24.698690202336479,0.1226561832357662,12.890762552812342,0.1708572940020609,False,8.8817841970012523e-16,False,False,False,False,False,False,False,False,False,,,False,False,C0652,S16-B01,S16-B01-C0015,S16-B01-C0017,14,16
8,S08-P001,baseline,twfe_scalar,csa,static,[],[],"TWFE,CSA,BJS",TWFE_literal_restricted,panel,excluded,modern,0.80759697515674089,0.97927735752466238,0.10768853657675846,0.12123018590100422,-0.17168038236792149,0.11909047302414158,0.0060555190592610497,-1.4415962755737739,1.4415962755737739,False,999,False,0.17168038236792149,0.14941629974141452,False,0.80759697515674089,1048,1048,104,592,0.17567567567567569,320,False,0,0.81589218262507335,0.10778211824232946,0,2.5790000000000002,0.438,2.578515355491751,0.43788164177110817,,,,,286.51267991672108,0.0076605436826798004,4.5037352155496579,0.32323189391363488,4.2858906968454855,0.3317163412257646,False,3.3306690738754696e-15,False,True,True,True,False,True,True,False,True,,,True,False,C0653,S08-B01,S08-B01-C0001,S08-B01-C0002,0,1
8,S08-P001,baseline,twfe_scalar,bjs,static,[],[],"TWFE,CSA,BJS",TWFE_literal_restricted,panel,retained,,0.80759697515674089,0.96693884348693637,0.10768853657675846,0.13335584668823447,-0.15934186833019548,0.082311936643561123,0.011302673920983058,-1.9358294170649919,1.9358294170649919,False,999,False,0.15934186833019548,0.052888596750901268,False,0.80759697515674089,1048,1048,104,592,0.17567567567567569,560,False,0,0.81589218262507335,0.10778211824232946,0,2.5790000000000002,0.438,2.578515355491751,0.43788164177110817,,,,,286.51267991672108,0.0076605436826798004,306.84992052144543,0.0049690502226040004,268.41983940476609,0.0070306180704547997,False,3.3306690738754696e-15,False,False,False,False,False,False,False,False,False,,,True,False,C0654,S08-B01,S08-B01-C0001,S08-B01-C0003,0,2
8,S08-P002,baseline,twfe_scalar,csa,static,[],[],"TWFE,CSA,BJS",TWFE_literal_restricted,panel,excluded,modern,0.33177637795239967,0.13473118301553036,0.15698639101670794,0.21172612105211464,0.19704519493686931,0.17779639590200139,0.018930559452242104,1.1082631565010888,1.1082631565010888,False,999,False,-0.19704519493686931,0.26774818223939778,False,0.33177637795239967,1048,1048,104,592,0.17567567567567569,320,False,0,0.3372412017786211,0.15705895917689186,0,0.188,0.098000000000000004,0.18773003819376438,0.097764556992500612,,,,,286.51267991672108,0.0076605436826798004,4.5037352155496579,0.32323189391363488,4.2858906968454855,0.3317163412257646,False,1.1657341758564144e-15,False,True,True,True,False,True,True,False,True,,,True,False,C0655,S08-B01,S08-B01-C0009,S08-B01-C0010,8,9
8,S08-P002,baseline,twfe_scalar,bjs,static,[],[],"TWFE,CSA,BJS",TWFE_literal_restricted,panel,retained,,0.33177637795239967,0.5608003121800037,0.15698639101670794,0.17720822075039655,-0.22902393422760403,0.095685612394956529,0.02344587202328707,-2.3935043994103715,2.3935043994103715,False,999,False,0.22902393422760403,0.016688281190439108,True,0.33177637795239967,1048,1048,104,592,0.17567567567567569,560,False,0,0.3372412017786211,0.15705895917689186,0,0.188,0.098000000000000004,0.18773003819376438,0.097764556992500612,,,,,286.51267991672108,0.0076605436826798004,306.84992052144543,0.0049690502226040004,268.41983940476609,0.0070306180704547997,False,1.1657341758564144e-15,False,False,False,False,False,False,False,False,False,,,True,False,C0656,S08-B01,S08-B01-C0009,S08-B01-C0011,8,10
8,S08-P003,baseline,twfe_scalar,csa,static,[],[],"TWFE,CSA,BJS",TWFE_literal_restricted,panel,excluded,modern,0.7587645167208793,0.3875710479067408,0.19066276220082951,0.22612323177174948,0.37119346881413851,0.17578423678784402,0.028291953466932796,2.1116425203821665,2.1116425203821665,False,999,False,-0.37119346881413851,0.034717122594221092,True,0.7587645167208793,1048,1048,104,592,0.17567567567567569,320,False,0,0.76268315170121859,0.19061589941099744,0,0.39600000000000002,0.113,0.3960936454923758,0.11265747038143419,,,,,286.51267991672108,0.0076605436826798004,4.5037352155496579,0.32323189391363488,4.2858906968454855,0.3317163412257646,False,1.4432899320127037e-15,False,True,True,True,False,True,True,False,True,,,True,False,C0657,S08-B01,S08-B01-C0017,S08-B01-C0018,16,17
8,S08-P003,baseline,twfe_scalar,bjs,static,[],[],"TWFE,CSA,BJS",TWFE_literal_restricted,panel,retained,,0.7587645167208793,0.82156643085974879,0.19066276220082951,0.20615605456120017,-0.062801914138869486,0.091658939325388017,0.035225623282017719,-0.68516954921247264,0.68516954921247264,False,999,False,0.062801914138869486,0.4932369367581057,False,0.7587645167208793,1048,1048,104,592,0.17567567567567569,560,False,0,0.76268315170121859,0.19061589941099744,0,0.39600000000000002,0.113,0.3960936454923758,0.11265747038143419,,,,,286.51267991672108,0.0076605436826798004,306.84992052144543,0.0049690502226040004,268.41983940476609,0.0070306180704547997,False,1.4432899320127037e-15,False,False,False,False,False,False,False,False,False,,,True,False,C0658,S08-B01,S08-B01-C0017,S08-B01-C0019,16,18
8,S08-P004,baseline,twfe_scalar,csa,static,[],[],"TWFE,CSA,BJS",TWFE_literal_restricted,panel,excluded,modern,0.64117422990528072,0.24544438864984294,0.19565420586313353,0.23084858838581424,0.39572984125543775,0.17889120596001937,0.029784787730913247,2.2121257393942546,2.2121257393942546,False,999,False,-0.39572984125543775,0.026957978095759037,True,0.64117422990528072,1048,1048,104,592,0.17567567567567569,320,False,0,0.6446552947553158,0.19561333125311864,0,0.32700000000000001,0.111,0.32662662084821181,0.11055129657853312,,,,,286.51267991672108,0.0076605436826798004,4.5037352155496579,0.32323189391363488,4.2858906968454855,0.3317163412257646,False,9.9920072216264089e-16,False,True,True,True,False,True,True,False,True,,,True,False,C0659,S08-B01,S08-B01-C0025,S08-B01-C0026,24,25
8,S08-P004,baseline,twfe_scalar,bjs,static,[],[],"TWFE,CSA,BJS",TWFE_literal_restricted,panel,retained,,0.64117422990528072,0.70533280476253524,0.19565420586313353,0.21365192936251867,-0.064158574857254513,0.090028674963601771,0.037911276438279136,-0.71264599732466982,0.71264599732466982,False,999,False,0.064158574857254513,0.47606484104510755,False,0.64117422990528072,1048,1048,104,592,0.17567567567567569,560,False,0,0.6446552947553158,0.19561333125311864,0,0.32700000000000001,0.111,0.32662662084821181,0.11055129657853312,,,,,286.51267991672108,0.0076605436826798004,306.84992052144543,0.0049690502226040004,268.41983940476609,0.0070306180704547997,False,9.9920072216264089e-16,False,False,False,False,False,False,False,False,False,,,True,False,C0660,S08-B01,S08-B01-C0025,S08-B01-C0027,24,26
13,S13-P001,baseline,twfe_scalar,csa,static,[],[],"TWFE,CSA,BJS",TWFE,panel,retained,,0.10558900016607431,0.34093382626417557,0.00066550655503483868,0.0016935684420168059,-0.23534482609810126,0.0016763685659665635,2.5043073681438896e-07,-140.38966780697521,140.38966780697521,False,999,False,0.23534482609810126,0,True,0.10558900016607431,57445624,1810703,9211154,23302492,0.39528622089002324,23741115,False,0,0.00042191925381132876,0.00020905767358014467,0,0.00020000000000000001,0.0001,0.00022563713439120644,,0.00011233698640895264,1,15718224,,400337.07852370135,6.9425754545637304e-06,311124.4318351206,5.6955255818279742e-06,304342.18770876375,5.9254384021384257e-06,False,2.327860126882797e-13,False,False,False,False,False,False,False,False,False,,,False,False,C0661,S13-B01,S13-B01-C0015,S13-B01-C0016,14,15
13,S13-P001,baseline,twfe_scalar,bjs,static,[],[],"TWFE,CSA,BJS",TWFE,panel,retained,,0.10558900016607431,0.11203330862591296,0.00066550655503483868,0.00096357678134756472,-0.0064443084598386491,0.00067355924071044702,4.588485688000187e-07,-9.5675451695108737,9.5675451695108737,False,999,False,0.0064443084598386491,1.094740822276918e-21,True,0.10558900016607431,57445624,1810703,9271540,23302492,0.39787761755266349,27696448,False,0,0.00042191925381132876,0.00020905767358014467,0,0.00020000000000000001,0.0001,0.00022563713439120644,,0.00011233698640895264,1,15718224,,400337.07852370135,6.9425754545637304e-06,215108.98409082633,2.4978029151710824e-05,133338.37738164631,4.437478823386239e-05,False,2.327860126882797e-13,False,False,False,False,False,False,False,False,False,,,False,False,C0662,S13-B01,S13-B01-C0015,S13-B01-C0017,14,16
15,S15-P001,baseline,twfe_scalar,csa,static,[],[],"TWFE,CSA",TWFE,panel,retained,,-0.20422251880872255,-0.14162485774003947,0.030842374595595273,0.040429506757137329,-0.062597661068683086,0.027859782111623183,0.00090481481400665699,-2.2468826503336921,2.2468826503336921,False,999,False,0.062597661068683086,0.024647527793422899,True,-0.20422251880872255,5055761,15509,11881,11881,1,4768482,False,0,-0.20422251880872255,0.030842374595595273,1,-110.50700000000001,16.649999999999999,-110.50666490087835,,16.650216755221827,0,0,,251.96208418121137,0.0089969874352607629,181.34644771774828,0.019269878685162035,182.52739662038411,0.019130351013968219,False,1.6420198534206065e-13,False,False,False,False,False,False,False,False,False,,,False,False,C0663,S15-B01,S15-B01-C0001,S15-B01-C0002,0,1
15,S15-P001,baseline,twfe_scalar,bjs,static,[],[],"TWFE,BJS",TWFE,panel,retained,,-0.20422251880872255,-0.17102531507559698,0.030842374595595273,0.028037415540554302,-0.033197203733125569,0.013596057865571715,0.00077624797570238107,-2.4416786145922766,2.4416786145922766,False,999,False,0.033197203733125569,0.014619154566466388,True,-0.20422251880872255,5055761,15509,11881,11881,1,5055761,False,0,-0.20422251880872255,0.030842374595595273,1,-110.50700000000001,16.649999999999999,-110.50666490087835,,16.650216755221827,0,0,,251.96208418121137,0.0089969874352607629,115.73067387259933,0.024948466408290865,55.627035885027468,0.042861793254537033,False,1.6420198534206065e-13,False,False,False,False,False,False,False,False,False,,,False,False,C0664,S15-B01,S15-B01-C0001,S15-B01-C0003,0,2
15,S15-P002,baseline,twfe_scalar,csa,static,[],[],"TWFE,CSA",TWFE,panel,retained,,-0.18889364282803039,-0.053694146971386303,0.050474779516450533,0.03581283245508457,-0.13519949585664409,0.048488167247400758,0.00073957998633917231,-2.7882987444507208,2.7882987444507208,False,999,False,0.13519949585664409,0.0052985657669032916,True,-0.18889364282803039,5055761,15509,11881,11881,1,4768482,False,0,-0.18889364282803039,0.050474779516450533,1,-14.339,4.0730000000000004,-14.33888112266459,,4.0725839194425948,0,0,,251.96208418121137,0.0089969874352607629,181.34644771774828,0.019269878685162035,182.52739662038411,0.019130351013968219,False,1.5087930904655877e-13,False,False,False,False,False,False,False,False,False,,,False,False,C0665,S15-B01,S15-B01-C0009,S15-B01-C0010,8,9
15,S15-P002,baseline,twfe_scalar,bjs,static,[],[],"TWFE,BJS",TWFE,panel,retained,,-0.18889364282803039,-0.13761304663555687,0.050474779516450533,0.035942404259136751,-0.051280596192473521,0.025473174468317095,0.0015953385868340915,-2.0131215391413058,2.0131215391413058,False,999,False,0.051280596192473521,0.04410184479437345,True,-0.18889364282803039,5055761,15509,11881,11881,1,5055761,False,0,-0.18889364282803039,0.050474779516450533,1,-14.339,4.0730000000000004,-14.33888112266459,,4.0725839194425948,0,0,,251.96208418121137,0.0089969874352607629,115.73067387259933,0.024948466408290865,55.627035885027468,0.042861793254537033,False,1.5087930904655877e-13,False,False,False,False,False,False,False,False,False,,,False,False,C0666,S15-B01,S15-B01-C0009,S15-B01-C0011,8,10
4,S04-P001,aligned_samples,twfe_scalar,csa,static,,,,,,retained,,0.0006672834198504662,0.24671509675536649,0.019837310711775961,0.049679788245202819,-0.24604781333551601,0.046218214894662109,0.00036273843415728373,-5.3236113488219745,5.3236113488219745,False,999,False,0.24604781333551601,1.0172713419568247e-07,True,0.00066728341985039996,,,,,,,False,,,,,,,,,,,,143,120.93476946668187,0.01209820090923028,109.06927313613468,0.013564115154102014,131.53430403159953,0.010360185252684491,False,2.6373976787230635e-14,False,False,False,False,False,False,False,False,False,False,False,False,False,C0667,S04-B01,S04-B01-C0005,S04-B01-C0006,4,5
4,S04-P001,aligned_samples,twfe_scalar,bjs,static,,,,,,retained,,0.00066728341985139981,0.080807829949140902,0.019837310711775965,0.036907813335938837,-0.080140546529289508,0.032615306342546453,0.00034597368684894753,-2.4571452951446511,2.4571452951446511,False,999,False,0.080140546529289508,0.014004603293195797,True,0.00066728341985039996,,,,,,,False,,,,,,,,,,,,143,120.93476946668193,0.012098200909230252,106.66982946026847,0.012306173441263037,75.056890025973146,0.02095934079964773,False,4.6002091025343361e-13,False,False,False,False,False,False,False,False,False,False,False,False,False,C0668,S04-B01,S04-B01-C0005,S04-B01-C0008,4,7
4,S04-P002,aligned_samples,twfe_scalar,csa,static,,,,,,retained,,-0.2579444886619664,-0.82364791786795055,0.09448087158208901,0.06341860484663997,0.56570342920598415,0.088754456426668224,0.0025356005000060572,6.3738030965621029,6.3738030965621029,False,999,False,-0.56570342920598415,1.8439730922973369e-10,True,-0.2579444886619664,,,,,,,False,,,,,,,,,,,,143,120.9104898905513,0.012173833119881773,109.08332030707813,0.013556102283718823,131.68307472561926,0.010330495880791371,False,1.2545520178264269e-14,False,False,False,False,False,False,False,False,False,False,False,False,False,C0669,S04-B01,S04-B01-C0013,S04-B01-C0014,12,13
4,S04-P002,aligned_samples,twfe_scalar,bjs,static,,,,,,retained,,-0.25794448866196584,-0.8092293563823596,0.09448087158208901,0.059645713829060844,0.55128486772039376,0.09008864831308154,0.0021841408591056627,6.1193599642491598,6.1193599642491598,False,999,False,-0.55128486772039376,9.3951953299974532e-10,True,-0.2579444886619664,,,,,,,False,,,,,,,,,,,,143,120.9104898905515,0.012173833119881732,106.63163336155054,0.012351997026848329,75.132043516255933,0.02094395258293482,False,2.3980817331903381e-14,False,False,False,False,False,False,False,False,False,False,False,False,False,C0670,S04-B01,S04-B01-C0013,S04-B01-C0016,12,15
4,S04-P003,aligned_samples,twfe_scalar,csa,static,,,,,,retained,,-0.014031767677298686,0.0527843795713379,0.087008056178936144,0.11424125327481033,-0.06681614724863659,0.089682217637461786,0.0062892828147316036,-0.74503228185925618,0.74503228185925618,False,999,False,0.06681614724863659,0.45625220476374517,False,-0.0140317676772986,,,,,,,False,,,,,,,,,,,,143,120.93476946668187,0.01209820090923028,109.06927313613468,0.013564115154102014,131.53430403159953,0.010360185252684491,False,3.8597597340483958e-15,False,False,False,False,False,False,False,False,False,False,False,False,False,C0671,S04-B01,S04-B01-C0021,S04-B01-C0022,20,21
4,S04-P003,aligned_samples,twfe_scalar,bjs,static,,,,,,retained,,-0.014031767677295746,-0.00231185064806,0.087008056178936227,0.10901241547640579,-0.011719917029235746,0.064263405862922007,0.0076621616174674043,-0.18237310755416675,0.18237310755416675,False,999,False,0.011719917029235746,0.85528992894120659,False,-0.0140317676772986,,,,,,,False,,,,,,,,,,,,143,120.93476946668193,0.012098200909230252,106.66982946026847,0.012306173441263037,75.056890025973146,0.02095934079964773,False,9.9588306351483524e-14,False,False,False,False,False,False,False,False,False,False,False,False,False,C0672,S04-B01,S04-B01-C0021,S04-B01-C0024,20,23
4,S04-P004,aligned_samples,twfe_scalar,csa,static,,,,,,retained,,-0.25882906428814639,-0.81480317855596285,0.096157786113189522,0.064196526100276527,0.55597411426781651,0.090480701226385893,0.0025903782495574411,6.1446707058199044,6.1446707058199044,False,999,False,-0.55597411426781651,8.0129573306958155e-10,True,-0.25882906428814628,,,,,,,False,,,,,,,,,,,,143,120.9104898905513,0.012173833119881773,109.08332030707813,0.013556102283718823,131.68307472561926,0.010330495880791371,False,1.2323475573339238e-14,False,False,False,False,False,False,False,False,False,False,False,False,False,C0673,S04-B01,S04-B01-C0029,S04-B01-C0030,28,29
4,S04-P004,aligned_samples,twfe_scalar,bjs,static,,,,,,retained,,-0.25882906428814523,-0.80646479431851981,0.096157786113189495,0.060588910049915394,0.54763573003037458,0.091276223958736247,0.0022929933955306314,5.9997632053441139,5.9997632053441139,False,999,False,-0.54763573003037458,1.9760548083049565e-09,True,-0.25882906428814628,,,,,,,False,,,,,,,,,,,,143,120.9104898905515,0.012173833119881732,106.63163336155054,0.012351997026848329,75.132043516255933,0.02094395258293482,False,9.4924068605450884e-15,False,False,False,False,False,False,False,False,False,False,False,False,False,C0674,S04-B01,S04-B01-C0029,S04-B01-C0032,28,31
4,S04-P005,aligned_samples,twfe_scalar,csa,static,,,,,,retained,,-0.072562289113405773,-0.49096059155781779,0.038538008234368877,0.051463194955250202,0.41839830244441201,0.047420180155745624,0.00094248251383550119,8.8232119968805556,8.8232119968805556,False,999,False,-0.41839830244441201,1.1122250144887953e-18,True,-0.072562289113405704,,,,,,,False,,,,,,,,,,,,143,120.9104898905513,0.012173833119881773,109.08332030707813,0.013556102283718823,131.68307472561926,0.010330495880791371,False,2.8838043064638441e-14,False,False,False,False,False,False,False,False,False,False,False,False,False,C0675,S04-B01,S04-B01-C0037,S04-B01-C0038,36,37
4,S04-P005,aligned_samples,twfe_scalar,bjs,static,,,,,,retained,,-0.072562289113405454,-0.3165912489612947,0.038538008234368877,0.041180072756675658,0.24402895984788925,0.040208233083987209,0.0007821372315905701,6.0691291591490737,6.0691291591490737,False,999,False,-0.24402895984788925,1.286056885840506e-09,True,-0.072562289113405704,,,,,,,False,,,,,,,,,,,,143,120.9104898905515,0.012173833119881732,106.63163336155054,0.012351997026848329,75.132043516255933,0.02094395258293482,False,4.6129766673175254e-13,False,False,False,False,False,False,False,False,False,False,False,False,False,C0676,S04-B01,S04-B01-C0037,S04-B01-C0040,36,39
4,S04-P006,aligned_samples,twfe_scalar,csa,static,,,,,,retained,,-0.0044757062899727813,-0.2155612911706791,0.038366454877344594,0.066014435956067957,0.21108558488070631,0.050485363420706579,0.0016405593473661508,4.1811244007828519,4.1811244007828519,False,999,False,-0.21108558488070631,2.9007110052155518e-05,True,-0.0044757062899726998,,,,,,,False,,,,,,,,,,,,143,120.93476946668187,0.01209820090923028,109.06927313613468,0.013564115154102014,131.53430403159953,0.010360185252684491,False,2.7569092841961407e-14,False,False,False,False,False,False,False,False,False,False,False,False,False,C0677,S04-B01,S04-B01-C0045,S04-B01-C0046,44,45
4,S04-P006,aligned_samples,twfe_scalar,bjs,static,,,,,,retained,,-0.0044757062899718975,-0.050966597725603101,0.038366454877344601,0.052672459953862646,0.046490891435631204,0.031324645484260734,0.0016325697413659837,1.484163370946715,1.484163370946715,False,999,False,-0.046490891435631204,0.13776558463057378,False,-0.0044757062899726998,,,,,,,False,,,,,,,,,,,,143,120.93476946668193,0.012098200909230252,106.66982946026847,0.012306173441263037,75.056890025973146,0.02095934079964773,False,4.2994080517999578e-13,False,False,False,False,False,False,False,False,False,False,False,False,False,C0678,S04-B01,S04-B01-C0045,S04-B01-C0048,44,47
4,S04-P007,aligned_samples,twfe_scalar,csa,static,,,,,,retained,,-0.064559649694566526,-0.4618817853812518,0.036451043163454003,0.051078525882606501,0.39732213568668528,0.045919393318615394,0.00091455183564719423,8.6525998488227795,8.6525998488227795,False,999,False,-0.39732213568668528,5.0339281070568135e-18,True,-0.064559649694566498,,,,,,,False,,,,,,,,,,,,143,120.9104898905513,0.012173833119881773,109.08332030707813,0.013556102283718823,131.68307472561926,0.010330495880791371,False,2.9018454306140029e-14,False,False,False,False,False,False,False,False,False,False,False,False,False,C0679,S04-B01,S04-B01-C0053,S04-B01-C0054,52,53
4,S04-P007,aligned_samples,twfe_scalar,bjs,static,,,,,,retained,,-0.064559649694566235,-0.28631093323819301,0.036451043163453982,0.040545773129339546,0.22175128354362678,0.037867738167403117,0.00076933633622242991,5.8559421363727564,5.8559421363727564,False,999,False,-0.22175128354362678,4.7431335413469209e-09,True,-0.064559649694566498,,,,,,,False,,,,,,,,,,,,143,120.9104898905515,0.012173833119881732,106.63163336155054,0.012351997026848329,75.132043516255933,0.02094395258293482,False,4.6485038041055304e-13,False,False,False,False,False,False,False,False,False,False,False,False,False,C0680,S04-B01,S04-B01-C0053,S04-B01-C0056,52,55
1,S01-P013,aligned_samples,twfe_scalar,csa,static,,,,,,retained,,0.21457221165832707,0.25771543072214309,0.092256111924070058,0.10641595833809818,-0.043143219063816018,0.0842453263682586,0.0063691356807339906,-0.51211409491400861,0.51211409491400861,False,999,False,0.043143219063816018,0.60857116050536886,False,0.1704322494908572,,,,,,,False,,,,,,,,,,,,116,33.128502762293621,0.063150823767411879,27.472740680726567,0.089075349338748999,30.286812087480129,0.083191849333139126,False,1.1851630787873546e-14,False,False,False,False,False,False,False,False,False,False,False,False,False,C0681,S01-B01,S01-B01-C0293,S01-B01-C0291,292,290
1,S01-P013,aligned_samples,twfe_scalar,bjs,static,,,,,,retained,,0.21457221165832707,0.28827121026497882,0.092256111924070058,0.095154666625724332,-0.073698998606651744,0.075122974760094691,0.0059610697155967245,-0.98104473154863192,0.98104473154863192,False,999,False,0.073698998606651744,0.32657068333245887,False,0.1704322494908572,,,,,,,False,,,,,,,,,,,,116,33.128502762293621,0.063150823767411879,30.910701586303617,0.078119549109493897,29.988420553031144,0.091807010889614932,False,1.1851630787873546e-14,False,False,False,False,False,False,False,False,False,False,False,False,False,C0682,S01-B01,S01-B01-C0293,S01-B01-C0292,292,291
1,S01-P014,aligned_samples,twfe_scalar,csa,static,,,,,,retained,,0.23197149016235094,0.2693661917049634,0.10948939210976752,0.12527246807530251,-0.037394701542612457,0.10551064505778053,0.0082743110108675823,-0.35441638634788075,0.35441638634788075,False,999,False,0.037394701542612457,0.72302685600283567,False,0.1656381968897721,,,,,,,False,,,,,,,,,,,,116,33.137480749883942,0.063167209533731852,27.374355346356833,0.088873101841660543,30.232278104174288,0.0832048324095679,False,1.4988010832439613e-14,False,False,False,False,False,False,False,False,False,False,False,False,False,C0683,S01-B01,S01-B01-C0299,S01-B01-C0297,298,296
1,S01-P014,aligned_samples,twfe_scalar,bjs,static,,,,,,retained,,0.23197149016235094,0.30301856929411758,0.10948939210976752,0.11430938042553281,-0.071047079131766638,0.099413360810245183,0.0075857725651238047,-0.71466328622947817,0.71466328622947817,False,999,False,0.071047079131766638,0.47481712892055505,False,0.1656381968897721,,,,,,,False,,,,,,,,,,,,116,33.137480749883942,0.063167209533731852,30.90896430176408,0.077792529731010543,30.065820474314801,0.091760770152441398,False,1.4988010832439613e-14,False,False,False,False,False,False,False,False,False,False,False,False,False,C0684,S01-B01,S01-B01-C0299,S01-B01-C0298,298,297
1,S01-P015,aligned_samples,twfe_scalar,csa,static,,,,,,retained,,0.38820146125710708,0.29844185973513709,0.099898899862872634,0.11144630559848399,0.089759601521969989,0.10277878942596627,0.0059182948347479107,0.87332806723342193,0.87332806723342193,False,999,False,-0.089759601521969989,0.38248428636754711,False,0.28153617497260419,,,,,,,False,,,,,,,,,,,,116,33.128502762293621,0.063150823767411879,27.472740680726567,0.089075349338748999,30.286812087480129,0.083191849333139126,False,9.3813845580825728e-15,False,False,False,False,False,False,False,False,False,False,False,False,False,C0685,S01-B01,S01-B01-C0305,S01-B01-C0303,304,302
1,S01-P015,aligned_samples,twfe_scalar,bjs,static,,,,,,retained,,0.38820146125710708,0.33288145187009088,0.099898899862872634,0.10208995179521187,0.0553200093870162,0.08450663053321561,0.0066303889236417664,0.65462330041987049,0.65462330041987049,False,999,False,-0.0553200093870162,0.51271031852067006,False,0.28153617497260419,,,,,,,False,,,,,,,,,,,,116,33.128502762293621,0.063150823767411879,30.910701586303617,0.078119549109493897,29.988420553031144,0.091807010889614932,False,9.3813845580825728e-15,False,False,False,False,False,False,False,False,False,False,False,False,False,C0686,S01-B01,S01-B01-C0305,S01-B01-C0304,304,303
1,S01-P016,aligned_samples,twfe_scalar,csa,static,,,,,,retained,,0.18352232522746942,0.1057268882748284,0.091866261816687458,0.11318718229530347,0.077795436952641017,0.092928883408589194,0.0063074854622776353,0.83715023896919627,0.83715023896919627,False,999,False,-0.077795436952641017,0.40250812405298297,False,0.10505921302801161,,,,,,,False,,,,,,,,,,,,116,33.128502762293621,0.063150823767411879,27.472740680726567,0.089075349338748999,30.286812087480129,0.083191849333139126,False,1.1213252548714081e-14,False,False,False,False,False,False,False,False,False,False,False,False,False,C0687,S01-B01,S01-B01-C0311,S01-B01-C0309,310,308
1,S01-P016,aligned_samples,twfe_scalar,bjs,static,,,,,,retained,,0.18352232522746942,0.13090624772933321,0.091866261816687458,0.12458683041251194,0.05261607749813621,0.091021253791038745,0.0078382098653577478,0.5780636423546649,0.5780636423546649,False,999,False,-0.05261607749813621,0.56322115244402682,False,0.10505921302801161,,,,,,,False,,,,,,,,,,,,116,33.128502762293621,0.063150823767411879,30.910701586303617,0.078119549109493897,29.988420553031144,0.091807010889614932,False,1.1213252548714081e-14,False,False,False,False,False,False,False,False,False,False,False,False,False,C0688,S01-B01,S01-B01-C0311,S01-B01-C0310,310,309
1,S01-P017,aligned_samples,twfe_scalar,csa,static,,,,,,retained,,0.30737587060648203,0.29851636497118123,0.092966091480603988,0.13212699172210779,0.0088595056353008017,0.10815172139938593,0.0072017206325317891,0.081917379775992213,0.081917379775992213,False,999,False,-0.0088595056353008017,0.93471241382519199,False,0.2076386433415319,,,,,,,False,,,,,,,,,,,,116,33.137480749883942,0.063167209533731852,27.374355346356833,0.088873101841660543,30.232278104174288,0.0832048324095679,False,1.4654943925052066e-14,False,False,False,False,False,False,False,False,False,False,False,False,False,C0689,S01-B01,S01-B01-C0317,S01-B01-C0315,316,314
1,S01-P017,aligned_samples,twfe_scalar,bjs,static,,,,,,retained,,0.30737587060648203,0.33768795059905388,0.092966091480603988,0.11562472317015855,-0.03031207999257185,0.08527776498030995,0.0073697367866594251,-0.35545115423194662,0.35545115423194662,False,999,False,0.03031207999257185,0.72225163199367981,False,0.2076386433415319,,,,,,,False,,,,,,,,,,,,116,33.137480749883942,0.063167209533731852,30.90896430176408,0.077792529731010543,30.065820474314801,0.091760770152441398,False,1.4654943925052066e-14,False,False,False,False,False,False,False,False,False,False,False,False,False,C0690,S01-B01,S01-B01-C0317,S01-B01-C0316,316,315
1,S01-P018,aligned_samples,twfe_scalar,csa,static,,,,,,retained,,0.18707839792149281,0.1103946514283641,0.11460584754912073,0.13474659577006384,0.076683746493128702,0.11168330939542767,0.0094089918832792347,0.68661778477230673,0.68661778477230673,False,999,False,-0.076683746493128702,0.49232361815826237,False,0.1549769980808306,,,,,,,False,,,,,,,,,,,,116,33.128502762293621,0.063150823767411879,27.472740680726567,0.089075349338748999,30.286812087480129,0.083191849333139126,False,1.0880185641326534e-14,False,False,False,False,False,False,False,False,False,False,False,False,False,C0691,S01-B01,S01-B01-C0323,S01-B01-C0321,322,320
1,S01-P018,aligned_samples,twfe_scalar,bjs,static,,,,,,retained,,0.18707839792149281,0.12723719306169559,0.11460584754912073,0.13465218702462539,0.059841204859797215,0.10159504099903441,0.010472079703685763,0.58901698617716947,0.58901698617716947,False,999,False,-0.059841204859797215,0.55584987896902138,False,0.1549769980808306,,,,,,,False,,,,,,,,,,,,116,33.128502762293621,0.063150823767411879,30.910701586303617,0.078119549109493897,29.988420553031144,0.091807010889614932,False,1.0880185641326534e-14,False,False,False,False,False,False,False,False,False,False,False,False,False,C0692,S01-B01,S01-B01-C0323,S01-B01-C0322,322,321
1,S01-P019,aligned_samples,twfe_scalar,csa,static,,,,,,retained,,0.34143394019296608,0.2896772929973685,0.10866072794285667,0.12649730103308288,0.051756647195597583,0.10435980001932386,0.0084588765528263166,0.49594429259172612,0.49594429259172612,False,999,False,-0.051756647195597583,0.61993371499677452,False,0.25050800724521388,,,,,,,False,,,,,,,,,,,,116,33.137480749883942,0.063167209533731852,27.374355346356833,0.088873101841660543,30.232278104174288,0.0832048324095679,False,8.3266726846886741e-16,False,False,False,False,False,False,False,False,False,False,False,False,False,C0693,S01-B01,S01-B01-C0329,S01-B01-C0327,328,326
1,S01-P019,aligned_samples,twfe_scalar,bjs,static,,,,,,retained,,0.34143394019296608,0.33000260117157793,0.10866072794285667,0.12420246165833665,0.011431339021388154,0.098795851387570202,0.0087363925138336206,0.11570667048096682,0.11570667048096682,False,999,False,-0.011431339021388154,0.90788501948571865,False,0.25050800724521388,,,,,,,False,,,,,,,,,,,,116,33.137480749883942,0.063167209533731852,30.90896430176408,0.077792529731010543,30.065820474314801,0.091760770152441398,False,8.3266726846886741e-16,False,False,False,False,False,False,False,False,False,False,False,False,False,C0694,S01-B01,S01-B01-C0329,S01-B01-C0328,328,327
1,S01-P020,aligned_samples,twfe_scalar,csa,static,,,,,,retained,,0.023184407426537643,0.069059730971585007,0.10849414926607094,0.11037976548892305,-0.045875323545047364,0.086817340598706758,0.0082087112128631373,-0.52841198807385181,0.52841198807385181,False,999,False,0.045875323545047364,0.59721341874530298,False,-0.0009772742985643,,,,,,,False,,,,,,,,,,,,116,33.128502762293621,0.063150823767411879,27.472740680726567,0.089075349338748999,30.286812087480129,0.083191849333139126,False,2.2343238370581275e-15,False,False,False,False,False,False,False,False,False,False,False,False,False,C0695,S01-B01,S01-B01-C0335,S01-B01-C0333,334,332
1,S01-P020,aligned_samples,twfe_scalar,bjs,static,,,,,,retained,,0.023184407426537643,0.076464962006689396,0.10849414926607094,0.10737412749212043,-0.053280554580151754,0.093022552167714684,0.0073234942339337073,-0.57277029428401149,0.57277029428401149,False,999,False,0.053280554580151754,0.56680023491304588,False,-0.0009772742985643,,,,,,,False,,,,,,,,,,,,116,33.128502762293621,0.063150823767411879,30.910701586303617,0.078119549109493897,29.988420553031144,0.091807010889614932,False,2.2343238370581275e-15,False,False,False,False,False,False,False,False,False,False,False,False,False,C0696,S01-B01,S01-B01-C0335,S01-B01-C0334,334,333
1,S01-P021,aligned_samples,twfe_scalar,csa,static,,,,,,retained,,0.034803524044812406,-0.046398520793001503,0.086287543856935572,0.10283434844359347,0.081202044837813903,0.086157958874160293,0.0052986247836597422,0.94247874368072193,0.94247874368072193,False,999,False,-0.081202044837813903,0.34594758888160543,False,0.1082134007088815,,,,,,,False,,,,,,,,,,,,116,33.103016169124466,0.063169223942218675,27.455071393737366,0.087998421095504376,30.215370462783564,0.084505108431771322,False,6.349087922075114e-15,False,False,False,False,False,False,False,False,False,False,False,False,False,C0697,S01-B01,S01-B01-C0341,S01-B01-C0339,340,338
1,S01-P021,aligned_samples,twfe_scalar,bjs,static,,,,,,retained,,0.034803524044812406,-0.046036433801995201,0.086287543856935572,0.11333475921818745,0.080839957846807614,0.076871830163089586,0.007190514799642108,1.0516200495721169,1.0516200495721169,False,999,False,-0.080839957846807614,0.29297390529742107,False,0.1082134007088815,,,,,,,False,,,,,,,,,,,,116,33.103016169124466,0.063169223942218675,30.910999320421034,0.077939570147405435,29.886187041354017,0.093279715705489374,False,6.349087922075114e-15,False,False,False,False,False,False,False,False,False,False,False,False,False,C0698,S01-B01,S01-B01-C0341,S01-B01-C0340,340,339
1,S01-P022,aligned_samples,twfe_scalar,csa,static,,,,,,retained,,0.16009312169879428,0.15012425865279719,0.090553035115600311,0.11360428942171835,0.0099688630459970895,0.093870993551833953,0.0061470116566261206,0.10619748091291326,0.10619748091291326,False,999,False,-0.0099688630459970895,0.91542566958600813,False,0.1641512532639666,,,,,,,False,,,,,,,,,,,,116,33.109059091976718,0.063124626936760783,27.44718726746137,0.088375096729953945,30.239974191385794,0.084408977419774975,False,3.8857805861880479e-16,False,False,False,False,False,False,False,False,False,False,False,False,False,C0699,S01-B01,S01-B01-C0347,S01-B01-C0345,346,344
1,S01-P022,aligned_samples,twfe_scalar,bjs,static,,,,,,retained,,0.16009312169879428,0.1336782416445122,0.090553035115600311,0.11042915873407259,0.026414880054282081,0.062575402197642502,0.0082393851535827109,0.42212880982932377,0.42212880982932377,False,999,False,-0.026414880054282081,0.67293100035734144,False,0.1641512532639666,,,,,,,False,,,,,,,,,,,,116,33.109059091976718,0.063124626936760783,30.876118480935602,0.078904333736341745,29.815008753055782,0.093290932032112472,False,3.9412917374193057e-15,False,False,False,False,False,False,False,False,False,False,False,False,False,C0700,S01-B01,S01-B01-C0347,S01-B01-C0346,346,345
1,S01-P023,aligned_samples,twfe_scalar,csa,static,,,,,,retained,,0.07176181127412086,-0.0120621558625638,0.084447551495907769,0.13599067345366347,0.083823967136684663,0.11350924920870908,0.0063702512820550507,0.73847697629078501,0.73847697629078501,False,999,False,-0.083823967136684663,0.46022465308146249,False,0.1005088070803597,,,,,,,False,,,,,,,,,,,,116,33.20887963270664,0.06289346901573549,27.172652481056314,0.090431312056207538,30.044501330457649,0.08452970988786844,False,6.6197047843274959e-15,False,False,False,False,False,False,False,False,False,False,False,False,False,C0701,S01-B01,S01-B01-C0353,S01-B01-C0351,352,350
1,S01-P023,aligned_samples,twfe_scalar,bjs,static,,,,,,retained,,0.07176181127412086,0.0227662541539029,0.084447551495907769,0.094723689345038845,0.048995557120217956,0.065171035288446269,0.0059283512181107553,0.7517995824888184,0.7517995824888184,False,999,False,-0.048995557120217956,0.4521715931344607,False,0.1005088070803597,,,,,,,False,,,,,,,,,,,,116,33.20887963270664,0.06289346901573549,31.009047890152196,0.079111313486288221,30.300637492511363,0.094921471467895868,False,6.6197047843274959e-15,False,False,False,False,False,False,False,False,False,False,False,False,False,C0702,S01-B01,S01-B01-C0353,S01-B01-C0352,352,351
1,S01-P024,aligned_samples,twfe_scalar,csa,static,,,,,,retained,,0.15795381156581328,0.1647816332415532,0.086729438972506637,0.11288461449320206,-0.0068278216757399202,0.10208380066242118,0.004921914708039825,-0.066884477570723522,0.066884477570723522,False,999,False,0.0068278216757399202,0.94667367046874895,False,0.13469014123565129,,,,,,,False,,,,,,,,,,,,116,33.20887963270664,0.06289346901573549,27.172652481056314,0.090431312056207538,30.044501330457649,0.08452970988786844,False,7.7993167479917247e-15,False,False,False,False,False,False,False,False,False,False,False,False,False,C0703,S01-B01,S01-B01-C0359,S01-B01-C0357,358,356
1,S01-P024,aligned_samples,twfe_scalar,bjs,static,,,,,,retained,,0.15795381156581328,0.19141630818197969,0.086729438972506637,0.096858038785932951,-0.033462496616166404,0.074650299931872305,0.0056654039910122769,-0.4482566934989558,0.4482566934989558,False,999,False,0.033462496616166404,0.65396795112036099,False,0.13469014123565129,,,,,,,False,,,,,,,,,,,,116,33.20887963270664,0.06289346901573549,31.009047890152196,0.079111313486288221,30.300637492511363,0.094921471467895868,False,7.7993167479917247e-15,False,False,False,False,False,False,False,False,False,False,False,False,False,C0704,S01-B01,S01-B01-C0359,S01-B01-C0358,358,357
1,S01-P025,aligned_samples,twfe_scalar,csa,static,,,,,,retained,,0.16268422583873371,0.13118189258449231,0.099783736770858375,0.12806317658521502,0.031502333254241399,0.091011277983333527,0.0090369593004461547,0.3461365882589878,0.3461365882589878,False,999,False,-0.031502333254241399,0.72924006752309167,False,0.1307067474387533,,,,,,,False,,,,,,,,,,,,116,33.20887963270664,0.06289346901573549,27.172652481056314,0.090431312056207538,30.044501330457649,0.08452970988786844,False,6.3837823915946501e-15,False,False,False,False,False,False,False,False,False,False,False,False,False,C0705,S01-B01,S01-B01-C0365,S01-B01-C0363,364,362
1,S01-P025,aligned_samples,twfe_scalar,bjs,static,,,,,,retained,,0.16268422583873371,0.16240286256559611,0.099783736770858375,0.10940190005449822,0.00028136327313760257,0.077872244505292371,0.0079307416975991692,0.0036131393787998557,0.0036131393787998557,False,999,False,-0.00028136327313760257,0.99711713814614744,False,0.1307067474387533,,,,,,,False,,,,,,,,,,,,116,33.20887963270664,0.06289346901573549,31.009047890152196,0.079111313486288221,30.300637492511363,0.094921471467895868,False,6.3837823915946501e-15,False,False,False,False,False,False,False,False,False,False,False,False,False,C0706,S01-B01,S01-B01-C0365,S01-B01-C0364,364,363
1,S01-P026,aligned_samples,twfe_scalar,csa,static,,,,,,retained,,0.060192805512770606,0.0810145087012272,0.082470513769395695,0.10932115735569621,-0.020821703188456595,0.098648078090797953,0.0045105288879844019,-0.21107054076909457,0.21107054076909457,False,999,False,0.020821703188456595,0.83283222742847873,False,0.1153356800761668,,,,,,,False,,,,,,,,,,,,116,33.20887963270664,0.06289346901573549,27.172652481056314,0.090431312056207538,30.044501330457649,0.08452970988786844,False,5.2041704279304213e-15,False,False,False,False,False,False,False,False,False,False,False,False,False,C0707,S01-B01,S01-B01-C0371,S01-B01-C0369,370,368
1,S01-P026,aligned_samples,twfe_scalar,bjs,static,,,,,,retained,,0.060192805512770606,0.093939945853920098,0.082470513769395695,0.087878308687487416,-0.033747140341149492,0.075502755721725323,0.0044116583287934427,-0.44696567719367386,0.44696567719367386,False,999,False,0.033747140341149492,0.65489984200002804,False,0.1153356800761668,,,,,,,False,,,,,,,,,,,,116,33.20887963270664,0.06289346901573549,31.009047890152196,0.079111313486288221,30.300637492511363,0.094921471467895868,False,5.2041704279304213e-15,False,False,False,False,False,False,False,False,False,False,False,False,False,C0708,S01-B01,S01-B01-C0371,S01-B01-C0370,370,369
1,S01-P027,aligned_samples,twfe_scalar,csa,static,,,,,,retained,,0.039630501960594977,-0.096211513140760499,0.098425079136769969,0.11116002104249176,0.13584201510135546,0.10860022843615406,0.0051250184324308969,1.2508446534365885,1.2508446534365885,False,999,False,-0.13584201510135546,0.21099115984405584,False,-0.0032855282890917,,,,,,,False,,,,,,,,,,,,116,33.20887963270664,0.06289346901573549,27.172652481056314,0.090431312056207538,30.044501330457649,0.08452970988786844,False,5.3013149425851225e-15,False,False,False,False,False,False,False,False,False,False,False,False,False,C0709,S01-B01,S01-B01-C0377,S01-B01-C0375,376,374
1,S01-P027,aligned_samples,twfe_scalar,bjs,static,,,,,,retained,,0.039630501960594977,-0.057677571993434401,0.098425079136769969,0.10946412498869747,0.097308073954029378,0.095999634198598832,0.0062269805481779137,1.0136296327205134,1.0136296327205134,False,999,False,-0.097308073954029378,0.31075951241490468,False,-0.0032855282890917,,,,,,,False,,,,,,,,,,,,116,33.20887963270664,0.06289346901573549,31.009047890152196,0.079111313486288221,30.300637492511363,0.094921471467895868,False,5.3013149425851225e-15,False,False,False,False,False,False,False,False,False,False,False,False,False,C0710,S01-B01,S01-B01-C0377,S01-B01-C0376,376,375
1,S01-P028,aligned_samples,twfe_scalar,csa,static,,,,,,retained,,0.073256132230915399,0.12805447027914749,0.1034022357509535,0.12215631221840131,-0.054798338048232087,0.093576288874400018,0.0084288325667950734,-0.58560067627584078,0.58560067627584078,False,999,False,0.054798338048232087,0.55814389381311158,False,0.039066362125384703,,,,,,,False,,,,,,,,,,,,116,33.292890583447885,0.062028376268899017,27.192631024794384,0.090664595434783973,30.154606250412257,0.084119042795901364,False,2.4980018054066022e-16,False,False,False,False,False,False,False,False,False,False,False,False,False,C0711,S01-B01,S01-B01-C0383,S01-B01-C0381,382,380
1,S01-P028,aligned_samples,twfe_scalar,bjs,static,,,,,,retained,,0.073256132230915399,0.13025623227045841,0.1034022357509535,0.11576913522817611,-0.057000100039543006,0.078815884408418108,0.0089412856973471871,-0.72320574040852836,0.72320574040852836,False,999,False,0.057000100039543006,0.46955349260708773,False,0.039066362125384703,,,,,,,False,,,,,,,,,,,,116,33.292890583447885,0.062028376268899017,30.999890205864752,0.079312173454399865,30.356571471647662,0.094626293677453205,False,9.7144514654701197e-16,False,False,False,False,False,False,False,False,False,False,False,False,False,C0712,S01-B01,S01-B01-C0383,S01-B01-C0382,382,381
1,S01-P029,aligned_samples,twfe_scalar,csa,static,,,,,,retained,,0.12759187653047688,0.092065348859630594,0.091164953068188448,0.11178875912541743,0.035526527670846283,0.10645955609680643,0.0047370691251982615,0.33370914714824745,0.33370914714824745,False,999,False,-0.035526527670846283,0.73859904647519614,False,0.10015916386266301,,,,,,,False,,,,,,,,,,,,116,33.20887963270664,0.06289346901573549,27.172652481056314,0.090431312056207538,30.044501330457649,0.08452970988786844,False,1.0824674490095276e-15,False,False,False,False,False,False,False,False,False,False,False,False,False,C0713,S01-B01,S01-B01-C0389,S01-B01-C0387,388,386
1,S01-P029,aligned_samples,twfe_scalar,bjs,static,,,,,,retained,,0.12759187653047688,0.081806466101620096,0.091164953068188448,0.10728338117378922,0.045785410428856782,0.088289074049189092,0.006012905973771179,0.51858523743660567,0.51858523743660567,False,999,False,-0.045785410428856782,0.60405000588878055,False,0.10015916386266301,,,,,,,False,,,,,,,,,,,,116,33.20887963270664,0.06289346901573549,31.009047890152196,0.079111313486288221,30.300637492511363,0.094921471467895868,False,1.0824674490095276e-15,False,False,False,False,False,False,False,False,False,False,False,False,False,C0714,S01-B01,S01-B01-C0389,S01-B01-C0388,388,387
1,S01-P030,aligned_samples,twfe_scalar,csa,static,,,,,,retained,,0.0069630039906609462,-0.024305289280478599,0.089942530440607973,0.13056165295875613,0.031268293271139544,0.097079678221575871,0.0078557700408888233,0.32208896695941247,0.32208896695941247,False,999,False,-0.031268293271139544,0.74738529637732798,False,-0.0083371834503478005,,,,,,,False,,,,,,,,,,,,116,33.20887963270664,0.06289346901573549,27.172652481056314,0.090431312056207538,30.044501330457649,0.08452970988786844,False,3.9638431426070042e-16,False,False,False,False,False,False,False,False,False,False,False,False,False,C0715,S01-B01,S01-B01-C0395,S01-B01-C0393,394,392
1,S01-P030,aligned_samples,twfe_scalar,bjs,static,,,,,,retained,,0.0069630039906609462,-0.075128714168939598,0.089942530440607973,0.11058003675627046,0.082091718159600549,0.085505622924450103,0.0065031958796897835,0.96007391504689743,0.96007391504689743,False,999,False,-0.082091718159600549,0.33701801564697942,False,-0.0083371834503478005,,,,,,,False,,,,,,,,,,,,116,33.20887963270664,0.06289346901573549,31.009047890152196,0.079111313486288221,30.300637492511363,0.094921471467895868,False,3.9638431426070042e-16,False,False,False,False,False,False,False,False,False,False,False,False,False,C0716,S01-B01,S01-B01-C0395,S01-B01-C0394,394,393
1,S01-P031,aligned_samples,twfe_scalar,csa,static,,,,,,retained,,0.15904019682583964,0.1196496739040908,0.094385867774042398,0.094511082054795428,0.039390522921748841,0.080802990522770873,0.0056559566946021459,0.48748842916461493,0.48748842916461493,False,999,False,-0.039390522921748841,0.62591224067888263,False,0.1611254833802955,,,,,,,False,,,,,,,,,,,,116,33.292890583447885,0.062028376268899017,27.192631024794384,0.090664595434783973,30.154606250412257,0.084119042795901364,False,1.0824674490095276e-15,False,False,False,False,False,False,False,False,False,False,False,False,False,C0717,S01-B01,S01-B01-C0401,S01-B01-C0399,400,398
1,S01-P031,aligned_samples,twfe_scalar,bjs,static,,,,,,retained,,0.15904019682583964,0.1135245901575032,0.094385867774042398,0.10480466002827125,0.045515606668336442,0.066249481206176145,0.007751857519506522,0.68703340523809597,0.68703340523809597,False,999,False,-0.045515606668336442,0.49206167790243965,False,0.1611254833802955,,,,,,,False,,,,,,,,,,,,116,33.292890583447885,0.062028376268899017,30.999890205864752,0.079312173454399865,30.356571471647662,0.094626293677453205,False,1.0824674490095276e-15,False,False,False,False,False,False,False,False,False,False,False,False,False,C0718,S01-B01,S01-B01-C0401,S01-B01-C0400,400,399
1,S01-P032,aligned_samples,twfe_scalar,csa,static,,,,,,retained,,0.14318886371089418,0.1243749705029376,0.10345503693047874,0.12434412636023177,0.018813893207956581,0.10509757278380674,0.0075594533107642232,0.17901358432566383,0.17901358432566383,False,999,False,-0.018813893207956581,0.85792703524099423,False,0.14660139415806939,,,,,,,False,,,,,,,,,,,,116,33.280470437313397,0.062050355540815325,27.341919161535444,0.089437137591473911,30.359523560580875,0.082806616653739049,False,4.3853809472693683e-15,False,False,False,False,False,False,False,False,False,False,False,False,False,C0719,S01-B01,S01-B01-C0407,S01-B01-C0405,406,404
1,S01-P032,aligned_samples,twfe_scalar,bjs,static,,,,,,retained,,0.14318886371089418,0.13308278767139689,0.10345503693047874,0.11910605410474349,0.010106076039497286,0.083860473067394789,0.0089283089238007783,0.1205106013577517,0.1205106013577517,False,999,False,-0.010106076039497286,0.90407868217993981,False,0.14660139415806939,,,,,,,False,,,,,,,,,,,,116,33.280470437313397,0.062050355540815325,31.3188506118661,0.077419614305165904,30.613331600058704,0.09312785836848482,False,4.9960036108132044e-15,False,False,False,False,False,False,False,False,False,False,False,False,False,C0720,S01-B01,S01-B01-C0407,S01-B01-C0406,406,405
1,S01-P033,aligned_samples,twfe_scalar,csa,static,,,,,,retained,,0.11777012359857322,0.0154020157657435,0.086866860814014207,0.11152354183173036,0.10236810783282972,0.099961684136869094,0.0049955067974479213,1.024073460913941,1.024073460913941,False,999,False,-0.10236810783282972,0.30580057848812769,False,0.2049631707941334,,,,,,,False,,,,,,,,,,,,116,33.109078693414467,0.063155101987565368,27.448099646720419,0.087878625235904881,30.187473793068182,0.084637304754224485,False,7.5772721430666934e-15,False,False,False,False,False,False,False,False,False,False,False,False,False,C0721,S01-B01,S01-B01-C0413,S01-B01-C0411,412,410
1,S01-P033,aligned_samples,twfe_scalar,bjs,static,,,,,,retained,,0.11777012359857322,0.047400942893097903,0.086866860814014207,0.10428974001162268,0.07036918070547532,0.065404381499426054,0.0070722341300253509,1.0759092753761892,1.0759092753761892,False,999,False,-0.07036918070547532,0.28196783327354141,False,0.2049631707941334,,,,,,,False,,,,,,,,,,,,116,33.109078693414467,0.063155101987565368,30.988516638274753,0.078331983408091499,29.925215038102262,0.093821249670248921,False,7.5772721430666934e-15,False,False,False,False,False,False,False,False,False,False,False,False,False,C0722,S01-B01,S01-B01-C0413,S01-B01-C0412,412,411
1,S01-P034,aligned_samples,twfe_scalar,csa,static,,,,,,retained,,0.15375680744740322,0.066146350906804097,0.088799312205626146,0.11554587066804724,0.087610456540599124,0.10941182676362211,0.0046326091204382533,0.80074027764728228,0.80074027764728228,False,999,False,-0.087610456540599124,0.42328201982197566,False,0.21441112817879651,,,,,,,False,,,,,,,,,,,,116,33.280470437313397,0.062050355540815325,27.341919161535444,0.089437137591473911,30.359523560580875,0.082806616653739049,False,3.3306690738754696e-16,False,False,False,False,False,False,False,False,False,False,False,False,False,C0723,S01-B01,S01-B01-C0419,S01-B01-C0417,418,416
1,S01-P034,aligned_samples,twfe_scalar,bjs,static,,,,,,retained,,0.15375680744740322,0.0901571067991873,0.088799312205626146,0.097626902261253021,0.063599700648215921,0.067676215837100553,0.0064181298516453487,0.93976443365721019,0.93976443365721019,False,999,False,-0.063599700648215921,0.34733840606489447,False,0.21441112817879651,,,,,,,False,,,,,,,,,,,,116,33.280470437313397,0.062050355540815325,31.3188506118661,0.077419614305165904,30.613331600058704,0.09312785836848482,False,3.3306690738754696e-16,False,False,False,False,False,False,False,False,False,False,False,False,False,C0724,S01-B01,S01-B01-C0419,S01-B01-C0418,418,417
1,S01-P035,aligned_samples,twfe_scalar,csa,static,,,,,,retained,,0.43039306429513524,0.44114140389164808,0.10700356143797959,0.13014626354067971,-0.010748339596512835,0.12811300811889823,0.0059874346123693209,-0.083897332162691796,0.083897332162691796,False,999,False,0.010748339596512835,0.93313806070968663,False,0.26830381394945468,,,,,,,False,,,,,,,,,,,,116,33.1075468875258,0.063139482690317411,27.448488928767286,0.088127413803750942,30.215901843843675,0.084431206715298301,False,4.3853809472693683e-15,False,False,False,False,False,False,False,False,False,False,False,False,False,C0725,S01-B01,S01-B01-C0425,S01-B01-C0423,424,422
1,S01-P035,aligned_samples,twfe_scalar,bjs,static,,,,,,retained,,0.43039306429513524,0.50279383283053314,0.10700356143797959,0.12278676053325929,-0.072400768535397897,0.090036272529957537,0.0092099101757873222,-0.80412889717650382,0.80412889717650382,False,999,False,0.072400768535397897,0.42132253721300311,False,0.26830381394945468,,,,,,,False,,,,,,,,,,,,116,33.1075468875258,0.063139482690317411,30.968016418548707,0.077999566090154515,29.817465156940195,0.093368239971431288,False,4.3853809472693683e-15,False,False,False,False,False,False,False,False,False,False,False,False,False,C0726,S01-B01,S01-B01-C0425,S01-B01-C0424,424,423
1,S01-P036,aligned_samples,twfe_scalar,csa,static,,,,,,retained,,0.040613989109531817,0.029882386805835801,0.10261770648629652,0.10737789350860621,0.010731602303696016,0.097652364171526132,0.0062622107352824606,0.10989598044801029,0.10989598044801029,False,999,False,-0.010731602303696016,0.91249187037425128,False,0.029819304021479899,,,,,,,False,,,,,,,,,,,,116,33.109059091976718,0.063124626936760783,27.44718726746137,0.088375096729953945,30.239974191385794,0.084408977419774975,False,1.519617764955683e-15,False,False,False,False,False,False,False,False,False,False,False,False,False,C0727,S01-B01,S01-B01-C0431,S01-B01-C0429,430,428
1,S01-P036,aligned_samples,twfe_scalar,bjs,static,,,,,,retained,,0.040613989109531817,0.027633788726519899,0.10261770648629652,0.12286276732235106,0.012980200383011918,0.091631447913746694,0.0086146655159221059,0.14165661111489006,0.14165661111489006,False,999,False,-0.012980200383011918,0.88735124854839109,False,0.029819304021479899,,,,,,,False,,,,,,,,,,,,116,33.109059091976718,0.063124626936760783,30.876118480935602,0.078904333736341745,29.815008753055782,0.093290932032112472,False,1.6930901125533637e-15,False,False,False,False,False,False,False,False,False,False,False,False,False,C0728,S01-B01,S01-B01-C0431,S01-B01-C0430,430,429
1,S01-P037,aligned_samples,twfe_scalar,csa,static,,,,,,retained,,0.1291352407784854,0.20565059515157391,0.11616571945011706,0.13133345013946238,-0.076515354373088512,0.11659194065702537,0.0085746344373633133,-0.65626623883181756,0.65626623883181756,False,999,False,0.076515354373088512,0.51165283609460577,False,0.021705135981135399,,,,,,,False,,,,,,,,,,,,116,33.1075468875258,0.063139482690317411,27.448488928767286,0.088127413803750942,30.215901843843675,0.084431206715298301,False,3.1086244689504383e-15,False,False,False,False,False,False,False,False,False,False,False,False,False,C0729,S01-B01,S01-B01-C0437,S01-B01-C0435,436,434
1,S01-P037,aligned_samples,twfe_scalar,bjs,static,,,,,,retained,,0.1291352407784854,0.26333793775956582,0.11616571945011706,0.13244805508956053,-0.13420269698108042,0.075857797180009734,0.012641278139683543,-1.769135170938577,1.769135170938577,False,999,False,0.13420269698108042,0.076871319766311327,False,0.021705135981135399,,,,,,,False,,,,,,,,,,,,116,33.1075468875258,0.063139482690317411,30.968016418548707,0.077999566090154515,29.817465156940195,0.093368239971431288,False,3.1086244689504383e-15,False,False,False,False,False,False,False,False,False,False,False,False,False,C0730,S01-B01,S01-B01-C0437,S01-B01-C0436,436,435
1,S01-P038,aligned_samples,twfe_scalar,csa,static,,,,,,retained,,0.15503193342644636,0.1321022406300813,0.11736536542274292,0.1242574346618843,0.022929692796365059,0.10171252750568525,0.0094345504089858225,0.22543626983493648,0.22543626983493648,False,999,False,-0.022929692796365059,0.82163989848727936,False,0.15926044064510761,,,,,,,False,,,,,,,,,,,,116,33.380796755734771,0.061879776977388404,27.527381683595092,0.087533335543145296,29.599918178316099,0.088197601387633107,False,4.3298697960381105e-15,False,False,False,False,False,False,False,False,False,False,False,False,False,C0731,S01-B01,S01-B01-C0443,S01-B01-C0441,442,440
1,S01-P038,aligned_samples,twfe_scalar,bjs,static,,,,,,retained,,0.15503193342644636,0.14565011667644881,0.11736536542274292,0.11326108982598562,0.0093818167499975513,0.087226666740393199,0.0094971060393721721,0.1075567495651303,0.1075567495651303,False,999,False,-0.0093818167499975513,0.91434730673562625,False,0.15926044064510761,,,,,,,False,,,,,,,,,,,,116,33.380796755734771,0.061879776977388404,31.701439996804851,0.079023204570419434,29.728303232453175,0.1004098739744427,False,4.3298697960381105e-15,False,False,False,False,False,False,False,False,False,False,False,False,False,C0732,S01-B01,S01-B01-C0443,S01-B01-C0442,442,441
1,S01-P039,aligned_samples,twfe_scalar,csa,static,,,,,,retained,,0.25811806024369888,0.24908045153531699,0.1089038593082786,0.13071227930551266,0.0090376087083818835,0.11702832908707184,0.0076250603622838578,0.077225820268335965,0.077225820268335965,False,999,False,-0.0090376087083818835,0.9384439013750806,False,0.12645125101591931,,,,,,,False,,,,,,,,,,,,116,33.280470437313397,0.062050355540815325,27.341919161535444,0.089437137591473911,30.359523560580875,0.082806616653739049,False,3.7192471324942744e-15,False,False,False,False,False,False,False,False,False,False,False,False,False,C0733,S01-B01,S01-B01-C0449,S01-B01-C0447,448,446
1,S01-P039,aligned_samples,twfe_scalar,bjs,static,,,,,,retained,,0.25811806024369888,0.25488003234475498,0.1089038593082786,0.11477002516523468,0.003238027898943896,0.08462508379554573,0.0089354022206314006,0.038263216456801079,0.038263216456801079,False,999,False,-0.003238027898943896,0.96947781831154289,False,0.12645125101591931,,,,,,,False,,,,,,,,,,,,116,33.280470437313397,0.062050355540815325,31.3188506118661,0.077419614305165904,30.613331600058704,0.09312785836848482,False,3.7747582837255322e-15,False,False,False,False,False,False,False,False,False,False,False,False,False,C0734,S01-B01,S01-B01-C0449,S01-B01-C0448,448,447
1,S01-P040,aligned_samples,twfe_scalar,csa,static,,,,,,retained,,0.29581807267714672,0.31264232924027618,0.10924349432875106,0.11349744472715735,-0.016824256563129469,0.10230037696931704,0.0071752219423428147,-0.16445937993146956,0.16445937993146956,False,999,False,0.016824256563129469,0.8693695214200905,False,0.16554009916109161,,,,,,,False,,,,,,,,,,,,116,33.380722503596687,0.061879599174228549,27.535317301358138,0.087494309167840303,29.608925812004454,0.088155182735444704,False,7.2164496600635175e-16,False,False,False,False,False,False,False,False,False,False,False,False,False,C0735,S01-B01,S01-B01-C0455,S01-B01-C0453,454,452
1,S01-P040,aligned_samples,twfe_scalar,bjs,static,,,,,,retained,,0.29581807267714672,0.33814107205977512,0.10924349432875106,0.11320984323079085,-0.042322999382628401,0.081660340880234522,0.0090410991924100015,-0.51828095408884667,0.51828095408884667,False,999,False,0.042322999382628401,0.60426225943640999,False,0.16554009916109161,,,,,,,False,,,,,,,,,,,,116,33.380722503596687,0.061879599174228549,31.686122517034963,0.079007511667155958,29.763252807254588,0.10033175724898127,False,7.2164496600635175e-16,False,False,False,False,False,False,False,False,False,False,False,False,False,C0736,S01-B01,S01-B01-C0455,S01-B01-C0454,454,453
1,S01-P041,aligned_samples,twfe_scalar,csa,static,,,,,,retained,,0.13635414951625041,0.22853941853751911,0.087275928708120676,0.12023099812808787,-0.092185269021268695,0.092161055418156529,0.0067894602534763569,-1.0002627313999639,1.0002627313999639,False,999,False,0.092185269021268695,0.3171833779512116,False,0.098786950968636295,,,,,,,False,,,,,,,,,,,,116,33.280470437313397,0.062050355540815325,27.341919161535444,0.089437137591473911,30.359523560580875,0.082806616653739049,False,1.6930901125533637e-15,False,False,False,False,False,False,False,False,False,False,False,False,False,C0737,S01-B01,S01-B01-C0461,S01-B01-C0459,460,458
1,S01-P041,aligned_samples,twfe_scalar,bjs,static,,,,,,retained,,0.13635414951625041,0.1750008972495587,0.087275928708120676,0.11047822021905257,-0.038646747733308284,0.069436620267810431,0.0075005403202091673,-0.55657587573029133,0.55657587573029133,False,999,False,0.038646747733308284,0.57781724011876645,False,0.098786950968636295,,,,,,,False,,,,,,,,,,,,116,33.280470437313397,0.062050355540815325,31.3188506118661,0.077419614305165904,30.613331600058704,0.09312785836848482,False,1.6930901125533637e-15,False,False,False,False,False,False,False,False,False,False,False,False,False,C0738,S01-B01,S01-B01-C0461,S01-B01-C0460,460,459
1,S01-P042,aligned_samples,twfe_scalar,csa,static,,,,,,retained,,0.15375133442040895,0.26546700290594161,0.10999781563035459,0.1184652108617022,-0.11171566848553266,0.091569209098235418,0.0088743027865403421,-1.2200134694369165,1.2200134694369165,False,999,False,0.11171566848553266,0.2224597688584008,False,0.1898543069477957,,,,,,,False,,,,,,,,,,,,116,33.261733096945292,0.062035347598645714,27.761700333480945,0.081494112492467852,29.853512849721277,0.085720617799156504,False,1.1934897514720433e-15,False,False,False,False,False,False,False,False,False,False,False,False,False,C0739,S01-B01,S01-B01-C0467,S01-B01-C0465,466,464
1,S01-P042,aligned_samples,twfe_scalar,bjs,static,,,,,,retained,,0.15375133442040895,0.236324428776095,0.10999781563035459,0.12907943426003754,-0.08257309435568605,0.090988597079713712,0.010241047496903171,-0.90751035850508865,0.90751035850508865,False,999,False,0.08257309435568605,0.36413697425503477,False,0.1898543069477957,,,,,,,False,,,,,,,,,,,,116,33.261733096945292,0.062035347598645714,31.114701000808413,0.079892006859942355,30.489455894218651,0.098066364822923621,False,3.1641356201816961e-15,False,False,False,False,False,False,False,False,False,False,False,False,False,C0740,S01-B01,S01-B01-C0467,S01-B01-C0466,466,465
1,S01-P043,aligned_samples,twfe_scalar,csa,static,,,,,,retained,,-0.0022904606493755267,0.0099641585637135002,0.070502218113724813,0.10599718965344201,-0.012254619213089027,0.095081833761951659,0.0035827059309237858,-0.12888496917055556,0.12888496917055556,False,999,False,0.012254619213089027,0.89744867032872599,False,-0.13142697988486629,,,,,,,False,,,,,,,,,,,,116,32.99941462634753,0.064497182749816737,27.309237304671097,0.087231931398058446,29.935731183790505,0.083608113526182803,False,8.4689200097187722e-15,False,False,False,False,False,False,False,False,False,False,False,False,False,C0741,S01-B01,S01-B01-C0473,S01-B01-C0471,472,470
1,S01-P043,aligned_samples,twfe_scalar,bjs,static,,,,,,retained,,-0.0022904606493755267,-0.042998428489832999,0.070502218113724813,0.089148646691104408,0.040707967840457472,0.061528771727224915,0.0045661271077748174,0.66160865393068191,0.66160865393068191,False,999,False,-0.040707967840457472,0.50822205996716141,False,-0.13142697988486629,,,,,,,False,,,,,,,,,,,,116,32.99941462634753,0.064497182749816737,30.732493790693376,0.077763761583553484,29.68832507432419,0.092625825229517122,False,9.9850683277225016e-15,False,False,False,False,False,False,False,False,False,False,False,False,False,C0742,S01-B01,S01-B01-C0473,S01-B01-C0472,472,471
1,S01-P044,aligned_samples,twfe_scalar,csa,static,,,,,,retained,,0.16714118085775267,0.1209679755065235,0.11898334065309696,0.16174097281145072,0.04617320535122918,0.14680965750360198,0.0093820510513202265,0.31451068094819523,0.31451068094819523,False,999,False,-0.04617320535122918,0.75313320552443608,False,0.15094704434489281,,,,,,,False,,,,,,,,,,,,116,32.99941462634753,0.064497182749816737,27.309237304671097,0.087231931398058446,29.935731183790505,0.083608113526182803,False,6.3837823915946501e-16,False,False,False,False,False,False,False,False,False,False,False,False,False,C0743,S01-B01,S01-B01-C0479,S01-B01-C0477,478,476
1,S01-P044,aligned_samples,twfe_scalar,bjs,static,,,,,,retained,,0.16714118085775267,0.14663307399347181,0.11898334065309696,0.11139014769149594,0.020508106864280867,0.080859867804390237,0.010013241067180365,0.25362528311191962,0.25362528311191962,False,999,False,-0.020508106864280867,0.79978506206336952,False,0.15094704434489281,,,,,,,False,,,,,,,,,,,,116,32.99941462634753,0.064497182749816737,30.732493790693376,0.077763761583553484,29.68832507432419,0.092625825229517122,False,3.5527136788005009e-15,False,False,False,False,False,False,False,False,False,False,False,False,False,C0744,S01-B01,S01-B01-C0479,S01-B01-C0478,478,477
1,S01-P045,aligned_samples,twfe_scalar,csa,static,,,,,,retained,,-0.044618232264990433,0.051224263052718003,0.096965491122906491,0.12225045866547075,-0.095842495317708443,0.10039205810014057,0.00713445789152122,-0.95468204488950748,0.95468204488950748,False,999,False,0.095842495317708443,0.33973851252875692,False,-0.012934615042980701,,,,,,,False,,,,,,,,,,,,116,32.99941462634753,0.064497182749816737,27.309237304671097,0.087231931398058446,29.935731183790505,0.083608113526182803,False,2.5673907444456745e-16,False,False,False,False,False,False,False,False,False,False,False,False,False,C0745,S01-B01,S01-B01-C0485,S01-B01-C0483,484,482
1,S01-P045,aligned_samples,twfe_scalar,bjs,static,,,,,,retained,,-0.044618232264990433,0.083073429519716399,0.096965491122906491,0.1104700838503492,-0.12769166178470684,0.081264271082126222,0.0075010320700501735,-1.5713136915442307,1.5713136915442307,False,999,False,0.12769166178470684,0.11610980247964875,False,-0.012934615042980701,,,,,,,False,,,,,,,,,,,,116,32.99941462634753,0.064497182749816737,30.732493790693376,0.077763761583553484,29.68832507432419,0.092625825229517122,False,8.6042284408449632e-16,False,False,False,False,False,False,False,False,False,False,False,False,False,C0746,S01-B01,S01-B01-C0485,S01-B01-C0484,484,483
1,S01-P046,aligned_samples,twfe_scalar,csa,static,,,,,,retained,,0.1327071797764853,0.18367884245975169,0.08537583062927552,0.1212284614272731,-0.050971662683266389,0.11379418347668022,0.0045181280612691093,-0.44792854191630971,0.44792854191630971,False,999,False,0.050971662683266389,0.65420476885440415,False,0.1517296020598618,,,,,,,False,,,,,,,,,,,,116,32.99941462634753,0.064497182749816737,27.309237304671097,0.087231931398058446,29.935731183790505,0.083608113526182803,False,2.6090241078691179e-15,False,False,False,False,False,False,False,False,False,False,False,False,False,C0747,S01-B01,S01-B01-C0491,S01-B01-C0489,490,488
1,S01-P046,aligned_samples,twfe_scalar,bjs,static,,,,,,retained,,0.1327071797764853,0.1907025424536794,0.08537583062927552,0.10303980061266649,-0.057995362677194101,0.073862565646340347,0.0062252771810384338,-0.78517936886839756,0.78517936886839756,False,999,False,0.057995362677194101,0.43234840994713647,False,0.1517296020598618,,,,,,,False,,,,,,,,,,,,116,32.99941462634753,0.064497182749816737,30.732493790693376,0.077763761583553484,29.68832507432419,0.092625825229517122,False,5.1625370645069779e-15,False,False,False,False,False,False,False,False,False,False,False,False,False,C0748,S01-B01,S01-B01-C0491,S01-B01-C0490,490,489
1,S01-P047,aligned_samples,twfe_scalar,csa,static,,,,,,retained,,0.097132689651897669,0.15109502635815961,0.095623643079473533,0.14330048371376675,-0.053962336706261937,0.1282319760371716,0.0066177350349961635,-0.42081810148990806,0.42081810148990806,False,999,False,0.053962336706261937,0.67388791255403124,False,0.063289813393671096,,,,,,,False,,,,,,,,,,,,116,32.99941462634753,0.064497182749816737,27.309237304671097,0.087231931398058446,29.935731183790505,0.083608113526182803,False,1.3183898417423734e-15,False,False,False,False,False,False,False,False,False,False,False,False,False,C0749,S01-B01,S01-B01-C0497,S01-B01-C0495,496,494
1,S01-P047,aligned_samples,twfe_scalar,bjs,static,,,,,,retained,,0.097132689651897669,0.158905577304157,0.095623643079473533,0.11019646069177204,-0.061772887652259328,0.074456247691107799,0.0078717041222721076,-0.82965351555900091,0.82965351555900091,False,999,False,0.061772887652259328,0.40673471030253988,False,0.063289813393671096,,,,,,,False,,,,,,,,,,,,116,32.99941462634753,0.064497182749816737,30.732493790693376,0.077763761583553484,29.68832507432419,0.092625825229517122,False,1.3183898417423734e-15,False,False,False,False,False,False,False,False,False,False,False,False,False,C0750,S01-B01,S01-B01-C0497,S01-B01-C0496,496,495
1,S01-P048,aligned_samples,twfe_scalar,csa,static,,,,,,retained,,0.1206803670002676,-0.037458273757253399,0.13384046195356977,0.15668548306505622,0.15813864075752099,0.11313306030033761,0.01483226026317758,1.3978110407135258,1.3978110407135258,False,999,False,-0.15813864075752099,0.16216981801811958,False,0.0750460939213978,,,,,,,False,,,,,,,,,,,,116,33.446903266421891,0.062148615327453881,27.53540800252286,0.088543279151078166,30.119141684288021,0.081606753835379256,False,1.9248491689438652e-14,False,False,False,False,False,False,False,False,False,False,False,False,False,C0751,S01-B01,S01-B01-C0503,S01-B01-C0501,502,500
1,S01-P048,aligned_samples,twfe_scalar,bjs,static,,,,,,retained,,0.1206803670002676,0.041443000613637301,0.13384046195356977,0.17172561855066484,0.079237366386630301,0.14355822461141235,0.013396996734486336,0.55195281636501392,0.55195281636501392,False,999,False,-0.079237366386630301,0.58098068072259668,False,0.0750460939213978,,,,,,,False,,,,,,,,,,,,116,33.446903266421891,0.062148615327453881,31.32830382769594,0.076814525904820533,30.458759256364583,0.09073774114044407,False,1.9248491689438652e-14,False,False,False,False,False,False,False,False,False,False,False,False,False,C0752,S01-B01,S01-B01-C0503,S01-B01-C0502,502,501
1,S01-P049,aligned_samples,twfe_scalar,csa,static,,,,,,retained,,-0.13545348051334441,-0.23591283663893181,0.10252673222987287,0.12337722561879914,0.1004593561255874,0.10432631148676741,0.0074248456773470545,0.96293403546936973,0.96293403546936973,False,999,False,-0.1004593561255874,0.33558062789637533,False,-0.133864756154361,,,,,,,False,,,,,,,,,,,,116,33.107078437655957,0.063441946688538836,27.516616817323147,0.086685736331179042,30.434801267257889,0.081703690858415751,False,1.3877787807814457e-16,False,False,False,False,False,False,False,False,False,False,False,False,False,C0753,S01-B01,S01-B01-C0509,S01-B01-C0507,508,506
1,S01-P049,aligned_samples,twfe_scalar,bjs,static,,,,,,retained,,-0.13545348051334441,-0.28781136015095737,0.10252673222987287,0.13457261412250085,0.15235787963761296,0.080562119542698568,0.011065632094143752,1.8911850942161728,1.8911850942161728,False,999,False,-0.15235787963761296,0.058599640403024254,False,-0.133864756154361,,,,,,,False,,,,,,,,,,,,116,33.107078437655957,0.063441946688538836,30.908780457013346,0.076444821407655072,29.99245542697987,0.090799653452823259,False,3.6637359812630166e-15,False,False,False,False,False,False,False,False,False,False,False,False,False,C0754,S01-B01,S01-B01-C0509,S01-B01-C0508,508,507
1,S01-P050,aligned_samples,twfe_scalar,csa,static,,,,,,retained,,-0.014950306189955329,-0.045815356884503201,0.11206049144820683,0.14936780839487215,0.030865050694547872,0.12660071929011554,0.0094202769017631208,0.24379838335529652,0.24379838335529652,False,999,False,-0.030865050694547872,0.80738697245566016,False,-0.1065301415042991,,,,,,,False,,,,,,,,,,,,116,33.526189421437188,0.062137112805525835,27.417650753481535,0.088803299955326778,30.210265750910335,0.081937184521693171,False,1.6618650899857812e-15,False,False,False,False,False,False,False,False,False,False,False,False,False,C0755,S01-B01,S01-B01-C0515,S01-B01-C0513,514,512
1,S01-P050,aligned_samples,twfe_scalar,bjs,static,,,,,,retained,,-0.014950306189955329,-0.027721106891781502,0.11206049144820683,0.11648562129468915,0.012770800701826172,0.0985737751355171,0.0082048322837779443,0.12955576353111312,0.12955576353111312,False,999,False,-0.012770800701826172,0.89691790376924274,False,-0.1065301415042991,,,,,,,False,,,,,,,,,,,,116,33.526189421437188,0.062137112805525835,31.284804060521594,0.077844657316561372,30.370457169102956,0.091587437825848564,False,1.6618650899857812e-15,False,False,False,False,False,False,False,False,False,False,False,False,False,C0756,S01-B01,S01-B01-C0515,S01-B01-C0514,514,513
1,S01-P051,aligned_samples,twfe_scalar,csa,static,,,,,,retained,,-0.016524825876976144,-0.14107231792524069,0.11256590721676285,0.13507561497371362,0.12454749204826454,0.10578198994842818,0.0098633379153052168,1.1773978926751623,1.1773978926751623,False,999,False,-0.12454749204826454,0.23903673059022268,False,-0.073755950607975504,,,,,,,False,,,,,,,,,,,,116,33.526189421437188,0.062137112805525835,27.417650753481535,0.088803299955326778,30.210265750910335,0.081937184521693171,False,1.0685896612017132e-15,False,False,False,False,False,False,False,False,False,False,False,False,False,C0757,S01-B01,S01-B01-C0521,S01-B01-C0519,520,518
1,S01-P051,aligned_samples,twfe_scalar,bjs,static,,,,,,retained,,-0.016524825876976144,-0.1465815358059129,0.11256590721676285,0.13359758172681818,0.13005670992893675,0.087378131730726005,0.011442229703017314,1.4884354626593954,1.4884354626593954,False,999,False,-0.13005670992893675,0.13663609016349193,False,-0.073755950607975504,,,,,,,False,,,,,,,,,,,,116,33.526189421437188,0.062137112805525835,31.284804060521594,0.077844657316561372,30.370457169102956,0.091587437825848564,False,1.0685896612017132e-15,False,False,False,False,False,False,False,False,False,False,False,False,False,C0758,S01-B01,S01-B01-C0521,S01-B01-C0520,520,519
1,S01-P052,aligned_samples,twfe_scalar,csa,static,,,,,,retained,,-0.10383844587036889,-0.2245591037197352,0.12354573406004284,0.1553328165307491,0.12072065784936631,0.12056712509990328,0.012427700320477228,1.0012734213355077,1.0012734213355077,False,999,False,-0.12072065784936631,0.31669463887665233,False,-0.16163503842505131,,,,,,,False,,,,,,,,,,,,116,33.526189421437188,0.062137112805525835,27.417650753481535,0.088803299955326778,30.210265750910335,0.081937184521693171,False,1.1102230246251565e-16,False,False,False,False,False,False,False,False,False,False,False,False,False,C0759,S01-B01,S01-B01-C0527,S01-B01-C0525,526,524
1,S01-P052,aligned_samples,twfe_scalar,bjs,static,,,,,,retained,,-0.10383844587036889,-0.2362243176366878,0.12354573406004284,0.1496620069395761,0.13238587176631891,0.089374503868002581,0.014837231391982472,1.4812487458597803,1.4812487458597803,False,999,False,-0.13238587176631891,0.13854030094708367,False,-0.16163503842505131,,,,,,,False,,,,,,,,,,,,116,33.526189421437188,0.062137112805525835,31.284804060521594,0.077844657316561372,30.370457169102956,0.091587437825848564,False,1.1102230246251565e-16,False,False,False,False,False,False,False,False,False,False,False,False,False,C0760,S01-B01,S01-B01-C0527,S01-B01-C0526,526,525
1,S01-P053,aligned_samples,twfe_scalar,csa,static,,,,,,retained,,-0.059194618507818084,-0.15575838611902401,0.093805074651439072,0.13695156896765825,0.096563767611205928,0.099749238068017401,0.0088026068889576516,0.96806521514841692,0.96806521514841692,False,999,False,-0.096563767611205928,0.33301180083235604,False,-0.070751732543711393,,,,,,,False,,,,,,,,,,,,116,33.109059091976718,0.063124626936760783,27.44718726746137,0.088375096729953945,30.239974191385794,0.084408977419774975,False,5.1070259132757201e-15,False,False,False,False,False,False,False,False,False,False,False,False,False,C0761,S01-B01,S01-B01-C0533,S01-B01-C0531,532,530
1,S01-P053,aligned_samples,twfe_scalar,bjs,static,,,,,,retained,,-0.059194618507818084,-0.12045230245849591,0.093805074651439072,0.10179870119810618,0.061257683950677821,0.083447034062844802,0.0060994800510488899,0.73409060775658053,0.73409060775658053,False,999,False,-0.061257683950677821,0.46289351742030804,False,-0.070751732543711393,,,,,,,False,,,,,,,,,,,,116,33.109059091976718,0.063124626936760783,30.876118480935602,0.078904333736341745,29.815008753055782,0.093290932032112472,False,5.1070259132757201e-15,False,False,False,False,False,False,False,False,False,False,False,False,False,C0762,S01-B01,S01-B01-C0533,S01-B01-C0532,532,531
1,S01-P054,aligned_samples,twfe_scalar,csa,static,,,,,,retained,,-0.018671890265089468,-0.013828953724777699,0.10444367573564543,0.13048932579120159,-0.0048429365403117684,0.11366476874882088,0.0075081329459460383,-0.042607191248625199,0.042607191248625199,False,999,False,0.0048429365403117684,0.96601466291030047,False,0.0119106847904794,,,,,,,False,,,,,,,,,,,,116,33.109059091976718,0.063124626936760783,27.44718726746137,0.088375096729953945,30.239974191385794,0.084408977419774975,False,1.8873791418627661e-15,False,False,False,False,False,False,False,False,False,False,False,False,False,C0763,S01-B01,S01-B01-C0539,S01-B01-C0537,538,536
1,S01-P054,aligned_samples,twfe_scalar,bjs,static,,,,,,retained,,-0.018671890265089468,-0.0145126809586763,0.10444367573564543,0.13376890402581018,-0.0041592093064131679,0.11107111188765674,0.0082329045947393559,-0.037446364187116582,0.037446364187116582,False,999,False,0.0041592093064131679,0.9701291052983837,False,0.0119106847904794,,,,,,,False,,,,,,,,,,,,116,33.109059091976718,0.063124626936760783,30.876118480935602,0.078904333736341745,29.815008753055782,0.093290932032112472,False,1.8873791418627661e-15,False,False,False,False,False,False,False,False,False,False,False,False,False,C0764,S01-B01,S01-B01-C0539,S01-B01-C0538,538,537
1,S01-P055,aligned_samples,twfe_scalar,csa,static,,,,,,retained,,0.10094944308758391,-0.0097505628248657997,0.093191701268161856,0.12306956821596203,0.11070000591244972,0.10185370033302299,0.0067283177672942023,1.0868530603257678,1.0868530603257678,False,999,False,-0.11070000591244972,0.27710175374409618,False,0.062196079345390301,,,,,,,False,,,,,,,,,,,,116,33.033547272882842,0.063708762315668063,27.61303715907361,0.084558544973524594,30.306072072426115,0.084593640574800566,False,1.2490009027033011e-15,False,False,False,False,False,False,False,False,False,False,False,False,False,C0765,S01-B01,S01-B01-C0545,S01-B01-C0543,544,542
1,S01-P055,aligned_samples,twfe_scalar,bjs,static,,,,,,retained,,0.10094944308758391,0.0564165726198309,0.093191701268161856,0.098346087427308937,0.044532870467753012,0.08235719180953642,0.005786969527380721,0.54072837464810697,0.54072837464810697,False,999,False,-0.044532870467753012,0.58869481786745914,False,0.062196079345390301,,,,,,,False,,,,,,,,,,,,116,33.033547272882842,0.063708762315668063,30.430961160484603,0.080149296620775662,29.407644883626368,0.093695830200639832,False,1.5890067039947553e-15,False,False,False,False,False,False,False,False,False,False,False,False,False,C0766,S01-B01,S01-B01-C0545,S01-B01-C0544,544,543
1,S01-P056,aligned_samples,twfe_scalar,csa,static,,,,,,retained,,0.18644748034683489,0.15955720775768489,0.086747958524543436,0.10638728225341934,0.026890272589149999,0.094832019418522928,0.0049251751132247546,0.28355689095341247,0.28355689095341247,False,999,False,-0.026890272589149999,0.77674997757843667,False,0.1231109713475344,,,,,,,False,,,,,,,,,,,,116,33.50923306026916,0.062099525136402385,27.599721383561857,0.08786488994829407,30.304560719198012,0.081168332276665381,False,9.4368957093138306e-16,False,False,False,False,False,False,False,False,False,False,False,False,False,C0767,S01-B01,S01-B01-C0551,S01-B01-C0549,550,548
1,S01-P056,aligned_samples,twfe_scalar,bjs,static,,,,,,retained,,0.18644748034683489,0.15509300434707021,0.086747958524543436,0.086996985568038351,0.03135447599976468,0.078149196218735811,0.0044931934682334567,0.4012130324668346,0.4012130324668346,False,999,False,-0.03135447599976468,0.68826328644593149,False,0.1231109713475344,,,,,,,False,,,,,,,,,,,,116,33.50923306026916,0.062099525136402385,31.245239011537357,0.077803638884921048,30.447900813285202,0.090359789401479484,False,9.4368957093138306e-16,False,False,False,False,False,False,False,False,False,False,False,False,False,C0768,S01-B01,S01-B01-C0551,S01-B01-C0550,550,549
1,S01-P057,aligned_samples,twfe_scalar,csa,static,,,,,,retained,,0.10958618325549634,0.0070423281189492997,0.097206509673427005,0.11283923825323942,0.10254385513654704,0.092486658711933553,0.006814008586381857,1.108742131726679,1.108742131726679,False,999,False,-0.10254385513654704,0.26754144089488763,False,0.081793774658539695,,,,,,,False,,,,,,,,,,,,116,33.50923306026916,0.062099525136402385,27.599721383561857,0.08786488994829407,30.304560719198012,0.081168332276665381,False,9.1593399531575415e-16,False,False,False,False,False,False,False,False,False,False,False,False,False,C0769,S01-B01,S01-B01-C0557,S01-B01-C0555,556,554
1,S01-P057,aligned_samples,twfe_scalar,bjs,static,,,,,,retained,,0.10958618325549634,0.042170724816342597,0.097206509673427005,0.10635191618529363,0.067415458439153739,0.092196646272379071,0.0061298070076497941,0.73121378233202117,0.73121378233202117,False,999,False,-0.067415458439153739,0.46464858308362827,False,0.081793774658539695,,,,,,,False,,,,,,,,,,,,116,33.50923306026916,0.062099525136402385,31.245239011537357,0.077803638884921048,30.447900813285202,0.090359789401479484,False,9.1593399531575415e-16,False,False,False,False,False,False,False,False,False,False,False,False,False,C0770,S01-B01,S01-B01-C0557,S01-B01-C0556,556,555
1,S01-P058,aligned_samples,twfe_scalar,csa,static,,,,,,retained,,0.11852610311906511,0.1298297673429282,0.111610024914142,0.15413408023679079,-0.011303664223863086,0.1105874132316326,0.011992268193256491,-0.10221474482079455,0.10221474482079455,False,999,False,0.011303664223863086,0.91858622438049309,False,0.1798173823227682,,,,,,,False,,,,,,,,,,,,116,33.50923306026916,0.062099525136402385,27.599721383561857,0.08786488994829407,30.304560719198012,0.081168332276665381,False,1.149080830487037e-14,False,False,False,False,False,False,False,False,False,False,False,False,False,C0771,S01-B01,S01-B01-C0563,S01-B01-C0561,562,560
1,S01-P058,aligned_samples,twfe_scalar,bjs,static,,,,,,retained,,0.11852610311906511,0.12579871125311229,0.111610024914142,0.13147967992160467,-0.007272608134047176,0.090289796991664312,0.010795728226413528,-0.080547397118620107,0.080547397118620107,False,999,False,0.007272608134047176,0.93580190121398388,False,0.1798173823227682,,,,,,,False,,,,,,,,,,,,116,33.50923306026916,0.062099525136402385,31.245239011537357,0.077803638884921048,30.447900813285202,0.090359789401479484,False,1.149080830487037e-14,False,False,False,False,False,False,False,False,False,False,False,False,False,C0772,S01-B01,S01-B01-C0563,S01-B01-C0562,562,561
1,S01-P059,aligned_samples,twfe_scalar,csa,static,,,,,,retained,,0.14507728941205456,0.0194430361145237,0.10118413667954598,0.1667189818121213,0.12563425329753086,0.14141934586341828,0.0090170085138091792,0.8883809533305822,0.8883809533305822,False,999,False,-0.12563425329753086,0.37433586723059714,False,0.1416677943308135,,,,,,,False,,,,,,,,,,,,116,33.50923306026916,0.062099525136402385,27.599721383561857,0.08786488994829407,30.304560719198012,0.081168332276665381,False,2.1121993043493603e-14,False,False,False,False,False,False,False,False,False,False,False,False,False,C0773,S01-B01,S01-B01-C0569,S01-B01-C0567,568,566
1,S01-P059,aligned_samples,twfe_scalar,bjs,static,,,,,,retained,,0.14507728941205456,0.082390532941477093,0.10118413667954598,0.12998482916913504,0.062686756470577462,0.094879051088529676,0.0090661254971272174,0.66070176452424412,0.66070176452424412,False,999,False,-0.062686756470577462,0.50880359198547875,False,0.1416677943308135,,,,,,,False,,,,,,,,,,,,116,33.50923306026916,0.062099525136402385,31.245239011537357,0.077803638884921048,30.447900813285202,0.090359789401479484,False,2.1121993043493603e-14,False,False,False,False,False,False,False,False,False,False,False,False,False,C0774,S01-B01,S01-B01-C0569,S01-B01-C0568,568,567
1,S01-P060,aligned_samples,twfe_scalar,csa,static,,,,,,retained,,0.16979332256640267,0.095462347369269701,0.10464989890775152,0.15288819514452995,0.07433097519713297,0.1248043261786335,0.0093751408615258772,0.59558011707656999,0.59558011707656999,False,999,False,-0.07433097519713297,0.55145576260788776,False,0.20668955649504639,,,,,,,False,,,,,,,,,,,,116,33.50923306026916,0.062099525136402385,27.599721383561857,0.08786488994829407,30.304560719198012,0.081168332276665381,False,4.4408920985006262e-16,False,False,False,False,False,False,False,False,False,False,False,False,False,C0775,S01-B01,S01-B01-C0575,S01-B01-C0573,574,572
1,S01-P060,aligned_samples,twfe_scalar,bjs,static,,,,,,retained,,0.16979332256640267,0.1337466486784219,0.10464989890775152,0.12492266840821574,0.036046673887980774,0.079939067563643745,0.010083509950343419,0.45092687451329222,0.45092687451329222,False,999,False,-0.036046673887980774,0.65204225352373757,False,0.20668955649504639,,,,,,,False,,,,,,,,,,,,116,33.50923306026916,0.062099525136402385,31.245239011537357,0.077803638884921048,30.447900813285202,0.090359789401479484,False,4.4408920985006262e-16,False,False,False,False,False,False,False,False,False,False,False,False,False,C0776,S01-B01,S01-B01-C0575,S01-B01-C0574,574,573
1,S01-P061,aligned_samples,twfe_scalar,csa,static,,,,,,retained,,0.023075762589221442,-0.12952175113835901,0.094279829819730959,0.10068736381652782,0.15259751372758046,0.098788870161414077,0.0046336953376952695,1.5446832571143574,1.5446832571143574,False,999,False,-0.15259751372758046,0.12242289662682122,False,0.0047942068089914004,,,,,,,False,,,,,,,,,,,,116,33.50923306026916,0.062099525136402385,27.599721383561857,0.08786488994829407,30.304560719198012,0.081168332276665381,False,9.298117831235686e-15,False,False,False,False,False,False,False,False,False,False,False,False,False,C0777,S01-B01,S01-B01-C0581,S01-B01-C0579,580,578
1,S01-P061,aligned_samples,twfe_scalar,bjs,static,,,,,,retained,,0.023075762589221442,-0.14818970892099301,0.094279829819730959,0.095056732517494899,0.17126547151021446,0.082076696134895752,0.0055939423296599974,2.0866516267752058,2.0866516267752058,False,999,False,-0.17126547151021446,0.036919636894028773,True,0.0047942068089914004,,,,,,,False,,,,,,,,,,,,116,33.50923306026916,0.062099525136402385,31.245239011537357,0.077803638884921048,30.447900813285202,0.090359789401479484,False,9.298117831235686e-15,False,False,False,False,False,False,False,False,False,False,False,False,False,C0778,S01-B01,S01-B01-C0581,S01-B01-C0580,580,579
1,S01-P062,aligned_samples,twfe_scalar,csa,static,,,,,,excluded,modern,0.29102268476580412,0.40656433934059849,0.25778641853061957,0.226879617155164,-0.11554165457479437,0.26910148554971253,0.022756294367127696,-0.42936089460364485,0.42936089460364485,False,999,False,0.11554165457479437,0.66766060769575086,False,0.1716984089468872,,,,,,,False,,,,,,,,,,,,116,17.351386981539346,0.11001019483700644,2.7229897908540814,0.58733870872708227,3.170704306580836,0.54671099823103897,False,1.4988010832439613e-15,False,True,True,True,False,True,True,False,True,False,False,False,False,C0779,S01-B01,S01-B01-C0587,S01-B01-C0585,586,584
1,S01-P062,aligned_samples,twfe_scalar,bjs,static,,,,,,retained_fragile,,0.30088872127200378,0.92429017573003125,0.24889767190210235,0.31337253080042538,-0.62340145445802753,0.32230101024381197,0.028137226467184185,-1.9342212237760013,1.9342212237760013,False,999,False,0.62340145445802753,0.053085933981339976,False,0.1716984089468872,,,,,,,False,,,,,,,,,,,,116,15.298156118973978,0.13811974225612653,8.068021413627676,0.19547236197597964,8.2710867453672936,0.20692530851550703,False,1.1102230246251565e-16,False,False,False,True,False,True,True,False,True,False,False,False,False,C0780,S01-B01,S01-B01-C0588,S01-B01-C0586,587,585
1,S01-P063,aligned_samples,twfe_scalar,csa,static,,,,,,excluded,modern,0.34032396302527079,0.63001095757089942,0.22390460252296623,0.36589739120694287,-0.28968699454562863,0.36251268779185192,0.026299361556470682,-0.79910856723437373,0.79910856723437373,False,999,False,0.28968699454562863,0.42422746238951725,False,0.19650237773116919,,,,,,,False,,,,,,,,,,,,116,17.31234156363023,0.11465276436444641,2.7110581914687595,0.58866275209165397,3.2573828221425778,0.53880394497796824,False,1.2212453270876722e-15,False,True,True,True,False,True,True,False,True,False,False,False,False,C0781,S01-B01,S01-B01-C0593,S01-B01-C0591,592,590
1,S01-P063,aligned_samples,twfe_scalar,bjs,static,,,,,,retained_fragile,,0.49306361679116961,0.70127913691749244,0.18535765528011211,0.38044579916577531,-0.20821552012632283,0.36562164287264742,0.022708640368466319,-0.56948357457834631,0.56948357457834631,False,999,False,0.20821552012632283,0.56902801446742779,False,0.19650237773116919,,,,,,,False,,,,,,,,,,,,116,15.014462109681945,0.14298844250483389,8.0822607483720592,0.18833206036558003,8.3579961857222997,0.20021211911509354,False,7.7715611723760958e-16,False,False,False,True,False,True,True,False,True,False,False,False,False,C0782,S01-B01,S01-B01-C0594,S01-B01-C0592,593,591
1,S01-P064,aligned_samples,twfe_scalar,csa,static,,,,,,retained_fragile,,0.36261188992371579,0.68174049141919923,0.32648132290629484,0.45674780247554642,-0.31912860149548344,0.40703255580056297,0.074766553895673354,-0.78403704310042821,0.78403704310042821,False,999,False,0.31912860149548344,0.43301837477713123,False,0.26606292654530173,,,,,,,False,,,,,,,,,,,,116,16.631702386156039,0.10876097998289677,7.2236732149229326,0.2992337099027455,10.046849870680264,0.22944503509150566,False,7.7715611723760958e-16,False,False,False,True,False,True,False,False,True,False,False,False,False,C0783,S01-B01,S01-B01-C0599,S01-B01-C0597,598,596
1,S01-P064,aligned_samples,twfe_scalar,bjs,static,,,,,,retained_fragile,,0.13450188332648413,1.5391164681058671,0.34893955179936215,0.68794252301772463,-1.4046145847793829,0.60672014915015215,0.11345719320057471,-2.3150946721430978,2.3150946721430978,False,999,False,1.4046145847793829,0.020607751544658989,True,0.26606292654530173,,,,,,,False,,,,,,,,,,,,116,13.925166052056975,0.15723928785598862,5.6984966767962604,0.34368087906481171,5.9646341284127642,0.3529833791494843,False,2.4424906541753444e-15,False,False,False,True,False,True,True,False,True,False,False,False,False,C0784,S01-B01,S01-B01-C0600,S01-B01-C0598,599,597
1,S01-P065,aligned_samples,twfe_scalar,csa,static,,,,,,retained_fragile,,-0.16316729499535551,-0.3371969989121662,0.30935875631733606,0.40065913669466879,0.17402970391681069,0.41428913366584347,0.042297548826765549,0.42006823200238519,0.42006823200238519,False,999,False,-0.17402970391681069,0.67443560920364976,False,-0.3732411414919608,,,,,,,False,,,,,,,,,,,,116,15.68700502364463,0.12536596420390755,7.6453337954191269,0.28347018456219975,11.546368077220651,0.19419888130116025,False,1.2490009027033011e-15,False,False,False,True,False,True,False,False,True,False,False,False,False,C0785,S01-B01,S01-B01-C0605,S01-B01-C0603,604,602
1,S01-P065,aligned_samples,twfe_scalar,bjs,static,,,,,,retained_fragile,,-0.2165819808085501,-0.022500601059276398,0.32250181353595808,0.4248601153873412,-0.1940813797492737,0.46707795947209979,0.033175858578153132,-0.41552245361486995,0.41552245361486995,False,999,False,0.1940813797492737,0.67775948143406461,False,-0.3732411414919608,,,,,,,False,,,,,,,,,,,,116,12.93136445477462,0.17449606288307493,5.584861250733117,0.30481634447341632,5.7129249303149701,0.29454728215186654,False,8.3613671542082102e-16,False,False,False,True,False,True,True,False,True,False,False,False,False,C0786,S01-B01,S01-B01-C0606,S01-B01-C0604,605,603
1,S01-P066,aligned_samples,twfe_scalar,csa,static,,,,,,retained_fragile,,0.11741229464557354,-0.26993387230151789,0.2997840431866779,0.39474300865141498,0.38734616694709145,0.37455455157935369,0.052700701659856131,1.0341515416480733,1.0341515416480733,False,999,False,-0.38734616694709145,0.30106532401430541,False,-0.0043868984938881996,,,,,,,False,,,,,,,,,,,,116,18.206685634477651,0.10438895122952919,8.3691005018763036,0.27440548058301484,12.833757346654508,0.19255920719663971,False,3.0531133177191805e-16,False,False,False,True,False,True,False,False,True,False,False,False,False,C0787,S01-B01,S01-B01-C0611,S01-B01-C0609,610,608
1,S01-P066,aligned_samples,twfe_scalar,bjs,static,,,,,,retained_fragile,,0.13997365996270719,-0.1029299778847511,0.21272858990371291,0.71246797429938458,0.24290363784745828,0.63935002489328008,0.072047806516826393,0.37992277843111621,0.37992277843111621,False,999,False,-0.24290363784745828,0.70400273816238512,False,-0.0043868984938881996,,,,,,,False,,,,,,,,,,,,116,16.503165503157479,0.11923538539013152,6.2735299971048075,0.31485903184244335,6.6831296824186985,0.32915420899055325,False,6.3005156647477634e-15,False,False,False,True,False,True,True,False,True,False,False,False,False,C0788,S01-B01,S01-B01-C0612,S01-B01-C0610,611,609
1,S01-P067,aligned_samples,twfe_scalar,csa,static,,,,,,excluded,modern,0.3467466384963383,0.60812504508229326,0.27355831352024379,0.29677981681304161,-0.26137840658595496,0.31736312251181908,0.031096529516585335,-0.82359413569300521,0.82359413569300521,False,999,False,0.26137840658595496,0.41017020918714203,False,0.18573137426718969,,,,,,,False,,,,,,,,,,,,116,14.760723210688715,0.12668491504713589,3.4689568544510165,0.51754676203029615,4.5337105013970485,0.44881189327798399,False,4.2743586448068527e-15,False,True,True,True,False,True,True,False,True,False,False,False,False,C0789,S01-B01,S01-B01-C0617,S01-B01-C0615,616,614
1,S01-P067,aligned_samples,twfe_scalar,bjs,static,,,,,,excluded,modern,0.44487360197756326,1.1651539339486801,0.22009187375306902,0.38392091246576016,-0.72028033197111685,0.39158704313626613,0.021247643784237411,-1.839387550216953,1.839387550216953,False,999,False,0.72028033197111685,0.065858203968114482,False,0.18573137426718969,,,,,,,False,,,,,,,,,,,,116,12.364501094619948,0.17632885255190697,3.757842420477493,0.42514498506112253,3.8585513090290391,0.43287011624258781,False,2.886579864025407e-15,False,True,True,True,False,True,True,False,True,False,False,False,False,C0790,S01-B01,S01-B01-C0618,S01-B01-C0616,617,615
1,S01-P068,aligned_samples,twfe_scalar,csa,static,,,,,,excluded,modern,0.38326290031982913,-0.61739437107281225,0.25780374191563182,0.26599251430550158,1.0006572713926414,0.29895692161276588,0.023919773016041333,3.3471620793874002,3.3471620793874002,False,999,False,-1.0006572713926414,0.00081643459885222898,True,0.44171928532219401,,,,,,,False,,,,,,,,,,,,116,17.210806287472408,0.11767398381136378,2.6811661515247511,0.59200027425929913,3.1945827231479749,0.54468803720416725,False,1.3322676295501878e-15,False,True,True,True,False,True,True,False,True,False,False,False,False,C0791,S01-B01,S01-B01-C0623,S01-B01-C0621,622,620
1,S01-P068,aligned_samples,twfe_scalar,bjs,static,,,,,,retained_fragile,,0.54838516158159023,-0.37836745099491448,0.23727947395767976,0.21180944903606252,0.92675261257650465,0.26631606179517664,0.015120273346250625,3.4798975560447758,3.4798975560447758,False,999,False,-0.92675261257650465,0.00050160554514275355,True,0.44171928532219401,,,,,,,False,,,,,,,,,,,,116,15.429850731958039,0.13254805506172077,8.0299286669467467,0.19561517148618907,8.3666197451295687,0.2072356983567831,False,2.2204460492503131e-16,False,False,False,True,False,True,True,False,True,False,False,False,False,C0792,S01-B01,S01-B01-C0624,S01-B01-C0622,623,621
1,S01-P069,aligned_samples,twfe_scalar,csa,static,,,,,,excluded,modern,-0.024439487846213664,-1.3770592387758358,0.32114088456233247,0.45212612881756847,1.3526197509296221,0.4382189412437521,0.057756831816121408,3.0866300463659089,3.0866300463659089,False,999,False,-1.3526197509296221,0.0020243937352886904,True,-0.27976203294158969,,,,,,,False,,,,,,,,,,,,116,17.351386981539346,0.11001019483700644,2.7229897908540814,0.58733870872708227,3.170704306580836,0.54671099823103897,False,3.9794556538907955e-15,False,True,True,True,False,True,True,False,True,False,False,False,False,C0793,S01-B01,S01-B01-C0629,S01-B01-C0627,628,626
1,S01-P069,aligned_samples,twfe_scalar,bjs,static,,,,,,retained_fragile,,-0.18640506753037386,-0.93954683547075923,0.29425289990968567,0.52881392142328698,0.75314176794038534,0.47117204102561205,0.072112920176046355,1.5984432486719771,1.5984432486719771,False,999,False,-0.75314176794038534,0.10994436603220868,False,-0.27976203294158969,,,,,,,False,,,,,,,,,,,,116,15.298156118973978,0.13811974225612653,8.068021413627676,0.19547236197597964,8.2710867453672936,0.20692530851550703,False,4.8849813083506888e-15,False,False,False,True,False,True,True,False,True,False,False,False,False,C0794,S01-B01,S01-B01-C0630,S01-B01-C0628,629,627
1,S01-P070,aligned_samples,twfe_scalar,csa,static,,,,,,excluded,modern,-0.16267639593423244,0.17103259327569351,0.28506427595048384,0.36580854243500766,-0.33370898920992598,0.38489762135563577,0.033465676108186022,-0.86700714864015027,0.86700714864015027,False,999,False,0.33370898920992598,0.38593809286295261,False,-0.15165676873306799,,,,,,,False,,,,,,,,,,,,116,17.351386981539346,0.11001019483700644,2.7229897908540814,0.58733870872708227,3.170704306580836,0.54671099823103897,False,2.4702462297909733e-15,False,True,True,True,False,True,True,False,True,False,False,False,False,C0795,S01-B01,S01-B01-C0635,S01-B01-C0633,634,632
1,S01-P070,aligned_samples,twfe_scalar,bjs,static,,,,,,retained_fragile,,-0.18520047564986356,0.0021491180643546,0.29535241569100062,0.25247654809471698,-0.18734959371421817,0.30062124883514868,0.0303021607705646,-0.62320808805153638,0.62320808805153638,False,999,False,0.18734959371421817,0.53314778740200697,False,-0.15165676873306799,,,,,,,False,,,,,,,,,,,,116,15.298156118973978,0.13811974225612653,8.068021413627676,0.19547236197597964,8.2710867453672936,0.20692530851550703,False,1.27675647831893e-15,False,False,False,True,False,True,True,False,True,False,False,False,False,C0796,S01-B01,S01-B01-C0636,S01-B01-C0634,635,633
1,S01-P071,aligned_samples,twfe_scalar,csa,static,,,,,,excluded,modern,-0.41406007942915812,-0.1664567027312725,0.25590974797363392,0.57143141337531855,-0.24760337669788562,0.52770055692204831,0.05677789076210156,-0.46921189195269597,0.46921189195269597,False,999,False,0.24760337669788562,0.63891818610925233,False,-0.12560172334122069,,,,,,,False,,,,,,,,,,,,116,17.265084504692062,0.10801321926295331,2.9251594591407555,0.55037839320980164,3.4304359843737777,0.51205100652637192,False,1.6653345369377348e-16,False,True,True,True,False,True,True,False,True,False,False,False,False,C0797,S01-B01,S01-B01-C0641,S01-B01-C0639,640,638
1,S01-P071,aligned_samples,twfe_scalar,bjs,static,,,,,,retained_fragile,,-0.22194506642236611,-0.49783260677514019,0.23321690124805389,0.59826747983402295,0.27588754035277407,0.54499347563484646,0.057648105985073785,0.50622173051044506,0.50622173051044506,False,999,False,-0.27588754035277407,0.61270100163131014,False,-0.12560172334122069,,,,,,,False,,,,,,,,,,,,116,15.435995281561338,0.1367867059832375,7.6910692518306725,0.22034248922790184,7.5768118086266778,0.24121530203965835,False,1.3877787807814457e-15,False,False,False,True,False,True,True,False,True,False,False,False,False,C0798,S01-B01,S01-B01-C0642,S01-B01-C0640,641,639
1,S01-P072,aligned_samples,twfe_scalar,csa,static,,,,,,excluded,modern,0.038735879690306715,0.63864689696000443,0.25690894862050762,0.37277231240581338,-0.59991101726969775,0.39275533193828954,0.025352327005857971,-1.5274420701281706,1.5274420701281706,False,999,False,0.59991101726969775,0.12665112189030212,False,0.032525505927553898,,,,,,,False,,,,,,,,,,,,116,17.351386981539346,0.11001019483700644,2.7229897908540814,0.58733870872708227,3.170704306580836,0.54671099823103897,False,9.0899510141184692e-16,False,True,True,True,False,True,True,False,True,False,False,False,False,C0799,S01-B01,S01-B01-C0647,S01-B01-C0645,646,644
1,S01-P072,aligned_samples,twfe_scalar,bjs,static,,,,,,retained_fragile,,0.044404381545103747,0.15063311907687199,0.25496021342313369,0.31246553430998791,-0.10622873753176824,0.31639313399455088,0.031267402660751155,-0.33574918706547463,0.33574918706547463,False,999,False,0.10622873753176824,0.73706001076105898,False,0.032525505927553898,,,,,,,False,,,,,,,,,,,,116,15.298156118973978,0.13811974225612653,8.068021413627676,0.19547236197597964,8.2710867453672936,0.20692530851550703,False,1.3877787807814457e-15,False,False,False,True,False,True,True,False,True,False,False,False,False,C0800,S01-B01,S01-B01-C0648,S01-B01-C0646,647,645
1,S01-P073,aligned_samples,twfe_scalar,csa,static,,,,,,excluded,modern,0.2031241520700032,-0.2132989565517906,0.244135332625148,0.26870790861938443,0.41642310862179377,0.2992358911066752,0.021131941132094573,1.3916215300301067,1.3916215300301067,False,999,False,-0.41642310862179377,0.16403703566199893,False,0.062358924292749002,,,,,,,False,,,,,,,,,,,,116,17.365223039245631,0.10992440708312846,2.7722258915624294,0.58140330477102009,3.232746602059148,0.54086600980203203,False,9.2426066800044282e-15,False,True,True,True,False,True,True,False,True,False,False,False,False,C0801,S01-B01,S01-B01-C0653,S01-B01-C0651,652,650
1,S01-P073,aligned_samples,twfe_scalar,bjs,static,,,,,,retained_fragile,,0.16123373554712855,0.16902695302665041,0.23822551449856347,0.44717597141439802,-0.0077932174795218578,0.3827273976301882,0.055118742135869779,-0.020362319310759359,0.020362319310759359,False,999,False,0.0077932174795218578,0.98375434244761284,False,0.062358924292749002,,,,,,,False,,,,,,,,,,,,116,15.298731529940021,0.13807539466802168,8.1481157882691129,0.19557788600628845,8.3748893589414291,0.20729042683453103,False,1.3045120539345589e-15,False,False,False,True,False,True,True,False,True,False,False,False,False,C0802,S01-B01,S01-B01-C0654,S01-B01-C0652,653,651
1,S01-P074,aligned_samples,twfe_scalar,csa,static,,,,,,retained,,0.41053524158946725,0.3473838575639619,0.11249917517433768,0.1318840154144908,0.063151384025505353,0.12313040640036998,0.007444180478217848,0.51288212125413402,0.51288212125413402,False,999,False,-0.063151384025505353,0.60803378049237855,False,0.30279383935847087,,,,,,,False,,,,,,,,,,,,116,34.04106649826744,0.060329573855792754,26.845279602894625,0.091545396192463463,30.371958625147805,0.086163450764585869,False,1.6653345369377348e-16,False,False,False,False,False,False,False,False,False,False,False,False,False,C0803,S01-B01,S01-B01-C0659,S01-B01-C0657,658,656
1,S01-P074,aligned_samples,twfe_scalar,bjs,static,,,,,,retained,,0.41053524158946725,0.37046332234189328,0.11249917517433768,0.12998606812077459,0.040071919247573973,0.11066258250194726,0.0086531175772023468,0.36210901952219354,0.36210901952219354,False,999,False,-0.040071919247573973,0.71727056377911635,False,0.30279383935847087,,,,,,,False,,,,,,,,,,,,116,34.04106649826744,0.060329573855792754,30.402835630357568,0.08443965404727917,28.605783454204722,0.096642802236960146,False,2.7755575615628914e-16,False,False,False,False,False,False,False,False,False,False,False,False,False,C0804,S01-B01,S01-B01-C0659,S01-B01-C0658,658,657
1,S01-P075,aligned_samples,twfe_scalar,csa,static,,,,,,retained,,0.32189403893089263,0.2987061190451773,0.11181757730422671,0.13174373488309876,0.023187919885715336,0.11729876236049606,0.0080502913119154043,0.19768256219491515,0.19768256219491515,False,999,False,-0.023187919885715336,0.84329343382905075,False,0.2321834522407864,,,,,,,False,,,,,,,,,,,,116,33.910266413256799,0.060193277418021343,26.654852012918635,0.091867579970874635,30.173875266882213,0.088142670994758768,False,4.9960036108132044e-16,False,False,False,False,False,False,False,False,False,False,False,False,False,C0805,S01-B01,S01-B01-C0665,S01-B01-C0663,664,662
1,S01-P075,aligned_samples,twfe_scalar,bjs,static,,,,,,retained,,0.32189403893089263,0.31276206820680291,0.11181757730422671,0.12328124245044753,0.0091319707240897219,0.084703108512972677,0.010263409371276165,0.1078115181887465,0.1078115181887465,False,999,False,-0.0091319707240897219,0.91414520595575721,False,0.2321834522407864,,,,,,,False,,,,,,,,,,,,116,33.910266413256799,0.060193277418021343,30.251065979765674,0.084831551713361292,28.43896211592125,0.099257479393085227,False,4.9960036108132044e-16,False,False,False,False,False,False,False,False,False,False,False,False,False,C0806,S01-B01,S01-B01-C0665,S01-B01-C0664,664,663
1,S01-P076,aligned_samples,twfe_scalar,csa,static,,,,,,retained,,0.23709369878871259,0.15847134980844441,0.095314381915307694,0.13054056514656762,0.078622348980268181,0.1192192193331265,0.0059562241451411408,0.65947713313386891,0.65947713313386891,False,999,False,-0.078622348980268181,0.50958942533288498,False,0.21055654106197719,,,,,,,False,,,,,,,,,,,,116,33.930943678510538,0.060161692326191729,26.692826212418296,0.091518875136950006,30.449912278098871,0.086588735200235037,False,9.7144514654701197e-16,False,False,False,False,False,False,False,False,False,False,False,False,False,C0807,S01-B01,S01-B01-C0671,S01-B01-C0669,670,668
1,S01-P076,aligned_samples,twfe_scalar,bjs,static,,,,,,retained,,0.23709369878871259,0.17935204757069151,0.095314381915307694,0.1167502008449077,0.057741651218021078,0.08328211023553532,0.007889765455969781,0.69332598627386266,0.69332598627386266,False,999,False,-0.057741651218021078,0.48810499864037959,False,0.21055654106197719,,,,,,,False,,,,,,,,,,,,116,33.930943678510538,0.060161692326191729,30.374224459061391,0.083630670661706874,28.709948220581605,0.09760464832305013,False,9.7144514654701197e-16,False,False,False,False,False,False,False,False,False,False,False,False,False,C0808,S01-B01,S01-B01-C0671,S01-B01-C0670,670,669
1,S01-P077,aligned_samples,twfe_scalar,csa,static,,,,,,retained,,0.23582791435780834,0.23687940461177179,0.12814216267685752,0.13036591981397036,-0.0010514902539634496,0.1176325442956811,0.009789135713484701,-0.0089387699659069213,0.0089387699659069213,False,999,False,0.0010514902539634496,0.99286798842829371,False,0.1469113194907064,,,,,,,False,,,,,,,,,,,,116,34.024175211449048,0.057394136105499226,26.681473578125882,0.091430952490917636,30.039303600913897,0.089188040775600122,False,2.55351295663786e-15,False,False,False,False,False,False,False,False,False,False,False,False,False,C0809,S01-B01,S01-B01-C0677,S01-B01-C0675,676,674
1,S01-P077,aligned_samples,twfe_scalar,bjs,static,,,,,,retained,,0.23582791435780834,0.2015408989660093,0.12814216267685752,0.14627651081460918,0.034287015391799042,0.10144685165575404,0.013762883880367068,0.33798008348398351,0.33798008348398351,False,999,False,-0.034287015391799042,0.7353781966171562,False,0.1469113194907064,,,,,,,False,,,,,,,,,,,,116,34.024175211449048,0.057394136105499226,30.463658692333446,0.083078208666528722,28.468779648223848,0.10096208100247227,False,2.55351295663786e-15,False,False,False,False,False,False,False,False,False,False,False,False,False,C0810,S01-B01,S01-B01-C0677,S01-B01-C0676,676,675
1,S01-P078,aligned_samples,twfe_scalar,csa,static,,,,,,retained,,0.26467599517341855,0.30888127517424008,0.10882774351655752,0.13577716948086993,-0.044205280000821523,0.10989905784939695,0.0091005572974787018,-0.40223529542354569,0.40223529542354569,False,999,False,0.044205280000821523,0.6875108688430811,False,0.26427495742037349,,,,,,,False,,,,,,,,,,,,116,33.930943678510538,0.060161692326191729,26.692826212418296,0.091518875136950006,30.449912278098871,0.086588735200235037,False,3.7747582837255322e-15,False,False,False,False,False,False,False,False,False,False,False,False,False,C0811,S01-B01,S01-B01-C0683,S01-B01-C0681,682,680
1,S01-P078,aligned_samples,twfe_scalar,bjs,static,,,,,,retained,,0.26467599517341855,0.29501765358649218,0.10882774351655752,0.13476987823375586,-0.030341658413073624,0.092448645242004607,0.010729822915482499,-0.32820014110155621,0.32820014110155621,False,999,False,0.030341658413073624,0.7427603411642083,False,0.26427495742037349,,,,,,,False,,,,,,,,,,,,116,33.930943678510538,0.060161692326191729,30.374224459061391,0.083630670661706874,28.709948220581605,0.09760464832305013,False,3.7747582837255322e-15,False,False,False,False,False,False,False,False,False,False,False,False,False,C0812,S01-B01,S01-B01-C0683,S01-B01-C0682,682,681
1,S01-P079,aligned_samples,twfe_scalar,csa,static,,,,,,retained,,0.022752399509012682,0.1431365976261865,0.14489238257607226,0.17012298579734245,-0.12038419811717381,0.11916021136192012,0.017868238426678104,-1.0102717739526001,1.0102717739526001,False,999,False,0.12038419811717381,0.31236510041555643,False,0.078918321579063394,,,,,,,False,,,,,,,,,,,,116,33.735815063462347,0.058361875510005108,26.617998220633567,0.087292585866750219,29.789097942582984,0.085285782445264149,False,2.0261570199409107e-15,False,False,False,False,False,False,False,False,False,False,False,False,False,C0813,S01-B01,S01-B01-C0689,S01-B01-C0687,688,686
1,S01-P079,aligned_samples,twfe_scalar,bjs,static,,,,,,retained,,0.022752399509012682,0.056070504564471602,0.14489238257607226,0.18856647401726107,-0.033318105055458916,0.13496593965711842,0.019167656392172175,-0.24686306145167969,0.24686306145167969,False,999,False,0.033318105055458916,0.80501420438453253,False,0.078918321579063394,,,,,,,False,,,,,,,,,,,,116,33.735815063462347,0.058361875510005108,30.635374139663547,0.080083503160173736,29.424182359374786,0.097186811837864567,False,2.0261570199409107e-15,False,False,False,False,False,False,False,False,False,False,False,False,False,C0814,S01-B01,S01-B01-C0689,S01-B01-C0688,688,687
1,S01-P080,aligned_samples,twfe_scalar,csa,static,,,,,,retained,,0.16001101263152451,0.26568982773335842,0.14235921993014272,0.21427192499179767,-0.10567881510183391,0.19916920037906941,0.013255117479585703,-0.53059817934048226,0.53059817934048226,False,999,False,0.10567881510183391,0.59569725761309322,False,0.13269634201834529,,,,,,,False,,,,,,,,,,,,116,34.094347209904527,0.060036560262609007,26.939341915939032,0.088382822757861274,30.627235473940068,0.086037938263746339,False,1.1379786002407855e-15,False,False,False,False,False,False,False,False,False,False,False,False,False,C0815,S01-B01,S01-B01-C0695,S01-B01-C0693,694,692
1,S01-P080,aligned_samples,twfe_scalar,bjs,static,,,,,,retained,,0.16001101263152451,0.2334490577360892,0.14235921993014272,0.16990366167309703,-0.073438045104564698,0.10404714229694438,0.019153796964442197,-0.70581510922209534,0.70581510922209534,False,999,False,0.073438045104564698,0.48030312469204367,False,0.13269634201834529,,,,,,,False,,,,,,,,,,,,116,34.094347209904527,0.060036560262609007,30.521441621959557,0.082932195094575459,29.127953575876482,0.098431068929517002,False,1.1379786002407855e-15,False,False,False,False,False,False,False,False,False,False,False,False,False,C0816,S01-B01,S01-B01-C0695,S01-B01-C0694,694,693
1,S01-P081,aligned_samples,twfe_scalar,csa,static,,,,,,retained,,0.16805116826903271,-0.052807106276941497,0.16423698151503216,0.1801398849357875,0.2208582745459742,0.1377815493832483,0.020220204445699646,1.6029597252651195,1.6029597252651195,False,999,False,-0.2208582745459742,0.10894354617125698,False,0.1454655803042666,,,,,,,False,,,,,,,,,,,,116,34.085225764972037,0.059663194507204337,26.861918407922616,0.090577224019733837,30.040906167482632,0.085454915444182669,False,5.0237591864288333e-15,False,False,False,False,False,False,False,False,False,False,False,False,False,C0817,S01-B01,S01-B01-C0701,S01-B01-C0699,700,698
1,S01-P081,aligned_samples,twfe_scalar,bjs,static,,,,,,retained,,0.16805116826903271,0.030290843826872998,0.16423698151503216,0.21555489981942477,0.13776032444215972,0.1560748219299857,0.02453917544642726,0.88265565668214074,0.88265565668214074,False,999,False,-0.13776032444215972,0.37742234753834342,False,0.1454655803042666,,,,,,,False,,,,,,,,,,,,116,34.085225764972037,0.059663194507204337,30.530255289476798,0.082463223413720699,28.863376839249398,0.094712621103425182,False,5.0237591864288333e-15,False,False,False,False,False,False,False,False,False,False,False,False,False,C0818,S01-B01,S01-B01-C0701,S01-B01-C0700,700,699
1,S01-P082,aligned_samples,twfe_scalar,csa,static,,,,,,retained,,-0.13055866404668159,-0.15997702251073609,0.14823210468181794,0.17357818497578162,0.029418358464054495,0.12657307917544308,0.018040699392967555,0.23242192301632858,0.23242192301632858,False,999,False,-0.029418358464054495,0.81621032298037877,False,-0.1227651057259032,,,,,,,False,,,,,,,,,,,,116,34.179700480327114,0.059512310777540191,26.71369596685313,0.090986936477238836,30.236075495066551,0.085980354989502183,False,1.6653345369377348e-16,False,False,False,False,False,False,False,False,False,False,False,False,False,C0819,S01-B01,S01-B01-C0707,S01-B01-C0705,706,704
1,S01-P082,aligned_samples,twfe_scalar,bjs,static,,,,,,retained,,-0.13055866404668159,-0.1658396576869075,0.14823210468181794,0.1863074367486639,0.035280993640225911,0.1110552001394476,0.02217498018412304,0.31768880336918009,0.31768880336918009,False,999,False,-0.035280993640225911,0.75072100518755924,False,-0.1227651057259032,,,,,,,False,,,,,,,,,,,,116,34.179700480327114,0.059512310777540191,30.368039542393305,0.084129799321760609,28.736896453277069,0.095888214587211321,False,8.0491169285323849e-16,False,False,False,False,False,False,False,False,False,False,False,False,False,C0820,S01-B01,S01-B01-C0707,S01-B01-C0706,706,705
1,S01-P083,aligned_samples,twfe_scalar,csa,static,,,,,,retained,,0.0620698074015434,-0.058914993175201297,0.14514929682041247,0.17101215588590379,0.1209848005767447,0.13547677322035293,0.015979759873002968,0.89302983604402031,0.89302983604402031,False,999,False,-0.1209848005767447,0.37184119506190416,False,0.048052143054407803,,,,,,,False,,,,,,,,,,,,116,34.180306284522338,0.059588993419737862,26.953793021839139,0.089834187653964906,30.315999558866142,0.084712170487832791,False,1.8873791418627661e-15,False,False,False,False,False,False,False,False,False,False,False,False,False,C0821,S01-B01,S01-B01-C0713,S01-B01-C0711,712,710
1,S01-P083,aligned_samples,twfe_scalar,bjs,static,,,,,,retained,,0.0620698074015434,-0.080878742429202594,0.14514929682041247,0.16497830529027352,0.14294854983074601,0.1423514000981965,0.014011119236997041,1.0041948989060703,1.0041948989060703,False,999,False,-0.14294854983074601,0.31528468039689128,False,0.048052143054407803,,,,,,,False,,,,,,,,,,,,116,34.180306284522338,0.059588993419737862,30.416013509458281,0.083902134441077636,28.856697725927074,0.094028078402687482,False,1.8873791418627661e-15,False,False,False,False,False,False,False,False,False,False,False,False,False,C0822,S01-B01,S01-B01-C0713,S01-B01-C0712,712,711
1,S01-P084,aligned_samples,twfe_scalar,csa,static,,,,,,retained,,0.17009000522216117,0.0823026071432712,0.12383136082388138,0.17354506809740552,0.087787398078889967,0.15624887305760926,0.010519193126327269,0.56184339996181976,0.56184339996181976,False,999,False,-0.087787398078889967,0.5742227195916576,False,0.14569783963652561,,,,,,,False,,,,,,,,,,,,116,34.180306284522338,0.059588993419737862,26.953793021839139,0.089834187653964906,30.315999558866142,0.084712170487832791,False,3.6082248300317588e-16,False,False,False,False,False,False,False,False,False,False,False,False,False,C0823,S01-B01,S01-B01-C0719,S01-B01-C0717,718,716
1,S01-P084,aligned_samples,twfe_scalar,bjs,static,,,,,,retained,,0.17009000522216117,0.13928977276945481,0.12383136082388138,0.16030471832592988,0.030800232452706355,0.086021978910031313,0.016816013892726078,0.35805073125462167,0.35805073125462167,False,999,False,-0.030800232452706355,0.72030534873571406,False,0.14569783963652561,,,,,,,False,,,,,,,,,,,,116,34.180306284522338,0.059588993419737862,30.416013509458281,0.083902134441077636,28.856697725927074,0.094028078402687482,False,3.6082248300317588e-16,False,False,False,False,False,False,False,False,False,False,False,False,False,C0824,S01-B01,S01-B01-C0719,S01-B01-C0718,718,717
1,S01-P085,aligned_samples,twfe_scalar,csa,static,,,,,,retained,,0.034197507790608581,-0.1041924642272075,0.12938847579648871,0.15262000272025747,0.13838997201781608,0.12195357141934139,0.01258078465866877,1.1347758856684695,1.1347758856684695,False,999,False,-0.13838997201781608,0.25646923239495112,False,-0.039467561045418299,,,,,,,False,,,,,,,,,,,,116,34.180306284522338,0.059588993419737862,26.953793021839139,0.089834187653964906,30.315999558866142,0.084712170487832791,False,3.6637359812630166e-15,False,False,False,False,False,False,False,False,False,False,False,False,False,C0825,S01-B01,S01-B01-C0725,S01-B01-C0723,724,722
1,S01-P085,aligned_samples,twfe_scalar,bjs,static,,,,,,retained,,0.034197507790608581,-0.1672703287532091,0.12938847579648871,0.13535664527226798,0.20146783654381767,0.10713163963532507,0.011792805438673984,1.8805633632567558,1.8805633632567558,False,999,False,-0.20146783654381767,0.060031339408741405,False,-0.039467561045418299,,,,,,,False,,,,,,,,,,,,116,34.180306284522338,0.059588993419737862,30.416013509458281,0.083902134441077636,28.856697725927074,0.094028078402687482,False,3.6637359812630166e-15,False,False,False,False,False,False,False,False,False,False,False,False,False,C0826,S01-B01,S01-B01-C0725,S01-B01-C0724,724,723
1,S01-P086,aligned_samples,twfe_scalar,csa,static,,,,,,retained,,0.55595998510755862,0.367184373492355,0.21059109766933465,0.23824457842930019,0.18877561161520362,0.21886685306020401,0.026603195100026643,0.86251348240145276,0.86251348240145276,False,999,False,-0.18877561161520362,0.38840501712419101,False,0.48385902306874612,,,,,,,False,,,,,,,,,,,,116,28.934103240588616,0.073055452631756557,20.082645852147255,0.1404830797388536,25.868022769596038,0.094444394098798595,False,1.1102230246251565e-15,False,False,False,False,False,False,False,False,False,False,False,False,False,C0827,S01-B01,S01-B01-C0731,S01-B01-C0729,730,728
1,S01-P086,aligned_samples,twfe_scalar,bjs,static,,,,,,retained,,0.55595998510755862,0.59059619420261211,0.21059109766933465,0.25057095804865964,-0.034636209095053494,0.16100083451514852,0.040606573360212089,-0.21513061841797215,0.21513061841797215,False,999,False,0.034636209095053494,0.82966548269610896,False,0.48385902306874612,,,,,,,False,,,,,,,,,,,,116,28.934103240588616,0.073055452631756557,24.138935976788378,0.081119365719524106,24.404187948167838,0.097176602610706722,False,1.1102230246251565e-15,False,False,False,False,False,False,False,False,False,False,False,False,False,C0828,S01-B01,S01-B01-C0731,S01-B01-C0730,730,729
1,S01-P087,aligned_samples,twfe_scalar,csa,static,,,,,,retained,,0.15614307885530407,0.0145559215525721,0.18285300093407364,0.21340166975569194,0.14158715730273197,0.19796771241467681,0.019892138723206772,0.7152032802508409,0.7152032802508409,False,999,False,-0.14158715730273197,0.47448344242716889,False,0.27799578184757667,,,,,,,False,,,,,,,,,,,,116,29.375490769576636,0.06989980567874704,20.252444897087017,0.14164137825938156,25.837783701529801,0.093651301350008972,False,5.5511151231257827e-16,False,False,False,False,False,False,False,False,False,False,False,False,False,C0829,S01-B01,S01-B01-C0737,S01-B01-C0735,736,734
1,S01-P087,aligned_samples,twfe_scalar,bjs,static,,,,,,retained,,0.15614307885530407,0.083763955589300998,0.18285300093407364,0.2195198302798729,0.07237912326600307,0.13458238065407691,0.031755879327090855,0.53780534208294595,0.53780534208294595,False,999,False,-0.07237912326600307,0.59071144352827298,False,0.27799578184757667,,,,,,,False,,,,,,,,,,,,116,29.375490769576636,0.06989980567874704,24.299209693949074,0.086401532492441063,25.711506354098226,0.086945895467074888,False,5.5511151231257827e-16,False,False,False,False,False,False,False,False,False,False,False,False,False,C0830,S01-B01,S01-B01-C0737,S01-B01-C0736,736,735
1,S01-P088,aligned_samples,twfe_scalar,csa,static,,,,,,retained,,0.32582008548045804,0.034419041592243599,0.17702872828301799,0.24016754711611857,0.29140104388821442,0.23154046120236343,0.017704318075736251,1.2585318452550442,1.2585318452550442,False,999,False,-0.29140104388821442,0.20819947778310102,False,0.53308676291915624,,,,,,,False,,,,,,,,,,,,116,29.272061362824143,0.068721513434633952,20.733488244794302,0.1369869168541904,25.372413242579178,0.090910947670846731,False,5.5511151231257827e-16,False,False,False,False,False,False,False,False,False,False,False,False,False,C0831,S01-B01,S01-B01-C0743,S01-B01-C0741,742,740
1,S01-P088,aligned_samples,twfe_scalar,bjs,static,,,,,,retained,,0.32582008548045804,0.23906285406910099,0.17702872828301799,0.18556139380586448,0.08675723141135705,0.17356291495370482,0.017824058030725384,0.49986041911371548,0.49986041911371548,False,999,False,-0.08675723141135705,0.61717336406202739,False,0.53308676291915624,,,,,,,False,,,,,,,,,,,,116,29.272061362824143,0.068721513434633952,24.838091293284908,0.082532293535168333,25.890888590404987,0.087442145700276835,False,5.5511151231257827e-16,False,False,False,False,False,False,False,False,False,False,False,False,False,C0832,S01-B01,S01-B01-C0743,S01-B01-C0742,742,741
1,S01-P089,aligned_samples,twfe_scalar,csa,static,,,,,,retained,,0.37227200713720471,0.38400057298912771,0.18680275655858422,0.21052264255945438,-0.011728565851923001,0.18145790838847006,0.023144040185691543,-0.064635187058445343,0.064635187058445343,False,999,False,0.011728565851923001,0.94846446805281526,False,0.21956607896311661,,,,,,,False,,,,,,,,,,,,116,29.035205284125528,0.072123307349913582,20.724899412076653,0.12766558070081396,24.039009998584373,0.1055544645545532,False,1.7763568394002505e-15,False,False,False,False,False,False,False,False,False,False,False,False,False,C0833,S01-B01,S01-B01-C0749,S01-B01-C0747,748,746
1,S01-P089,aligned_samples,twfe_scalar,bjs,static,,,,,,retained,,0.37227200713720471,0.49996191936461498,0.18680275655858422,0.19634627498665203,-0.12768991222741027,0.14503511206126843,0.02620597291419749,-0.88040689190814103,0.88040689190814103,False,999,False,0.12768991222741027,0.37863892430130669,False,0.21956607896311661,,,,,,,False,,,,,,,,,,,,116,29.035205284125528,0.072123307349913582,26.042898552267506,0.078196128236636811,26.166967407352082,0.083720429266305935,False,1.7763568394002505e-15,False,False,False,False,False,False,False,False,False,False,False,False,False,C0834,S01-B01,S01-B01-C0749,S01-B01-C0748,748,747
1,S01-P090,aligned_samples,twfe_scalar,csa,static,,,,,,retained,,-0.037705087053911145,0.067205536052543605,0.16941880192022607,0.21561839947076603,-0.10491062310645474,0.17105828736862269,0.022966543478466661,-0.61330336413562481,0.61330336413562481,False,999,False,0.10491062310645474,0.53967576938242556,False,-0.10087467961067401,,,,,,,False,,,,,,,,,,,,116,29.272061362824143,0.068721513434633952,20.733488244794302,0.1369869168541904,25.372413242579178,0.090910947670846731,False,3.3306690738754696e-16,False,False,False,False,False,False,False,False,False,False,False,False,False,C0835,S01-B01,S01-B01-C0755,S01-B01-C0753,754,752
1,S01-P090,aligned_samples,twfe_scalar,bjs,static,,,,,,retained,,-0.037705087053911145,-0.0299859206558898,0.16941880192022607,0.1930024288538795,-0.0077191663980213446,0.12936829959058996,0.024608255524310486,-0.059668144533475992,0.059668144533475992,False,999,False,0.0077191663980213446,0.95241994349190795,False,-0.10087467961067401,,,,,,,False,,,,,,,,,,,,116,29.272061362824143,0.068721513434633952,24.838091293284908,0.082532293535168333,25.890888590404987,0.087442145700276835,False,4.7531423241764514e-16,False,False,False,False,False,False,False,False,False,False,False,False,False,C0836,S01-B01,S01-B01-C0755,S01-B01-C0754,754,753
1,S01-P091,aligned_samples,twfe_scalar,csa,static,,,,,,retained,,0.45917986618973056,0.2093804348581976,0.14464993596796508,0.24652912074272276,0.24979943133153296,0.21509156730696535,0.017717914511574794,1.1613632020033342,1.1613632020033342,False,999,False,-0.24979943133153296,0.24549422702332382,False,0.43520285938142123,,,,,,,False,,,,,,,,,,,,116,29.273199536612381,0.073494900496377885,21.983854763517066,0.11732071772828101,26.495863765421749,0.079619738515188387,False,3.6082248300317588e-15,False,False,False,False,False,False,False,False,False,False,False,False,False,C0837,S01-B01,S01-B01-C0761,S01-B01-C0759,760,758
1,S01-P091,aligned_samples,twfe_scalar,bjs,static,,,,,,retained,,0.45917986618973056,0.35621831598805548,0.14464993596796508,0.16724439695187451,0.10296155020167508,0.13548667198037354,0.015268827001507619,0.75993858803019376,0.75993858803019376,False,999,False,-0.10296155020167508,0.44729129441816212,False,0.43520285938142123,,,,,,,False,,,,,,,,,,,,116,29.273199536612381,0.073494900496377885,24.51351635888502,0.094076102710019649,26.057011619065019,0.089061905582176443,False,3.6082248300317588e-15,False,False,False,False,False,False,False,False,False,False,False,False,False,C0838,S01-B01,S01-B01-C0761,S01-B01-C0760,760,759
1,S01-P092,aligned_samples,twfe_scalar,csa,static,,,,,,retained,,0.073359879930956481,0.1219118977505968,0.18273989117384698,0.20738749829430581,-0.048552017819640317,0.2028383214551906,0.01763002881212045,-0.23936314139912679,0.23936314139912679,False,999,False,0.048552017819640317,0.81082400825443735,False,-0.015061546521474499,,,,,,,False,,,,,,,,,,,,116,28.95103068377707,0.072723058017054004,19.739825567970964,0.14155645470649714,25.280611325367172,0.093997681235636524,False,1.3877787807814457e-16,False,False,False,False,False,False,False,False,False,False,False,False,False,C0839,S01-B01,S01-B01-C0767,S01-B01-C0765,766,764
1,S01-P092,aligned_samples,twfe_scalar,bjs,static,,,,,,retained,,0.073359879930956481,0.23648317358173279,0.18273989117384698,0.21116464781424454,-0.16312329365077632,0.14151516304275502,0.028978917470862921,-1.1526912745137634,1.1526912745137634,False,999,False,0.16312329365077632,0.24903712410412698,False,-0.015061546521474499,,,,,,,False,,,,,,,,,,,,116,28.95103068377707,0.072723058017054004,23.998457248418319,0.083974667180159321,24.738383569336801,0.10550191272596826,False,1.27675647831893e-15,False,False,False,False,False,False,False,False,False,False,False,False,False,C0840,S01-B01,S01-B01-C0767,S01-B01-C0766,766,765
1,S01-P093,aligned_samples,twfe_scalar,csa,static,,,,,,retained,,-0.16907747091842221,-0.17117586488768469,0.16542176409670165,0.22427109054712824,0.0020983939692624798,0.19062611718718264,0.020661782769100752,0.011007903849827624,0.011007903849827624,False,999,False,-0.0020983939692624798,0.99121714084739676,False,-0.16460321823012791,,,,,,,False,,,,,,,,,,,,116,28.986546459569574,0.071578486371279254,20.750397174239364,0.13755741606270025,25.113958584096878,0.091894972112862044,False,4.7184478546569153e-16,False,False,False,False,False,False,False,False,False,False,False,False,False,C0841,S01-B01,S01-B01-C0773,S01-B01-C0771,772,770
1,S01-P093,aligned_samples,twfe_scalar,bjs,static,,,,,,retained,,-0.16907747091842221,-0.14138540448128131,0.16542176409670165,0.23438540223427101,-0.027692066437140894,0.21475311320031037,0.018090988594080253,-0.12894838181605869,0.12894838181605869,False,999,False,0.027692066437140894,0.89739849305598096,False,-0.16460321823012791,,,,,,,False,,,,,,,,,,,,116,28.986546459569574,0.071578486371279254,24.850033622439469,0.082649651809591509,25.922576398009898,0.088693444261804838,False,1.1851630787873546e-14,False,False,False,False,False,False,False,False,False,False,False,False,False,C0842,S01-B01,S01-B01-C0773,S01-B01-C0772,772,771
1,S01-P094,aligned_samples,twfe_scalar,csa,static,,,,,,retained,,0.20867536434600065,-0.042499849694541902,0.19829564409975825,0.21004726819165304,0.25117521404054255,0.19058157798150105,0.023559839738897619,1.3179406776919596,1.3179406776919596,False,999,False,-0.25117521404054255,0.18752350718686656,False,0.0236704816195519,,,,,,,False,,,,,,,,,,,,116,28.986546459569574,0.071578486371279254,20.750397174239364,0.13755741606270025,25.113958584096878,0.091894972112862044,False,7.4940054162198066e-16,False,False,False,False,False,False,False,False,False,False,False,False,False,C0843,S01-B01,S01-B01-C0779,S01-B01-C0777,778,776
1,S01-P094,aligned_samples,twfe_scalar,bjs,static,,,,,,retained,,0.20867536434600065,0.095432476224303495,0.19829564409975825,0.23474714190144549,0.11324288812169715,0.16158860115028004,0.034158253539065549,0.70080987962993391,0.70080987962993391,False,999,False,-0.11324288812169715,0.48342167164056804,False,0.0236704816195519,,,,,,,False,,,,,,,,,,,,116,28.986546459569574,0.071578486371279254,24.850033622439469,0.082649651809591509,25.922576398009898,0.088693444261804838,False,7.4940054162198066e-16,False,False,False,False,False,False,False,False,False,False,False,False,False,C0844,S01-B01,S01-B01-C0779,S01-B01-C0778,778,777
1,S01-P095,aligned_samples,twfe_scalar,csa,static,,,,,,retained,,0.20042404451986989,0.2339332708784963,0.20810063753761718,0.22453010092191267,-0.033509226358626409,0.19764509725133436,0.027328028548038792,-0.1695424112444063,0.1695424112444063,False,999,False,0.033509226358626409,0.86537001583386086,False,0.2149888090901626,,,,,,,False,,,,,,,,,,,,116,28.986546459569574,0.071578486371279254,20.750397174239364,0.13755741606270025,25.113958584096878,0.091894972112862044,False,1.915134717478395e-15,False,False,False,False,False,False,False,False,False,False,False,False,False,C0845,S01-B01,S01-B01-C0785,S01-B01-C0783,784,782
1,S01-P095,aligned_samples,twfe_scalar,bjs,static,,,,,,retained,,0.20042404451986989,0.34074454643407159,0.20810063753761718,0.23477190874741843,-0.1403205019142017,0.15842951749836717,0.036661906232851725,-0.88569670683777657,0.88569670683777657,False,999,False,0.1403205019142017,0.37578098337209087,False,0.2149888090901626,,,,,,,False,,,,,,,,,,,,116,28.986546459569574,0.071578486371279254,24.850033622439469,0.082649651809591509,25.922576398009898,0.088693444261804838,False,1.915134717478395e-15,False,False,False,False,False,False,False,False,False,False,False,False,False,C0846,S01-B01,S01-B01-C0785,S01-B01-C0784,784,783
1,S01-P096,aligned_samples,twfe_scalar,csa,static,,,,,,retained,,0.23250660075714133,-0.039621233028797297,0.21998596908909054,0.29666506996446551,0.27212783378593863,0.2166520827641438,0.044732932683523047,1.2560591632169444,1.2560591632169444,False,999,False,-0.27212783378593863,0.20909452053868188,False,0.38539915362297189,,,,,,,False,,,,,,,,,,,,116,28.986546459569574,0.071578486371279254,20.750397174239364,0.13755741606270025,25.113958584096878,0.091894972112862044,False,7.2164496600635175e-16,False,False,False,False,False,False,False,False,False,False,False,False,False,C0847,S01-B01,S01-B01-C0791,S01-B01-C0789,790,788
1,S01-P096,aligned_samples,twfe_scalar,bjs,static,,,,,,retained,,0.23250660075714133,0.049592559983536101,0.21998596908909054,0.27621150418641321,0.18291404077360524,0.21194170197249285,0.039883668302995147,0.86303940692778336,0.86303940692778336,False,999,False,-0.18291404077360524,0.38811580084935887,False,0.38539915362297189,,,,,,,False,,,,,,,,,,,,116,28.986546459569574,0.071578486371279254,24.850033622439469,0.082649651809591509,25.922576398009898,0.088693444261804838,False,7.2164496600635175e-16,False,False,False,False,False,False,False,False,False,False,False,False,False,C0848,S01-B01,S01-B01-C0791,S01-B01-C0790,790,789
1,S01-P097,aligned_samples,twfe_scalar,csa,static,,,,,,retained,,0.19230548169702424,-0.0111869231365525,0.18842565038532,0.2233127386895235,0.20349240483357675,0.18844981313731818,0.02492973645632807,1.0798227997461449,1.0798227997461449,False,999,False,-0.20349240483357675,0.28022109624121655,False,0.30751672228835342,,,,,,,False,,,,,,,,,,,,116,28.986546459569574,0.071578486371279254,20.750397174239364,0.13755741606270025,25.113958584096878,0.091894972112862044,False,6.106226635438361e-16,False,False,False,False,False,False,False,False,False,False,False,False,False,C0849,S01-B01,S01-B01-C0797,S01-B01-C0795,796,794
1,S01-P097,aligned_samples,twfe_scalar,bjs,static,,,,,,retained,,0.19230548169702424,0.085578109633173999,0.18842565038532,0.23586534223374406,0.10672737206385025,0.18444993422476288,0.028557453577326353,0.57862515653595614,0.57862515653595614,False,999,False,-0.10672737206385025,0.56284212654179355,False,0.30751672228835342,,,,,,,False,,,,,,,,,,,,116,28.986546459569574,0.071578486371279254,24.850033622439469,0.082649651809591509,25.922576398009898,0.088693444261804838,False,5.7176485768195562e-15,False,False,False,False,False,False,False,False,False,False,False,False,False,C0850,S01-B01,S01-B01-C0797,S01-B01-C0796,796,795
1,S01-P098,aligned_samples,twfe_scalar,csa,static,,,,,,retained,,1.8196301845967602,1.843805702356802,0.062921191331005807,0.073365842804173034,-0.024175517760041787,0.03884659272155818,0.0039162827214025264,-0.62233303016625752,0.62233303016625752,False,999,False,0.024175517760041787,0.53372290646299581,False,1.8236390367642568,,,,,,,False,,,,,,,,,,,,116,33.613358907874506,0.062076539886212423,27.63106065348537,0.087331158170060944,30.288899210205891,0.080712376075286363,False,6.6613381477509392e-16,False,False,False,False,False,False,False,False,False,False,False,False,False,C0851,S01-B01,S01-B01-C0803,S01-B01-C0801,802,800
1,S01-P098,aligned_samples,twfe_scalar,bjs,static,,,,,,retained,,1.8196301845967602,1.8532124987883667,0.062921191331005807,0.068931548751529986,-0.03358231419160651,0.029616123165246068,0.0039167599902292845,-1.1339199936544933,1.1339199936544933,False,999,False,0.03358231419160651,0.25682810958762886,False,1.8236390367642568,,,,,,,False,,,,,,,,,,,,116,33.613358907874506,0.062076539886212423,31.399283262925145,0.07586297096100951,30.595435952691265,0.08973674506959442,False,6.6613381477509392e-16,False,False,False,False,False,False,False,False,False,False,False,False,False,C0852,S01-B01,S01-B01-C0803,S01-B01-C0802,802,801
1,S01-P099,aligned_samples,twfe_scalar,csa,static,,,,,,retained,,0.14574143289769048,0.1952049540416603,0.096495638646434873,0.14382703274287756,-0.049463521143969819,0.14192992721470132,0.0049267596931168462,-0.34850663362311868,0.34850663362311868,False,999,False,0.049463521143969819,0.72745973281162513,False,0.18843719411093621,,,,,,,False,,,,,,,,,,,,116,33.109059091976718,0.063124626936760783,27.44718726746137,0.088375096729953945,30.239974191385794,0.084408977419774975,False,1.3600232051658168e-15,False,False,False,False,False,False,False,False,False,False,False,False,False,C0853,S01-B01,S01-B01-C0809,S01-B01-C0807,808,806
1,S01-P099,aligned_samples,twfe_scalar,bjs,static,,,,,,retained,,0.14574143289769048,0.21423175339204051,0.096495638646434873,0.10780103831588861,-0.068490320494350027,0.10489430190853422,0.0049648287834441491,-0.65294605377203663,0.65294605377203663,False,999,False,0.068490320494350027,0.51379105737011543,False,0.18843719411093621,,,,,,,False,,,,,,,,,,,,116,33.109059091976718,0.063124626936760783,30.876118480935602,0.078904333736341745,29.815008753055782,0.093290932032112472,False,1.3600232051658168e-15,False,False,False,False,False,False,False,False,False,False,False,False,False,C0854,S01-B01,S01-B01-C0809,S01-B01-C0808,808,807
1,S01-P100,aligned_samples,twfe_scalar,csa,static,,,,,,retained,,0.10757199107782668,0.1200077161575193,0.104164435898864,0.15088703806575435,-0.012435725079692622,0.12333907138744721,0.0092023007158335782,-0.10082551246577866,0.10082551246577866,False,999,False,0.012435725079692622,0.91968897401825844,False,0.1125364112888515,,,,,,,False,,,,,,,,,,,,116,33.109059091976718,0.063124626936760783,27.44718726746137,0.088375096729953945,30.239974191385794,0.084408977419774975,False,2.7616797737550769e-15,False,False,False,False,False,False,False,False,False,False,False,False,False,C0855,S01-B01,S01-B01-C0815,S01-B01-C0813,814,812
1,S01-P100,aligned_samples,twfe_scalar,bjs,static,,,,,,retained,,0.10757199107782668,0.19467058048387861,0.104164435898864,0.12592422075780207,-0.087098589406051932,0.090665966204778833,0.009243410825871063,-0.96065362838940471,0.96065362838940471,False,999,False,0.087098589406051932,0.33672635437438353,False,0.1125364112888515,,,,,,,False,,,,,,,,,,,,116,33.109059091976718,0.063124626936760783,30.876118480935602,0.078904333736341745,29.815008753055782,0.093290932032112472,False,2.7616797737550769e-15,False,False,False,False,False,False,False,False,False,False,False,False,False,C0856,S01-B01,S01-B01-C0815,S01-B01-C0814,814,813
1,S01-P101,aligned_samples,twfe_scalar,csa,static,,,,,,retained,,0.16676443748529526,0.20742156826068789,0.091759956051183519,0.13148767771161193,-0.040657130775392625,0.1307648108169332,0.0043047315882597673,-0.31091797954964645,0.31091797954964645,False,999,False,0.040657130775392625,0.75586297573636174,False,0.19877386613550399,,,,,,,False,,,,,,,,,,,,116,33.109059091976718,0.063124626936760783,27.44718726746137,0.088375096729953945,30.239974191385794,0.084408977419774975,False,2.7755575615628914e-16,False,False,False,False,False,False,False,False,False,False,False,False,False,C0857,S01-B01,S01-B01-C0821,S01-B01-C0819,820,818
1,S01-P101,aligned_samples,twfe_scalar,bjs,static,,,,,,retained,,0.16676443748529526,0.26933507041502042,0.091759956051183519,0.10592272922503877,-0.10257063292972515,0.080341072497679175,0.0065924130854593376,-1.2766898641126321,1.2766898641126321,False,999,False,0.10257063292972515,0.20171176129556101,False,0.19877386613550399,,,,,,,False,,,,,,,,,,,,116,33.109059091976718,0.063124626936760783,30.876118480935602,0.078904333736341745,29.815008753055782,0.093290932032112472,False,2.7755575615628914e-16,False,False,False,False,False,False,False,False,False,False,False,False,False,C0858,S01-B01,S01-B01-C0821,S01-B01-C0820,820,819
1,S01-P102,aligned_samples,twfe_scalar,csa,static,,,,,,retained,,-0.071759051475636118,-0.170589364146009,0.10034819147333295,0.13034927897396006,0.098830312670372886,0.10768563795681688,0.0077322487194166579,0.91776688651837612,0.91776688651837612,False,999,False,-0.098830312670372886,0.35874092174538197,False,-0.0072243877842230004,,,,,,,False,,,,,,,,,,,,116,33.613358907874506,0.062076539886212423,27.63106065348537,0.087331158170060944,30.288899210205891,0.080712376075286363,False,1.5404344466674047e-15,False,False,False,False,False,False,False,False,False,False,False,False,False,C0859,S01-B01,S01-B01-C0827,S01-B01-C0825,826,824
1,S01-P102,aligned_samples,twfe_scalar,bjs,static,,,,,,retained,,-0.071759051475636118,-0.12736108698798021,0.10034819147333295,0.11029585446932333,0.055602035512344092,0.075637870346213026,0.0082569238072881541,0.73510842198279747,0.73510842198279747,False,999,False,-0.055602035512344092,0.46227346557541615,False,-0.0072243877842230004,,,,,,,False,,,,,,,,,,,,116,33.613358907874506,0.062076539886212423,31.399283262925145,0.07586297096100951,30.595435952691265,0.08973674506959442,False,1.5404344466674047e-15,False,False,False,False,False,False,False,False,False,False,False,False,False,C0860,S01-B01,S01-B01-C0827,S01-B01-C0826,826,825
1,S01-P103,aligned_samples,twfe_scalar,csa,static,,,,,,retained,,0.16694748969678519,0.098958784143080999,0.097883138975422945,0.11032174074946509,0.06798870555370419,0.11404034344824951,0.0043733977219397218,0.59618117148653504,0.59618117148653504,False,999,False,-0.06798870555370419,0.55105420250045656,False,0.12457422661490079,,,,,,,False,,,,,,,,,,,,116,33.613358907874506,0.062076539886212423,27.63106065348537,0.087331158170060944,30.288899210205891,0.080712376075286363,False,5.5233595475101538e-15,False,False,False,False,False,False,False,False,False,False,False,False,False,C0861,S01-B01,S01-B01-C0833,S01-B01-C0831,832,830
1,S01-P103,aligned_samples,twfe_scalar,bjs,static,,,,,,retained,,0.16694748969678519,0.1373938844710976,0.097883138975422945,0.083876329904070124,0.02955360522568759,0.074088501142848748,0.0055636208061322356,0.39889597940044436,0.39889597940044436,False,999,False,-0.02955360522568759,0.68996985183085058,False,0.12457422661490079,,,,,,,False,,,,,,,,,,,,116,33.613358907874506,0.062076539886212423,31.399283262925145,0.07586297096100951,30.595435952691265,0.08973674506959442,False,5.5233595475101538e-15,False,False,False,False,False,False,False,False,False,False,False,False,False,C0862,S01-B01,S01-B01-C0833,S01-B01-C0832,832,831
1,S01-P001,aligned_samples,event_study_post_average,csa,post,"[""e0"", ""ge_p1""]","[""e0"", ""ge_p1""]",,,,retained,,0.39903227383407763,0.28874870659960156,0.12965769696262577,0.12376265545316531,0.11028356723447608,0.12398219666492707,0.0083783640883051784,0.88951131856880417,0.88951131856880417,False,999,False,-0.11028356723447608,0.37372834297639823,False,0.22186126984127863,,,,,,,False,,,,,,,,,,,,116,42.168358226036617,0.065052685388016673,27.061378079349986,0.087036890092810112,28.047187068195164,0.085730875387216868,False,7.7715611723760958e-16,False,False,False,False,False,False,False,False,False,False,False,False,False,C0863,S01-B01,S01-B01-C0859,S01-B01-C0851,858,850
1,S01-P001,aligned_samples,event_study_post_average,bjs,post,"[""e0"", ""ge_p1""]","[""e0"", ""ge_p1""]",,,,retained,,0.39903227383407763,0.33186063195869703,0.12965769696262577,0.12205982876998654,0.067171641875380605,0.10657145250869024,0.010176122845599255,0.63029676610538055,0.63029676610538055,False,999,False,-0.067171641875380605,0.52850043842471583,False,0.22186126984127863,,,,,,,False,,,,,,,,,,,,116,42.168358226036617,0.065052685388016673,31.110101530433447,0.077686695266930519,25.446683731093991,0.11343157873885909,False,7.7715611723760958e-16,False,False,False,False,False,False,False,False,False,False,False,False,False,C0864,S01-B01,S01-B01-C0859,S01-B01-C0857,858,856
1,S01-P002,aligned_samples,event_study_post_average,csa,post,"[""e0"", ""ge_p1""]","[""e0"", ""ge_p1""]",,,,retained,,0.19720019041404849,0.11819595363803886,0.11025021741567381,0.093844869604474718,0.079004236776009623,0.099930400290946061,0.0054879425444877483,0.79059261792197189,0.79059261792197189,False,999,False,-0.079004236776009623,0.42918175600376068,False,0.14549280731482217,,,,,,,False,,,,,,,,,,,,116,42.026875040297483,0.065402185602791915,26.907329987583161,0.089017355692888864,28.017896779834807,0.086409131915139187,False,1.1102230246251565e-15,False,False,False,False,False,False,False,False,False,False,False,False,False,C0865,S01-B01,S01-B01-C0889,S01-B01-C0881,888,880
1,S01-P002,aligned_samples,event_study_post_average,bjs,post,"[""e0"", ""ge_p1""]","[""e0"", ""ge_p1""]",,,,retained,,0.19720019041404849,0.11545270992947959,0.11025021741567381,0.10323120217420338,0.081747480484568896,0.080482395095363077,0.0081671878111242418,1.0157187840608723,1.0157187840608723,False,999,False,-0.081747480484568896,0.30976332044149829,False,0.14549280731482217,,,,,,,False,,,,,,,,,,,,116,42.026875040297483,0.065402185602791915,31.156480416932762,0.079184639140450652,25.469463884102108,0.11612782807437885,False,1.1102230246251565e-15,False,False,False,False,False,False,False,False,False,False,False,False,False,C0866,S01-B01,S01-B01-C0889,S01-B01-C0887,888,886
1,S01-P003,aligned_samples,event_study_post_average,csa,post,"[""e0"", ""ge_p1""]","[""e0"", ""ge_p1""]",,,,retained,,0.13951251035653944,0.066796974660616112,0.10102684910890639,0.11278647406056447,0.072715535695923331,0.11899370491711611,0.00438385558099321,0.61108724824201932,0.61108724824201932,False,999,False,-0.072715535695923331,0.54114182133188782,False,0.18484573319696421,,,,,,,False,,,,,,,,,,,,116,41.943560952234151,0.066005419983881139,27.036648519097373,0.087686416622599947,28.133794956946129,0.085740553516548551,False,5.2735593669694936e-16,False,False,False,False,False,False,False,False,False,False,False,False,False,C0867,S01-B01,S01-B01-C0919,S01-B01-C0911,918,910
1,S01-P003,aligned_samples,event_study_post_average,bjs,post,"[""e0"", ""ge_p1""]","[""e0"", ""ge_p1""]",,,,retained,,0.13951251035653944,0.094635889011677646,0.10102684910890639,0.094368657898743963,0.044876621344861797,0.0769250140205225,0.0065972050262131628,0.58338138661748373,0.58338138661748373,False,999,False,-0.044876621344861797,0.55963658521464132,False,0.18484573319696421,,,,,,,False,,,,,,,,,,,,116,41.943560952234151,0.066005419983881139,31.480583559720198,0.077265942967094839,25.5579452973281,0.11552565669394212,False,5.2735593669694936e-16,False,False,False,False,False,False,False,False,False,False,False,False,False,C0868,S01-B01,S01-B01-C0919,S01-B01-C0917,918,916
1,S01-P004,aligned_samples,event_study_post_average,csa,post,"[""e0"", ""ge_p1""]","[""e0"", ""ge_p1""]",,,,retained,,0.24180519024790004,0.31405733645346701,0.13102867706566726,0.11379195882506973,-0.072252146205566969,0.12725114163351453,0.0069621355298962514,-0.56779173277403194,0.56779173277403194,False,999,False,0.072252146205566969,0.57017639410342891,False,0.19832111414682471,,,,,,,False,,,,,,,,,,,,116,42.790333164317815,0.05240437966184594,27.252359468382288,0.085899124178763525,27.770873794905828,0.089202397240123743,False,7.7715611723760958e-16,False,False,False,False,False,False,False,False,False,False,False,False,False,C0869,S01-B01,S01-B01-C0949,S01-B01-C0941,948,940
1,S01-P004,aligned_samples,event_study_post_average,bjs,post,"[""e0"", ""ge_p1""]","[""e0"", ""ge_p1""]",,,,retained,,0.24180519024790004,0.33673087303108218,0.13102867706566726,0.11208232611407387,-0.094925682783182141,0.092441863184475365,0.010592731985851629,-1.0268689910949773,1.0268689910949773,False,999,False,0.094925682783182141,0.30448215746736551,False,0.19832111414682471,,,,,,,False,,,,,,,,,,,,116,42.790333164317815,0.05240437966184594,31.81733415732808,0.078821697764520665,25.12962480507521,0.11997129255011425,False,7.7715611723760958e-16,False,False,False,False,False,False,False,False,False,False,False,False,False,C0870,S01-B01,S01-B01-C0949,S01-B01-C0947,948,946
1,S01-P005,aligned_samples,event_study_post_average,csa,post,"[""e0"", ""ge_p1""]","[""e0"", ""ge_p1""]",,,,retained,,0.12405164778544518,0.2276583240520661,0.11626262724163763,0.11864313254500895,-0.10360667626662091,0.10924547860740026,0.0078293083985302991,-0.94838411243504428,0.94838411243504428,False,999,False,0.10360667626662091,0.34293394452520559,False,0.10231782268775541,,,,,,,False,,,,,,,,,,,,116,41.943560952234151,0.066005419983881139,27.036648519097373,0.087686416622599947,28.133794956946129,0.085740553516548551,False,9.1593399531575415e-16,False,False,False,False,False,False,False,False,False,False,False,False,False,C0871,S01-B01,S01-B01-C0979,S01-B01-C0971,978,970
1,S01-P005,aligned_samples,event_study_post_average,bjs,post,"[""e0"", ""ge_p1""]","[""e0"", ""ge_p1""]",,,,retained,,0.12405164778544518,0.17344395744494129,0.11626262724163763,0.11035400058769795,-0.049392309659496106,0.078464913448477655,0.009769130648180269,-0.62948275208292348,0.62948275208292348,False,999,False,0.049392309659496106,0.52903305706363168,False,0.10231782268775541,,,,,,,False,,,,,,,,,,,,116,41.943560952234151,0.066005419983881139,31.480583559720198,0.077265942967094839,25.5579452973281,0.11552565669394212,False,9.1593399531575415e-16,False,False,False,False,False,False,False,False,False,False,False,False,False,C0872,S01-B01,S01-B01-C0979,S01-B01-C0977,978,976
1,S01-P006,aligned_samples,event_study_post_average,csa,post,"[""e0"", ""ge_p1""]","[""e0"", ""ge_p1""]",,,,retained,,0.14990591299952732,0.26586253223041922,0.12885720004401829,0.11592621189236338,-0.1159566192308919,0.10769420755411989,0.0092225111330937158,-1.0767210406615404,1.0767210406615404,False,999,False,0.1159566192308919,0.28160490953231004,False,0.26397522874093726,,,,,,,False,,,,,,,,,,,,116,42.887402765607341,0.053683179595867117,27.329706911141269,0.079357892603739502,27.909557932380668,0.088843213734069212,False,4.1355807667287081e-15,False,False,False,False,False,False,False,False,False,False,False,False,False,C0873,S01-B01,S01-B01-C1009,S01-B01-C1001,1008,1000
1,S01-P006,aligned_samples,event_study_post_average,bjs,post,"[""e0"", ""ge_p1""]","[""e0"", ""ge_p1""]",,,,retained,,0.14990591299952732,0.23048722837549568,0.12885720004401829,0.12747712730675198,-0.080581315375968354,0.10166991106679539,0.01125891258661796,-0.79257780921070942,0.79257780921070942,False,999,False,0.080581315375968354,0.42802384179872421,False,0.26397522874093726,,,,,,,False,,,,,,,,,,,,116,42.887402765607341,0.053683179595867117,31.288110635196926,0.07976051314980391,25.127373202435567,0.12212757352532967,False,4.1355807667287081e-15,False,False,False,False,False,False,False,False,False,False,False,False,False,C0874,S01-B01,S01-B01-C1009,S01-B01-C1007,1008,1006
1,S01-P007,aligned_samples,event_study_post_average,csa,post,"[""e0"", ""ge_p1""]","[""e0"", ""ge_p1""]",,,,retained,,0.23917508063735249,0.14430667212784826,0.11763970969046524,0.13678526069333877,0.094868408509504232,0.14116880396923029,0.0063103388124493088,0.67202105452548944,0.67202105452548944,False,999,False,-0.094868408509504232,0.50157029269621478,False,0.047671441127851988,,,,,,,False,,,,,,,,,,,,116,42.265220907211379,0.064144190603250884,26.985685561146934,0.085537855378767888,28.095309034865874,0.085349461000801874,False,6.6613381477509392e-16,False,False,False,False,False,False,False,False,False,False,False,False,False,C0875,S01-B01,S01-B01-C1039,S01-B01-C1031,1038,1030
1,S01-P007,aligned_samples,event_study_post_average,bjs,post,"[""e0"", ""ge_p1""]","[""e0"", ""ge_p1""]",,,,retained,,0.23917508063735249,0.15543656281327523,0.11763970969046524,0.1085702831629705,0.083738517824077263,0.088655684740295768,0.0088833886226869149,0.94453636074637914,0.94453636074637914,False,999,False,-0.083738517824077263,0.34489563010644897,False,0.047671441127851988,,,,,,,False,,,,,,,,,,,,116,42.265220907211379,0.064144190603250884,30.917767466234203,0.077773785061397468,25.40467018958207,0.11316588130733544,False,6.6613381477509392e-16,False,False,False,False,False,False,False,False,False,False,False,False,False,C0876,S01-B01,S01-B01-C1039,S01-B01-C1037,1038,1036
1,S01-P008,aligned_samples,event_study_post_average,csa,post,"[""e0"", ""ge_p1""]","[""e0"", ""ge_p1""]",,,,retained,,0.088124378008725884,-0.03306868410181911,0.16566287142760408,0.15132818454098321,0.12119306211054499,0.13577982720493778,0.01595412246515299,0.89257045472317165,0.89257045472317165,False,999,False,-0.12119306211054499,0.37208724714300478,False,-0.034923052729653105,,,,,,,False,,,,,,,,,,,,116,42.135166370417792,0.066985367139004881,27.225288133665885,0.086400056962794944,28.414970904576997,0.085361276466361269,False,1.2906342661267445e-14,False,False,False,False,False,False,False,False,False,False,False,False,False,C0877,S01-B01,S01-B01-C1069,S01-B01-C1061,1068,1060
1,S01-P008,aligned_samples,event_study_post_average,bjs,post,"[""e0"", ""ge_p1""]","[""e0"", ""ge_p1""]",,,,retained,,0.088124378008725884,0.047963145428210126,0.16566287142760408,0.16614249178038237,0.040161232580515759,0.15382615959178716,0.015692513584937673,0.26108194267537305,0.26108194267537305,False,999,False,-0.040161232580515759,0.79402931654068609,False,-0.034923052729653105,,,,,,,False,,,,,,,,,,,,116,42.135166370417792,0.066985367139004881,31.560829861642681,0.076279766211026945,25.726931942483638,0.11462050401790973,False,1.2906342661267445e-14,False,False,False,False,False,False,False,False,False,False,False,False,False,C0878,S01-B01,S01-B01-C1069,S01-B01-C1067,1068,1066
1,S01-P009,aligned_samples,event_study_post_average,csa,post,"[""e0"", ""ge_p1""]","[""e0"", ""ge_p1""]",,,,retained,,-0.11750982044945472,-0.21860703808919191,0.16415077484405588,0.14950577743228202,0.10109721763973718,0.14861918971190452,0.013604895408455959,0.68024336450570222,0.68024336450570222,False,999,False,-0.10109721763973718,0.49635037870539322,False,-0.25121122453694478,,,,,,,False,,,,,,,,,,,,116,42.057590607827137,0.066176423375671242,27.104440186256394,0.086696482202237413,28.324271940176008,0.085103849641202531,False,1.6237011735142914e-15,False,False,False,False,False,False,False,False,False,False,False,False,False,C0879,S01-B01,S01-B01-C1099,S01-B01-C1091,1098,1090
1,S01-P009,aligned_samples,event_study_post_average,bjs,post,"[""e0"", ""ge_p1""]","[""e0"", ""ge_p1""]",,,,retained,,-0.11750982044945472,-0.22804336036113873,0.16415077484405588,0.14436670213141781,0.11053353991168401,0.11290130975618981,0.017520257910771164,0.97902796832367134,0.97902796832367134,False,999,False,-0.11053353991168401,0.32756616047097437,False,-0.25121122453694478,,,,,,,False,,,,,,,,,,,,116,42.057590607827137,0.066176423375671242,31.508759384435166,0.077420985315677773,25.620318760596906,0.11535086430764906,False,1.6237011735142914e-15,False,False,False,False,False,False,False,False,False,False,False,False,False,C0880,S01-B01,S01-B01-C1099,S01-B01-C1097,1098,1096
1,S01-P010,aligned_samples,event_study_post_average,csa,post,"[""e0"", ""ge_p1""]","[""e0"", ""ge_p1""]",,,,retained,,0.23523960758132595,0.0059029295387239304,0.11331012058273046,0.11065028433768792,0.22933667804260202,0.109468308917788,0.0065496790965819179,2.0950052148410969,2.0950052148410969,False,999,False,-0.22933667804260202,0.036170528911642061,True,0.053777369901339564,,,,,,,False,,,,,,,,,,,,116,42.189080056699879,0.066972287292785065,27.285810711213422,0.085790498363937331,28.431947455563453,0.084985740894161832,False,1.4988010832439613e-15,False,False,False,False,False,False,False,False,False,False,False,False,False,C0881,S01-B01,S01-B01-C1129,S01-B01-C1121,1128,1120
1,S01-P010,aligned_samples,event_study_post_average,bjs,post,"[""e0"", ""ge_p1""]","[""e0"", ""ge_p1""]",,,,retained,,0.23523960758132595,0.043887936920679327,0.11331012058273046,0.1048595391132931,0.19135167066064662,0.1020490314594535,0.0067103507738563153,1.8750954117254428,1.8750954117254428,False,999,False,-0.19135167066064662,0.060779598670049867,False,0.053777369901339564,,,,,,,False,,,,,,,,,,,,116,42.189080056699879,0.066972287292785065,31.467491985541315,0.077316740148804602,25.721100409995735,0.1142772421114419,False,1.4988010832439613e-15,False,False,False,False,False,False,False,False,False,False,False,False,False,C0882,S01-B01,S01-B01-C1129,S01-B01-C1127,1128,1126
1,S01-P011,aligned_samples,event_study_post_average,csa,post,"[""e0"", ""ge_p1""]","[""e0"", ""ge_p1""]",,,,retained,,0.17089021104732136,0.098294323311664822,0.12773713506294376,0.14731131008933177,0.072595887735656534,0.13372014556856829,0.010068160211722452,0.54289417220557246,0.54289417220557246,False,999,False,-0.072595887735656534,0.58720266871978333,False,0.20076985164157399,,,,,,,False,,,,,,,,,,,,116,42.189080056699879,0.066972287292785065,27.285810711213422,0.085790498363937331,28.431947455563453,0.084985740894161832,False,4.9960036108132044e-16,False,False,False,False,False,False,False,False,False,False,False,False,False,C0883,S01-B01,S01-B01-C1159,S01-B01-C1151,1158,1150
1,S01-P011,aligned_samples,event_study_post_average,bjs,post,"[""e0"", ""ge_p1""]","[""e0"", ""ge_p1""]",,,,retained,,0.17089021104732136,0.13482384821598847,0.12773713506294376,0.12158909583058049,0.036066362831332882,0.076686731631893684,0.012609914545302369,0.47030773203969795,0.47030773203969795,False,999,False,-0.036066362831332882,0.63813517411146337,False,0.20076985164157399,,,,,,,False,,,,,,,,,,,,116,42.189080056699879,0.066972287292785065,31.467491985541315,0.077316740148804602,25.721100409995735,0.1142772421114419,False,4.9960036108132044e-16,False,False,False,False,False,False,False,False,False,False,False,False,False,C0884,S01-B01,S01-B01-C1159,S01-B01-C1157,1158,1156
1,S01-P012,aligned_samples,event_study_post_average,csa,post,"[""e0"", ""ge_p1""]","[""e0"", ""ge_p1""]",,,,retained,,-0.08347544133728646,-0.1222116033260446,0.10966436418715676,0.097566190627157531,0.038736161988758136,0.11755862108935392,0.0038627024668189554,0.32950507270169127,0.32950507270169127,False,999,False,-0.038736161988758136,0.74177396038068455,False,-0.036834571304137129,,,,,,,False,,,,,,,,,,,,116,42.189080056699879,0.066972287292785065,27.285810711213422,0.085790498363937331,28.431947455563453,0.084985740894161832,False,4.6768144912334719e-15,False,False,False,False,False,False,False,False,False,False,False,False,False,C0885,S01-B01,S01-B01-C1189,S01-B01-C1181,1188,1180
1,S01-P012,aligned_samples,event_study_post_average,bjs,post,"[""e0"", ""ge_p1""]","[""e0"", ""ge_p1""]",,,,retained,,-0.08347544133728646,-0.13923601243307077,0.10966436418715676,0.088607696255460347,0.055760571095784306,0.091518403844976573,0.0057509891829705248,0.60928260058203576,0.60928260058203576,False,999,False,-0.055760571095784306,0.54233713796077176,False,-0.036834571304137129,,,,,,,False,,,,,,,,,,,,116,42.189080056699879,0.066972287292785065,31.467491985541315,0.077316740148804602,25.721100409995735,0.1142772421114419,False,4.6768144912334719e-15,False,False,False,False,False,False,False,False,False,False,False,False,False,C0886,S01-B01,S01-B01-C1189,S01-B01-C1187,1188,1186
7,S07-P001,aligned_samples,scalar,csa,static,,,,,,retained,,0.43028268440006556,0.18919010874075845,0.13185796345935871,0.18478899721294201,0.24109257565930711,0.1552886455182946,0.013709466295853855,1.5525447778530848,1.5525447778530848,False,999,False,-0.24109257565930711,0.12053192719155012,False,0.29084195429443555,,,,,,,False,,,,,,,,,,,,,25.864905171832515,0.046025678191301191,24.685459862020895,0.074663472271061543,10.104286085129909,0.15439898754325962,False,2.3353541322990168e-13,False,False,False,False,False,False,False,False,False,False,False,False,False,C0887,S07-B01,S07-B01-C0004,S07-B01-C0002,3,1
7,S07-P001,aligned_samples,scalar,bjs,static,,,,,,retained,,0.29105708783733242,0.27312617275760687,0.10642220883913936,0.10456287463624654,0.017930915079725551,0.050130379288163905,0.009873013179410816,0.35768560570135466,0.35768560570135466,False,999,False,-0.017930915079725551,0.7205786063809293,False,0.29084195429443555,,,,,,,False,,,,,,,,,,,,,30.395810800272059,0.063260189369575379,22.580354800869284,0.088807727026758529,13.526957322603062,0.12885934462113963,False,1.609823385706477e-15,False,False,False,False,False,False,False,False,False,False,False,False,False,C0888,S07-B01,S07-B01-C0006,S07-B01-C0005,5,4
7,S07-P002,aligned_samples,scalar,csa,static,,,,,,retained,,0.36879723711344831,0.16619715612852173,0.16369323787898643,0.20512713110860142,0.20260008098492657,0.16312927619709158,0.021130727645782405,1.2419602765854649,1.2419602765854649,False,999,False,-0.20260008098492657,0.21425121866874222,False,0.29300410894181234,,,,,,,False,,,,,,,,,,,,,19.536126621999625,0.062417084632649993,26.602193824569888,0.046888284157982692,15.489870597048265,0.11298736490242124,False,8.6042284408449632e-15,False,False,False,False,False,False,False,False,False,False,False,False,False,C0889,S07-B01,S07-B01-C0010,S07-B01-C0008,9,7
7,S07-P002,aligned_samples,scalar,bjs,static,,,,,,retained,,0.29345543563941195,0.31478762301330482,0.13533785614459534,0.14345254193167675,-0.021332187373892864,0.060277809451350133,0.017630776390110691,-0.35389785342332236,0.35389785342332236,False,999,False,0.021332187373892864,0.72341543579348566,False,0.29300410894181234,,,,,,,False,,,,,,,,,,,,,24.845728345381236,0.077137716222722821,24.069544611601177,0.06085677577379011,17.176334103466164,0.12198798622767609,False,2.3037127760971998e-14,False,False,False,False,False,False,False,False,False,False,False,False,False,C0890,S07-B01,S07-B01-C0012,S07-B01-C0011,11,10
7,S07-P003,aligned_samples,scalar,csa,static,,,,,,retained_fragile,,0.36347583897870123,-0.048667355389210853,0.20002059317537541,0.23949009989785675,0.41214319436791208,0.19851545997801467,0.028977678896515837,2.0761264357625162,2.0761264357625162,False,999,False,-0.41214319436791208,0.037882258772440329,True,0.30689422833435065,,,,,,,False,,,,,,,,,,,,,14.510357153437402,0.071380517063488164,6.6673951126928932,0.31759525222794144,5.4193374220072847,0.35344178907936896,False,3.4638958368304884e-14,False,False,False,True,False,True,True,False,True,False,False,False,False,C0891,S07-B01,S07-B01-C0016,S07-B01-C0014,15,13
7,S07-P003,aligned_samples,scalar,bjs,static,,,,,,retained_fragile,,0.32265115696990249,0.43587682101697012,0.15155105639665184,0.12816649352840884,-0.11322566404706763,0.10740204935253064,0.01392958627659269,-1.0542225658601903,1.0542225658601903,False,999,False,0.11322566404706763,0.29178103094365837,False,0.30689422833435065,,,,,,,False,,,,,,,,,,,,,17.128686828062872,0.077911973323937928,6.0298644110186244,0.31247078736437955,7.0249872221788641,0.29421189053240016,False,9.4368957093138306e-15,False,False,False,True,False,True,True,False,True,False,False,False,False,C0892,S07-B01,S07-B01-C0018,S07-B01-C0017,17,16
10,S10-P001,aligned_samples,twfe_scalar,csa,static,,,,,,retained,,0.38691088547815294,0.27817448215392448,0.15247006598622248,0.15401785093685019,0.10873640332422846,0.12250950743822124,0.01598002000814663,0.88757522251129572,0.88757522251129572,False,999,False,-0.10873640332422846,0.37476928661520775,False,0.4334397694158737,,,,,,,False,,,,,,,,,,,,,56.9740893942353,0.032856120120625616,54.010337586173812,0.02990613370204051,59.568893478026268,0.026075835001297364,False,5.5511151231257827e-17,False,False,False,False,False,False,False,False,False,False,False,False,False,C0893,S10-B01,S10-B01-C0004,S10-B01-C0002,3,1
10,S10-P001,aligned_samples,twfe_scalar,bjs,static,,,,,,retained,,0.43179592256826904,0.42151915309650773,0.15141741485794089,0.16785308439819341,0.010276769471761316,0.051552210128542622,0.024222130547555714,0.1993468261813946,0.1993468261813946,False,999,False,-0.010276769471761316,0.84199145215282423,False,0.4334397694158737,,,,,,,False,,,,,,,,,,,,,74.735118329630296,0.021780250897687561,63.259542666257254,0.030214427187727804,37.801936498504297,0.063252201123824667,False,1.6653345369377348e-16,False,False,False,False,False,False,False,False,False,False,False,False,False,C0894,S10-B01,S10-B01-C0006,S10-B01-C0005,5,4
10,S10-P002,aligned_samples,twfe_scalar,csa,static,,,,,,retained,,0.56057000876871965,0.62096302650402224,0.24980261177229915,0.2071924185211847,-0.06039301773530259,0.2232708005481312,0.027740096381758197,-0.27049223448403176,0.27049223448403176,False,999,False,0.06039301773530259,0.78678159032935036,False,0.68469636048121485,,,,,,,False,,,,,,,,,,,,,56.9740893942353,0.032856120120625616,54.010337586173812,0.02990613370204051,59.568893478026268,0.026075835001297364,False,2.2204460492503131e-16,False,False,False,False,False,False,False,False,False,False,False,False,False,C0895,S10-B01,S10-B01-C0010,S10-B01-C0008,9,7
10,S10-P002,aligned_samples,twfe_scalar,bjs,static,,,,,,retained,,0.69149075813971428,0.74426696817658355,0.20388359202490411,0.2258935665499967,-0.052776210036869275,0.082569049418493662,0.04288938729189086,-0.63917666981217003,0.63917666981217003,False,999,False,0.052776210036869275,0.5227080075244015,False,0.68469636048121485,,,,,,,False,,,,,,,,,,,,,74.735118329630296,0.021780250897687561,63.259542666257254,0.030214427187727804,37.801936498504297,0.063252201123824667,False,6.6613381477509392e-16,False,False,False,False,False,False,False,False,False,False,False,False,False,C0896,S10-B01,S10-B01-C0012,S10-B01-C0011,11,10
11,S11-P001,aligned_samples,event_study_post_average,csa,post,"[0, 1, 2, 3, 4, 5]","[0, 1, 2, 3, 4, 5]",,,,retained,,0.14552103766526789,0.15569172057214481,0.032284047309683192,0.030549084485149262,-0.010170682906876921,0.0079883402038365154,0.00095584634718120923,-1.273191006811691,1.273191006811691,False,999,False,0.010170682906876921,0.20295027104160959,False,0.14679817389629671,,,,,,,False,,,,,,,,,,,,,5908.7281948851441,0.00018466187359034904,5388.416875819139,0.00022758023053889091,2702.9019404938408,0.0016354826162093188,False,1.7763568394002505e-15,False,False,False,False,False,False,False,False,False,False,False,False,False,C0897,S11-B01,S11-B01-C0004,S11-B01-C0002,3,1
11,S11-P001,aligned_samples,event_study_post_average,bjs,post,"[0, 1, 2, 3, 4, 5]","[0, 1, 2, 3, 4, 5]",,,,retained,,0.14724498981220482,0.23943479861077679,0.032353281162809645,0.023167824896437279,-0.092189808798571971,0.022209343691828268,0.00054511398260502009,-4.1509470103113584,4.1509470103113584,False,999,False,0.092189808798571971,3.3110242418287904e-05,True,0.14679817389629671,,,,,,,False,,,,,,,,,,,,,5912.6329289073901,0.00018179898800447443,4451.7902529367948,0.00069938879223001012,5790.7841997967653,0.0001780683096860487,False,3.0683788843077764e-13,False,False,False,False,False,False,False,False,False,False,False,False,False,C0898,S11-B01,S11-B01-C0006,S11-B01-C0005,5,4
18,S18-P012,aligned_samples,scalar,csa,static,,,,,,retained_fragile,,0.42368507911259939,0.41794908325871322,0.32106924326713054,0.40898030122196866,0.0057359958538861777,0.23583431389765269,0.10736626107408172,0.024322142775098806,0.024322142775098806,False,999,False,-0.0057359958538861777,0.98059565097385626,False,0.5279614982562838,,,,,,,False,,,,,,,,,,,,,11.556222349314496,0.1248726331041773,9.6308294088763162,0.18016855838581422,9.3997586341296078,0.18622191135852922,False,7.7715611723760958e-16,False,False,False,True,False,True,True,False,True,False,False,False,False,C0899,S18-B01,S18-B01-C0004,S18-B01-C0002,3,1
18,S18-P012,aligned_samples,scalar,bjs,static,,,,,,retained_fragile,,0.43544819154422543,0.58619919118070851,0.33596118948520881,0.47518135256376542,-0.15075099963648309,0.35904004025255798,0.10487874408004372,-0.41987238952636302,0.41987238952636302,False,999,False,0.15075099963648309,0.67457867887980116,False,0.5279614982562838,,,,,,,False,,,,,,,,,,,,,13.64569063988421,0.10806330668644754,6.2854242804097611,0.295199868078523,6.2573697144542209,0.28151149901567446,False,4.6629367034256575e-15,False,False,False,True,False,True,True,False,True,False,False,False,False,C0900,S18-B01,S18-B01-C0006,S18-B01-C0005,5,4
18,S18-P013,aligned_samples,scalar,csa,static,,,,,,retained_fragile,,0.23510123634223029,0.18894943394142361,0.31640670783622138,0.34542715441204697,0.046151802400806685,0.22280499525307207,0.084895528929619352,0.20713989086458931,0.20713989086458931,False,999,False,-0.046151802400806685,0.83590060921856468,False,0.32489962633391328,,,,,,,False,,,,,,,,,,,,,11.556222349314496,0.1248726331041773,9.6308294088763162,0.18016855838581422,9.3997586341296078,0.18622191135852922,False,7.2164496600635175e-16,False,False,False,True,False,True,True,False,True,False,False,False,False,C0901,S18-B01,S18-B01-C0010,S18-B01-C0008,9,7
18,S18-P013,aligned_samples,scalar,bjs,static,,,,,,retained_fragile,,0.25263019578353763,0.63331913337986756,0.31039917140056617,0.38369969166808998,-0.38068893759632993,0.25581689724895046,0.089065407037132699,-1.4881305405946628,1.4881305405946628,False,999,False,0.38068893759632993,0.13671647067270601,False,0.32489962633391328,,,,,,,False,,,,,,,,,,,,,13.64569063988421,0.10806330668644754,6.2854242804097611,0.295199868078523,6.2573697144542209,0.28151149901567446,False,5.440092820663267e-15,False,False,False,True,False,True,True,False,True,False,False,False,False,C0902,S18-B01,S18-B01-C0012,S18-B01-C0011,11,10
18,S18-P005,aligned_samples,scalar,csa,static,,,,,,retained,,-0.046637389434308847,-0.019904524094146645,0.0072396215959938375,0.012712854647438094,-0.026732865340162202,0.012708726685887548,2.6258530081739199e-05,-2.1035046233111463,2.1035046233111463,False,999,False,0.026732865340162202,0.035421681572905657,True,-0.0400102833763398,,,,,,,False,,,,,,,,,,,,,26.391128016781632,0.063918069372561184,17.296825501528719,0.10559850191233446,17.44048886509314,0.10582318300193667,False,8.6736173798840355e-17,False,False,False,False,False,False,False,False,False,False,False,False,False,C0903,S18-B01,S18-B01-C0016,S18-B01-C0014,15,13
18,S18-P005,aligned_samples,scalar,bjs,static,,,,,,retained_fragile,,-0.040030330074798344,-0.037229784024218102,0.0060099765213938198,0.0067837366519452255,-0.0028005460505802424,0.0023600075574482919,3.8284632539718454e-05,-1.1866682552526542,1.1866682552526542,False,999,False,0.0028005460505802424,0.23535850129175137,False,-0.0400102833763398,,,,,,,False,,,,,,,,,,,,,27.173478606972278,0.056080081864662158,13.028045533973918,0.16972129919255186,6.2351957130993165,0.3138228780645928,False,6.9388939039072284e-18,False,False,False,True,False,False,True,False,True,False,False,False,False,C0904,S18-B01,S18-B01-C0018,S18-B01-C0017,17,16
18,S18-P006,aligned_samples,scalar,csa,static,,,,,,retained,,-0.025087118070676182,0.01983585652928322,0.0059270895032637145,0.028969316605918668,-0.044922974599959406,0.029005282739804517,1.6522633888826088e-05,-1.5487859574735581,1.5487859574735581,False,999,False,0.044922974599959406,0.12143318233111745,False,-0.020412598800422802,,,,,,,False,,,,,,,,,,,,,26.391128016781632,0.063918069372561184,17.296825501528719,0.10559850191233446,17.44048886509314,0.10582318300193667,False,2.0816681711721685e-17,False,False,False,False,False,False,False,False,False,False,False,False,False,C0905,S18-B01,S18-B01-C0022,S18-B01-C0020,21,19
18,S18-P006,aligned_samples,scalar,bjs,static,,,,,,retained_fragile,,-0.020511096412443478,-0.017818109771821401,0.0050805587726136499,0.0054399085637344977,-0.0026929866406220776,0.0017913292990149234,2.609791098313207e-05,-1.5033453883119021,1.5033453883119021,False,999,False,0.0026929866406220776,0.1327500014824011,False,-0.020412598800422802,,,,,,,False,,,,,,,,,,,,,27.173478606972278,0.056080081864662158,13.028045533973918,0.16972129919255186,6.2351957130993165,0.3138228780645928,False,3.4694469519536142e-18,False,False,False,True,False,False,True,False,True,False,False,False,False,C0906,S18-B01,S18-B01-C0024,S18-B01-C0023,23,22
18,S18-P007,aligned_samples,scalar,csa,static,,,,,,retained,,0.019215776273781991,0.042114026897027458,0.032562462518859636,0.028025745096275305,-0.022898250623245468,0.03207465281835771,0.00040848650003767794,-0.71390486291218125,0.71390486291218125,False,999,False,0.022898250623245468,0.47528601013481742,False,0.015690466368820301,,,,,,,False,,,,,,,,,,,,,26.391128016781632,0.063918069372561184,17.296825501528719,0.10559850191233446,17.44048886509314,0.10582318300193667,False,5.5511151231257827e-17,False,False,False,False,False,False,False,False,False,False,False,False,False,C0907,S18-B01,S18-B01-C0028,S18-B01-C0026,27,25
18,S18-P007,aligned_samples,scalar,bjs,static,,,,,,retained_fragile,,0.015932121803896027,-0.0060344320135931996,0.026820795328304475,0.016956345142547732,0.021966553817489225,0.013192750584812733,0.00041641201732146231,1.6650473058117801,1.6650473058117801,False,999,False,-0.021966553817489225,0.095903318334710039,False,0.015690466368820301,,,,,,,False,,,,,,,,,,,,,27.173478606972278,0.056080081864662158,13.028045533973918,0.16972129919255186,6.2351957130993165,0.3138228780645928,False,1.214306433183765e-17,False,False,False,True,False,False,True,False,True,False,False,False,False,C0908,S18-B01,S18-B01-C0030,S18-B01-C0029,29,28
18,S18-P008,aligned_samples,scalar,csa,static,,,,,,retained,,0.1468659002451119,0.11838343349030077,0.067734456771434956,0.088594822360462178,0.028482466754811128,0.07954422039240526,0.0030548580926838486,0.35807085183942017,0.35807085183942017,False,999,False,-0.028482466754811128,0.72029029165601544,False,0.2290541652880351,,,,,,,False,,,,,,,,,,,,,26.391128016781632,0.063918069372561184,17.296825501528719,0.10559850191233446,17.44048886509314,0.10582318300193667,False,4.8711035205428743e-15,False,False,False,False,False,False,False,False,False,False,False,False,False,C0909,S18-B01,S18-B01-C0034,S18-B01-C0032,33,31
18,S18-P008,aligned_samples,scalar,bjs,static,,,,,,retained_fragile,,0.22956916162891433,0.31236384233275277,0.05911726858053909,0.074554767957481852,-0.082794680703838441,0.041391798969342232,0.003669991923849559,-2.0002677526812058,2.0002677526812058,False,999,False,0.082794680703838441,0.045471359184619045,True,0.2290541652880351,,,,,,,False,,,,,,,,,,,,,27.173478606972278,0.056080081864662158,13.028045533973918,0.16972129919255186,6.2351957130993165,0.3138228780645928,False,3.3306690738754696e-16,False,False,False,True,False,False,True,False,True,False,False,False,False,C0910,S18-B01,S18-B01-C0036,S18-B01-C0035,35,34
18,S18-P009,aligned_samples,scalar,csa,static,,,,,,retained,,0.12875162213417837,0.11119243876053025,0.058827461636772924,0.080475184511522066,0.017559183373648118,0.072428987458776156,0.0023454836702429781,0.24243309191146903,0.24243309191146903,False,999,False,-0.017559183373648118,0.80844459537518831,False,0.1809202584498999,,,,,,,False,,,,,,,,,,,,,26.391128016781632,0.063918069372561184,17.296825501528719,0.10559850191233446,17.44048886509314,0.10582318300193667,False,4.0523140398818214e-15,False,False,False,False,False,False,False,False,False,False,False,False,False,C0911,S18-B01,S18-B01-C0040,S18-B01-C0038,39,37
18,S18-P009,aligned_samples,scalar,bjs,static,,,,,,retained_fragile,,0.18194662574524351,0.2747462923090388,0.047741287397880645,0.064276708261403359,-0.092799666563795291,0.036177199180304556,0.0025509680033985837,-2.5651423732746261,2.5651423732746261,False,999,False,0.092799666563795291,0.010313347692532577,True,0.1809202584498999,,,,,,,False,,,,,,,,,,,,,27.173478606972278,0.056080081864662158,13.028045533973918,0.16972129919255186,6.2351957130993165,0.3138228780645928,False,9.9920072216264089e-16,False,False,False,True,False,False,True,False,True,False,False,False,False,C0912,S18-B01,S18-B01-C0042,S18-B01-C0041,41,40
18,S18-P010,aligned_samples,scalar,csa,static,,,,,,retained,,0.12251025714296078,0.1067193496471078,0.059756293111283422,0.082719555652095628,0.015790907495852977,0.073489485739268556,0.0025063174697298059,0.2148730166908111,0.2148730166908111,False,999,False,-0.015790907495852977,0.82986632307405028,False,0.17030942877922201,,,,,,,False,,,,,,,,,,,,,26.391128016781632,0.063918069372561184,17.296825501528719,0.10559850191233446,17.44048886509314,0.10582318300193667,False,3.1225022567582528e-15,False,False,False,False,False,False,False,False,False,False,False,False,False,C0913,S18-B01,S18-B01-C0046,S18-B01-C0044,45,43
18,S18-P010,aligned_samples,scalar,bjs,static,,,,,,retained_fragile,,0.17091075681133683,0.25914881796536138,0.048699767708599774,0.0698239320975578,-0.08823806115402455,0.041085866638748046,0.0027795002154894742,-2.1476499919027461,2.1476499919027461,False,999,False,0.08823806115402455,0.031741570833992733,True,0.17030942877922201,,,,,,,False,,,,,,,,,,,,,27.173478606972278,0.056080081864662158,13.028045533973918,0.16972129919255186,6.2351957130993165,0.3138228780645928,False,3.3306690738754696e-16,False,False,False,True,False,False,True,False,True,False,False,False,False,C0914,S18-B01,S18-B01-C0048,S18-B01-C0047,47,46
18,S18-P011,aligned_samples,scalar,csa,static,,,,,,retained,,0.10210480903297532,0.084648577519990498,0.050783282280731666,0.085055304997986969,0.017456231512984824,0.083061957371714221,0.0014570289525422957,0.2101591638981691,0.2101591638981691,False,999,False,-0.017456231512984824,0.8335434502747624,False,0.17959627508121651,,,,,,,False,,,,,,,,,,,,,26.391128016781632,0.063918069372561184,17.296825501528719,0.10559850191233446,17.44048886509314,0.10582318300193667,False,1.6237011735142914e-15,False,False,False,False,False,False,False,False,False,False,False,False,False,C0915,S18-B01,S18-B01-C0052,S18-B01-C0050,51,49
18,S18-P011,aligned_samples,scalar,bjs,static,,,,,,retained_fragile,,0.18023412055053314,0.22937537166304539,0.060132894257751361,0.071983675677299061,-0.049141251112512246,0.038984564208327757,0.0036389091446576271,-1.2605309847740931,1.2605309847740931,False,999,False,0.049141251112512246,0.20747787763153508,False,0.17959627508121651,,,,,,,False,,,,,,,,,,,,,27.173478606972278,0.056080081864662158,13.028045533973918,0.16972129919255186,6.2351957130993165,0.3138228780645928,False,1.9428902930940239e-16,False,False,False,True,False,False,True,False,True,False,False,False,False,C0916,S18-B01,S18-B01-C0054,S18-B01-C0053,53,52
18,S18-P014,aligned_samples,scalar,csa,static,,,,,,retained,,-0.052682793011943931,-0.0052513158912066487,0.007112473512317646,0.019116807326298564,-0.047431477120737281,0.019679183752159771,1.4384664331486804e-05,-2.4102359995257285,2.4102359995257285,False,999,False,0.047431477120737281,0.015942204439150572,True,-0.044570526225918901,,,,,,,False,,,,,,,,,,,,,26.391128016781632,0.063918069372561184,17.296825501528719,0.10559850191233446,17.44048886509314,0.10582318300193667,False,6.9388939039072284e-18,False,False,False,False,False,False,False,False,False,False,False,False,False,C0917,S18-B01,S18-B01-C0058,S18-B01-C0056,57,55
18,S18-P014,aligned_samples,scalar,bjs,static,,,,,,retained_fragile,,-0.044642662838523917,-0.040809617868097801,0.006078719937403932,0.0069094562454410143,-0.0038330449704261152,0.0024234075265504103,3.9409258822657366e-05,-1.5816757719995398,1.5816757719995398,False,999,False,0.0038330449704261152,0.11372360638538954,False,-0.044570526225918901,,,,,,,False,,,,,,,,,,,,,27.173478606972278,0.056080081864662158,13.028045533973918,0.16972129919255186,6.2351957130993165,0.3138228780645928,False,6.9388939039072284e-18,False,False,False,True,False,False,True,False,True,False,False,False,False,C0918,S18-B01,S18-B01-C0060,S18-B01-C0059,59,58
18,S18-P001,aligned_samples,event_study_post_average,csa,post,"[0, 1, 2, 3, 4, 5, 6, 7, 8, 9]","[0, 1, 2, 3, 4, 5, 6, 7, 8, 9]",,,,retained_fragile,,0.15107063425903655,0.025233239395298899,0.05612239252964394,0.092287347405005105,0.12583739486373766,0.076446331204407011,0.0029113179398448275,1.6460880840346113,1.6460880840346113,False,999,False,-0.12583739486373766,0.099745625362470489,False,0.1535470279525871,,,,,,,False,,,,,,,,,,,,,30.455892389374689,0.034604986532585202,5.3214075181345493,0.4166557298569718,2.8357735520511049,0.57579191878869307,False,2.6709190414919714e-13,False,False,False,True,False,True,True,False,True,False,False,False,False,C0919,S18-B01,S18-B01-C0064,S18-B01-C0062,63,61
18,S18-P001,aligned_samples,event_study_post_average,bjs,post,"[0, 1, 2, 3, 4, 5, 6, 7, 8, 9]","[0, 1, 2, 3, 4, 5, 6, 7, 8, 9]",,,,retained,,0.14932339910197678,0.15703240051183889,0.054149048336892568,0.0575640132048678,-0.0077090014098621096,0.0077286407947023969,0.0030930015817538952,-0.99745888243974945,0.99745888243974945,False,999,False,0.0077090014098621096,0.31854182244786217,False,0.1535470279525871,,,,,,,False,,,,,,,,,,,,,30.35120278936688,0.034449144777669402,30.12127827234038,0.0430799672695555,10.540960413764996,0.1970387767912733,False,1.7896795156957528e-13,False,False,False,False,False,False,False,False,False,False,False,False,False,C0920,S18-B01,S18-B01-C0066,S18-B01-C0065,65,64
18,S18-P002,aligned_samples,event_study_post_average,csa,post,"[0, 1, 2, 3, 4, 5, 6, 7, 8, 9]","[0, 1, 2, 3, 4, 5, 6, 7, 8, 9]",,,,retained_fragile,,0.1328395842168717,0.013884515390735,0.046357332053041114,0.083957477683064802,0.1189550688261367,0.073799595287768874,0.0018757400146698837,1.6118661404888712,1.6118661404888712,False,999,False,-0.1189550688261367,0.10699107167152858,False,0.13363313733731799,,,,,,,False,,,,,,,,,,,,,30.455892389374689,0.034604986532585202,5.3214075181345493,0.4166557298569718,2.8357735520511049,0.57579191878869307,False,1.4627188349436434e-14,False,False,False,True,False,True,True,False,True,False,False,False,False,C0921,S18-B01,S18-B01-C0070,S18-B01-C0068,69,67
18,S18-P002,aligned_samples,event_study_post_average,bjs,post,"[0, 1, 2, 3, 4, 5, 6, 7, 8, 9]","[0, 1, 2, 3, 4, 5, 6, 7, 8, 9]",,,,retained,,0.13761116532335549,0.1411518405611428,0.045577170269464735,0.047263390243129401,-0.0035406752377873107,0.0093364056261636911,0.0021119690185149335,-0.37923322738519089,0.37923322738519089,False,999,False,0.0035406752377873107,0.7045146792872834,False,0.13363313733731799,,,,,,,False,,,,,,,,,,,,,30.35120278936688,0.034449144777669402,30.12127827234038,0.0430799672695555,10.540960413764996,0.1970387767912733,False,1.2942424909567762e-13,False,False,False,False,False,False,False,False,False,False,False,False,False,C0922,S18-B01,S18-B01-C0072,S18-B01-C0071,71,70
18,S18-P003,aligned_samples,event_study_post_average,csa,post,"[0, 1, 2, 3, 4, 5, 6, 7, 8, 9]","[0, 1, 2, 3, 4, 5, 6, 7, 8, 9]",,,,retained_fragile,,-0.13836632236979893,0.3742047689471526,0.42120391542805125,0.4499180244594897,-0.51257109131695155,0.44026116187897107,0.093004538223214681,-1.164243262179594,1.164243262179594,False,999,False,0.51257109131695155,0.24432544257085678,False,0.74600532560580723,,,,,,,False,,,,,,,,,,,,,12.355896523096508,0.16846798388990211,7.558477364431095,0.23856167958107519,10.928979225206664,0.20940559563336431,False,2.3842039453825243e-14,False,False,False,True,False,True,False,False,True,False,False,False,False,C0923,S18-B01,S18-B01-C0076,S18-B01-C0074,75,73
18,S18-P003,aligned_samples,event_study_post_average,bjs,post,"[0, 1, 2, 3, 4, 5, 6, 7, 8, 9]","[0, 1, 2, 3, 4, 5, 6, 7, 8, 9]",,,,retained_fragile,,0.63770839220258047,0.60711857668060532,0.54804270703856284,0.4508018985935357,0.03058981552197515,0.53747036595044795,0.10734938311939203,0.056914422561476399,0.056914422561476399,False,999,False,-0.03058981552197515,0.95461336539359909,False,0.74600532560580723,,,,,,,False,,,,,,,,,,,,,12.677431388865918,0.18019985333656269,8.2088760961095399,0.25787327003763211,10.43555342605833,0.17480991930442599,False,8.3266726846886741e-15,False,False,False,True,False,True,False,False,True,False,False,False,False,C0924,S18-B01,S18-B01-C0078,S18-B01-C0077,77,76
18,S18-P004,aligned_samples,event_study_post_average,csa,post,"[0, 1, 2, 3, 4, 5, 6, 7, 8, 9]","[0, 1, 2, 3, 4, 5, 6, 7, 8, 9]",,,,retained_fragile,,0.17782773584607636,-0.057087712650219197,0.30596772018678114,0.42478032887851391,0.23491544849629556,0.37830062648870222,0.065471604798345143,0.62097557351867405,0.62097557351867405,False,999,False,-0.23491544849629556,0.53461569493607364,False,0.65779343592208606,,,,,,,False,,,,,,,,,,,,,12.355896523096508,0.16846798388990211,7.558477364431095,0.23856167958107519,10.928979225206664,0.20940559563336431,False,1.8263168755083825e-14,False,False,False,True,False,True,False,False,True,False,False,False,False,C0925,S18-B01,S18-B01-C0082,S18-B01-C0080,81,79
18,S18-P004,aligned_samples,event_study_post_average,bjs,post,"[0, 1, 2, 3, 4, 5, 6, 7, 8, 9]","[0, 1, 2, 3, 4, 5, 6, 7, 8, 9]",,,,retained_fragile,,0.78870451073655035,0.65143711167816476,0.48403056951993617,0.35387579926653129,0.13726739905838559,0.41215896436922178,0.094819330813205385,0.33304479806344378,0.33304479806344378,False,999,False,-0.13726739905838559,0.73910046757646131,False,0.65779343592208606,,,,,,,False,,,,,,,,,,,,,12.677431388865918,0.18019985333656269,8.2088760961095399,0.25787327003763211,10.43555342605833,0.17480991930442599,False,2.4424906541753444e-14,False,False,False,True,False,True,False,False,True,False,False,False,False,C0926,S18-B01,S18-B01-C0084,S18-B01-C0083,83,82
19,S19-P001,aligned_samples,twfe_scalar,csa,static,,,,,,excluded,twfe; modern,0,0,0,0,0,0,0,,,True,999,False,-0,,False,-0.1446700392228551,,,,,,,False,,,,,,,,,,,,,2.0000000000000009,0.66666666666666652,2,0.66666666666666663,,,True,0,True,True,True,True,True,True,False,True,True,True,True,False,False,C0927,S19-B01,S19-B01-C0004,S19-B01-C0002,3,1
19,S19-P001,aligned_samples,twfe_scalar,bjs,static,,,,,,excluded,twfe; modern,0.57471208447069266,0.52681941076480154,0.19043084867650975,0.20240850333073079,0.04789267370589112,0.027355291494554818,0.038242399187745087,1.7507645171839734,1.7507645171839734,False,999,False,-0.04789267370589112,0.079986480964347129,False,-0.1446700392228551,,,,,,,False,,,,,,,,,,,,,2.1415929203539825,0.62121212121212122,2.2191780821917808,0.61111111111111105,2.1415929203539825,0.54545454545454541,False,0,True,True,True,True,True,True,True,False,True,False,False,False,False,C0928,S19-B01,S19-B01-C0006,S19-B01-C0005,5,4
19,S19-P002,aligned_samples,twfe_scalar,csa,static,,,,,,excluded,twfe; modern,0,0,0,0,0,0,0,,,True,999,False,-0,,False,-0.22969558324164821,,,,,,,False,,,,,,,,,,,,,2.0000000000000009,0.66666666666666652,2,0.66666666666666663,,,True,0,True,True,True,True,True,True,False,True,True,True,True,False,False,C0929,S19-B01,S19-B01-C0010,S19-B01-C0008,9,7
19,S19-P002,aligned_samples,twfe_scalar,bjs,static,,,,,,excluded,twfe; modern,0.81919626616164531,0.75092991064817471,0.27133391764416459,0.29147241517699951,0.0682663555134706,0.035916624034616623,0.078644129895599754,1.9006896485503522,1.9006896485503522,False,999,False,-0.0682663555134706,0.057342675205161703,False,-0.22969558324164821,,,,,,,False,,,,,,,,,,,,,2.1415929203539825,0.62121212121212122,2.2191780821917808,0.61111111111111105,2.1415929203539825,0.54545454545454541,False,1.1102230246251565e-16,True,True,True,True,True,True,True,False,True,False,False,False,False,C0930,S19-B01,S19-B01-C0012,S19-B01-C0011,11,10
19,S19-P003,aligned_samples,twfe_scalar,csa,static,,,,,,excluded,twfe; modern,3.5504529059652294,3.550452905965229,0.36948457983243488,0.3694845798324346,4.4408920985006262e-16,1.111020521667313e-13,0.13651885473395087,,,True,999,False,-4.4408920985006262e-16,,False,-0.34968888044134661,,,,,,,False,,,,,,,,,,,,,2.0000000000000009,0.66666666666666652,2,0.66666666666666663,,,True,4.4408920985006262e-16,True,True,True,True,True,True,False,False,True,False,True,False,False,C0931,S19-B01,S19-B01-C0016,S19-B01-C0014,15,13
19,S19-P003,aligned_samples,twfe_scalar,bjs,static,,,,,,excluded,twfe; modern,3.2737942379679379,3.2968491269677127,0.37254565486137381,0.37816205214187099,-0.023054888999774814,0.01249643637721269,0.1408203208570557,-1.8449170870677589,1.8449170870677589,False,999,False,0.023054888999774814,0.065049600656223935,False,-0.34968888044134661,,,,,,,False,,,,,,,,,,,,,2.1415929203539825,0.62121212121212122,2.2191780821917808,0.61111111111111105,2.1415929203539825,0.54545454545454541,False,1.3322676295501878e-15,True,True,True,True,True,True,True,False,True,False,False,False,False,C0932,S19-B01,S19-B01-C0018,S19-B01-C0017,17,16
19,S19-P004,aligned_samples,twfe_scalar,csa,static,,,,,,excluded,twfe; modern,0.99894608660051032,0.99894608660051043,0.57756009074961723,0.57756009074961867,-1.1102230246251565e-16,8.7056317817829907e-14,0.333575658426707,,,True,999,False,1.1102230246251565e-16,,False,-0.12026093281163899,,,,,,,False,,,,,,,,,,,,,2.0000000000000009,0.66666666666666652,2,0.66666666666666663,,,True,3.3306690738754696e-16,True,True,True,True,True,True,False,False,True,False,True,False,False,C0933,S19-B01,S19-B01-C0022,S19-B01-C0020,21,19
19,S19-P004,aligned_samples,twfe_scalar,bjs,static,,,,,,excluded,twfe; modern,1.2713859284006495,0.99894608660051043,0.52090655755354243,0.57756009074961867,0.27243984180013903,0.11700498759462261,0.29561456650348605,2.3284463970376934,2.3284463970376934,False,999,False,-0.27243984180013903,0.019888412416370026,True,-0.12026093281163899,,,,,,,False,,,,,,,,,,,,,2.1415929203539825,0.62121212121212122,2.2191780821917808,0.61111111111111105,2.1415929203539825,0.54545454545454541,False,7.7715611723760958e-16,True,True,True,True,True,True,True,False,True,False,False,False,False,C0934,S19-B01,S19-B01-C0024,S19-B01-C0023,23,22
19,S19-P005,aligned_samples,twfe_scalar,csa,static,,,,,,excluded,twfe; modern,0.54064384055231773,0.5406438405523174,0.62546134126098485,0.62546134126098651,3.3306690738754696e-16,4.0612958636572551e-14,0.39120188941199113,,,True,999,False,-3.3306690738754696e-16,,False,-0.60689398608801814,,,,,,,False,,,,,,,,,,,,,2.0000000000000009,0.66666666666666652,2,0.66666666666666663,,,True,2.2204460492503131e-16,True,True,True,True,True,True,False,False,True,False,True,False,False,C0935,S19-B01,S19-B01-C0028,S19-B01-C0026,27,25
19,S19-P005,aligned_samples,twfe_scalar,bjs,static,,,,,,excluded,twfe; modern,1.3159366110417836,0.98536699287565843,0.71453981486139384,0.77303246123220726,0.33056961816612518,0.13986104804371852,0.54429261019049602,2.3635574220979234,2.3635574220979234,False,999,False,-0.33056961816612518,0.018100421377809612,True,-0.60689398608801814,,,,,,,False,,,,,,,,,,,,,2.1415929203539825,0.62121212121212122,2.2191780821917808,0.61111111111111105,2.1415929203539825,0.54545454545454541,False,5.5511151231257827e-16,True,True,True,True,True,True,True,False,True,False,False,False,False,C0936,S19-B01,S19-B01-C0030,S19-B01-C0029,29,28
19,S19-P006,aligned_samples,twfe_scalar,csa,static,,,,,,excluded,twfe; modern,-2.5545870565817843,-2.5545870565817848,0.86200366010603668,0.86200366010604046,4.4408920985006262e-16,2.0431674472941948e-13,0.74305031003620725,,,True,999,False,-4.4408920985006262e-16,,False,-0.14381281400482671,,,,,,,False,,,,,,,,,,,,,2.0000000000000009,0.66666666666666652,2,0.66666666666666663,,,True,4.4408920985006262e-16,True,True,True,True,True,True,False,False,True,False,True,False,False,C0937,S19-B01,S19-B01-C0034,S19-B01-C0032,33,31
19,S19-P006,aligned_samples,twfe_scalar,bjs,static,,,,,,excluded,twfe; modern,-2.6384012991636583,-3.0011596550547508,0.65060515065815727,0.74878514737356072,0.36275835589109251,0.16955145143439795,0.47760928215332876,2.1395178444193341,2.1395178444193341,False,999,False,-0.36275835589109251,0.032393752307517565,True,-0.14381281400482671,,,,,,,False,,,,,,,,,,,,,2.1415929203539825,0.62121212121212122,2.2191780821917808,0.61111111111111105,2.1415929203539825,0.54545454545454541,False,8.8817841970012523e-16,True,True,True,True,True,True,True,False,True,False,False,False,False,C0938,S19-B01,S19-B01-C0036,S19-B01-C0035,35,34
19,S19-P007,aligned_samples,twfe_scalar,csa,static,,,,,,excluded,twfe; modern,0.22132408943860701,0.22132408943860729,0.67867006115267525,0.67867006115267736,-2.7755575615628914e-16,4.281800812589281e-14,0.46059305190497746,,,True,999,False,2.7755575615628914e-16,,False,-1.286695307431601,,,,,,,False,,,,,,,,,,,,,2.0000000000000009,0.66666666666666652,2,0.66666666666666663,,,True,3.8857805861880479e-16,True,True,True,True,True,True,False,False,True,False,True,False,False,C0939,S19-B01,S19-B01-C0040,S19-B01-C0038,39,37
19,S19-P007,aligned_samples,twfe_scalar,bjs,static,,,,,,excluded,twfe; modern,-1.8391107382834628,-1.9530355459920337,0.44212430283176274,0.56295925462933805,0.11392480770857083,0.13196279979222639,0.24749142049914449,0.86331002288481207,0.86331002288481207,False,999,False,-0.11392480770857083,0.38796703493359819,False,-1.286695307431601,,,,,,,False,,,,,,,,,,,,,2.1415929203539825,0.62121212121212122,2.2191780821917808,0.61111111111111105,2.1415929203539825,0.54545454545454541,False,1.3322676295501878e-15,True,True,True,True,True,True,True,False,True,False,False,False,False,C0940,S19-B01,S19-B01-C0042,S19-B01-C0041,41,40
19,S19-P008,aligned_samples,twfe_scalar,csa,static,,,,,,excluded,twfe; modern,1.8775886803776309,1.8775886803776307,0.14596136424082631,0.1459613642408232,2.2204460492503131e-16,1.1227901190590437e-13,0.021304719851042722,,,True,999,False,-2.2204460492503131e-16,,False,0.5259491191682103,,,,,,,False,,,,,,,,,,,,,1.9985401459854015,0.51351351351351338,1.9985401459854015,0.51351351351351338,,,True,2.2204460492503131e-15,True,True,True,True,True,True,False,False,True,False,True,False,False,C0941,S19-B01,S19-B01-C0046,S19-B01-C0044,45,43
19,S19-P008,aligned_samples,twfe_scalar,bjs,static,,,,,,excluded,twfe; modern,2.7566415625544303,2.7566415625544312,0.21713725321019323,0.21713725321019101,-8.8817841970012523e-16,7.9743945817406726e-14,0.047148586731667094,,,True,999,False,8.8817841970012523e-16,,False,0.5259491191682103,,,,,,,False,,,,,,,,,,,,,1.9953741887750323,0.52407419545126799,1.9953741887750323,0.52407419545126843,,,True,3.1086244689504383e-15,True,True,True,True,True,True,False,False,True,False,True,False,False,C0942,S19-B01,S19-B01-C0048,S19-B01-C0047,47,46
19,S19-P009,aligned_samples,twfe_scalar,csa,static,,,,,,excluded,twfe; modern,-0.29975524713253182,-0.29975524713253182,0.067800376603802365,0.067800376603802198,0,4.1108801888570378e-15,0.0045968910676174261,,,True,999,False,-0,,False,0.0150653309821909,,,,,,,False,,,,,,,,,,,,,2,0.5,2,0.5,,,True,0,True,True,True,True,True,True,False,False,True,False,True,False,False,C0943,S19-B01,S19-B01-C0052,S19-B01-C0050,51,49
19,S19-P009,aligned_samples,twfe_scalar,bjs,static,,,,,,excluded,twfe; modern,0,3.3279517711874082e-17,8.5491406962314353e-15,1.3890543018426174e-16,-3.3279517711874082e-17,8.5468511918879471e-15,2.9218033109377546e-32,,,True,999,False,3.3279517711874082e-17,,False,0.0150653309821909,,,,,,,False,,,,,,,,,,,,,2,0.5,2.0000000000000004,0.5,,,True,6.6559035423748152e-17,True,True,True,True,True,True,False,True,True,True,True,False,False,C0944,S19-B01,S19-B01-C0054,S19-B01-C0053,53,52
19,S19-P010,aligned_samples,twfe_scalar,csa,static,,,,,,excluded,twfe; modern,0,0,1.7951402643202269e-14,0,0,1.7951402643202278e-14,0,,,True,999,False,-0,,False,0.9324109151579234,,,,,,,False,,,,,,,,,,,,,2,0.5,2,0.5,,,True,0,True,True,True,True,True,True,False,True,True,True,True,False,False,C0945,S19-B01,S19-B01-C0058,S19-B01-C0056,57,55
19,S19-P010,aligned_samples,twfe_scalar,bjs,static,,,,,,excluded,twfe; modern,0.98200778308777947,0.98200778308777958,0.10964212468157147,0.1096421246815717,-1.1102230246251565e-16,1.8139065786951348e-14,0.012021395504689296,,,True,999,False,1.1102230246251565e-16,,False,0.9324109151579234,,,,,,,False,,,,,,,,,,,,,2,0.5,2.0000000000000004,0.5,,,True,1.1102230246251565e-16,True,True,True,True,True,True,False,False,True,False,True,False,False,C0946,S19-B01,S19-B01-C0060,S19-B01-C0059,59,58
19,S19-P015,aligned_samples,twfe_scalar,csa,static,,,,,,excluded,twfe; modern,-0.22056205515357494,-0.22056205515357491,0.050641922458007367,0.050641922458007103,-2.7755575615628914e-17,7.5983432801658569e-15,0.0025646043102428191,,,True,999,False,2.7755575615628914e-17,,False,0.060785677835292901,,,,,,,False,,,,,,,,,,,,,2,0.5,2,0.5,,,True,5.5511151231257827e-17,True,True,True,True,True,True,False,False,True,False,True,False,False,C0947,S19-B01,S19-B01-C0064,S19-B01-C0062,63,61
19,S19-P015,aligned_samples,twfe_scalar,bjs,static,,,,,,excluded,twfe; modern,0.22056205515357494,0.2205620551535748,0.050641922458007249,0.050641922458007103,1.3877787807814457e-16,8.200467989443394e-15,0.0025646043102428131,,,True,999,False,-1.3877787807814457e-16,,False,0.060785677835292901,,,,,,,False,,,,,,,,,,,,,2,0.5,2.0000000000000004,0.50000000000000011,,,True,2.7755575615628914e-16,True,True,True,True,True,True,False,False,True,False,True,False,False,C0948,S19-B01,S19-B01-C0066,S19-B01-C0065,65,64
19,S19-P016,aligned_samples,twfe_scalar,csa,static,,,,,,excluded,twfe; modern,0.36305706882278271,0.36305706882278271,0.090656426082402333,0.090656426082402403,0,3.9695145178298295e-15,0.0082185875900340922,,,True,999,False,-0,,False,-0.13059082069124911,,,,,,,False,,,,,,,,,,,,,2,0.5,2,0.5,,,True,0,True,True,True,True,True,True,False,False,True,False,True,False,False,C0949,S19-B01,S19-B01-C0070,S19-B01-C0068,69,67
19,S19-P016,aligned_samples,twfe_scalar,bjs,static,,,,,,excluded,twfe; modern,0.54458560323417393,0.54458560323417393,0.13598463912360356,0.1359846391236037,0,9.1266098711427654e-15,0.018491822077576717,,,True,999,False,-0,,False,-0.13059082069124911,,,,,,,False,,,,,,,,,,,,,2,0.5,2.0000000000000004,0.50000000000000011,,,True,2.2204460492503131e-16,True,True,True,True,True,True,False,False,True,False,True,False,False,C0950,S19-B01,S19-B01-C0072,S19-B01-C0071,71,70
19,S19-P017,aligned_samples,twfe_scalar,csa,static,,,,,,excluded,twfe; modern,0.84445657399598728,0.84445657399598706,0.30636810793287067,0.30636810793287178,2.2204460492503131e-16,2.825889916815561e-14,0.093861417558367438,,,True,999,False,-2.2204460492503131e-16,,False,-0.72157069233433213,,,,,,,False,,,,,,,,,,,,,2.0000000000000009,0.66666666666666652,2,0.66666666666666663,,,True,1.1102230246251565e-16,True,True,True,True,True,True,False,False,True,False,True,False,False,C0951,S19-B01,S19-B01-C0076,S19-B01-C0074,75,73
19,S19-P017,aligned_samples,twfe_scalar,bjs,static,,,,,,excluded,twfe; modern,1.717478268103517,1.5219856781771617,0.52374244050029983,0.55259896586554658,0.19549258992635532,0.080698433374180686,0.28657976195391727,2.4225078697612341,2.4225078697612341,False,999,False,-0.19549258992635532,0.015413791903193834,True,-0.72157069233433213,,,,,,,False,,,,,,,,,,,,,2.1415929203539825,0.62121212121212122,2.2191780821917808,0.61111111111111105,2.1415929203539825,0.54545454545454541,False,4.4408920985006262e-16,True,True,True,True,True,True,True,False,True,False,False,False,False,C0952,S19-B01,S19-B01-C0078,S19-B01-C0077,77,76
19,S19-P018,aligned_samples,twfe_scalar,csa,static,,,,,,excluded,twfe; modern,-0.57119959793765596,-0.57119959793765607,1.014925156730909,1.0149251567309108,1.1102230246251565e-16,4.9492883087862511e-14,1.0300730737652621,,,True,999,False,-1.1102230246251565e-16,,False,0.010801273469023501,,,,,,,False,,,,,,,,,,,,,2.0000000000000009,0.66666666666666652,2,0.66666666666666663,,,True,1.1102230246251565e-16,True,True,True,True,True,True,False,False,True,False,True,False,False,C0953,S19-B01,S19-B01-C0082,S19-B01-C0080,81,79
19,S19-P018,aligned_samples,twfe_scalar,bjs,static,,,,,,excluded,twfe; modern,-0.57119959793765607,-0.99959929639089795,0.78621922280140266,0.89095166919462321,0.42839969845324188,0.20007411601522693,0.68595294562192632,2.1412050043526767,2.1412050043526767,False,999,False,-0.42839969845324188,0.032257509663932149,True,0.010801273469023501,,,,,,,False,,,,,,,,,,,,,2.1415929203539825,0.62121212121212122,2.2191780821917808,0.61111111111111105,2.1415929203539825,0.54545454545454541,False,1.1102230246251565e-16,True,True,True,True,True,True,True,False,True,False,False,False,False,C0954,S19-B01,S19-B01-C0084,S19-B01-C0083,83,82
19,S19-P019,aligned_samples,twfe_scalar,csa,static,,,,,,excluded,twfe; modern,0.14845714440906591,0.14845714440906571,0.6054797918142808,0.60547979181428191,1.9428902930940239e-16,3.5809845001522417e-14,0.36660577829546548,,,True,999,False,-1.9428902930940239e-16,,False,0.0010616131712299999,,,,,,,False,,,,,,,,,,,,,2.0000000000000009,0.66666666666666652,2,0.66666666666666663,,,True,8.3266726846886741e-17,True,True,True,True,True,True,False,False,True,False,True,False,False,C0955,S19-B01,S19-B01-C0088,S19-B01-C0086,87,85
19,S19-P019,aligned_samples,twfe_scalar,bjs,static,,,,,,excluded,twfe; modern,0.067480534665685959,-0.1855713906920278,0.44658464649532126,0.50730638515819226,0.25305192535771376,0.11717733496909979,0.22153354353858137,2.1595637537280115,2.1595637537280115,False,999,False,-0.25305192535771376,0.03080645692644688,True,0.0010616131712299999,,,,,,,False,,,,,,,,,,,,,2.1415929203539825,0.62121212121212122,2.2191780821917808,0.61111111111111105,2.1415929203539825,0.54545454545454541,False,1.1102230246251565e-16,True,True,True,True,True,True,True,False,True,False,False,False,False,C0956,S19-B01,S19-B01-C0090,S19-B01-C0089,89,88
19,S19-P020,aligned_samples,twfe_scalar,csa,static,,,,,,excluded,twfe; modern,0,0,0,0,0,0,0,,,True,999,False,-0,,False,-0.40623021799471171,,,,,,,False,,,,,,,,,,,,,1.2645614582057489,0.8813056379821953,1.2047269005303802,0.90756302521008414,1.9862068965517217,0.54166666666666985,False,0,True,True,True,True,True,True,True,True,True,True,True,False,False,C0957,S19-B01,S19-B01-C0094,S19-B01-C0092,93,91
19,S19-P020,aligned_samples,twfe_scalar,bjs,static,,,,,,excluded,twfe; modern,1.4327158546503929,1.049916694123737,0.4903746617422669,0.56343020477048233,0.38279916052665586,0.37232106274673543,0.20964896538084596,1.0281426403938043,1.0281426403938043,False,999,False,-0.38279916052665586,0.30388273533822474,False,-0.40623021799471171,,,,,,,False,,,,,,,,,,,,,1.2547245345393361,0.88687609766680953,1.1955856334518358,0.91236326931760114,2.4522848111388802,0.55585560669975731,False,1.3322676295501878e-15,True,True,True,True,True,True,True,False,True,False,False,False,False,C0958,S19-B01,S19-B01-C0096,S19-B01-C0095,95,94
19,S19-P021,aligned_samples,twfe_scalar,csa,static,,,,,,excluded,twfe; modern,0.86702083733899438,0.49673068805879722,0.039324701727500098,0.1939498395611641,0.37029014928019716,0.19937981872754271,-0.00029466984203480485,1.8572097800239626,1.8572097800239626,False,999,False,-0.37029014928019716,0.063281314110618173,False,0.0078734309959495007,,,,,,,False,,,,,,,,,,,,,1.2645614582057489,0.8813056379821953,1.2047269005303802,0.90756302521008414,1.9862068965517217,0.54166666666666985,False,1.1102230246251565e-16,True,True,True,True,True,True,True,False,True,False,False,False,False,C0959,S19-B01,S19-B01-C0100,S19-B01-C0098,99,97
19,S19-P021,aligned_samples,twfe_scalar,bjs,static,,,,,,excluded,twfe; modern,0.36761293419817953,0.50104687747601806,0.16678328133541936,0.1967299025237253,-0.13343394327783853,0.12248709347689521,0.025758114705793218,-1.0893714553118059,1.0893714553118059,False,999,False,0.13343394327783853,0.27599011381182775,False,0.0078734309959495007,,,,,,,False,,,,,,,,,,,,,1.2547245345393361,0.88687609766680953,1.1955856334518358,0.91236326931760114,2.4522848111388802,0.55585560669975731,False,5.5511151231257827e-16,True,True,True,True,True,True,True,False,True,False,False,False,False,C0960,S19-B01,S19-B01-C0102,S19-B01-C0101,101,100
19,S19-P022,aligned_samples,twfe_scalar,csa,static,,,,,,excluded,twfe; modern,-0.77640504728657866,-0.4448153916746036,0.021142358468732341,0.1747519614949879,-0.33158965561197506,0.17647704440338172,-7.9449916693521443e-05,-1.878939307562548,1.878939307562548,False,999,False,0.33158965561197506,0.060252780853965106,False,0.25181216784391391,,,,,,,False,,,,,,,,,,,,,1.2645614582057489,0.8813056379821953,1.2047269005303802,0.90756302521008414,1.9862068965517217,0.54166666666666985,False,4.4408920985006262e-16,True,True,True,True,True,True,True,False,True,False,False,False,False,C0961,S19-B01,S19-B01-C0106,S19-B01-C0104,105,103
19,S19-P022,aligned_samples,twfe_scalar,bjs,static,,,,,,excluded,twfe; modern,-1.2363712358112315,-1.1134754988328397,0.15025913372903632,0.18090062396336201,-0.12289573697839185,0.11072416929511032,0.02152150067662096,-1.1099269270726335,1.1099269270726335,False,999,False,0.12289573697839185,0.26703051607973577,False,0.25181216784391391,,,,,,,False,,,,,,,,,,,,,1.2547245345393361,0.88687609766680953,1.1955856334518358,0.91236326931760114,2.4522848111388802,0.55585560669975731,False,2.2204460492503131e-15,True,True,True,True,True,True,True,False,True,False,False,False,False,C0962,S19-B01,S19-B01-C0108,S19-B01-C0107,107,106
19,S19-P023,aligned_samples,twfe_scalar,csa,static,,,,,,excluded,twfe; modern,-0.26730373129322565,-0.2673037312932256,0.15801518196581998,0.1580151819658199,-5.5511151231257827e-17,3.6252791905207229e-15,0.024968797731691202,,,True,999,False,5.5511151231257827e-17,,False,-0.1782944943815481,,,,,,,False,,,,,,,,,,,,,2.0000000000000009,0.66666666666666652,2,0.66666666666666663,,,True,5.5511151231257827e-17,True,True,True,True,True,True,False,False,True,False,True,False,False,C0963,S19-B01,S19-B01-C0112,S19-B01-C0110,111,109
19,S19-P023,aligned_samples,twfe_scalar,bjs,static,,,,,,excluded,twfe; modern,-0.4860067841695011,-0.5346074625864512,0.08701495185477956,0.1058201759912018,0.048600678416950094,0.027523218316519639,0.009005991973299864,1.7658065222619554,1.7658065222619554,False,999,False,-0.048600678416950094,0.077428313911706084,False,-0.1782944943815481,,,,,,,False,,,,,,,,,,,,,2.1415929203539825,0.62121212121212122,2.2191780821917808,0.61111111111111105,2.1415929203539825,0.54545454545454541,False,2.2204460492503131e-16,True,True,True,True,True,True,True,False,True,False,False,False,False,C0964,S19-B01,S19-B01-C0114,S19-B01-C0113,113,112
19,S19-P024,aligned_samples,twfe_scalar,csa,static,,,,,,excluded,twfe; modern,-0.91475377727699614,-0.91475377727699603,0.078087576908074843,0.078087576908074094,-1.1102230246251565e-16,1.8640326668287168e-14,0.0060976696673744491,,,True,999,False,1.1102230246251565e-16,,False,0.035399940816586699,,,,,,,False,,,,,,,,,,,,,2,0.5,2,0.5,,,True,2.2204460492503131e-16,True,True,True,True,True,True,False,False,True,False,True,False,False,C0965,S19-B01,S19-B01-C0118,S19-B01-C0116,117,115
19,S19-P024,aligned_samples,twfe_scalar,bjs,static,,,,,,excluded,twfe; modern,-0.91475377727699647,-0.91475377727699636,0.078087576908074538,0.078087576908074094,-1.1102230246251565e-16,2.8873048254186522e-14,0.0060976696673744214,,,True,999,False,1.1102230246251565e-16,,False,0.035399940816586699,,,,,,,False,,,,,,,,,,,,,2,0.5,2.0000000000000004,0.5,,,True,2.2204460492503131e-16,True,True,True,True,True,True,False,False,True,False,True,False,False,C0966,S19-B01,S19-B01-C0118,S19-B01-C0119,117,118
19,S19-P025,aligned_samples,twfe_scalar,csa,static,,,,,,excluded,twfe; modern,0.5453823866971611,0.5453823866971611,0.16905279948928914,0.1690527994892892,0,8.3912451590098842e-15,0.028578849015165816,,,True,999,False,-0,,False,0.042944293062696398,,,,,,,False,,,,,,,,,,,,,2,0.5,2,0.5,,,True,1.1102230246251565e-16,True,True,True,True,True,True,False,False,True,False,True,False,False,C0967,S19-B01,S19-B01-C0124,S19-B01-C0122,123,121
19,S19-P025,aligned_samples,twfe_scalar,bjs,static,,,,,,excluded,twfe; modern,0.82943571310193265,0.82943571310193254,0.25710113255662703,0.25710113255662731,1.1102230246251565e-16,1.5018824699826945e-14,0.066100992361900396,,,True,999,False,-1.1102230246251565e-16,,False,0.042944293062696398,,,,,,,False,,,,,,,,,,,,,2,0.5,2.0000000000000004,0.5,,,True,1.1102230246251565e-16,True,True,True,True,True,True,False,False,True,False,True,False,False,C0968,S19-B01,S19-B01-C0126,S19-B01-C0125,125,124
19,S19-P026,aligned_samples,twfe_scalar,csa,static,,,,,,excluded,twfe; modern,0.22884489870857991,0.22884489870857991,0.54172227852630106,0.5417222785263025,0,4.6664049268061761e-14,0.29346302705172805,,,True,999,False,-0,,False,0.20266262845679811,,,,,,,False,,,,,,,,,,,,,2.0000000000000009,0.66666666666666652,2,0.66666666666666663,,,True,8.3266726846886741e-17,True,True,True,True,True,True,False,False,True,False,True,False,False,C0969,S19-B01,S19-B01-C0130,S19-B01-C0128,129,127
19,S19-P026,aligned_samples,twfe_scalar,bjs,static,,,,,,excluded,twfe; modern,-0.12391990934376548,-0.32784514890077421,0.33255340270458178,0.39596156861799903,0.20392523955700873,0.10461387800529928,0.12821663300075725,1.9493134510000554,1.9493134510000554,False,999,False,-0.20392523955700873,0.051258003208378054,False,0.20266262845679811,,,,,,,False,,,,,,,,,,,,,2.1415929203539825,0.62121212121212122,2.2191780821917808,0.61111111111111105,2.1415929203539825,0.54545454545454541,False,3.3306690738754696e-16,True,True,True,True,True,True,True,False,True,False,False,False,False,C0970,S19-B01,S19-B01-C0132,S19-B01-C0131,131,130
13,S13-P002,aligned_samples,twfe_scalar,csa,static,,,,,,retained,,0.054080459863040178,0.016060505495511905,0.0033268390048730627,0.0090619476629879413,0.038019954367528273,0.008959331555959741,6.4585656407307059e-06,4.2436150654830298,4.2436150654830298,False,999,False,-0.038019954367528273,2.1994751156378349e-05,True,0.057352390991534594,,,,,,,False,,,,,,,,,,,,,27198.551153318931,7.7077569763706234e-05,25392.314084125475,7.5789599856763724e-05,26084.861558029777,7.588713446773694e-05,False,2.0261570199409107e-15,False,False,False,False,False,False,False,False,False,False,False,False,False,C0971,S13-B01,S13-B01-C0004,S13-B01-C0002,3,1
13,S13-P002,aligned_samples,twfe_scalar,bjs,static,,,,,,retained,,0.041885876080310046,-0.0083627426136340562,0.0027020293633525207,0.0039360520376058245,0.050248618693944105,0.0028799249245032412,7.2497503761925907e-06,17.44789187607434,17.44789187607434,False,999,False,-0.050248618693944105,3.5717382738599177e-68,True,0.057352390991534594,,,,,,,False,,,,,,,,,,,,,28576.088480956972,8.5565189814497831e-05,18516.337645922275,0.00026878144938493649,6905.1255498004766,0.00069389084241765133,False,9.1593399531575415e-16,False,False,False,False,False,False,False,False,False,False,False,False,False,C0972,S13-B01,S13-B01-C0006,S13-B01-C0005,5,4
13,S13-P003,aligned_samples,twfe_scalar,csa,static,,,,,,retained,,0.039195978288271385,0.056410207261032602,0.030976627557429477,0.051271148656971424,-0.017214228972761217,0.055322526870279914,0.00026385008006205989,-0.3111612926344649,0.3111612926344649,False,999,False,0.017214228972761217,0.75567800736470336,False,0.060680375799714331,,,,,,,False,,,,,,,,,,,,,346.05620977033777,0.012009897141207915,585.98458227911362,0.0026331076080588676,658.41066248179641,0.0034251681596556382,False,1.9428902930940239e-16,False,False,False,False,False,False,False,False,False,False,False,False,False,C0973,S13-B01,S13-B01-C0010,S13-B01-C0008,9,7
13,S13-P003,aligned_samples,twfe_scalar,bjs,static,,,,,,retained,,0.011689681807465728,-0.021803324517104594,0.024121161922893472,0.021886173685268285,0.033493006324570321,0.011338998782173015,0.00046613107885502727,2.9537886869894958,2.9537886869894958,False,999,False,-0.033493006324570321,0.003138988628428332,True,0.060680375799714331,,,,,,,False,,,,,,,,,,,,,553.99233045771894,0.0077876673185204625,289.03178997819299,0.014839356677334704,81.01710585191249,0.03733456959247751,False,7.4593109467002705e-17,False,False,False,False,False,False,False,False,False,False,False,False,False,C0974,S13-B01,S13-B01-C0012,S13-B01-C0011,11,10
5,S05-P001,aligned_samples,scalar,csa,static,,,,,,retained,,0.023411835601691695,0.0226805135245529,0.016662671741251221,0.0174617214871364,0.00073132207713879488,0.01392372399529127,0.00019434312847698291,0.052523454026100605,0.052523454026100605,False,999,False,-0.00073132207713879488,0.95811160751446645,False,0.023233083288469999,,,,,,,False,,,,,,,,,,,,,1864.6273332356586,0.00081548426973775102,1492.6693451479282,0.00090889060485199171,1537.5636558353756,0.000798460861252095,False,4.8572257327350599e-17,False,False,False,False,False,False,False,False,False,False,False,False,False,C0975,S05-B01,S05-B01-C0004,S05-B01-C0002,3,1
5,S05-P001,aligned_samples,scalar,bjs,static,,,,,,retained,,0.023411835601691695,0.024978817635123898,0.016662671741251221,0.0118793479825118,-0.0015669820334322029,0.010108823799274975,0.00015828760972075637,-0.15501131135994178,0.15501131135994178,False,999,False,0.0015669820334322029,0.87681239992002613,False,0.023233083288469999,,,,,,,False,,,,,,,,,,,,,1864.6273332356586,0.00081548426973775102,1239.6261948648323,0.0012929878063348604,866.14111767209101,0.0016356295424046956,False,3.9898639947466563e-16,False,False,False,False,False,False,False,False,False,False,False,False,False,C0976,S05-B01,S05-B01-C0004,S05-B01-C0005,3,4
5,S05-P002,aligned_samples,scalar,csa,static,,,,,,retained,,0.029746742241594612,0.026304073023695598,0.015267648850374566,0.019403897626789499,0.0034426692178990137,0.01409495619174898,0.00020547227724097435,0.24424830918696372,0.24424830918696372,False,999,False,-0.0034426692178990137,0.80703851446023034,False,0.0280214737334573,,,,,,,False,,,,,,,,,,,,,1864.6273332356586,0.00081548426973775102,1492.6693451479282,0.00090889060485199171,1537.5636558353756,0.000798460861252095,False,1.3183898417423734e-16,False,False,False,False,False,False,False,False,False,False,False,False,False,C0977,S05-B01,S05-B01-C0010,S05-B01-C0008,9,7
5,S05-P002,aligned_samples,scalar,bjs,static,,,,,,retained,,0.029746742241594612,0.031075888611218599,0.015267648850374566,0.0144997186462845,-0.0013291463696239875,0.0092808465803414543,0.00017860441449596025,-0.14321391460552368,0.14321391460552368,False,999,False,0.0013291463696239875,0.88612124083515986,False,0.0280214737334573,,,,,,,False,,,,,,,,,,,,,1864.6273332356586,0.00081548426973775102,1239.6261948648323,0.0012929878063348604,866.14111767209101,0.0016356295424046956,False,8.9823981586079071e-15,False,False,False,False,False,False,False,False,False,False,False,False,False,C0978,S05-B01,S05-B01-C0010,S05-B01-C0011,9,10
5,S05-P003,aligned_samples,scalar,csa,static,,,,,,retained,,0.035192452429830996,0.0323252344094343,0.01517990527899981,0.018956310658591002,0.002867218020396696,0.014106137789201103,0.00019539405736824578,0.20326031570396846,0.20326031570396846,False,999,False,-0.002867218020396696,0.83893157151412279,False,0.033453535100076801,,,,,,,False,,,,,,,,,,,,,1864.6273332356586,0.00081548426973775102,1492.6693451479282,0.00090889060485199171,1537.5636558353756,0.000798460861252095,False,1.3877787807814457e-16,False,False,False,False,False,False,False,False,False,False,False,False,False,C0979,S05-B01,S05-B01-C0016,S05-B01-C0014,15,13
5,S05-P003,aligned_samples,scalar,bjs,static,,,,,,retained,,0.035192452429830996,0.037822437210460302,0.01517990527899981,0.0139013307794998,-0.0026299847806293061,0.0095423777636947284,0.00016630977416771093,-0.27561105269123176,0.27561105269123176,False,999,False,0.0026299847806293061,0.78284681954196478,False,0.033453535100076801,,,,,,,False,,,,,,,,,,,,,1864.6273332356586,0.00081548426973775102,1239.6261948648323,0.0012929878063348604,866.14111767209101,0.0016356295424046956,False,1.1046719095020308e-14,False,False,False,False,False,False,False,False,False,False,False,False,False,C0980,S05-B01,S05-B01-C0016,S05-B01-C0017,15,16
21,S21-P006,aligned_samples,scalar,csa,static,,,,,,retained,,0.036896082709274532,0.12379549950763691,0.026802824347174334,0.036936962569733382,-0.086899416798362383,0.037860759618540109,0.00032464673898524468,-2.2952370125138333,2.2952370125138333,False,999,False,0.086899416798362383,0.021719545125060077,True,0.036896082709274511,,,,,,,False,,,,,,,,,,,,,101.8296740425244,0.022635047766837481,58.740536250413015,0.080750332360481153,53.720353171224708,0.086826343752489973,False,7.6327832942979512e-17,False,False,False,False,False,False,False,False,False,False,False,False,False,C0981,S21-B01,S21-B01-C0004,S21-B01-C0002,3,1
21,S21-P006,aligned_samples,scalar,bjs,static,,,,,,retained,,0.036896082709274532,0.13778927615553063,0.026802824347174334,0.038970480146001851,-0.10089319344625611,0.037314459027295105,0.00042236043164786046,-2.7038632228984985,2.7038632228984985,False,999,False,0.10089319344625611,0.0068538494838732006,True,0.036896082709274511,,,,,,,False,,,,,,,,,,,,,101.8296740425244,0.022635047766837481,55.638728908694532,0.075028219816452454,40.258758447790036,0.098018484308590642,False,1.9428902930940239e-16,False,False,False,False,False,False,False,False,False,False,False,False,False,C0982,S21-B01,S21-B01-C0004,S21-B01-C0005,3,4
21,S21-P007,aligned_samples,scalar,csa,static,,,,,,retained,,0.10744836096991278,0.12368336266419595,0.038249177192511384,0.064359074340222339,-0.016235001694283172,0.057978292494295577,0.0011218038026401536,-0.28001862414075951,0.28001862414075951,False,999,False,0.016235001694283172,0.77946321625049975,False,0.14927629551400604,,,,,,,False,,,,,,,,,,,,,80.542833166027023,0.030578955946621838,26.023974473237274,0.1053172827078848,25.445331490525895,0.10862671584084026,False,1.8041124150158794e-16,False,False,False,False,False,False,False,False,False,False,False,False,False,C0983,S21-B01,S21-B01-C0010,S21-B01-C0008,9,7
21,S21-P007,aligned_samples,scalar,bjs,static,,,,,,retained,,0.14927629551400576,0.17407697594161073,0.038452661152263111,0.052775374720478933,-0.024800680427604971,0.043827760702826776,0.0011714873591767423,-0.5658669306827121,0.5658669306827121,False,999,False,0.024800680427604971,0.5714842432953362,False,0.14927629551400604,,,,,,,False,,,,,,,,,,,,,85.537860357895894,0.027746613560990344,55.942266641062503,0.074191147408877431,34.644463400444153,0.12134843959033365,False,7.4940054162198066e-16,False,False,False,False,False,False,False,False,False,False,False,False,False,C0984,S21-B01,S21-B01-C0012,S21-B01-C0011,11,10
21,S21-P008,aligned_samples,scalar,csa,static,,,,,,retained,,0.10221620394827542,0.13484454729840459,0.036962999950412835,0.060231876123714535,-0.032628343350129166,0.054215505826287903,0.0010274105973582276,-0.60182678097062781,0.60182678097062781,False,999,False,0.032628343350129166,0.54728944641404254,False,0.14215689481748772,,,,,,,False,,,,,,,,,,,,,86.40014872336792,0.024719957390853378,41.857364224872562,0.062324737034123397,41.501523639423461,0.06293596872914721,False,1.3877787807814457e-16,False,False,False,False,False,False,False,False,False,False,False,False,False,C0985,S21-B01,S21-B01-C0016,S21-B01-C0014,15,13
21,S21-P008,aligned_samples,scalar,bjs,static,,,,,,retained,,0.14215689481748772,0.16500306187656677,0.037040626511389889,0.055570696958352678,-0.022846167059079048,0.047412375867094299,0.001106088493715361,-0.48186083572612137,0.48186083572612137,False,999,False,0.022846167059079048,0.62990480928880865,False,0.14215689481748772,,,,,,,False,,,,,,,,,,,,,89.357253675206223,0.024252904260350802,52.308794757309116,0.082066367375178098,29.66891686590407,0.13578998114658192,False,6.9388939039072284e-16,False,False,False,False,False,False,False,False,False,False,False,False,False,C0986,S21-B01,S21-B01-C0018,S21-B01-C0017,17,16
21,S21-P009,aligned_samples,scalar,csa,static,,,,,,retained,,0.12030444413165657,0.1407843671102546,0.035221826561576082,0.066198592160453526,-0.020479922978598034,0.059691876128662988,0.0010298552973000794,-0.34309397370011518,0.34309397370011518,False,999,False,0.020479922978598034,0.73152776457996527,False,0.15504498785612131,,,,,,,False,,,,,,,,,,,,,78.196171619545666,0.028832665988348157,24.094465593688401,0.11619789488395658,23.286606426355078,0.12111238336351025,False,1.1102230246251565e-16,False,False,False,False,False,False,False,False,False,False,False,False,False,C0987,S21-B01,S21-B01-C0022,S21-B01-C0020,21,19
21,S21-P009,aligned_samples,scalar,bjs,static,,,,,,retained,,0.15504498785612131,0.17469656687833254,0.039300310309924757,0.045425177100890619,-0.019651579022211235,0.034608117871901337,0.0012051196412341193,-0.56783148667459149,0.56783148667459149,False,999,False,0.019651579022211235,0.57014939748543125,False,0.15504498785612131,,,,,,,False,,,,,,,,,,,,,84.114630362846569,0.026251965533274833,66.545220422622393,0.046306958801485512,50.517724947206432,0.081739833556069119,False,5.8286708792820718e-16,False,False,False,False,False,False,False,False,False,False,False,False,False,C0988,S21-B01,S21-B01-C0024,S21-B01-C0023,23,22
21,S21-P010,aligned_samples,scalar,csa,static,,,,,,retained,,0.10692962669259913,0.15604853292350357,0.030360148173586714,0.052600477349446451,-0.049118906230904438,0.058292326694474698,0.00014527673152820095,-0.84263073746137207,0.84263073746137207,False,999,False,0.049118906230904438,0.39943499485523987,False,0.12303909496591749,,,,,,,False,,,,,,,,,,,,,78.196171619545666,0.028832665988348157,24.094465593688401,0.11619789488395658,23.286606426355078,0.12111238336351025,False,1.1102230246251565e-16,False,False,False,False,False,False,False,False,False,False,False,False,False,C0989,S21-B01,S21-B01-C0028,S21-B01-C0026,27,25
21,S21-P010,aligned_samples,scalar,bjs,static,,,,,,retained,,0.12303909496591736,0.12190697617265116,0.028041837822070037,0.039397158406555784,0.0011321187932662041,0.025491722499081809,0.00084432642149016651,0.044411231657922767,0.044411231657922767,False,999,False,-0.0011321187932662041,0.96457660891499297,False,0.12303909496591749,,,,,,,False,,,,,,,,,,,,,84.114630362846569,0.026251965533274833,66.545220422622393,0.046306958801485512,50.517724947206432,0.081739833556069119,False,6.2450045135165055e-16,False,False,False,False,False,False,False,False,False,False,False,False,False,C0990,S21-B01,S21-B01-C0030,S21-B01-C0029,29,28
21,S21-P011,aligned_samples,scalar,csa,static,,,,,,retained,,0.021287138864244874,-0.050150770699553891,0.053606918576444784,0.083502190091050643,0.071437909563798765,0.074755836874359438,0.00212894116123885,0.9556164782672818,0.9556164782672818,False,999,False,-0.071437909563798765,0.33926603323618398,False,0.16334892262196549,,,,,,,False,,,,,,,,,,,,,56.676050484943858,0.034393178471151163,22.303282029284887,0.14409646019086292,21.054367033651868,0.15268079109454866,False,5.6968318951078345e-15,False,False,False,False,False,False,False,False,False,False,False,False,False,C0991,S21-B01,S21-B01-C0034,S21-B01-C0032,33,31
21,S21-P011,aligned_samples,scalar,bjs,static,,,,,,retained,,0.16334892262196535,0.19112457334600169,0.047457784861362783,0.094365552198435523,-0.027775650724036344,0.085876096881017411,0.0018911973850725828,-0.32343867191029785,0.32343867191029785,False,999,False,0.027775650724036344,0.74636304610010218,False,0.16334892262196549,,,,,,,False,,,,,,,,,,,,,72.862954373899427,0.028805606052105706,47.840244003103741,0.053322943288130309,36.229901272197935,0.080000756592283076,False,1.3045120539345589e-15,False,False,False,False,False,False,False,False,False,False,False,False,False,C0992,S21-B01,S21-B01-C0036,S21-B01-C0035,35,34
21,S21-P003,aligned_samples,event_study_post_average,csa,post,"[0, 1, 2, 3, 4, 5, 6, 7, 8, 9, 10, 11]","[0, 1, 2, 3, 4, 5, 6, 7, 8, 9, 10, 11]",,,,retained,,0.071732835898531772,0.055146555093435357,0.026671200846100855,0.022940551332183638,0.016586280805096415,0.018963870369266261,0.00043899673530763432,0.87462529969498848,0.87462529969498848,False,999,False,-0.016586280805096415,0.38177781730767935,False,0.071783929238784308,,,,,,,False,,,,,,,,,,,,,95.538341203160499,0.022418456301846901,96.08710015105612,0.035756275967231403,98.248980921500475,0.034427228865294,False,2.3592239273284576e-16,False,False,False,False,False,False,False,False,False,False,False,False,False,C0993,S21-B01,S21-B01-C0040,S21-B01-C0038,39,37
21,S21-P003,aligned_samples,event_study_post_average,bjs,post,"[0, 1, 2, 3, 4, 5, 6, 7, 8, 9, 10, 11]","[0, 1, 2, 3, 4, 5, 6, 7, 8, 9, 10, 11]",,,,retained,,0.07178392923878435,0.076667962718201851,0.028215992265372938,0.026469035922582249,-0.0048840334794175017,0.012379909130483884,0.00067174496605574847,-0.39451286983934453,0.39451286983934453,False,999,False,0.0048840334794175017,0.69320242733930715,False,0.071783929238784308,,,,,,,False,,,,,,,,,,,,,96.720911612349283,0.022935931347385599,81.497259516242636,0.044570016625374402,50.637710941010369,0.073303355222312794,False,5.134781488891349e-16,False,False,False,False,False,False,False,False,False,False,False,False,False,C0994,S21-B01,S21-B01-C0042,S21-B01-C0041,41,40
21,S21-P004,aligned_samples,event_study_post_average,csa,post,"[0, 1, 2, 3, 4, 5, 6, 7, 8, 9, 10, 11]","[0, 1, 2, 3, 4, 5, 6, 7, 8, 9, 10, 11]",,,,retained,,0.068172647033663603,0.10970298563721398,0.04195316232287527,0.067618176289123491,-0.041530338603550376,0.058956374975007289,0.0014282157216814189,-0.70442490097391275,0.70442490097391275,False,999,False,0.041530338603550376,0.48116820325740089,False,0.12333363890665107,,,,,,,False,,,,,,,,,,,,,76.288221563300141,0.0305571754927936,21.869151700729791,0.1131259678017896,21.07211948754588,0.116604731402505,False,1.6653345369377348e-16,False,False,False,False,False,False,False,False,False,False,False,False,False,C0995,S21-B01,S21-B01-C0046,S21-B01-C0044,45,43
21,S21-P004,aligned_samples,event_study_post_average,bjs,post,"[0, 1, 2, 3, 4, 5, 6, 7, 8, 9, 10, 11]","[0, 1, 2, 3, 4, 5, 6, 7, 8, 9, 10, 11]",,,,retained,,0.12333363890665101,0.15871398164271069,0.040880833930066585,0.047357781037225724,-0.035380342736059681,0.023502713546670141,0.0016808122317653338,-1.5053726739171511,1.5053726739171511,False,999,False,0.035380342736059681,0.13222829045178686,False,0.12333363890665107,,,,,,,False,,,,,,,,,,,,,80.606762403610162,0.0288018648854136,69.272686347878292,0.035405765258634002,43.476300418526471,0.059914878293736699,False,8.3266726846886741e-17,False,False,False,False,False,False,False,False,False,False,False,False,False,C0996,S21-B01,S21-B01-C0048,S21-B01-C0047,47,46
21,S21-P001,aligned_samples,event_study_post_average,csa,post,"[0, 1, 2, 3, 4, 5, 6, 7, 8, 9, 10, 11]","[0, 1, 2, 3, 4, 5, 6, 7, 8, 9, 10, 11]",,,,retained,,0.097873944616050632,0.08192150631545439,0.046696399653026771,0.03925023502292966,0.015952438300596242,0.033709739659530807,0.001292394070998534,0.47322935334761579,0.47322935334761579,False,999,False,-0.015952438300596242,0.63604955802536678,False,0.099838380162658946,,,,,,,False,,,,,,,,,,,,,95.538341203160499,0.022418456301846901,96.08710015105612,0.035756275967231403,98.248980921500475,0.034427228865294,False,1.6653345369377348e-16,False,False,False,False,False,False,False,False,False,False,False,False,False,C0997,S21-B01,S21-B01-C0052,S21-B01-C0050,51,49
21,S21-P001,aligned_samples,event_study_post_average,bjs,post,"[0, 1, 2, 3, 4, 5, 6, 7, 8, 9, 10, 11]","[0, 1, 2, 3, 4, 5, 6, 7, 8, 9, 10, 11]",,,,retained,,0.099838380162658905,0.11009031301678625,0.045747560603579755,0.038707827016504048,-0.010251932854127344,0.021115111366151542,0.0015726436227564103,-0.48552587179633094,0.48552587179633094,False,999,False,0.010251932854127344,0.62730336505469009,False,0.099838380162658946,,,,,,,False,,,,,,,,,,,,,96.720911612349283,0.022935931347385599,81.497259516242636,0.044570016625374402,50.637710941010369,0.073303355222312794,False,1.8041124150158799e-16,False,False,False,False,False,False,False,False,False,False,False,False,False,C0998,S21-B01,S21-B01-C0054,S21-B01-C0053,53,52
21,S21-P002,aligned_samples,event_study_post_average,csa,post,"[0, 1, 2, 3, 4, 5, 6, 7, 8, 9, 10, 11]","[0, 1, 2, 3, 4, 5, 6, 7, 8, 9, 10, 11]",,,,retained,,0.13387280417676994,-0.070098487377767194,0.060036124475048233,0.1173305929751834,0.20397129155453714,0.10720988652062285,0.0029384222610634066,1.9025418100344813,1.9025418100344813,False,999,False,-0.20397129155453714,0.057100358289998203,False,0.1833460295105486,,,,,,,False,,,,,,,,,,,,,76.288221563300141,0.0305571754927936,21.869151700729791,0.1131259678017896,21.07211948754588,0.116604731402505,False,4.163336342344337e-16,False,False,False,False,False,False,False,False,False,False,False,False,False,C0999,S21-B01,S21-B01-C0058,S21-B01-C0056,57,55
21,S21-P002,aligned_samples,event_study_post_average,bjs,post,"[0, 1, 2, 3, 4, 5, 6, 7, 8, 9, 10, 11]","[0, 1, 2, 3, 4, 5, 6, 7, 8, 9, 10, 11]",,,,retained,,0.18334602951054857,0.1863598399008215,0.057381435420708275,0.055859462467416895,-0.0030138103902729307,0.033494257249177782,0.0026455217047077866,-0.089979914104436926,0.089979914104436926,False,999,False,0.0030138103902729307,0.92830317629508408,False,0.1833460295105486,,,,,,,False,,,,,,,,,,,,,80.606762403610162,0.0288018648854136,69.272686347878292,0.035405765258634002,43.476300418526471,0.059914878293736699,False,2.4980018054066022e-16,False,False,False,False,False,False,False,False,False,False,False,False,False,C1000,S21-B01,S21-B01-C0060,S21-B01-C0059,59,58
12,S12-P001,aligned_samples,twfe_scalar,csa,static,,,,,,retained,,-0.075020144107981065,-0.25830104836620832,0.093255621138036357,0.15707398807417661,0.18328090425822724,0.14961199431827063,0.0054925498797386623,1.2250415155106649,1.2250415155106649,False,999,False,-0.18328090425822724,0.22055957884633282,False,-0.058301436893191401,,,,,,,False,,,,,,,,,,,,,55.630200308613055,0.036640379739520966,15.112212457817153,0.20342649423998524,13.374325865451985,0.22789545893403557,False,5.5511151231257827e-17,False,False,False,False,False,False,False,False,False,False,False,False,False,C1001,S12-B01,S12-B01-C0004,S12-B01-C0002,3,1
12,S12-P001,aligned_samples,twfe_scalar,bjs,static,,,,,,retained,,-0.077156799199746676,-0.099903426013459307,0.081766421508226855,0.084125240879059801,0.022746626813712631,0.090205427678202915,0.0028128923283066809,0.2521647244427298,0.2521647244427298,False,999,False,-0.022746626813712631,0.80091374299681517,False,-0.058301436893191401,,,,,,,False,,,,,,,,,,,,,59.58270979979735,0.033384100813289068,21.64597094650485,0.12892182679232556,21.331246162114457,0.13082433184212355,False,3.0531133177191805e-16,False,False,False,False,False,False,False,False,False,False,False,False,False,C1002,S12-B01,S12-B01-C0006,S12-B01-C0005,5,4
12,S12-P002,aligned_samples,twfe_scalar,csa,static,,,,,,retained,,0.10869656211210345,0.25242843352695371,0.096497581003193736,0.1259124153483375,-0.14373187141485028,0.12465522601234777,0.004813397053065353,-1.1530352638453591,1.1530352638453591,False,999,False,0.14373187141485028,0.24889591067405573,False,0.1808528157214164,,,,,,,False,,,,,,,,,,,,,55.630200308613055,0.036640379739520966,15.112212457817153,0.20342649423998524,13.374325865451985,0.22789545893403557,False,2.7755575615628914e-17,False,False,False,False,False,False,False,False,False,False,False,False,False,C1003,S12-B01,S12-B01-C0010,S12-B01-C0008,9,7
12,S12-P002,aligned_samples,twfe_scalar,bjs,static,,,,,,retained,,0.15010096912097665,0.19830680844147619,0.097303801603850978,0.14066345631106369,-0.048205839320499544,0.12562134493707097,0.0067367577220687879,-0.38373923909704899,0.38373923909704899,False,999,False,0.048205839320499544,0.70117172647295289,False,0.1808528157214164,,,,,,,False,,,,,,,,,,,,,59.58270979979735,0.033384100813289068,21.64597094650485,0.12892182679232556,21.331246162114457,0.13082433184212355,False,3.8857805861880479e-16,False,False,False,False,False,False,False,False,False,False,False,False,False,C1004,S12-B01,S12-B01-C0012,S12-B01-C0011,11,10
12,S12-P003,aligned_samples,twfe_scalar,csa,static,,,,,,retained,,0.015155813896853909,0.0234712543293208,0.013801710908135615,0.0129759452712103,-0.0083154404324668908,0.013913838468689831,8.2633739370201951e-05,-0.59763813207829319,0.59763813207829319,False,999,False,0.0083154404324668908,0.55008141488283735,False,0.1161636763521714,,,,,,,False,,,,,,,,,,,,,55.630200308613055,0.036640379739520966,15.112212457817153,0.20342649423998524,13.374325865451985,0.22789545893403557,False,1.0408340855860843e-17,False,False,False,False,False,False,False,False,False,False,False,False,False,C1005,S12-B01,S12-B01-C0016,S12-B01-C0014,15,13
12,S12-P003,aligned_samples,twfe_scalar,bjs,static,,,,,,retained,,0.013588135591410259,0.020722210876167699,0.013218923375828225,0.0106288473941625,-0.00713407528475744,0.011902337365567674,7.302334869031292e-05,-0.59938439532016952,0.59938439532016952,False,999,False,0.00713407528475744,0.54891658050260728,False,0.1161636763521714,,,,,,,False,,,,,,,,,,,,,59.58270979979735,0.033384100813289068,21.64597094650485,0.12892182679232556,21.331246162114457,0.13082433184212355,False,2.0816681711721685e-17,False,False,False,False,False,False,False,False,False,False,False,False,False,C1006,S12-B01,S12-B01-C0018,S12-B01-C0017,17,16
12,S12-P004,aligned_samples,twfe_scalar,csa,static,,,,,,retained,,0.027100389482015493,-0.043186010454234702,0.053251773282062008,0.0395384495535838,0.070286399936250188,0.052196825508238752,0.00083726587882395243,1.3465646474066928,1.3465646474066928,False,999,False,-0.070286399936250188,0.17812048647669715,False,0.19458040812268981,,,,,,,False,,,,,,,,,,,,,55.630200308613055,0.036640379739520966,15.112212457817153,0.20342649423998524,13.374325865451985,0.22789545893403557,False,2.0122792321330962e-16,False,False,False,False,False,False,False,False,False,False,False,False,False,C1007,S12-B01,S12-B01-C0022,S12-B01-C0020,21,19
12,S12-P004,aligned_samples,twfe_scalar,bjs,static,,,,,,retained,,0.080849915938838945,-0.023772750755174502,0.066774051226017581,0.0398518671286969,0.10462266669401345,0.055354890248380868,0.0014913906781839233,1.8900347597938496,1.8900347597938496,False,999,False,-0.10462266669401345,0.058753311382871688,False,0.19458040812268981,,,,,,,False,,,,,,,,,,,,,59.58270979979735,0.033384100813289068,21.64597094650485,0.12892182679232556,21.331246162114457,0.13082433184212355,False,9.7144514654701197e-17,False,False,False,False,False,False,False,False,False,False,False,False,False,C1008,S12-B01,S12-B01-C0024,S12-B01-C0023,23,22
22,S22-P019,aligned_samples,twfe_scalar,csa,static,,,,,,retained_fragile,,-0.20585200431996895,-0.1895064923768269,0.088462418504471521,0.074897962777742799,-0.016345511943142044,0.062698655598850767,0.0047520914510065576,-0.2606995602540742,0.2606995602540742,False,999,False,0.016345511943142044,0.7943242052003685,False,-0.094965797571658794,,,,,,,False,,,,,,,,,,,,,50.146969734947348,0.045763607803470517,5.807069317225622,0.40426717322623917,2.4995991944941629,0.62693665672868892,False,8.3266726846886741e-17,False,False,False,True,False,True,True,False,True,False,False,False,False,C1009,S22-B01,S22-B01-C0004,S22-B01-C0002,3,1
22,S22-P019,aligned_samples,twfe_scalar,bjs,static,,,,,,excluded,modern,-0.096144722339190081,-0.1054178291200023,0.039631631453478401,0.041107527161569901,0.0092731067808122236,0.020689304936078765,0.0014162238311327502,0.44820774837348165,0.44820774837348165,False,999,False,-0.0092731067808122236,0.65400327122603441,False,-0.094965797571658794,,,,,,,False,,,,,,,,,,,,,45.491479930195943,0.059000901833691957,4.5804925376100325,0.45852755925976707,2.1581292340896487,0.6775996522502018,False,2.7755575615628914e-17,False,True,True,True,False,True,True,False,True,False,False,False,False,C1010,S22-B01,S22-B01-C0006,S22-B01-C0005,5,4
22,S22-P020,aligned_samples,twfe_scalar,csa,static,,,,,,excluded,modern,-0.10654363839122664,-0.093837052033371102,0.089363076003007122,0.068473627617814503,-0.012706586357855543,0.051707427319667897,0.0050003694959218151,-0.2457400612739894,0.2457400612739894,False,999,False,0.012706586357855543,0.80588345847915277,False,-0.075415314470328704,,,,,,,False,,,,,,,,,,,,,44.600537185674213,0.064970159279190184,4.4532498468669193,0.46486188058738809,2.2325873059322805,0.66273983866737995,False,8.3266726846886741e-17,False,True,True,True,False,True,True,False,True,False,False,False,False,C1011,S22-B01,S22-B01-C0010,S22-B01-C0008,9,7
22,S22-P020,aligned_samples,twfe_scalar,bjs,static,,,,,,excluded,modern,-0.076293796277505294,-0.068633504725607697,0.043217467165753316,0.037916360525241603,-0.0076602915518975967,0.017423699673864146,0.0015009072766890264,-0.43964781850482465,0.43964781850482465,False,999,False,0.0076602915518975967,0.66019220148876867,False,-0.075415314470328704,,,,,,,False,,,,,,,,,,,,,41.297503874291905,0.061419976784259776,3.2895560723361132,0.5459912776271465,1.800943192720019,0.74255019666321265,False,4.163336342344337e-17,False,True,True,True,False,True,True,False,True,False,False,False,False,C1012,S22-B01,S22-B01-C0012,S22-B01-C0011,11,10
22,S22-P021,aligned_samples,twfe_scalar,csa,static,,,,,,retained_fragile,,-0.24580900698502461,-0.21248534250307791,0.09638277079829341,0.087493013447876397,-0.033323664481946708,0.067489783030618825,0.0061948975477133196,-0.49375865480006653,0.49375865480006653,False,999,False,0.033323664481946708,0.62147663571116163,False,-0.16164425700519749,,,,,,,False,,,,,,,,,,,,,55.032998022630409,0.040259656052232654,5.8837248211870605,0.4018216109942036,2.8907629538669739,0.58280960665565307,False,5.5511151231257827e-17,False,False,False,True,False,True,True,False,True,False,False,False,False,C1013,S22-B01,S22-B01-C0016,S22-B01-C0014,15,13
22,S22-P021,aligned_samples,twfe_scalar,bjs,static,,,,,,excluded,modern,-0.16539262670959243,-0.1450453006653078,0.064930140519465995,0.061167078062160603,-0.02034732604428463,0.029790781517717132,0.0035349219615518519,-0.68300746095511788,0.68300746095511788,False,999,False,0.02034732604428463,0.49460212802734882,False,-0.16164425700519749,,,,,,,False,,,,,,,,,,,,,47.65239504695321,0.056780688494192905,4.6404140536643128,0.45572291067734449,2.1187637302055569,0.68400761203993343,False,2.7755575615628914e-17,False,True,True,True,False,True,True,False,True,False,False,False,False,C1014,S22-B01,S22-B01-C0018,S22-B01-C0017,17,16
22,S22-P022,aligned_samples,twfe_scalar,csa,static,,,,,,excluded,modern,-0.20572161456528407,-0.13748353617973369,0.11512084848579704,0.086739227421083795,-0.068238078385550377,0.067969811000240743,0.0080783040611439455,-1.0039468608395672,1.0039468608395672,False,999,False,0.068238078385550377,0.31540422764917581,False,-0.1561562068753079,,,,,,,False,,,,,,,,,,,,,47.154547932586766,0.059999999999999935,4.4633062087734539,0.46461820584704766,2.3760386141518071,0.64275042190121179,False,8.3266726846886741e-17,False,True,True,True,False,True,True,False,True,False,False,False,False,C1015,S22-B01,S22-B01-C0022,S22-B01-C0020,21,19
22,S22-P022,aligned_samples,twfe_scalar,bjs,static,,,,,,excluded,modern,-0.16046804175536183,-0.12126546063073711,0.07581806028886702,0.066074791599006796,-0.039202581124624727,0.032862845528183589,0.0045171448673045995,-1.1929149924343618,1.1929149924343618,False,999,False,0.039202581124624727,0.23290266697965781,False,-0.1561562068753079,,,,,,,False,,,,,,,,,,,,,42.612174974974131,0.059398498537953627,3.3145002447744552,0.5441269821906668,1.7984700961083111,0.74311581457021403,False,8.3266726846886741e-17,False,True,True,True,False,True,True,False,True,False,False,False,False,C1016,S22-B01,S22-B01-C0024,S22-B01-C0023,23,22
22,S22-P023,aligned_samples,twfe_scalar,csa,static,,,,,,retained,,-0.18486653814993964,-0.17598840157274551,0.10353315405580249,0.1379584102154611,-0.0088781365771941345,0.070639706667616348,0.012380834389916544,-0.12568195701843388,0.12568195701843388,False,999,False,0.0088781365771941345,0.89998368481472002,False,-0.16410706644466519,,,,,,,False,,,,,,,,,,,,,30.072974687228747,0.081138931625013053,13.38762229364527,0.12531688498296939,12.214257273185357,0.1436828440096688,False,8.3266726846886741e-17,False,False,False,False,False,False,False,False,False,False,False,False,False,C1017,S22-B01,S22-B01-C0028,S22-B01-C0026,27,25
22,S22-P023,aligned_samples,twfe_scalar,bjs,static,,,,,,retained,,-0.1686470933550063,-0.19842466011267981,0.10355604269322503,0.13606450812671181,0.029777566757673513,0.051489453117488024,0.013293120283853543,0.57832361687212741,0.57832361687212741,False,999,False,-0.029777566757673513,0.56304565256997163,False,-0.16410706644466519,,,,,,,False,,,,,,,,,,,,,23.592641280445338,0.092560680150037114,18.246417647613494,0.096994610761076155,14.990237423249262,0.11896242165612819,False,8.3266726846886741e-17,False,False,False,False,False,False,False,False,False,False,False,False,False,C1018,S22-B01,S22-B01-C0030,S22-B01-C0029,29,28
22,S22-P024,aligned_samples,twfe_scalar,csa,static,,,,,,retained,,-0.14133204564526824,-0.15009131061023359,0.11463510969342529,0.144303790052283,0.0087592649649653465,0.072988029095475512,0.01431876990331752,0.12000961080216822,0.12000961080216822,False,999,False,-0.0087592649649653465,0.90447553466610597,False,-0.14400560708132851,,,,,,,False,,,,,,,,,,,,,29.087856575641123,0.06735681741011855,11.075006442018749,0.14522374980719888,10.729274180459552,0.15878015485928118,False,8.3266726846886741e-17,False,False,False,False,False,False,False,False,False,False,False,False,False,C1019,S22-B01,S22-B01-C0034,S22-B01-C0032,33,31
22,S22-P024,aligned_samples,twfe_scalar,bjs,static,,,,,,retained,,-0.14886186739593049,-0.16355747955145941,0.11618085254845417,0.1425865135241299,0.01469561215552892,0.050007361878199111,0.015664084047917692,0.29386897455863442,0.29386897455863442,False,999,False,-0.01469561215552892,0.76885802657074453,False,-0.14400560708132851,,,,,,,False,,,,,,,,,,,,,20.490936709011994,0.11812302822584872,16.180860203943723,0.11357312231917303,13.192423169885112,0.14140878054482875,False,1.1102230246251565e-16,False,False,False,False,False,False,False,False,False,False,False,False,False,C1020,S22-B01,S22-B01-C0036,S22-B01-C0035,35,34
22,S22-P025,aligned_samples,twfe_scalar,csa,static,,,,,,retained,,-0.19110874435757133,-0.1896157884951967,0.034446650855359522,0.064601569051870894,-0.0014929558623746342,0.04482532802287794,0.00167531222337804,-0.033306077796299891,0.033306077796299891,False,999,False,0.0014929558623746342,0.97343050706969692,False,-0.2232833533140145,,,,,,,False,,,,,,,,,,,,,62.952040048625413,0.021127066440595893,37.612276485931631,0.053810290319657922,38.643874230206841,0.049810137960921035,False,2.7755575615628914e-17,False,False,False,False,False,False,False,False,False,False,False,False,False,C1021,S22-B01,S22-B01-C0040,S22-B01-C0038,39,37
22,S22-P025,aligned_samples,twfe_scalar,bjs,static,,,,,,retained_fragile,,-0.22301288059949623,-0.22677865161651781,0.031044740775309766,0.030223785603287999,0.0037657710170215797,0.0069705611284390399,0.0009143322117771992,0.54023929316933939,0.54023929316933939,False,999,False,-0.0037657710170215797,0.58903201790983006,False,-0.2232833533140145,,,,,,,False,,,,,,,,,,,,,61.565250656968018,0.021884430930661593,38.305186519155754,0.06140291706136744,8.9737825932231807,0.23768228700076047,False,3.6082248300317588e-16,False,False,False,True,False,False,True,False,True,False,False,False,False,C1022,S22-B01,S22-B01-C0042,S22-B01-C0041,41,40
22,S22-P026,aligned_samples,twfe_scalar,csa,static,,,,,,retained,,-0.22645279162325785,-0.19986655147205321,0.039475318212314453,0.060625247638486,-0.026586240151204643,0.037861035667291265,0.0019001316886956684,-0.70220583464315811,0.70220583464315811,False,999,False,0.026586240151204643,0.48255080746262602,False,-0.2923595353848546,,,,,,,False,,,,,,,,,,,,,63.560049971208336,0.021642436783608859,37.786253529318024,0.044632151661938263,40.468719546733318,0.038847684371335296,False,2.7755575615628914e-17,False,False,False,False,False,False,False,False,False,False,False,False,False,C1023,S22-B01,S22-B01-C0046,S22-B01-C0044,45,43
22,S22-P026,aligned_samples,twfe_scalar,bjs,static,,,,,,retained_fragile,,-0.29195969909399849,-0.29970191216306541,0.034581921095990314,0.034080793169503298,0.0077422130690669166,0.0065340540740063827,0.001157357933554862,1.1849018972565291,1.1849018972565291,False,999,False,-0.0077422130690669166,0.23605623718382773,False,-0.2923595353848546,,,,,,,False,,,,,,,,,,,,,62.760093755325158,0.022080328498802492,42.482019421249859,0.067469616199670554,8.9278293198688594,0.29660507827502042,False,2.2204460492503131e-16,False,False,False,True,False,False,True,False,True,False,False,False,False,C1024,S22-B01,S22-B01-C0048,S22-B01-C0047,47,46
22,S22-P027,aligned_samples,twfe_scalar,csa,static,,,,,,retained_fragile,,-0.087232687437230783,0.052031835494310903,0.091335621904028025,0.070527628674958806,-0.13926452293154168,0.089217758483371212,0.0026782669031556422,-1.5609507041975101,1.5609507041975101,False,999,False,0.13926452293154168,0.11853538246867165,False,-0.15203009109642751,,,,,,,False,,,,,,,,,,,,,34.170164762854483,0.054943269847509309,5.5236922013861385,0.28732475230264004,5.0190836342956455,0.32054641694145486,False,2.0816681711721685e-17,False,False,False,True,False,True,True,False,True,False,False,False,False,C1025,S22-B01,S22-B01-C0052,S22-B01-C0050,51,49
22,S22-P027,aligned_samples,twfe_scalar,bjs,static,,,,,,retained,,-0.15603958989236122,-0.1833323706892013,0.058870239973778285,0.056589681288236902,0.027292780796840083,0.014621692082084446,0.0032271516517655922,1.8665952369685839,1.8665952369685839,False,999,False,-0.027292780796840083,0.061958133247223324,False,-0.15203009109642751,,,,,,,False,,,,,,,,,,,,,27.551648679550492,0.059912430500558694,14.595273958740814,0.096654573937573443,13.994619277314126,0.19329745993984068,False,2.2204460492503131e-16,False,False,False,False,False,False,False,False,False,False,False,False,False,C1026,S22-B01,S22-B01-C0054,S22-B01-C0053,53,52
22,S22-P028,aligned_samples,twfe_scalar,csa,static,,,,,,retained,,0.0059297724275626171,-0.011601039109777301,0.095437004999913144,0.081858384381588406,0.017530811537339916,0.079839217283297445,0.0047173582002538756,0.21957644543450958,0.21957644543450958,False,999,False,-0.017530811537339916,0.82620103754278729,False,-0.15050216484690079,,,,,,,False,,,,,,,,,,,,,34.626894171206992,0.048490368165047343,10.036159669345382,0.12739019815144992,14.532340197442473,0.10208952707118611,False,1.1275702593849246e-16,False,False,False,False,False,False,False,False,False,False,False,False,False,C1027,S22-B01,S22-B01-C0058,S22-B01-C0056,57,55
22,S22-P028,aligned_samples,twfe_scalar,bjs,static,,,,,,retained,,-0.15202870753885117,-0.19901006078490549,0.068303793515162789,0.068380268284713802,0.046981353246054319,0.014249880805172387,0.0045691050981449075,3.2969646475219037,3.2969646475219037,False,999,False,-0.046981353246054319,0.00097735802485550459,True,-0.15050216484690079,,,,,,,False,,,,,,,,,,,,,26.186589643481522,0.065897236463735159,13.148662918114969,0.11001178054954151,15.682113897055817,0.097854299268920336,False,5.5511151231257827e-16,False,False,False,False,False,False,False,False,False,False,False,False,False,C1028,S22-B01,S22-B01-C0060,S22-B01-C0059,59,58
22,S22-P029,aligned_samples,twfe_scalar,csa,static,,,,,,retained,,-0.098585772728828666,-0.1073518263546771,0.086674924528715211,0.069634113620546903,0.0087660536258484384,0.036780150841568708,0.005504336412924588,0.23833653275671443,0.23833653275671443,False,999,False,-0.0087660536258484384,0.81162008854809176,False,-0.094698905677915099,,,,,,,False,,,,,,,,,,,,,79.024407524261463,0.018207826659448652,50.764740997715847,0.0445405623294957,47.496140920916844,0.036392321880785818,False,6.9388939039072284e-17,False,False,False,False,False,False,False,False,False,False,False,False,False,C1029,S22-B01,S22-B01-C0064,S22-B01-C0062,63,61
22,S22-P029,aligned_samples,twfe_scalar,bjs,static,,,,,,retained,,-0.094961698986580106,-0.091711670457267802,0.039391821424612242,0.040651824740321203,-0.0032500285293123043,0.015831855244326502,0.0014768194046945115,-0.20528412363276144,0.20528412363276144,False,999,False,0.0032500285293123043,0.83735014742387204,False,-0.094698905677915099,,,,,,,False,,,,,,,,,,,,,78.16320118395663,0.031651794741863526,55.075319681397083,0.048165833685642173,25.533804337726149,0.12380785023261515,False,8.3266726846886741e-17,False,False,False,False,False,False,False,False,False,False,False,False,False,C1030,S22-B01,S22-B01-C0066,S22-B01-C0065,65,64
22,S22-P030,aligned_samples,twfe_scalar,csa,static,,,,,,retained,,-0.031513411699220339,-0.063214987011073295,0.082735639067453806,0.068399842871967501,0.031701575311852956,0.033285611108990101,0.0052078962849554586,0.95241079420322516,0.95241079420322516,False,999,False,-0.031701575311852956,0.34088868727446775,False,-0.090988860203628799,,,,,,,False,,,,,,,,,,,,,77.568657338152605,0.019188024779840076,50.397050915892436,0.036935171313063515,44.748099889507408,0.039684063437272925,False,2.7755575615628914e-17,False,False,False,False,False,False,False,False,False,False,False,False,False,C1031,S22-B01,S22-B01-C0070,S22-B01-C0068,69,67
22,S22-P030,aligned_samples,twfe_scalar,bjs,static,,,,,,retained,,-0.091277642619060545,-0.089721706259146897,0.039794756552142069,0.040274617318210998,-0.0015559363599136483,0.0148925064810228,0.0014919403499426454,-0.1044778031083179,0.1044778031083179,False,999,False,0.0015559363599136483,0.91679018241958965,False,-0.090988860203628799,,,,,,,False,,,,,,,,,,,,,80.169767085039027,0.02728966902310263,58.571357251752858,0.052439924955563551,28.50144173973052,0.14889329632497064,False,1.2490009027033011e-16,False,False,False,False,False,False,False,False,False,False,False,False,False,C1032,S22-B01,S22-B01-C0072,S22-B01-C0071,71,70
22,S22-P031,aligned_samples,twfe_scalar,csa,static,,,,,,retained,,-0.16793838713025988,-0.14244079414209709,0.089936448853188619,0.074127771061405598,-0.025497592988162787,0.040742298215038671,0.0059617782055056238,-0.62582608505749915,0.62582608505749915,False,999,False,0.025497592988162787,0.53142902035385142,False,-0.13564632987411659,,,,,,,False,,,,,,,,,,,,,83.787730475441748,0.024181281613791603,55.142372609626051,0.042901408783097117,56.948189942981458,0.033826885273377502,False,5.5511151231257827e-17,False,False,False,False,False,False,False,False,False,False,False,False,False,C1033,S22-B01,S22-B01-C0076,S22-B01-C0074,75,73
22,S22-P031,aligned_samples,twfe_scalar,bjs,static,,,,,,retained,,-0.14726062856920058,-0.13786533787293989,0.046117923202736021,0.046681836923274801,-0.0093952906962606886,0.016786446294019881,0.0020121359799413333,-0.55969503799072295,0.55969503799072295,False,999,False,0.0093952906962606886,0.5756874674757666,False,-0.13564632987411659,,,,,,,False,,,,,,,,,,,,,81.589763485124166,0.03012264605791648,59.696000089697712,0.046676686561720561,34.030047182380692,0.13046468833689115,False,2.2204460492503131e-16,False,False,False,False,False,False,False,False,False,False,False,False,False,C1034,S22-B01,S22-B01-C0078,S22-B01-C0077,77,76
22,S22-P032,aligned_samples,twfe_scalar,csa,static,,,,,,retained,,-0.071959875160816741,-0.089020543274923106,0.087885448770717162,0.073989301918415795,0.017060668114106364,0.036243431520661382,0.0059423412878059894,0.47072441538491044,0.47072441538491044,False,999,False,-0.017060668114106364,0.63783754666543957,False,-0.11730117058914891,,,,,,,False,,,,,,,,,,,,,80.991444022446842,0.020515285084154542,54.287947211316869,0.035903123211756725,49.140065129473172,0.037824014538279063,False,5.5511151231257827e-17,False,False,False,False,False,False,False,False,False,False,False,False,False,C1035,S22-B01,S22-B01-C0082,S22-B01-C0080,81,79
22,S22-P032,aligned_samples,twfe_scalar,bjs,static,,,,,,retained,,-0.12649461371178791,-0.121706984063728,0.044427952841937152,0.0447447063786163,-0.0047876296480599129,0.015314800576816478,0.001870694312963161,-0.31261456027755397,0.31261456027755397,False,999,False,0.0047876296480599129,0.75457351470666012,False,-0.11730117058914891,,,,,,,False,,,,,,,,,,,,,83.970013438510321,0.026020191276648612,64.33665907537889,0.033214116248963657,58.793705672592225,0.055045091764373465,False,3.1918911957973251e-16,False,False,False,False,False,False,False,False,False,False,False,False,False,C1036,S22-B01,S22-B01-C0084,S22-B01-C0083,83,82
22,S22-P033,aligned_samples,twfe_scalar,csa,static,,,,,,retained_fragile,,-0.10618817499819566,-0.0363352271455522,0.090394846659510947,0.071997064897371899,-0.069852947852643454,0.074087439627098808,0.0039329284729669395,-0.94284467386417126,0.94284467386417126,False,999,False,0.069852947852643454,0.34576035741181999,False,-0.13072046025500661,,,,,,,False,,,,,,,,,,,,,36.571476271042854,0.052418932778062706,5.8142558717957407,0.36896276963621499,4.4708220930943199,0.45642634982316871,False,4.163336342344337e-17,False,False,False,True,False,True,True,False,True,False,False,False,False,C1037,S22-B01,S22-B01-C0088,S22-B01-C0086,87,85
22,S22-P033,aligned_samples,twfe_scalar,bjs,static,,,,,,retained,,-0.13578390897860174,-0.15577830671115389,0.06842573058169614,0.079213207042168193,0.019994397732552155,0.021754551965008258,0.0052417761221730166,0.91909030186936169,0.91909030186936169,False,999,False,-0.019994397732552155,0.35804834146770487,False,-0.13072046025500661,,,,,,,False,,,,,,,,,,,,,28.73274585004641,0.06398663208986409,15.266124318835312,0.101483521058838,12.628114444057196,0.18713304969266054,False,1.6653345369377348e-16,False,False,False,False,False,False,False,False,False,False,False,False,False,C1038,S22-B01,S22-B01-C0090,S22-B01-C0089,89,88
22,S22-P034,aligned_samples,twfe_scalar,csa,static,,,,,,retained,,0.011978205787512432,-0.0216924655432888,0.089144449259366099,0.078329024047278997,0.033670671330801233,0.061320664496147655,0.0051609724738529098,0.54909175573132485,0.54909175573132485,False,999,False,-0.033670671330801233,0.58294248269187843,False,-0.072718633374291006,,,,,,,False,,,,,,,,,,,,,35.897121884353929,0.059700515491166228,10.168282400256201,0.14619933355850467,13.788905116513186,0.12405424074393109,False,1.0928757898653885e-16,False,False,False,False,False,False,False,False,False,False,False,False,False,C1039,S22-B01,S22-B01-C0094,S22-B01-C0092,93,91
22,S22-P034,aligned_samples,twfe_scalar,bjs,static,,,,,,retained,,-0.072790153393052545,-0.095108555121712096,0.062972220382708249,0.075230578185665004,0.022318401728659551,0.020988319196962493,0.0045923154456821279,1.0633725130257001,1.0633725130257001,False,999,False,-0.022318401728659551,0.28761305280302013,False,-0.072718633374291006,,,,,,,False,,,,,,,,,,,,,28.076143779072527,0.068280046478235684,14.096241100195476,0.11539421664494859,14.559531952429095,0.12338980447229557,False,9.7144514654701197e-17,False,False,False,False,False,False,False,False,False,False,False,False,False,C1040,S22-B01,S22-B01-C0096,S22-B01-C0095,95,94
22,S22-P049,aligned_samples,twfe_scalar,csa,static,,,,,,retained_fragile,,0.20151434229399223,0.1692734768475378,0.071255722804816513,0.044253020548201301,0.032240865446454436,0.069391848073305007,0.0011102396405238701,0.46462036019555836,0.46462036019555836,False,999,False,-0.032240865446454436,0.64220334924200295,False,0.1434106889973589,,,,,,,False,,,,,,,,,,,,,69.290721830247463,0.020061816518843183,5.7948070304314081,0.40546633234838697,3.877176373077436,0.5027063911129469,False,1.3877787807814457e-16,False,False,False,True,False,True,True,False,True,False,False,False,False,C1041,S22-B01,S22-B01-C0100,S22-B01-C0098,99,97
22,S22-P049,aligned_samples,twfe_scalar,bjs,static,,,,,,retained_fragile,,0.16257441691578403,0.2178167269044203,0.077419688069284121,0.077948366069294006,-0.055242309988636273,0.0117381248688907,0.0059659861490901278,-4.7062295388460029,4.7062295388460029,False,999,False,0.055242309988636273,2.5234038223567681e-06,True,0.1434106889973589,,,,,,,False,,,,,,,,,,,,,67.674585661860576,0.020235309246269109,43.785027999144511,0.057147625924525533,9.1608893725374578,0.27777864931036056,False,2.7755575615628914e-16,False,False,False,True,False,False,True,False,True,False,False,False,False,C1042,S22-B01,S22-B01-C0102,S22-B01-C0101,101,100
22,S22-P053,aligned_samples,twfe_scalar,csa,static,,,,,,retained_fragile,,-0.23242018572886758,-0.1957893109785121,0.039952184129759157,0.068302368375024597,-0.03663087475035548,0.052747868737481413,0.0017395264430145865,-0.69445222389291394,0.69445222389291394,False,999,False,0.03663087475035548,0.48739865250741921,False,-0.2458454659144822,,,,,,,False,,,,,,,,,,,,,69.290721830247463,0.020061816518843183,5.7948070304314081,0.40546633234838697,3.877176373077436,0.5027063911129469,False,5.5511151231257827e-17,False,False,False,True,False,True,True,False,True,False,False,False,False,C1043,S22-B01,S22-B01-C0106,S22-B01-C0104,105,103
22,S22-P053,aligned_samples,twfe_scalar,bjs,static,,,,,,retained_fragile,,-0.26277336841551174,-0.26259136161433477,0.035079093885952345,0.033461744490142199,-0.00018200680117697043,0.0080320314108270671,0.0011428588217992565,-0.02266012069270892,0.02266012069270892,False,999,False,0.00018200680117697043,0.98192138673754337,False,-0.2458454659144822,,,,,,,False,,,,,,,,,,,,,67.674585661860576,0.020235309246269109,43.785027999144511,0.057147625924525533,9.1608893725374578,0.27777864931036056,False,2.7755575615628914e-16,False,False,False,True,False,False,True,False,True,False,False,False,False,C1044,S22-B01,S22-B01-C0108,S22-B01-C0107,107,106
22,S22-P057,aligned_samples,twfe_scalar,csa,static,,,,,,retained,,-0.26023211117184414,-0.25397425832816328,0.046674019439352947,0.067027118840705294,-0.0062578528436808556,0.044039485534608742,0.0023658112322790608,-0.14209641115728014,0.14209641115728014,False,999,False,0.0062578528436808556,0.88700385289504979,False,-0.30931165236801861,,,,,,,False,,,,,,,,,,,,,69.221459767898239,0.020534362438182754,41.912601007226698,0.044931352152861564,44.215342815860154,0.03921783738936567,False,1.1102230246251565e-16,False,False,False,False,False,False,False,False,False,False,False,False,False,C1045,S22-B01,S22-B01-C0112,S22-B01-C0110,111,109
22,S22-P057,aligned_samples,twfe_scalar,bjs,static,,,,,,retained,,-0.32957072812520816,-0.33365921130906612,0.038980398654080407,0.038037359116936002,0.0040884831838579605,0.0075240147402804549,0.0014548506850049167,0.54339117146726423,0.54339117146726423,False,999,False,-0.0040884831838579605,0.58686050299342718,False,-0.30931165236801861,,,,,,,False,,,,,,,,,,,,,67.705543354723417,0.020806805425222487,49.506992549868208,0.040673436773255266,23.052212377942539,0.13718549637873634,False,8.8817841970012523e-16,False,False,False,False,False,False,False,False,False,False,False,False,False,C1046,S22-B01,S22-B01-C0114,S22-B01-C0113,113,112
22,S22-P059,aligned_samples,twfe_scalar,csa,static,,,,,,retained,,0.13058136803450673,0.1878625668958096,0.061216043568018935,0.0539831390975462,-0.057281198861302868,0.060357477607637308,0.0015092790968950916,-0.94903235078290971,0.94903235078290971,False,999,False,0.057281198861302868,0.34260415869620237,False,0.135794205354137,,,,,,,False,,,,,,,,,,,,,69.221459767898239,0.020534362438182754,41.912601007226698,0.044931352152861564,44.215342815860154,0.03921783738936567,False,2.2204460492503131e-16,False,False,False,False,False,False,False,False,False,False,False,False,False,C1047,S22-B01,S22-B01-C0118,S22-B01-C0116,117,115
22,S22-P059,aligned_samples,twfe_scalar,bjs,static,,,,,,retained,,0.16653502820411764,0.22672525337744939,0.090415798002652828,0.094089000985671398,-0.060190225173331752,0.013262213014242753,0.0084259351704515286,-4.538475223455646,4.538475223455646,False,999,False,0.060190225173331752,5.6662451816986475e-06,True,0.135794205354137,,,,,,,False,,,,,,,,,,,,,67.705543354723417,0.020806805425222487,49.506992549868208,0.040673436773255266,23.052212377942539,0.13718549637873634,False,3.8857805861880479e-16,False,False,False,False,False,False,False,False,False,False,False,False,False,C1048,S22-B01,S22-B01-C0120,S22-B01-C0119,119,118
22,S22-P061,aligned_samples,twfe_scalar,csa,static,,,,,,excluded,twfe; modern,0.30331643705841971,0.014132923074429799,0.23848580701851263,0.14500227938298471,0.28918351398398989,0.16070399935266258,0.026037682883795928,1.7994792609322741,1.7994792609322741,False,999,False,-0.28918351398398989,0.071942901633765807,False,0.2044650559591186,,,,,,,False,,,,,,,,,,,,,3.6198561157875466,0.39256713567282697,2.5630377638407831,0.55236251067178188,1.83735506251933,0.7197101087384602,False,6.591949208711867e-17,True,True,True,True,True,True,True,False,True,False,False,False,False,C1049,S22-B01,S22-B01-C0124,S22-B01-C0122,123,121
22,S22-P061,aligned_samples,twfe_scalar,bjs,static,,,,,,excluded,twfe; modern,0.23020919792562769,0.16458036356868841,0.10966744177536368,0.12257822815109271,0.065628834356939281,0.049886399237629636,0.012281858486658984,1.3155656724054565,1.3155656724054565,False,999,False,-0.065628834356939281,0.18831986157675107,False,0.2044650559591186,,,,,,,False,,,,,,,,,,,,,3.7583292836980502,0.34211791989672541,2.6869120657873857,0.43064515306840201,2.8566205442253443,0.52491681573668325,False,2.7755575615628914e-16,True,True,True,True,True,True,True,False,True,False,False,False,False,C1050,S22-B01,S22-B01-C0126,S22-B01-C0125,125,124
22,S22-P063,aligned_samples,twfe_scalar,csa,static,,,,,,excluded,twfe; modern,0.37666955709269329,0.23204990427522421,0.13569113337971542,0.2093305276298533,0.14461965281746908,0.13500114479707842,0.022003022189571383,1.0712476033803147,1.0712476033803147,False,999,False,-0.14461965281746908,0.28405811244922113,False,0.25095482730210827,,,,,,,False,,,,,,,,,,,,,3.6198561157875466,0.39256713567282697,2.5630377638407831,0.55236251067178188,1.83735506251933,0.7197101087384602,False,8.3266726846886741e-17,True,True,True,True,True,True,True,False,True,False,False,False,False,C1051,S22-B01,S22-B01-C0130,S22-B01-C0128,129,127
22,S22-P063,aligned_samples,twfe_scalar,bjs,static,,,,,,excluded,twfe; modern,0.24837357233359017,0.19693725956882149,0.071582766644698065,0.087769425790150707,0.051436312764768677,0.030806358785835115,0.0059392664212002408,1.6696654454475579,1.6696654454475579,False,999,False,-0.051436312764768677,0.094985574032196624,False,0.25095482730210827,,,,,,,False,,,,,,,,,,,,,3.7583292836980502,0.34211791989672541,2.6869120657873857,0.43064515306840201,2.8566205442253443,0.52491681573668325,False,2.2204460492503131e-16,True,True,True,True,True,True,True,False,True,False,False,False,False,C1052,S22-B01,S22-B01-C0132,S22-B01-C0131,131,130
22,S22-P066,aligned_samples,twfe_scalar,csa,static,,,,,,retained_fragile,,0.40076639751096976,0.32127369970909758,0.19247511558250902,0.13537884456569521,0.079492697801872181,0.1145550037138551,0.02112562639928077,0.6939260200317009,0.6939260200317009,False,999,False,-0.079492697801872181,0.48772860480108171,False,0.38556652147204251,,,,,,,False,,,,,,,,,,,,,69.290721830247463,0.020061816518843183,5.7948070304314081,0.40546633234838697,3.877176373077436,0.5027063911129469,False,1.6653345369377348e-16,False,False,False,True,False,True,True,False,True,False,False,False,False,C1053,S22-B01,S22-B01-C0136,S22-B01-C0134,135,133
22,S22-P066,aligned_samples,twfe_scalar,bjs,static,,,,,,retained_fragile,,0.35382506872240127,0.22537011420267211,0.17782294527391879,0.140192563116432,0.12845495451972916,0.054333293630047498,0.024161423911178474,2.364203344534423,2.364203344534423,False,999,False,-0.12845495451972916,0.018068891899643273,True,0.38556652147204251,,,,,,,False,,,,,,,,,,,,,67.674585661860576,0.020235309246269109,43.785027999144511,0.057147625924525533,9.1608893725374578,0.27777864931036056,False,4.163336342344337e-16,False,False,False,True,False,False,True,False,True,False,False,False,False,C1054,S22-B01,S22-B01-C0138,S22-B01-C0137,137,136
22,S22-P068,aligned_samples,twfe_scalar,csa,static,,,,,,retained_fragile,,0.46020822106206571,0.3748119862028641,0.21150408927132364,0.1456673001928625,0.085396234859201614,0.12316717641896094,0.025391394388475076,0.69333597913068101,0.69333597913068101,False,999,False,-0.085396234859201614,0.48809872896085299,False,0.46244682199063197,,,,,,,False,,,,,,,,,,,,,69.290721830247463,0.020061816518843183,5.7948070304314081,0.40546633234838697,3.877176373077436,0.5027063911129469,False,2.7755575615628914e-16,False,False,False,True,False,True,True,False,True,False,False,False,False,C1055,S22-B01,S22-B01-C0142,S22-B01-C0140,141,139
22,S22-P068,aligned_samples,twfe_scalar,bjs,static,,,,,,retained_fragile,,0.43795521480984789,0.28616313320087938,0.19048562764203933,0.14686465478167601,0.15179208160896851,0.058586637160630999,0.027210803554265545,2.5908993751047658,2.5908993751047658,False,999,False,-0.15179208160896851,0.0095725476924641544,True,0.46244682199063197,,,,,,,False,,,,,,,,,,,,,67.674585661860576,0.020235309246269109,43.785027999144511,0.057147625924525533,9.1608893725374578,0.27777864931036056,False,7.2164496600635175e-16,False,False,False,True,False,False,True,False,True,False,False,False,False,C1056,S22-B01,S22-B01-C0144,S22-B01-C0143,143,142
22,S22-P070,aligned_samples,twfe_scalar,csa,static,,,,,,retained_fragile,,0.51952870004737139,0.45372520884174877,0.19487929569098764,0.13667556236482681,0.065803491205622622,0.11854783867115516,0.021302279591577426,0.55507963656897785,0.55507963656897785,False,999,False,-0.065803491205622622,0.57884019058899994,False,0.51036776311567933,,,,,,,False,,,,,,,,,,,,,69.290721830247463,0.020061816518843183,5.7948070304314081,0.40546633234838697,3.877176373077436,0.5027063911129469,False,2.2204460492503131e-16,False,False,False,True,False,True,True,False,True,False,False,False,False,C1057,S22-B01,S22-B01-C0148,S22-B01-C0146,147,145
22,S22-P070,aligned_samples,twfe_scalar,bjs,static,,,,,,retained_fragile,,0.48239598078762319,0.35688098168638721,0.18255833775778407,0.15240639341451989,0.12551499910123598,0.05643041957278646,0.026685431592672955,2.2242435915143455,2.2242435915143455,False,999,False,-0.12551499910123598,0.02613205963367355,True,0.51036776311567933,,,,,,,False,,,,,,,,,,,,,67.674585661860576,0.020235309246269109,43.785027999144511,0.057147625924525533,9.1608893725374578,0.27777864931036056,False,4.4408920985006262e-16,False,False,False,True,False,False,True,False,True,False,False,False,False,C1058,S22-B01,S22-B01-C0150,S22-B01-C0149,149,148
22,S22-P072,aligned_samples,twfe_scalar,csa,static,,,,,,retained_fragile,,0.43088546628095414,0.32998469543349962,0.20554952253479322,0.13194827376922391,0.10090077084745452,0.12475753269533583,0.022048255600365871,0.80877497869294412,0.80877497869294412,False,999,False,-0.10090077084745452,0.41864459103698859,False,0.3946213885266045,,,,,,,False,,,,,,,,,,,,,69.290721830247463,0.020061816518843183,5.7948070304314081,0.40546633234838697,3.877176373077436,0.5027063911129469,False,1.6653345369377348e-16,False,False,False,True,False,True,True,False,True,False,False,False,False,C1059,S22-B01,S22-B01-C0154,S22-B01-C0152,153,151
22,S22-P072,aligned_samples,twfe_scalar,bjs,static,,,,,,retained_fragile,,0.37458998104549251,0.2084297891508603,0.18040594410379293,0.14516763438267469,0.16616019189463221,0.050277085572412145,0.025546080703293571,3.3048890961533184,3.3048890961533184,False,999,False,-0.16616019189463221,0.0009501398904540883,True,0.3946213885266045,,,,,,,False,,,,,,,,,,,,,67.674585661860576,0.020235309246269109,43.785027999144511,0.057147625924525533,9.1608893725374578,0.27777864931036056,False,2.4980018054066022e-16,False,False,False,True,False,False,True,False,True,False,False,False,False,C1060,S22-B01,S22-B01-C0156,S22-B01-C0155,155,154
22,S22-P086,aligned_samples,twfe_scalar,csa,static,,,,,,retained_fragile,,0.15332406899634229,0.097742064585279301,0.051154421893435928,0.080258434847954502,0.055582004411062993,0.059728012248748102,0.0027453778981541949,0.93058520313017767,0.93058520313017767,False,999,False,-0.055582004411062993,0.35206817153121561,False,0.1602418002423768,,,,,,,False,,,,,,,,,,,,,56.06319215960243,0.028558409786069758,5.9284107314282766,0.39704986381578555,3.9524753428652684,0.49664527029737066,False,5.5511151231257827e-17,False,False,False,True,False,True,True,False,True,False,False,False,False,C1061,S22-B01,S22-B01-C0160,S22-B01-C0158,159,157
22,S22-P086,aligned_samples,twfe_scalar,bjs,static,,,,,,retained,,0.17031029996394739,0.21337565774396211,0.056612765771005644,0.067327216063645196,-0.043065357780014718,0.023692804053803484,0.0035883051535957936,-1.8176555920615607,1.8176555920615607,False,999,False,0.043065357780014718,0.069116789113070981,False,0.1602418002423768,,,,,,,False,,,,,,,,,,,,,57.617908394451433,0.02556457303969115,37.902800433265448,0.054580811198728471,17.808329753062129,0.16306202207235315,False,1.1102230246251565e-16,False,False,False,False,False,False,False,False,False,False,False,False,False,C1062,S22-B01,S22-B01-C0162,S22-B01-C0161,161,160
22,S22-P087,aligned_samples,twfe_scalar,csa,static,,,,,,retained_fragile,,0.16760714133308255,0.12741622807846029,0.067979355115043397,0.090936622162538505,0.040190913254622262,0.062645375341126699,0.0044831094602794134,0.64156233458205369,0.64156233458205369,False,999,False,-0.040190913254622262,0.52115739539866546,False,0.17792822797505881,,,,,,,False,,,,,,,,,,,,,56.06319215960243,0.028558409786069758,5.9284107314282766,0.39704986381578555,3.9524753428652684,0.49664527029737066,False,8.3266726846886741e-17,False,False,False,True,False,True,True,False,True,False,False,False,False,C1063,S22-B01,S22-B01-C0166,S22-B01-C0164,165,163
22,S22-P087,aligned_samples,twfe_scalar,bjs,static,,,,,,retained,,0.19680161905869312,0.25746043026973681,0.075687690234152435,0.090461990272370701,-0.060658811211043689,0.033063751956336526,0.006409393221794687,-1.8346015688464143,1.8346015688464143,False,999,False,0.060658811211043689,0.066564746063764182,False,0.17792822797505881,,,,,,,False,,,,,,,,,,,,,57.617908394451433,0.02556457303969115,37.902800433265448,0.054580811198728471,17.808329753062129,0.16306202207235315,False,1.6653345369377348e-16,False,False,False,False,False,False,False,False,False,False,False,False,False,C1064,S22-B01,S22-B01-C0168,S22-B01-C0167,167,166
22,S22-P088,aligned_samples,twfe_scalar,csa,static,,,,,,retained_fragile,,0.16248735757236565,0.10873533155478721,0.05609814444176546,0.080434832118134,0.053752026017578447,0.057582958503718647,0.0031504834588203037,0.93347107224626535,0.93347107224626535,False,999,False,-0.053752026017578447,0.35057679955594201,False,0.17050953680676309,,,,,,,False,,,,,,,,,,,,,56.06319215960243,0.028558409786069758,5.9284107314282766,0.39704986381578555,3.9524753428652684,0.49664527029737066,False,2.4980018054066022e-16,False,False,False,True,False,True,True,False,True,False,False,False,False,C1065,S22-B01,S22-B01-C0172,S22-B01-C0170,171,169
22,S22-P088,aligned_samples,twfe_scalar,bjs,static,,,,,,retained,,0.18315016992757671,0.23219102665794719,0.06228066283520238,0.074166429264627895,-0.04904085673037048,0.026700182280970538,0.00433332022961008,-1.836723667812648,1.836723667812648,False,999,False,0.04904085673037048,0.066250699450712588,False,0.17050953680676309,,,,,,,False,,,,,,,,,,,,,57.617908394451433,0.02556457303969115,37.902800433265448,0.054580811198728471,17.808329753062129,0.16306202207235315,False,1.9428902930940239e-16,False,False,False,False,False,False,False,False,False,False,False,False,False,C1066,S22-B01,S22-B01-C0174,S22-B01-C0173,173,172
22,S22-P089,aligned_samples,twfe_scalar,csa,static,,,,,,retained_fragile,,0.16379702397002199,0.17065249563839521,0.035243875811924542,0.072322654059731803,-0.0068554716683732198,0.058028316205001325,0.0015527057954511907,-0.11814011015164287,0.11814011015164287,False,999,False,0.0068554716683732198,0.90595664266561782,False,0.15542443280402929,,,,,,,False,,,,,,,,,,,,,56.06319215960243,0.028558409786069758,5.9284107314282766,0.39704986381578555,3.9524753428652684,0.49664527029737066,False,2.7755575615628914e-17,False,False,False,True,False,True,True,False,True,False,False,False,False,C1067,S22-B01,S22-B01-C0178,S22-B01-C0176,177,175
22,S22-P089,aligned_samples,twfe_scalar,bjs,static,,,,,,retained,,0.16039616404944124,0.17544864631762611,0.039874662583976497,0.0509728049539169,-0.015052482268184869,0.016305343404404683,0.0019611756687602389,-0.9231625421712143,0.9231625421712143,False,999,False,0.015052482268184869,0.35592250599078568,False,0.15542443280402929,,,,,,,False,,,,,,,,,,,,,57.617908394451433,0.02556457303969115,37.902800433265448,0.054580811198728471,17.808329753062129,0.16306202207235315,False,3.0531133177191805e-16,False,False,False,False,False,False,False,False,False,False,False,False,False,C1068,S22-B01,S22-B01-C0180,S22-B01-C0179,179,178
22,S22-P090,aligned_samples,twfe_scalar,csa,static,,,,,,retained_fragile,,0.15548209330864299,0.15816172367256229,0.043259695388574437,0.089134457298365097,-0.0026796303639192998,0.079946768661467271,0.0017124334517880804,-0.033517681937416784,0.033517681937416784,False,999,False,0.0026796303639192998,0.97326176560668365,False,0.14405739542181811,,,,,,,False,,,,,,,,,,,,,56.06319215960243,0.028558409786069758,5.9284107314282766,0.39704986381578555,3.9524753428652684,0.49664527029737066,False,5.5511151231257827e-17,False,False,False,True,False,True,True,False,True,False,False,False,False,C1069,S22-B01,S22-B01-C0184,S22-B01-C0182,183,181
22,S22-P090,aligned_samples,twfe_scalar,bjs,static,,,,,,retained,,0.1574539896800328,0.1826853954849742,0.048132462274427225,0.058870653667188202,-0.025231405804941404,0.021080119299620909,0.0026690581790574661,-1.1969289853779503,1.1969289853779503,False,999,False,0.025231405804941404,0.23133423536701334,False,0.14405739542181811,,,,,,,False,,,,,,,,,,,,,57.617908394451433,0.02556457303969115,37.902800433265448,0.054580811198728471,17.808329753062129,0.16306202207235315,False,1.9428902930940239e-16,False,False,False,False,False,False,False,False,False,False,False,False,False,C1070,S22-B01,S22-B01-C0186,S22-B01-C0185,185,184
22,S22-P001,aligned_samples,scalar,csa,static,,,,,,retained_fragile,,-0.11016730295008373,-0.068153457433147033,0.048414831225289071,0.078897101533053918,-0.042013845516936696,0.061152727287527124,0.00241454622909379,-0.68703142738665646,0.68703142738665646,False,999,False,0.042013845516936696,0.49206292424461384,False,-0.10905718028501372,,,,,,,False,,,,,,,,,,,,,49.657024316235763,0.048898685751416975,9.1935506005520082,0.30597593724225547,6.9974169784719722,0.36025859852980313,False,3.8857805861880479e-16,False,False,False,True,False,True,True,False,True,False,False,False,False,C1071,S22-B01,S22-B01-C0190,S22-B01-C0188,189,187
22,S22-P001,aligned_samples,scalar,bjs,static,,,,,,retained_fragile,,-0.11054940029834098,-0.11369526482774563,0.047246978766386137,0.049039696517973026,0.0031458645294046433,0.022760057121537232,0.0020595743184753002,0.13821865703613706,0.13821865703613706,False,999,False,-0.0031458645294046433,0.89006761043607863,False,-0.10905718028501372,,,,,,,False,,,,,,,,,,,,,45.248593296732075,0.05396503441539182,6.6495109047627246,0.36594710920443013,2.9437791360703649,0.5699083189470544,False,1.6653345369377348e-16,False,False,False,True,False,True,True,False,True,False,False,False,False,C1072,S22-B01,S22-B01-C0192,S22-B01-C0191,191,190
22,S22-P002,aligned_samples,scalar,csa,static,,,,,,retained_fragile,,-0.049538265079158116,-0.053631892381695898,0.054228318518247866,0.077871692346409588,0.004093627302537782,0.046535167692205864,0.0034195945830343437,0.087968465690592537,0.087968465690592537,False,999,False,-0.004093627302537782,0.92990173968297418,False,-0.080188359937242201,,,,,,,False,,,,,,,,,,,,,43.787502927526567,0.057885435993876737,6.9362402684060562,0.36551628470214564,5.1591632564546615,0.43190113820433079,False,4.4408920985006262e-16,False,False,False,True,False,True,True,False,True,False,False,False,False,C1073,S22-B01,S22-B01-C0196,S22-B01-C0194,195,193
22,S22-P002,aligned_samples,scalar,bjs,static,,,,,,excluded,modern,-0.07810519321165596,-0.07996066173559413,0.052730978323175019,0.063077988525330086,0.0018554685239381696,0.033135896400296863,0.0028307005405348103,0.055995724441048972,0.055995724441048972,False,999,False,-0.0018554685239381696,0.95534521322079768,False,-0.080188359937242201,,,,,,,False,,,,,,,,,,,,,40.585815081269757,0.057701004609094338,4.6368583025864503,0.45655685455344508,2.1278302697455937,0.68210555356949831,False,1.609823385706477e-15,False,True,True,True,False,True,True,False,True,False,False,False,False,C1074,S22-B01,S22-B01-C0198,S22-B01-C0197,197,196
22,S22-P003,aligned_samples,scalar,csa,static,,,,,,retained_fragile,,-0.15972570828774502,-0.11086471687905441,0.066820438086805434,0.095279608362258628,-0.048860991408690602,0.068245127769459901,0.0044428886257540379,-0.71596307319914176,0.71596307319914176,False,999,False,0.048860991408690602,0.47401415053138013,False,-0.16341236435376877,,,,,,,False,,,,,,,,,,,,,51.472022903546225,0.046459397309504741,9.3693563849905654,0.30338207521306726,7.1908739811713946,0.35512533472006275,False,3.3306690738754696e-16,False,False,False,True,False,True,True,False,True,False,False,False,False,C1075,S22-B01,S22-B01-C0202,S22-B01-C0200,201,199
22,S22-P003,aligned_samples,scalar,bjs,static,,,,,,retained_fragile,,-0.16730687676649092,-0.15047758817961332,0.071667689486539107,0.069796949744705419,-0.0168292885868776,0.033684872637793593,0.0044366006326897727,-0.49960968437789355,0.49960968437789355,False,999,False,0.0168292885868776,0.61734993745873767,False,-0.16341236435376877,,,,,,,False,,,,,,,,,,,,,47.95339520272254,0.046963373092754161,6.7182746099121644,0.36426369796308622,2.9602816364640288,0.56884322896586825,False,1.7208456881689926e-15,False,False,False,True,False,True,True,False,True,False,False,False,False,C1076,S22-B01,S22-B01-C0204,S22-B01-C0203,203,202
22,S22-P004,aligned_samples,scalar,csa,static,,,,,,retained_fragile,,-0.13074906824526922,-0.09046195860449921,0.080175027558455875,0.10195819543792312,-0.040287109640770008,0.062386129281106276,0.0064657397671389885,-0.64577030351153741,0.64577030351153741,False,999,False,0.040287109640770008,0.51842812275766947,False,-0.16187558600562482,,,,,,,False,,,,,,,,,,,,,46.171576653500622,0.053389783700146819,7.0676804213825273,0.36249819408071843,5.3843275439693548,0.42264142267331017,False,4.163336342344337e-16,False,False,False,True,False,True,True,False,True,False,False,False,False,C1077,S22-B01,S22-B01-C0208,S22-B01-C0206,207,205
22,S22-P004,aligned_samples,scalar,bjs,static,,,,,,excluded,modern,-0.16113646299655482,-0.13381635280319187,0.083983395851816023,0.089712220272580009,-0.027320110193362945,0.047349900882830809,0.0064297400657124222,-0.57698347164374497,0.57698347164374497,False,999,False,0.027320110193362945,0.56395062099657334,False,-0.16187558600562482,,,,,,,False,,,,,,,,,,,,,42.598728957524301,0.054359561730647474,4.7808498336636287,0.44984021509502475,2.210891847189786,0.66935228408867942,False,1.5820678100908481e-15,False,True,True,True,False,True,True,False,True,False,False,False,False,C1078,S22-B01,S22-B01-C0210,S22-B01-C0209,209,208
22,S22-P005,aligned_samples,scalar,csa,static,,,,,,retained,,-0.10560434703467449,-0.1024400703665434,0.093823554375506601,0.14398316332030112,-0.0031642766681310858,0.085815576657181689,0.011084848739184762,-0.036872987298935497,0.036872987298935497,False,999,False,0.0031642766681310858,0.97058627810814402,False,-0.13284053665129633,,,,,,,False,,,,,,,,,,,,,30.874631522473987,0.070024541615654037,15.077871310127078,0.11658079429880343,16.832391017804131,0.11851506821079145,False,1.9428902930940239e-16,False,False,False,False,False,False,False,False,False,False,False,False,False,C1079,S22-B01,S22-B01-C0214,S22-B01-C0212,213,211
22,S22-P005,aligned_samples,scalar,bjs,static,,,,,,retained,,-0.13597311925483063,-0.15544166736112208,0.11216078957249553,0.13686736777116404,0.01946854810629145,0.049331954874505687,0.014439538653196212,0.394643758914825,0.394643758914825,False,999,False,-0.01946854810629145,0.69310581438487207,False,-0.13284053665129633,,,,,,,False,,,,,,,,,,,,,23.792686595751519,0.098918400056244249,20.306425965934171,0.088458258391386366,15.700204237645849,0.1165439932817262,False,2.7755575615628914e-16,False,False,False,False,False,False,False,False,False,False,False,False,False,C1080,S22-B01,S22-B01-C0216,S22-B01-C0215,215,214
22,S22-P006,aligned_samples,scalar,csa,static,,,,,,retained,,-0.087414293052524294,-0.12315022238043957,0.10555827855865607,0.14649359889862387,0.035735929327915278,0.088550590698647777,0.012380858788729136,0.40356511510499715,0.40356511510499715,False,999,False,-0.035735929327915278,0.68653254285846577,False,-0.14208275230392126,,,,,,,False,,,,,,,,,,,,,28.843336320680365,0.074518045055598767,12.531150674940598,0.13413341962305517,14.808640486582556,0.13704839582160594,False,8.6042284408449632e-16,False,False,False,False,False,False,False,False,False,False,False,False,False,C1081,S22-B01,S22-B01-C0220,S22-B01-C0218,219,217
22,S22-P006,aligned_samples,scalar,bjs,static,,,,,,retained,,-0.13802766313053144,-0.14494669253629694,0.12131088047707406,0.14312811893746039,0.0069190294057654977,0.05023635517760263,0.016339148385584257,0.13772952638192743,0.13772952638192743,False,999,False,-0.0069190294057654977,0.89045418309905933,False,-0.14208275230392126,,,,,,,False,,,,,,,,,,,,,19.586315676133044,0.12486121760882543,17.94525611526424,0.10139185533966008,14.987015178306047,0.12846010114422809,False,3.8857805861880479e-16,False,False,False,False,False,False,False,False,False,False,False,False,False,C1082,S22-B01,S22-B01-C0222,S22-B01-C0221,221,220
22,S22-P007,aligned_samples,scalar,csa,static,,,,,,retained,,-0.26364657664848157,-0.17091004966165799,0.042585173094423195,0.065575921025132308,-0.092736526986823581,0.045065683647531177,0.002041391271578508,-2.0578080588355601,2.0578080588355601,False,999,False,0.092736526986823581,0.039608562170658397,True,-0.32945271869189641,,,,,,,False,,,,,,,,,,,,,63.331684386905593,0.022985517012582998,36.907057494908088,0.056876479561630069,38.264582627555683,0.047111202741576083,False,5.8286708792820718e-16,False,False,False,False,False,False,False,False,False,False,False,False,False,C1083,S22-B01,S22-B01-C0226,S22-B01-C0224,225,223
22,S22-P007,aligned_samples,scalar,bjs,static,,,,,,retained_fragile,,-0.32897707689592154,-0.32483423353612639,0.041286941052142229,0.042973070727244392,-0.0041428433597951453,0.011914194979179692,0.0017046741335849526,-0.34772331383151373,0.34772331383151373,False,999,False,0.0041428433597951453,0.72804798611219979,False,-0.32945271869189641,,,,,,,False,,,,,,,,,,,,,61.407851199221987,0.025661619839625321,39.792637508934277,0.063707812829637542,8.5901091807876497,0.30355205207302832,False,8.8817841970012523e-16,False,False,False,True,False,False,True,False,True,False,False,False,False,C1084,S22-B01,S22-B01-C0228,S22-B01-C0227,227,226
22,S22-P008,aligned_samples,scalar,csa,static,,,,,,retained,,-0.24072435113311294,-0.16158842662816852,0.044507740651359658,0.064878697379403924,-0.079135924504944416,0.039853197264237493,0.0023009535096773699,-1.9856857150067986,1.9856857150067986,False,999,False,0.079135924504944416,0.047068232152881362,True,-0.32246750212730091,,,,,,,False,,,,,,,,,,,,,60.600412841154814,0.02589706274118124,36.5318159144772,0.047921413679444941,39.249960164924225,0.042735012837324893,False,1.1102230246251565e-16,False,False,False,False,False,False,False,False,False,False,False,False,False,C1085,S22-B01,S22-B01-C0232,S22-B01-C0230,231,229
22,S22-P008,aligned_samples,scalar,bjs,static,,,,,,retained,,-0.32203757918852444,-0.32820715594010019,0.039882693646707067,0.040800208287727839,0.006169576751575756,0.0085340515799187111,0.0015912281062351757,0.72293642636204014,0.72293642636204014,False,999,False,-0.006169576751575756,0.46971894291704996,False,-0.32246750212730091,,,,,,,False,,,,,,,,,,,,,59.026949464550988,0.028238332099251647,44.890525565052172,0.046462392581450795,25.920651395622283,0.12175763662333665,False,1.9984014443252818e-15,False,False,False,False,False,False,False,False,False,False,False,False,False,C1086,S22-B01,S22-B01-C0234,S22-B01-C0233,233,232
22,S22-P009,aligned_samples,scalar,csa,static,,,,,,retained_fragile,,-0.29576885290488192,-0.17232396258124691,0.04790725081992462,0.068875957890061193,-0.12344489032363501,0.053406481210813747,0.0020933750105378247,-2.311421526468961,2.311421526468961,False,999,False,0.12344489032363501,0.020809583063103373,True,-0.34282566701117134,,,,,,,False,,,,,,,,,,,,,70.623086404867678,0.025235838323011177,5.785937932403991,0.40532873138281639,3.8092570532669128,0.50682784142402071,False,1.9428902930940239e-16,False,False,False,True,False,True,True,False,True,False,False,False,False,C1087,S22-B01,S22-B01-C0238,S22-B01-C0236,237,235
22,S22-P009,aligned_samples,scalar,bjs,static,,,,,,retained_fragile,,-0.35833962095106814,-0.3563437270502644,0.044985877305665861,0.045897515096273656,-0.0019958939008037357,0.012332281626896731,0.0019891129394239981,-0.16184303612161169,0.16184303612161169,False,999,False,0.0019958939008037357,0.8714294618443772,False,-0.34282566701117134,,,,,,,False,,,,,,,,,,,,,68.506768501990209,0.023800662017964266,45.178093135557226,0.057599159610205786,10.407107289329423,0.27550622745567555,False,7.2164496600635175e-16,False,False,False,True,False,False,True,False,True,False,False,False,False,C1088,S22-B01,S22-B01-C0240,S22-B01-C0239,239,238
22,S22-P010,aligned_samples,scalar,csa,static,,,,,,retained,,-0.26896350094837301,-0.21177406577403529,0.051648342052913,0.070239590289482942,-0.057189435174337722,0.047883413104726755,0.0026541650151456048,-1.1943475092148836,1.1943475092148836,False,999,False,0.057189435174337722,0.2323420605741259,False,-0.33868669299481491,,,,,,,False,,,,,,,,,,,,,67.130264574117433,0.023327252356120414,38.60303431005557,0.064059743270974634,36.852712796242884,0.091770177650279602,False,1.3877787807814457e-16,False,False,False,False,False,False,False,False,False,False,False,False,False,C1089,S22-B01,S22-B01-C0244,S22-B01-C0242,243,241
22,S22-P010,aligned_samples,scalar,bjs,static,,,,,,retained,,-0.35081773093726054,-0.35564505213890441,0.043727882356470543,0.044598553698394945,0.0048273212016438638,0.010357343690346804,0.0018969420595249893,0.46607714738123424,0.46607714738123424,False,999,False,-0.0048273212016438638,0.64116028027248273,False,-0.33868669299481491,,,,,,,False,,,,,,,,,,,,,65.278119420635235,0.025904710406482793,49.41976670344269,0.042155074766082053,33.644169472880215,0.092198884977349613,False,1.0547118733938987e-15,False,False,False,False,False,False,False,False,False,False,False,False,False,C1090,S22-B01,S22-B01-C0246,S22-B01-C0245,245,244
22,S22-P011,aligned_samples,scalar,csa,static,,,,,,retained_fragile,,0.015337757604641017,0.047246125214371104,0.096873339862810492,0.086235024891195222,-0.031908367609730086,0.094048998774421674,0.0039878546618447395,-0.33927386814890947,0.33927386814890947,False,999,False,0.031908367609730086,0.73440342664025904,False,-0.16133902760406421,,,,,,,False,,,,,,,,,,,,,36.204972885841343,0.057596712190418738,5.7475457139146764,0.28233850269737937,5.1927072567454458,0.31557327219767423,False,2.9837243786801082e-16,False,False,False,True,False,True,True,False,True,False,False,False,False,C1091,S22-B01,S22-B01-C0250,S22-B01-C0248,249,247
22,S22-P011,aligned_samples,scalar,bjs,static,,,,,,retained,,-0.16119112258269136,-0.21203368248284188,0.075603442530309692,0.07861135503912621,0.050842559900150519,0.017704737756122919,0.0057910839622541538,2.871692345884501,2.871692345884501,False,999,False,-0.050842559900150519,0.0040828023270269133,True,-0.16133902760406421,,,,,,,False,,,,,,,,,,,,,29.174917922508161,0.060464973742490685,15.801560586980532,0.092814823918558775,15.077941484648811,0.17689458490697341,False,7.2164496600635175e-16,False,False,False,False,False,False,False,False,False,False,False,False,False,C1092,S22-B01,S22-B01-C0252,S22-B01-C0251,251,250
22,S22-P012,aligned_samples,scalar,csa,static,,,,,,retained,,0.035998014443847801,-0.026085575592619335,0.098262359336545466,0.086760912240720453,0.062083590036467136,0.079367166976730047,0.0054418999806571128,0.78223265868453706,0.78223265868453706,False,999,False,-0.062083590036467136,0.43407785452881481,False,-0.15682369993867692,,,,,,,False,,,,,,,,,,,,,36.340655341428395,0.049528758363309125,10.593260896037371,0.12390598744964501,15.014390229130212,0.10320896950238539,False,2.8449465006019636e-16,False,False,False,False,False,False,False,False,False,False,False,False,False,C1093,S22-B01,S22-B01-C0256,S22-B01-C0254,255,253
22,S22-P012,aligned_samples,scalar,bjs,static,,,,,,retained,,-0.15476250719068521,-0.2106696936596946,0.078310996403574418,0.086453746353253355,0.055907186469009384,0.021103603297393685,0.0065807501720497744,2.6491772841424654,2.6491772841424654,False,999,False,-0.055907186469009384,0.0080687992490526515,True,-0.15682369993867692,,,,,,,False,,,,,,,,,,,,,28.142099050281576,0.066791198108339778,14.197620022487778,0.10571814798693488,16.168487391067366,0.10835450735339565,False,5.5511151231257827e-16,False,False,False,False,False,False,False,False,False,False,False,False,False,C1094,S22-B01,S22-B01-C0258,S22-B01-C0257,257,256
22,S22-P013,aligned_samples,scalar,csa,static,,,,,,retained,,-0.088913026020005018,-0.06484696988860128,0.050897030453036216,0.072457484862393437,-0.024066056131403737,0.043926640030943265,0.0029555225585566002,-0.54786926827207527,0.54786926827207527,False,999,False,0.024066056131403737,0.58378167184422025,False,-0.11912034800244153,,,,,,,False,,,,,,,,,,,,,76.673145722940717,0.026637343468975571,49.137190978219166,0.047507523599421807,54.753109938928588,0.035775230977816631,False,4.9960036108132044e-16,False,False,False,False,False,False,False,False,False,False,False,False,False,C1095,S22-B01,S22-B01-C0262,S22-B01-C0260,261,259
22,S22-P013,aligned_samples,scalar,bjs,static,,,,,,retained,,-0.11940914926593703,-0.11524889080138584,0.045858386568691768,0.048142344940505025,-0.0041602584645511892,0.017239701768131298,0.0020617348390000157,-0.24131847061540795,0.24131847061540795,False,999,False,0.0041602584645511892,0.80930829636582202,False,-0.11912034800244153,,,,,,,False,,,,,,,,,,,,,75.990394112392082,0.029347757550885513,55.050885257303413,0.050908438133203261,30.447672482818387,0.14397759125640566,False,3.7470027081099033e-16,False,False,False,False,False,False,False,False,False,False,False,False,False,C1096,S22-B01,S22-B01-C0264,S22-B01-C0263,263,262
22,S22-P014,aligned_samples,scalar,csa,static,,,,,,retained,,-0.058600378390956331,-0.03993714346832835,0.05618171249787425,0.073175113844019549,-0.018663234922627982,0.04077102763556497,0.0034243527054095097,-0.45775728513518893,0.45775728513518893,False,999,False,0.018663234922627982,0.6471268269792585,False,-0.09401070444133805,,,,,,,False,,,,,,,,,,,,,71.98762439521974,0.025503596071049305,49.406927775282,0.039315761148072656,56.457953096787627,0.032648648689275667,False,3.6082248300317588e-16,False,False,False,False,False,False,False,False,False,False,False,False,False,C1097,S22-B01,S22-B01-C0268,S22-B01-C0266,267,265
22,S22-P014,aligned_samples,scalar,bjs,static,,,,,,retained,,-0.094294221037080433,-0.092308032967902826,0.044872157252252923,0.048674794274378812,-0.0019861880691776079,0.016599218148709804,0.0020536060254877793,-0.11965551939758,0.11965551939758,False,999,False,0.0019861880691776079,0.90475603749363609,False,-0.09401070444133805,,,,,,,False,,,,,,,,,,,,,75.564651436951308,0.029653323742884433,61.206247573244234,0.035835030184854927,59.080441418771159,0.036377475360371662,False,1.9428902930940239e-16,False,False,False,False,False,False,False,False,False,False,False,False,False,C1098,S22-B01,S22-B01-C0270,S22-B01-C0269,269,268
22,S22-P015,aligned_samples,scalar,csa,static,,,,,,retained,,-0.12033675429196976,-0.084081366042667235,0.054893078159898467,0.078295257956354641,-0.036255388249302523,0.046273920339937727,0.0035010608723469666,-0.78349506553503556,0.78349506553503556,False,999,False,0.036255388249302523,0.43333645023292466,False,-0.15253475344387879,,,,,,,False,,,,,,,,,,,,,80.289100284658389,0.03072900759177442,54.556274827562966,0.043326271298650042,58.69116865593903,0.032252800181654093,False,3.1918911957973251e-16,False,False,False,False,False,False,False,False,False,False,False,False,False,C1099,S22-B01,S22-B01-C0274,S22-B01-C0272,273,271
22,S22-P015,aligned_samples,scalar,bjs,static,,,,,,retained,,-0.15206681515171538,-0.14436617862583104,0.050489115990377219,0.053574061132391632,-0.0077006365258843468,0.018481885397837444,0.0025388753859241016,-0.41665860165897328,0.41665860165897328,False,999,False,0.0077006365258843468,0.67692813894519066,False,-0.15253475344387879,,,,,,,False,,,,,,,,,,,,,80.181460817234651,0.029783240111038559,59.340555045434648,0.047879551667291465,36.676731590947817,0.12728884127069948,False,3.6082248300317588e-16,False,False,False,False,False,False,False,False,False,False,False,False,False,C1100,S22-B01,S22-B01-C0276,S22-B01-C0275,275,274
22,S22-P016,aligned_samples,scalar,csa,static,,,,,,retained,,-0.090748698648680792,-0.067085652000855547,0.060550527463269811,0.078203472470952023,-0.023663046647825245,0.042417260088552115,0.0039914627645876322,-0.55786362906102938,0.55786362906102938,False,999,False,0.023663046647825245,0.57693750923358877,False,-0.12441635098896679,,,,,,,False,,,,,,,,,,,,,76.757413025009171,0.025910679453999552,54.122016380917707,0.035878289068767909,59.305809564905225,0.03612281987565473,False,2.4980018054066022e-16,False,False,False,False,False,False,False,False,False,False,False,False,False,C1101,S22-B01,S22-B01-C0280,S22-B01-C0278,279,277
22,S22-P016,aligned_samples,scalar,bjs,static,,,,,,retained,,-0.12489817206410346,-0.12172221467386528,0.050091146062229391,0.054039930421302881,-0.0031759573902381821,0.017431372760418361,0.0025627921187270997,-0.18219777833274661,0.18219777833274661,False,999,False,0.0031759573902381821,0.85542751644784265,False,-0.12441635098896679,,,,,,,False,,,,,,,,,,,,,80.851967365393833,0.02725930640288167,64.886562575758475,0.033674041495050065,63.29157670123962,0.037470975598132013,False,9.7144514654701197e-17,False,False,False,False,False,False,False,False,False,False,False,False,False,C1102,S22-B01,S22-B01-C0282,S22-B01-C0281,281,280
22,S22-P017,aligned_samples,scalar,csa,static,,,,,,retained_fragile,,-0.023531846551347848,0.020488492013792374,0.080213122656689229,0.083769175254561346,-0.044020338565140218,0.06871200410749663,0.0043650401303489258,-0.64064990007091793,0.64064990007091793,False,999,False,0.044020338565140218,0.52175017129612589,False,-0.10844879307525923,,,,,,,False,,,,,,,,,,,,,36.229851486152967,0.060438745846414531,6.113670185135657,0.3595257355316242,5.2303665665462145,0.41703321079992972,False,4.4408920985006262e-16,False,False,False,True,False,True,True,False,True,False,False,False,False,C1103,S22-B01,S22-B01-C0286,S22-B01-C0284,285,283
22,S22-P017,aligned_samples,scalar,bjs,static,,,,,,retained,,-0.10543600511569799,-0.13482722885543741,0.066099259079782452,0.078397198436268925,0.029391223739739417,0.021409042577246271,0.005028442834738793,1.3728415754087333,1.3728415754087333,False,999,False,-0.029391223739739417,0.16980160272104439,False,-0.10844879307525923,,,,,,,False,,,,,,,,,,,,,30.143827154726978,0.064496096179234061,16.210347618932751,0.0984079148304388,13.496262418237174,0.18065702695102739,False,2.4980018054066022e-16,False,False,False,False,False,False,False,False,False,False,False,False,False,C1104,S22-B01,S22-B01-C0288,S22-B01-C0287,287,286
22,S22-P018,aligned_samples,scalar,csa,static,,,,,,retained,,-0.020547294566247005,-0.029373867487336298,0.081321675259685089,0.0815605678066844,0.0088265729210892929,0.066124648681079021,0.0044464359623971571,0.13348385355754544,0.13348385355754544,False,999,False,-0.0088265729210892929,0.89381073298979885,False,-0.095148129443039201,,,,,,,False,,,,,,,,,,,,,36.665724439270853,0.054956175611169091,10.829931430021547,0.14047424302421258,14.530821698571247,0.12043517356197116,False,1.1449174941446927e-16,False,False,False,False,False,False,False,False,False,False,False,False,False,C1105,S22-B01,S22-B01-C0292,S22-B01-C0290,291,289
22,S22-P018,aligned_samples,scalar,bjs,static,,,,,,retained,,-0.089088794007456187,-0.11755189591695549,0.06833961609831897,0.080847635543054991,0.0284631019094993,0.021608262910218674,0.0053698631376855694,1.3172323026502484,1.3172323026502484,False,999,False,-0.0284631019094993,0.18776076924400123,False,-0.095148129443039201,,,,,,,False,,,,,,,,,,,,,28.722156774841078,0.069171740334457082,15.135748039801481,0.11073133521103724,17.514491401983264,0.099780669141532524,False,6.8001160258290838e-16,False,False,False,False,False,False,False,False,False,False,False,False,False,C1106,S22-B01,S22-B01-C0294,S22-B01-C0293,293,292
22,S22-P035,aligned_samples,twfe_scalar,csa,static,,,,,,retained_fragile,,-0.13069657803160453,-0.1868420027507654,0.051505704314012878,0.079562105862156202,0.056145424719160869,0.0668200219003382,0.0022590254696709029,0.84024852315824661,0.84024852315824661,False,999,False,-0.056145424719160869,0.40076905720746581,False,-0.1198565777499014,,,,,,,False,,,,,,,,,,,,,51.061486248928908,0.055755266753536654,6.5224284058744919,0.38126998417702934,5.0722780667829808,0.43693009034201158,False,3.0531133177191805e-16,False,False,False,True,False,True,True,False,True,False,False,False,False,C1107,S22-B01,S22-B01-C0298,S22-B01-C0296,297,295
22,S22-P035,aligned_samples,twfe_scalar,bjs,static,,,,,,retained_fragile,,-0.12280508525990502,-0.12502851999817849,0.050864003402247317,0.051025531585927597,0.0022234347382734665,0.026281004991924147,0.0022500302461723942,0.084602348310374831,0.084602348310374831,False,999,False,-0.0022234347382734665,0.93257753208222816,False,-0.1198565777499014,,,,,,,False,,,,,,,,,,,,,46.841685648886717,0.055995707984036226,5.1299923446332922,0.43308242077881309,2.5623593203402972,0.62043155044086862,False,1.6653345369377348e-16,False,False,False,True,False,True,True,False,True,False,False,False,False,C1108,S22-B01,S22-B01-C0300,S22-B01-C0299,299,298
22,S22-P036,aligned_samples,twfe_scalar,csa,static,,,,,,retained_fragile,,-0.042053744323481482,-0.047571700180065603,0.057094093470734859,0.092933486234559895,0.0055179558565841211,0.056426254949910631,0.0043562230626409161,0.097790573935526801,0.097790573935526801,False,999,False,-0.0055179558565841211,0.92209859241729153,False,-0.039977336631018101,,,,,,,False,,,,,,,,,,,,,42.798129125020687,0.074227753287493495,5.3266002411201772,0.42377560756921534,4.3970776472016055,0.47062121153610043,False,4.0245584642661925e-16,False,False,False,True,False,True,True,False,True,False,False,False,False,C1109,S22-B01,S22-B01-C0304,S22-B01-C0302,303,301
22,S22-P036,aligned_samples,twfe_scalar,bjs,static,,,,,,excluded,modern,-0.039037755526876453,-0.019536965532099201,0.061398377927905673,0.069709400430135099,-0.019500789994777251,0.031066634884611588,0.0038320127587265409,-0.62770847461295809,0.62770847461295809,False,999,False,0.019500789994777251,0.53019493269899565,False,-0.039977336631018101,,,,,,,False,,,,,,,,,,,,,40.337490900157384,0.077401777311419784,3.7378251543135095,0.51176788841252041,2.1584801386600732,0.67736747754523685,False,1.5890067039947553e-15,False,True,True,True,False,True,True,False,True,False,False,False,False,C1110,S22-B01,S22-B01-C0306,S22-B01-C0305,305,304
22,S22-P037,aligned_samples,twfe_scalar,csa,static,,,,,,retained_fragile,,-0.13647409032682697,-0.081245024768419799,0.094701958299925101,0.12115490407966351,-0.055229065558407175,0.073507617119440413,0.0091218009569074901,-0.75133799356693953,0.75133799356693953,False,999,False,0.055229065558407175,0.45244926929302876,False,-0.1503690682993645,,,,,,,False,,,,,,,,,,,,,43.743358952077273,0.073941948161798957,5.3972966738542034,0.42123433570967483,4.4387562341689621,0.46854453935161849,False,2.2204460492503131e-15,False,False,False,True,False,True,True,False,True,False,False,False,False,C1111,S22-B01,S22-B01-C0310,S22-B01-C0308,309,307
22,S22-P037,aligned_samples,twfe_scalar,bjs,static,,,,,,excluded,modern,-0.15249239141449489,-0.078129852324597404,0.10774858394499595,0.1135022561430937,-0.074362539089897484,0.054854896361211561,0.010741729918462518,-1.355622633943758,1.355622633943758,False,999,False,0.074362539089897484,0.17521926654351913,False,-0.1503690682993645,,,,,,,False,,,,,,,,,,,,,40.878756103433339,0.079607147021791461,3.8523969004123964,0.50425543978391174,2.2541683883441013,0.66275956187528795,False,5.5511151231257827e-15,False,True,True,True,False,True,True,False,True,False,False,False,False,C1112,S22-B01,S22-B01-C0312,S22-B01-C0311,311,310
22,S22-P038,aligned_samples,twfe_scalar,csa,static,,,,,,retained,,-0.14954766074725898,-0.18801969072341099,0.083175943270563935,0.1574541719931489,0.038472029976152011,0.10481692672281522,0.010361732844690092,0.36704024034104704,0.36704024034104704,False,999,False,-0.038472029976152011,0.71358900211864207,False,-0.16927356223440321,,,,,,,False,,,,,,,,,,,,,30.574935036395321,0.071556751806051547,13.975626513133291,0.12278290493885084,15.622862030820079,0.12232049713742167,False,7.4940054162198066e-16,False,False,False,False,False,False,False,False,False,False,False,False,False,C1113,S22-B01,S22-B01-C0316,S22-B01-C0314,315,313
22,S22-P038,aligned_samples,twfe_scalar,bjs,static,,,,,,retained,,-0.18069635334660977,-0.21922513521503509,0.10887335992299438,0.1595214183611334,0.038528781868425316,0.068781032032829703,0.016284830524684244,0.56016580050783826,0.56016580050783826,False,999,False,-0.038528781868425316,0.57536635181866636,False,-0.16927356223440321,,,,,,,False,,,,,,,,,,,,,24.675837932737483,0.08858447034042688,18.970315646106904,0.095057704270143206,16.194009359147522,0.113278414816816,False,4.163336342344337e-16,False,False,False,False,False,False,False,False,False,False,False,False,False,C1114,S22-B01,S22-B01-C0318,S22-B01-C0317,317,316
22,S22-P039,aligned_samples,twfe_scalar,csa,static,,,,,,retained,,-0.14299566940934511,-0.19470079015328839,0.10060493022365245,0.18678464627315039,0.051705120743943289,0.12432997472952785,0.014775956726223446,0.41587011383557804,0.41587011383557804,False,999,False,-0.051705120743943289,0.67750504969896608,False,-0.15960262892488289,,,,,,,False,,,,,,,,,,,,,30.69576543847219,0.080286881058467832,11.796553887059016,0.14048400177059753,14.10157770886614,0.13676114321030608,False,4.163336342344337e-16,False,False,False,False,False,False,False,False,False,False,False,False,False,C1115,S22-B01,S22-B01-C0322,S22-B01-C0320,321,319
22,S22-P039,aligned_samples,twfe_scalar,bjs,static,,,,,,retained,,-0.17937399616368768,-0.21633328425089571,0.1417340517574886,0.2065731759037458,0.036959288087208025,0.086502786280837296,0.027639143198103081,0.42726124413168765,0.42726124413168765,False,999,False,-0.036959288087208025,0.66918905777253912,False,-0.15960262892488289,,,,,,,False,,,,,,,,,,,,,21.974501389028681,0.1105986880905305,17.015139635095323,0.11041045171857167,14.925576385456065,0.12419841289156154,False,3.8857805861880479e-16,False,False,False,False,False,False,False,False,False,False,False,False,False,C1116,S22-B01,S22-B01-C0324,S22-B01-C0323,323,322
22,S22-P040,aligned_samples,twfe_scalar,csa,static,,,,,,retained,,-0.22626938739967878,-0.184579974404012,0.042218920212852715,0.080526861965073707,-0.04168941299566678,0.059129893943447129,0.0023853341820589827,-0.70504799206200619,0.70504799206200619,False,999,False,0.04168941299566678,0.48078037033806748,False,-0.2603783052100378,,,,,,,False,,,,,,,,,,,,,71.383383312784588,0.028111817223967529,43.500332488774568,0.049660026123346065,44.694862559697853,0.045340592581233047,False,1.6653345369377348e-16,False,False,False,False,False,False,False,False,False,False,False,False,False,C1117,S22-B01,S22-B01-C0328,S22-B01-C0326,327,325
22,S22-P040,aligned_samples,twfe_scalar,bjs,static,,,,,,retained,,-0.26058903381841364,-0.2641024165359882,0.040782427876344805,0.043074940519757597,0.0035133827175745647,0.012071664501900285,0.0016864659202117419,0.29104376757832351,0.29104376757832351,False,999,False,-0.0035133827175745647,0.77101784597274992,False,-0.2603783052100378,,,,,,,False,,,,,,,,,,,,,69.314138050400587,0.028595095405708724,45.05723916012456,0.056359605574445693,10.833167416549967,0.22099016257087725,False,1.1102230246251565e-15,False,False,False,False,False,False,False,False,False,False,False,False,False,C1118,S22-B01,S22-B01-C0330,S22-B01-C0329,329,328
22,S22-P041,aligned_samples,twfe_scalar,csa,static,,,,,,retained,,-0.23741037140536944,-0.18432196786594879,0.050724469246777731,0.081852481484128395,-0.053088403539420653,0.053748769895370314,0.0031919351201057083,-0.98771383313078309,0.98771383313078309,False,999,False,0.053088403539420653,0.32329281779534924,False,-0.27937880941087367,,,,,,,False,,,,,,,,,,,,,72.339194251078538,0.026756163829897799,45.061729442900884,0.040641239238437488,49.786366341698532,0.034170218337585385,False,8.8817841970012523e-16,False,False,False,False,False,False,False,False,False,False,False,False,False,C1119,S22-B01,S22-B01-C0334,S22-B01-C0332,333,331
22,S22-P041,aligned_samples,twfe_scalar,bjs,static,,,,,,retained_fragile,,-0.27992479239217882,-0.2812644003493675,0.043529415051440173,0.045556865788303397,0.0013396079571886821,0.0094549059391018601,0.0019404213744283895,0.14168390101572328,0.14168390101572328,False,999,False,-0.0013396079571886821,0.88732969177414112,False,-0.27937880941087367,,,,,,,False,,,,,,,,,,,,,68.870458724514194,0.027282563575840399,49.316028153578728,0.062117118460514889,11.113428243878651,0.25989266952784035,False,8.8817841970012523e-16,False,False,False,True,False,False,True,False,True,False,False,False,False,C1120,S22-B01,S22-B01-C0336,S22-B01-C0335,335,334
22,S22-P042,aligned_samples,twfe_scalar,csa,static,,,,,,retained_fragile,,-0.071787634646065593,-0.010041581531157501,0.085833161322120155,0.092660680244548294,-0.061746053114908092,0.094903948088658818,0.003473286941558336,-0.65061627422734003,0.65061627422734003,False,999,False,0.061746053114908092,0.51529422227437238,False,-0.18805819007476571,,,,,,,False,,,,,,,,,,,,,35.335017967573577,0.054841669598913831,5.7407675212776201,0.28250223195886631,5.2163407555630448,0.31488173620563858,False,1.2490009027033011e-16,False,False,False,True,False,True,True,False,True,False,False,False,False,C1121,S22-B01,S22-B01-C0340,S22-B01-C0338,339,337
22,S22-P042,aligned_samples,twfe_scalar,bjs,static,,,,,,retained,,-0.19627524350392689,-0.24614868966704509,0.071895468533790599,0.074111604211829593,0.049873446163118201,0.016820540547098754,0.0051892788451237872,2.9650323081751671,2.9650323081751671,False,999,False,-0.049873446163118201,0.0030265114315390831,True,-0.18805819007476571,,,,,,,False,,,,,,,,,,,,,28.637204184101016,0.05953547047695,15.371219173275531,0.094146374415196118,15.20782470494431,0.17917432187835755,False,4.4408920985006262e-16,False,False,False,False,False,False,False,False,False,False,False,False,False,C1122,S22-B01,S22-B01-C0342,S22-B01-C0341,341,340
22,S22-P043,aligned_samples,twfe_scalar,csa,static,,,,,,retained,,0.02951797743221159,-0.035903285104083603,0.088093902761865184,0.082605873101189498,0.065421262536295197,0.080994113872615472,0.0040121097463082893,0.80772860407099856,0.80772860407099856,False,999,False,-0.065421262536295197,0.41924683335147672,False,-0.1145078010016034,,,,,,,False,,,,,,,,,,,,,37.256605099013456,0.047366174388468289,10.778215941123483,0.1229354320166183,15.863244180445013,0.1053041905170729,False,1.2490009027033011e-16,False,False,False,False,False,False,False,False,False,False,False,False,False,C1123,S22-B01,S22-B01-C0346,S22-B01-C0344,345,343
22,S22-P043,aligned_samples,twfe_scalar,bjs,static,,,,,,retained,,-0.10113344233100804,-0.1395053411016037,0.069770154755591007,0.077269711554555906,0.038371898770595658,0.017660883435016733,0.0052632880073190738,2.1727055111249198,2.1727055111249198,False,999,False,-0.038371898770595658,0.02980248873279872,True,-0.1145078010016034,,,,,,,False,,,,,,,,,,,,,27.896286897173553,0.067312252817757795,13.919965690433312,0.10684434104889177,16.962134470368941,0.13140097797992956,False,1.9706458687096529e-15,False,False,False,False,False,False,False,False,False,False,False,False,False,C1124,S22-B01,S22-B01-C0348,S22-B01-C0347,347,346
22,S22-P044,aligned_samples,twfe_scalar,csa,static,,,,,,retained,,-0.12033339572751228,-0.1038036812822402,0.047849212608097408,0.081982663474935297,-0.016529714445272084,0.058708172122243871,0.0027820273918621927,-0.28155730024865072,0.28155730024865072,False,999,False,0.016529714445272084,0.77828298547345076,False,-0.1081005736258883,,,,,,,False,,,,,,,,,,,,,83.618718906279383,0.032303488406748175,55.994339934472123,0.040897941772604703,61.409222796997824,0.034634281553712731,False,2.9837243786801082e-15,False,False,False,False,False,False,False,False,False,False,False,False,False,C1125,S22-B01,S22-B01-C0352,S22-B01-C0350,351,349
22,S22-P044,aligned_samples,twfe_scalar,bjs,static,,,,,,retained,,-0.10837223305188411,-0.083961636500268499,0.041630224154387413,0.044629888984248002,-0.024410596551615607,0.018003161367213426,0.0017003943673384576,-1.3559061130269665,1.3559061130269665,False,999,False,0.024410596551615607,0.17512904227241663,False,-0.1081005736258883,,,,,,,False,,,,,,,,,,,,,79.173581864749366,0.033203216372194352,56.54574774793506,0.043003242109277758,30.434391303204983,0.1204079187494746,False,7.0776717819853729e-16,False,False,False,False,False,False,False,False,False,False,False,False,False,C1126,S22-B01,S22-B01-C0354,S22-B01-C0353,353,352
22,S22-P045,aligned_samples,twfe_scalar,csa,static,,,,,,retained,,-0.11049426477657606,-0.0725402335852878,0.055923594458878484,0.087594222490695595,-0.037954031191288262,0.060308963296361123,0.0035815125885343838,-0.62932653981764441,0.62932653981764441,False,999,False,0.037954031191288262,0.52913529975351747,False,-0.10502696303966461,,,,,,,False,,,,,,,,,,,,,81.24650981067947,0.039692152602382451,57.708229032757835,0.032353036399074199,66.317375538182844,0.029134265809419555,False,1.0824674490095276e-15,False,False,False,False,False,False,False,False,False,False,False,False,False,C1127,S22-B01,S22-B01-C0358,S22-B01-C0356,357,355
22,S22-P045,aligned_samples,twfe_scalar,bjs,static,,,,,,retained,,-0.1056671452097353,-0.086991332150713196,0.044433507357583148,0.049898547133656698,-0.018675813059022106,0.018523311011893119,0.0020605442656514172,-1.0082329798938792,1.0082329798938792,False,999,False,0.018675813059022106,0.31334262870765911,False,-0.10502696303966461,,,,,,,False,,,,,,,,,,,,,76.757330955977551,0.039070559717851013,56.909293812711034,0.044984614620003693,30.093028249073576,0.1174403424638113,False,2.2204460492503131e-16,False,False,False,False,False,False,False,False,False,False,False,False,False,C1128,S22-B01,S22-B01-C0360,S22-B01-C0359,359,358
22,S22-P046,aligned_samples,twfe_scalar,csa,static,,,,,,retained,,-0.15240837755202619,-0.1095521787269315,0.060672752403698009,0.096399635806822301,-0.042856198825094685,0.065322793820329114,0.0043535026377176005,-0.65606806320885502,0.65606806320885502,False,999,False,0.042856198825094685,0.51178033204514273,False,-0.13717591636882709,,,,,,,False,,,,,,,,,,,,,84.078956182620971,0.041172440841256326,60.443547388956972,0.030839207440080636,65.810197398453525,0.026392903815185942,False,7.0776717819853729e-16,False,False,False,False,False,False,False,False,False,False,False,False,False,C1129,S22-B01,S22-B01-C0364,S22-B01-C0362,363,361
22,S22-P046,aligned_samples,twfe_scalar,bjs,static,,,,,,retained,,-0.14629841804187563,-0.12901445347046511,0.050118023084781894,0.056791951557014601,-0.017283964571410515,0.019795840524036705,0.0026726333487639697,-0.87311092198504048,0.87311092198504048,False,999,False,0.017283964571410515,0.38260262129604894,False,-0.13717591636882709,,,,,,,False,,,,,,,,,,,,,79.919097598049916,0.041397304644490721,60.802196467142117,0.035352524120402441,42.521965543964875,0.060673535048652825,False,8.3266726846886741e-17,False,False,False,False,False,False,False,False,False,False,False,False,False,C1130,S22-B01,S22-B01-C0366,S22-B01-C0365,365,364
22,S22-P047,aligned_samples,twfe_scalar,csa,static,,,,,,retained_fragile,,-0.14266386571149139,0.002552662097525,0.07930690412416555,0.083431121691174601,-0.14521652780901639,0.074359638253076538,0.0038604906536393877,-1.952894489814281,1.952894489814281,False,999,False,0.14521652780901639,0.050832098767333196,False,-0.13339307802291209,,,,,,,False,,,,,,,,,,,,,35.468268974318192,0.059453276805972788,6.1503406541239132,0.35814486203613277,5.333229784676921,0.41219518943275574,False,9.5192950744227289e-16,False,False,False,True,False,True,True,False,True,False,False,False,False,C1131,S22-B01,S22-B01-C0370,S22-B01-C0368,369,367
22,S22-P047,aligned_samples,twfe_scalar,bjs,static,,,,,,retained,,-0.14318991549748392,-0.1477020436434254,0.066924316863419334,0.0762452100445071,0.0045121281459414853,0.01924437791837455,0.0049609250804505687,0.23446474420112592,0.23446474420112592,False,999,False,-0.0045121281459414853,0.81462420045564998,False,-0.13339307802291209,,,,,,,False,,,,,,,,,,,,,29.656071909594743,0.062567757879585115,16.700529651424034,0.096846872770375791,13.72447600449858,0.1567103851133623,False,8.3266726846886741e-17,False,False,False,False,False,False,False,False,False,False,False,False,False,C1132,S22-B01,S22-B01-C0372,S22-B01-C0371,371,370
22,S22-P048,aligned_samples,twfe_scalar,csa,static,,,,,,retained,,-0.085581520621300256,-0.059552770391338501,0.078201115291808454,0.081064915501014495,-0.026028750229961754,0.072319020949527801,0.0037284470834855485,-0.35991568868344459,0.35991568868344459,False,999,False,0.026028750229961754,0.71891018431162457,False,-0.087392639953536896,,,,,,,False,,,,,,,,,,,,,38.314000571409828,0.065923552120159781,10.918516201858051,0.14097629989045163,14.784588976824676,0.12119604446863731,False,3.3306690738754696e-16,False,False,False,False,False,False,False,False,False,False,False,False,False,C1133,S22-B01,S22-B01-C0376,S22-B01-C0374,375,373
22,S22-P048,aligned_samples,twfe_scalar,bjs,static,,,,,,retained,,-0.082145154520423688,-0.081565453990445805,0.060481848080231188,0.070786833544129193,-0.00057970052997788346,0.017810757652093112,0.0041758033311314153,-0.032547774850541368,0.032547774850541368,False,999,False,0.00057970052997788346,0.97403521737102516,False,-0.087392639953536896,,,,,,,False,,,,,,,,,,,,,28.288753162183639,0.070141846619612425,15.790665914381538,0.10869411590690761,13.738620297873904,0.12116768371629059,False,4.163336342344337e-16,False,False,False,False,False,False,False,False,False,False,False,False,False,C1134,S22-B01,S22-B01-C0378,S22-B01-C0377,377,376
22,S22-P050,aligned_samples,twfe_scalar,csa,static,,,,,,retained_fragile,,0.1159642909639142,0.19742364926552741,0.071875001928743479,0.065500799180458494,-0.081459358301613216,0.068076782771109887,0.0024109611215353778,-1.1965806106833616,1.1965806106833616,False,999,False,0.081459358301613216,0.23147006158169178,False,0.081827125499413303,,,,,,,False,,,,,,,,,,,,,78.813998885478725,0.025728605201827758,6.4584949468286421,0.38386537757313305,4.1723912069896372,0.48466195307568294,False,2.3592239273284576e-16,False,False,False,True,False,True,True,False,True,False,False,False,False,C1135,S22-B01,S22-B01-C0382,S22-B01-C0380,381,379
22,S22-P050,aligned_samples,twfe_scalar,bjs,static,,,,,,retained,,0.10605275104343617,0.1680601799469689,0.082996911377948221,0.085900324651260906,-0.062007428903532724,0.018476182363601379,0.0069629918793689795,-3.3560736565194973,3.3560736565194973,False,999,False,0.062007428903532724,0.00079057510360251043,True,0.081827125499413303,,,,,,,False,,,,,,,,,,,,,76.733853359639596,0.026058635051931969,52.306127993736531,0.051879864728505087,12.145121400280546,0.23825933011945086,False,6.3837823915946501e-16,False,False,False,False,False,False,False,False,False,False,False,False,False,C1136,S22-B01,S22-B01-C0384,S22-B01-C0383,383,382
22,S22-P051,aligned_samples,twfe_scalar,csa,static,,,,,,retained,,0.17715065790262086,0.15872305767436129,0.087622696025556862,0.087383104035156894,0.018427600228259566,0.073762903057854393,0.0049362889310418838,0.24982205775993202,0.24982205775993202,False,999,False,-0.018427600228259566,0.80272496087601597,False,0.153824333530482,,,,,,,False,,,,,,,,,,,,,87.239232625715928,0.030807520379325503,59.728540987533549,0.038350589833423383,63.209083824465168,0.037885990911718348,False,1.1379786002407855e-15,False,False,False,False,False,False,False,False,False,False,False,False,False,C1137,S22-B01,S22-B01-C0388,S22-B01-C0386,387,385
22,S22-P051,aligned_samples,twfe_scalar,bjs,static,,,,,,retained,,0.17910644140138907,0.28852851767537607,0.10446618127519046,0.11446408859809171,-0.10942207627398701,0.041737972825802445,0.011136576116602664,-2.6216432870535149,2.6216432870535149,False,999,False,0.10942207627398701,0.0087506968687911836,True,0.153824333530482,,,,,,,False,,,,,,,,,,,,,83.522171685187729,0.031720760472175605,61.449906774345266,0.041126997514047255,44.615123201545657,0.088620805806870873,False,3.8857805861880479e-16,False,False,False,False,False,False,False,False,False,False,False,False,False,C1138,S22-B01,S22-B01-C0390,S22-B01-C0389,389,388
22,S22-P052,aligned_samples,twfe_scalar,csa,static,,,,,,retained_fragile,,0.29058171022634838,0.39281109960830352,0.15261567543409787,0.1458926345220265,-0.10222938938195514,0.12659307588515756,0.014275199166959128,-0.80754329308417616,0.80754329308417616,False,999,False,0.10222938938195514,0.41935354242130307,False,0.26958225505892602,,,,,,,False,,,,,,,,,,,,,53.310098354411295,0.051240069801617869,6.6738163354658404,0.3766958339611941,5.1699299176386191,0.43243693287379498,False,2.7200464103316335e-15,False,False,False,True,False,True,True,False,True,False,False,False,False,C1139,S22-B01,S22-B01-C0394,S22-B01-C0392,393,391
22,S22-P052,aligned_samples,twfe_scalar,bjs,static,,,,,,retained_fragile,,0.29111018879577522,0.34600662109447788,0.17489324477078735,0.1910782926170253,-0.054896432298702669,0.11580871005336665,0.02684345182583368,-0.47402680051790097,0.47402680051790097,False,999,False,0.054896432298702669,0.63548079581575667,False,0.26958225505892602,,,,,,,False,,,,,,,,,,,,,49.230533908861588,0.052269926752068423,5.0863375517746006,0.43510210640598324,2.4157668054820234,0.639471993536191,False,2.7755575615628914e-16,False,False,False,True,False,True,True,False,True,False,False,False,False,C1140,S22-B01,S22-B01-C0396,S22-B01-C0395,395,394
22,S22-P054,aligned_samples,twfe_scalar,csa,static,,,,,,retained_fragile,,-0.27532738731046952,-0.22436861986344431,0.047538812545665471,0.085883414673799202,-0.050958767447025211,0.066452089847139809,0.0026100096846156683,-0.76684973436119175,0.76684973436119175,False,999,False,0.050958767447025211,0.44317086241563453,False,-0.29178648971836091,,,,,,,False,,,,,,,,,,,,,78.813998885478725,0.025728605201827758,6.4584949468286421,0.38386537757313305,4.1723912069896372,0.48466195307568294,False,1.9428902930940239e-16,False,False,False,True,False,True,True,False,True,False,False,False,False,C1141,S22-B01,S22-B01-C0400,S22-B01-C0398,399,397
22,S22-P054,aligned_samples,twfe_scalar,bjs,static,,,,,,retained,,-0.31697833977316892,-0.31783095672050338,0.045122625016619768,0.046843056748452301,0.00085261694733446136,0.012405398436421664,0.002038214671781417,0.068729509310335266,0.068729509310335266,False,999,False,-0.00085261694733446136,0.94520492870332529,False,-0.29178648971836091,,,,,,,False,,,,,,,,,,,,,76.733853359639596,0.026058635051931969,52.306127993736531,0.051879864728505087,12.145121400280546,0.23825933011945086,False,1.6653345369377348e-16,False,False,False,False,False,False,False,False,False,False,False,False,False,C1142,S22-B01,S22-B01-C0402,S22-B01-C0401,401,400
22,S22-P055,aligned_samples,twfe_scalar,csa,static,,,,,,retained,,-0.17816288843734171,-0.15752745214385069,0.054244777507782796,0.087980876778048001,-0.020635436293491016,0.063490357324280183,0.0033260525461690752,-0.32501685552176829,0.32501685552176829,False,999,False,0.020635436293491016,0.74516831480094459,False,-0.15002112894008979,,,,,,,False,,,,,,,,,,,,,87.239232625715928,0.030807520379325503,59.728540987533549,0.038350589833423383,63.209083824465168,0.037885990911718348,False,5.8286708792820718e-16,False,False,False,False,False,False,False,False,False,False,False,False,False,C1143,S22-B01,S22-B01-C0406,S22-B01-C0404,405,403
22,S22-P055,aligned_samples,twfe_scalar,bjs,static,,,,,,retained,,-0.16877963230247184,-0.13497814639081909,0.050078985695077884,0.052227056907036599,-0.033801485911652746,0.019072414192151138,0.0024359066491508479,-1.7722709653381508,1.7722709653381508,False,999,False,0.033801485911652746,0.076349588488188513,False,-0.15002112894008979,,,,,,,False,,,,,,,,,,,,,83.522171685187729,0.031720760472175605,61.449906774345266,0.041126997514047255,44.615123201545657,0.088620805806870873,False,1.9428902930940239e-16,False,False,False,False,False,False,False,False,False,False,False,False,False,C1144,S22-B01,S22-B01-C0408,S22-B01-C0407,407,406
22,S22-P056,aligned_samples,twfe_scalar,csa,static,,,,,,retained_fragile,,-0.20782812973895046,-0.22933805625362799,0.074052130334671146,0.096043397947645298,0.021509926514677535,0.072794043942801478,0.0047045397314431888,0.295490198780262,0.295490198780262,False,999,False,-0.021509926514677535,0.76761943850503966,False,-0.1967049691355795,,,,,,,False,,,,,,,,,,,,,53.310098354411295,0.051240069801617869,6.6738163354658404,0.3766958339611941,5.1699299176386191,0.43243693287379498,False,5.0792703376600912e-15,False,False,False,True,False,True,True,False,True,False,False,False,False,C1145,S22-B01,S22-B01-C0412,S22-B01-C0410,411,409
22,S22-P056,aligned_samples,twfe_scalar,bjs,static,,,,,,retained_fragile,,-0.21287090814469789,-0.1786257949370019,0.079613635473032615,0.075996930208026406,-0.034245113207695993,0.037275265909740708,0.0053622094528173389,-0.91870875691720066,0.91870875691720066,False,999,False,0.034245113207695993,0.35824792825138885,False,-0.1967049691355795,,,,,,,False,,,,,,,,,,,,,49.230533908861588,0.052269926752068423,5.0863375517746006,0.43510210640598324,2.4157668054820234,0.639471993536191,False,1.3877787807814457e-15,False,False,False,True,False,True,True,False,True,False,False,False,False,C1146,S22-B01,S22-B01-C0414,S22-B01-C0413,413,412
22,S22-P058,aligned_samples,twfe_scalar,csa,static,,,,,,retained,,-0.26395303416305044,-0.2472032004937717,0.055397506670129777,0.090386864419247703,-0.016749833669278735,0.062604687867440043,0.0036596610309154736,-0.26754919223852763,0.26754919223852763,False,999,False,0.016749833669278735,0.78904634414913133,False,-0.29440006789650652,,,,,,,False,,,,,,,,,,,,,77.932673764338176,0.024808840841550838,50.599974200115462,0.040750939446433543,54.367675275847553,0.036969026881702248,False,2.4980018054066022e-16,False,False,False,False,False,False,False,False,False,False,False,False,False,C1147,S22-B01,S22-B01-C0418,S22-B01-C0416,417,415
22,S22-P058,aligned_samples,twfe_scalar,bjs,static,,,,,,retained,,-0.30454921697923476,-0.29999317565133421,0.047106778776633045,0.050510610957369001,-0.0045560413279005507,0.011924899977848832,0.0023140835932578198,-0.38206117756657515,0.38206117756657515,False,999,False,0.0045560413279005507,0.70241598717356113,False,-0.29440006789650652,,,,,,,False,,,,,,,,,,,,,74.257491313126039,0.02607653309042867,57.359226260525034,0.037355044234839527,27.437292332919309,0.10802613603463583,False,1.6653345369377348e-16,False,False,False,False,False,False,False,False,False,False,False,False,False,C1148,S22-B01,S22-B01-C0420,S22-B01-C0419,419,418
22,S22-P060,aligned_samples,twfe_scalar,csa,static,,,,,,retained,,0.050374137986516819,0.15287549875009199,0.073475828898240406,0.085538840927779997,-0.10250136076357516,0.068325787223001352,0.0040235887699543466,-1.5001855804314665,1.5001855804314665,False,999,False,0.10250136076357516,0.13356633736569662,False,0.073653866153869693,,,,,,,False,,,,,,,,,,,,,77.932673764338176,0.024808840841550838,50.599974200115462,0.040750939446433543,54.367675275847553,0.036969026881702248,False,3.8857805861880479e-16,False,False,False,False,False,False,False,False,False,False,False,False,False,C1149,S22-B01,S22-B01-C0424,S22-B01-C0422,423,421
22,S22-P060,aligned_samples,twfe_scalar,bjs,static,,,,,,retained,,0.095402912919026792,0.16125321639558909,0.095193649870255373,0.1103245764516893,-0.065850303476562302,0.027937655415968182,0.010226415277362023,-2.3570447303507289,2.3570447303507289,False,999,False,0.065850303476562302,0.018421027799128784,True,0.073653866153869693,,,,,,,False,,,,,,,,,,,,,74.257491313126039,0.02607653309042867,57.359226260525034,0.037355044234839527,27.437292332919309,0.10802613603463583,False,2.7755575615628914e-16,False,False,False,False,False,False,False,False,False,False,False,False,False,C1150,S22-B01,S22-B01-C0426,S22-B01-C0425,425,424
22,S22-P062,aligned_samples,twfe_scalar,csa,static,,,,,,excluded,twfe; modern,0.039953083006486589,-0.042843729714697,0.16760583931537631,0.1214801856678074,0.082796812721183582,0.16714786745835267,0.0074553716433108375,0.49535069744047805,0.49535069744047805,False,999,False,-0.082796812721183582,0.62035259016181232,False,0.30166241695037738,,,,,,,False,,,,,,,,,,,,,4.2543822553737289,0.35431758757633386,3.4594668870752048,0.47280070320986511,2.5601525670362686,0.60262493285098895,False,1.5959455978986625e-16,True,True,True,True,True,True,True,False,True,False,False,False,False,C1151,S22-B01,S22-B01-C0430,S22-B01-C0428,429,427
22,S22-P062,aligned_samples,twfe_scalar,bjs,static,,,,,,excluded,twfe; modern,0.30677046832250926,0.49315581356069699,0.33393261016303355,0.42424272982013927,-0.18638534523818773,0.17232166891680428,0.13089906217863376,-1.0816129301078978,1.0816129301078978,False,999,False,0.18638534523818773,0.27942455664412857,False,0.30166241695037738,,,,,,,False,,,,,,,,,,,,,4.6408162975360714,0.32323750131488588,4.3015063025153406,0.33539676705842403,4.8370436470249327,0.38420580554086864,False,2.2204460492503131e-16,True,True,True,True,True,True,True,False,True,False,False,False,False,C1152,S22-B01,S22-B01-C0432,S22-B01-C0431,431,430
22,S22-P064,aligned_samples,twfe_scalar,csa,static,,,,,,excluded,twfe; modern,0.59693603077156054,0.71396220063255711,0.33457083850929314,0.56629022324126932,-0.11702616986099657,0.36770374947865869,0.148708107769397,-0.31826210645640612,0.31826210645640612,False,999,False,0.11702616986099657,0.75028612569461661,False,0.38704950159857571,,,,,,,False,,,,,,,,,,,,,4.2543822553737289,0.35431758757633386,3.4594668870752048,0.47280070320986511,2.5601525670362686,0.60262493285098895,False,6.6613381477509392e-16,True,True,True,True,True,True,True,False,True,False,False,False,False,C1153,S22-B01,S22-B01-C0436,S22-B01-C0434,435,433
22,S22-P064,aligned_samples,twfe_scalar,bjs,static,,,,,,excluded,twfe; modern,0.42258684614203879,0.4573937891878268,0.16745021172120189,0.2291119126821233,-0.034806943045788019,0.10541818584842673,0.034709424015381414,-0.33017968167119127,0.33017968167119127,False,999,False,0.034806943045788019,0.7412641984306414,False,0.38704950159857571,,,,,,,False,,,,,,,,,,,,,4.6408162975360714,0.32323750131488588,4.3015063025153406,0.33539676705842403,4.8370436470249327,0.38420580554086864,False,2.2204460492503131e-16,True,True,True,True,True,True,True,False,True,False,False,False,False,C1154,S22-B01,S22-B01-C0438,S22-B01-C0437,437,436
22,S22-P067,aligned_samples,twfe_scalar,csa,static,,,,,,retained_fragile,,0.2634519877668603,0.36195704438717768,0.16980128308964909,0.1396736894575297,-0.098505056620317388,0.10171341698230532,0.018997798035676645,-0.96845686186566637,0.96845686186566637,False,999,False,0.098505056620317388,0.33281625317340019,False,0.2714434161050529,,,,,,,False,,,,,,,,,,,,,78.813998885478725,0.025728605201827758,6.4584949468286421,0.38386537757313305,4.1723912069896372,0.48466195307568294,False,4.9960036108132044e-16,False,False,False,True,False,True,True,False,True,False,False,False,False,C1155,S22-B01,S22-B01-C0442,S22-B01-C0440,441,439
22,S22-P067,aligned_samples,twfe_scalar,bjs,static,,,,,,retained,,0.20669876701357653,0.18288050214552171,0.15687031213959954,0.13984168570671171,0.023818264868054828,0.041336815977912715,0.021227629768439154,0.57619979441042379,0.57619979441042379,False,999,False,-0.023818264868054828,0.5644801441642846,False,0.2714434161050529,,,,,,,False,,,,,,,,,,,,,76.733853359639596,0.026058635051931969,52.306127993736531,0.051879864728505087,12.145121400280546,0.23825933011945086,False,5.5511151231257827e-17,False,False,False,False,False,False,False,False,False,False,False,False,False,C1156,S22-B01,S22-B01-C0444,S22-B01-C0443,443,442
22,S22-P069,aligned_samples,twfe_scalar,csa,static,,,,,,retained_fragile,,0.29068745719426048,0.39687544360290938,0.18481150629687343,0.14696883725135779,-0.1061879864086489,0.11016076046131223,0.02180986941866039,-0.96393657745256267,0.96393657745256267,False,999,False,0.1061879864086489,0.33507772410293413,False,0.32556377505558881,,,,,,,False,,,,,,,,,,,,,78.813998885478725,0.025728605201827758,6.4584949468286421,0.38386537757313305,4.1723912069896372,0.48466195307568294,False,4.9960036108132044e-16,False,False,False,True,False,True,True,False,True,False,False,False,False,C1157,S22-B01,S22-B01-C0448,S22-B01-C0446,447,445
22,S22-P069,aligned_samples,twfe_scalar,bjs,static,,,,,,retained,,0.26158224184016499,0.22653779940183849,0.16661750698770075,0.14358976169883739,0.035044442438326495,0.044438897480838929,0.02320229884510646,0.78859837720854542,0.78859837720854542,False,999,False,-0.035044442438326495,0.43034677971894941,False,0.32556377505558881,,,,,,,False,,,,,,,,,,,,,76.733853359639596,0.026058635051931969,52.306127993736531,0.051879864728505087,12.145121400280546,0.23825933011945086,False,2.2204460492503131e-16,False,False,False,False,False,False,False,False,False,False,False,False,False,C1158,S22-B01,S22-B01-C0450,S22-B01-C0449,449,448
22,S22-P071,aligned_samples,twfe_scalar,csa,static,,,,,,retained_fragile,,0.33594332184796394,0.4114439848336861,0.17449038268071082,0.1417203461628459,-0.075500662985722167,0.096577872936079903,0.020602132311860106,-0.78175943091739353,0.78175943091739353,False,999,False,0.075500662985722167,0.43435596726200926,False,0.35001048233020549,,,,,,,False,,,,,,,,,,,,,78.813998885478725,0.025728605201827758,6.4584949468286421,0.38386537757313305,4.1723912069896372,0.48466195307568294,False,4.4408920985006262e-16,False,False,False,True,False,True,True,False,True,False,False,False,False,C1159,S22-B01,S22-B01-C0454,S22-B01-C0452,453,451
22,S22-P071,aligned_samples,twfe_scalar,bjs,static,,,,,,retained,,0.29110684440100781,0.25223767294571398,0.16416656619471845,0.1568587508888479,0.038869171455293838,0.044203165579096607,0.024800704669680741,0.87933004222835165,0.87933004222835165,False,999,False,-0.038869171455293838,0.37922235137967103,False,0.35001048233020549,,,,,,,False,,,,,,,,,,,,,76.733853359639596,0.026058635051931969,52.306127993736531,0.051879864728505087,12.145121400280546,0.23825933011945086,False,4.4408920985006262e-16,False,False,False,False,False,False,False,False,False,False,False,False,False,C1160,S22-B01,S22-B01-C0456,S22-B01-C0455,455,454
22,S22-P073,aligned_samples,twfe_scalar,csa,static,,,,,,retained_fragile,,0.41376239474816634,0.44867511825286199,0.17776549403991956,0.12991235449845909,-0.034912723504695653,0.12056234695526698,0.016971255609613919,-0.28958231476407426,0.28958231476407426,False,999,False,0.034912723504695653,0.77213579832393819,False,0.39528475052590228,,,,,,,False,,,,,,,,,,,,,78.813998885478725,0.025728605201827758,6.4584949468286421,0.38386537757313305,4.1723912069896372,0.48466195307568294,False,3.3306690738754696e-16,False,False,False,True,False,True,True,False,True,False,False,False,False,C1161,S22-B01,S22-B01-C0460,S22-B01-C0458,459,457
22,S22-P073,aligned_samples,twfe_scalar,bjs,static,,,,,,retained,,0.33394441883176595,0.31148372993495471,0.15494174642515379,0.13504482206161539,0.022460688896811243,0.042805621318108111,0.020205863767250382,0.52471353539983945,0.52471353539983945,False,999,False,-0.022460688896811243,0.59978234651184192,False,0.39528475052590228,,,,,,,False,,,,,,,,,,,,,76.733853359639596,0.026058635051931969,52.306127993736531,0.051879864728505087,12.145121400280546,0.23825933011945086,False,2.7755575615628914e-16,False,False,False,False,False,False,False,False,False,False,False,False,False,C1162,S22-B01,S22-B01-C0462,S22-B01-C0461,461,460
22,S22-P065,aligned_samples,twfe_scalar,csa,static,,,,,,retained,,-0.038206732886866594,-0.1674352202450812,0.11187051390372769,0.11572795822140169,0.1292284873582146,0.13064302627459404,0.0044201859404971837,0.98917248814026804,0.98917248814026804,False,999,False,-0.1292284873582146,0.32257875652737422,False,-0.085792508451120894,,,,,,,False,,,,,,,,,,,,,35.173761395246657,0.069168066530719594,38.826182112592875,0.062717489027079076,40.220314836702507,0.055504219309379162,False,1.1657341758564144e-15,False,False,False,False,False,False,False,False,False,False,False,False,False,C1163,S22-B01,S22-B01-C0466,S22-B01-C0464,465,463
22,S22-P065,aligned_samples,twfe_scalar,bjs,static,,,,,,retained_fragile,,-0.085792508451120977,-0.0773123730167464,0.11060780276127441,0.1093312399049139,-0.0084801354343745777,0.0087805545483865995,0.012055153956322815,-0.96578586097762775,0.96578586097762775,False,999,False,0.0084801354343745777,0.3341513449431463,False,-0.085792508451120894,,,,,,,False,,,,,,,,,,,,,33.702777579724696,0.075116268434254244,15.64400813149431,0.16102979380110424,3.7267262403500627,0.36815332907958409,False,2.0261570199409107e-15,False,False,False,True,False,False,True,False,True,False,False,False,False,C1164,S22-B01,S22-B01-C0468,S22-B01-C0467,467,466
22,S22-P074,aligned_samples,twfe_scalar,csa,static,,,,,,retained_fragile,,-0.20603147048783083,-0.1618997883803176,0.072253750088006982,0.066057419448165303,-0.044131682107513226,0.061857741886403209,0.002878903417323068,-0.71343829829025329,0.71343829829025329,False,999,False,0.044131682107513226,0.47557458126754926,False,-0.20301087716405711,,,,,,,False,,,,,,,,,,,,,18.21296318525026,0.08093918385915326,8.8594721516223949,0.19120327251572175,10.253452094719888,0.16863745045393458,False,1.3877787807814457e-16,False,False,False,True,False,True,False,False,True,False,False,False,False,C1165,S22-B01,S22-B01-C0472,S22-B01-C0470,471,469
22,S22-P074,aligned_samples,twfe_scalar,bjs,static,,,,,,excluded,modern,-0.2059307430671633,-0.2705446805708337,0.072263436259992486,0.054676451355943498,0.064613937503670393,0.033874924640567294,0.0035320040167883733,1.9074267526573698,1.9074267526573698,False,999,False,-0.064613937503670393,0.056465347796454707,False,-0.20301087716405711,,,,,,,False,,,,,,,,,,,,,18.212837850687706,0.080940858460045562,4.4946756435122905,0.32434212933601647,2.6090644364373108,0.43720054720028856,False,1.27675647831893e-15,False,True,True,True,False,True,True,False,True,False,False,False,False,C1166,S22-B01,S22-B01-C0474,S22-B01-C0473,473,472
22,S22-P075,aligned_samples,twfe_scalar,csa,static,,,,,,retained_fragile,,-0.23777507457886027,-0.2465094297225946,0.077284251029657247,0.082536172819350495,0.0087343551437343292,0.078988603491308013,0.0032729378996868542,0.11057740936887771,0.11057740936887771,False,999,False,-0.0087343551437343292,0.91195146231934832,False,-0.22837292036028531,,,,,,,False,,,,,,,,,,,,,18.76764830681093,0.084185774183505965,9.8571209329201608,0.18122577463506401,11.03146940736991,0.16506087189631158,False,1.3877787807814457e-16,False,False,False,True,False,True,False,False,True,False,False,False,False,C1167,S22-B01,S22-B01-C0478,S22-B01-C0476,477,475
22,S22-P075,aligned_samples,twfe_scalar,bjs,static,,,,,,retained_fragile,,-0.23781249193423043,-0.3393400078282931,0.077280781767115586,0.080531806842915804,0.10152751589406267,0.052897671995761279,0.00482976372067505,1.9193191697017995,1.9193191697017995,False,999,False,-0.10152751589406267,0.05494395343454566,False,-0.22837292036028531,,,,,,,False,,,,,,,,,,,,,18.767577142022308,0.084187554578393289,5.1869812872738024,0.30170262547511095,3.0434309743957599,0.40546355932794786,False,2.7755575615628914e-16,False,False,False,True,False,True,True,False,True,False,False,False,False,C1168,S22-B01,S22-B01-C0480,S22-B01-C0479,479,478
22,S22-P076,aligned_samples,twfe_scalar,csa,static,,,,,,retained_fragile,,0.26762290188911303,0.1563815409871766,0.22580323529197655,0.16487925211445109,0.11124136090193643,0.14238943403392951,0.028948758960820838,0.7812473001011373,0.7812473001011373,False,999,False,-0.11124136090193643,0.43465705899553297,False,0.27759600406660601,,,,,,,False,,,,,,,,,,,,,18.21296318525026,0.08093918385915326,8.8594721516223949,0.19120327251572175,10.253452094719888,0.16863745045393458,False,0,False,False,False,True,False,True,False,False,True,False,False,False,False,C1169,S22-B01,S22-B01-C0484,S22-B01-C0482,483,481
22,S22-P076,aligned_samples,twfe_scalar,bjs,static,,,,,,excluded,modern,0.26753927334268007,0.091583886604104103,0.22580012839075098,0.16229252958780521,0.17595538673857597,0.10537685902216423,0.033110140361955594,1.6697725513109738,1.6697725513109738,False,999,False,-0.17595538673857597,0.09496437309041178,False,0.27759600406660601,,,,,,,False,,,,,,,,,,,,,18.212837850687706,0.080940858460045562,4.4946756435122905,0.32434212933601647,2.6090644364373108,0.43720054720028856,False,9.8532293435482643e-16,False,True,True,True,False,True,True,False,True,False,False,False,False,C1170,S22-B01,S22-B01-C0486,S22-B01-C0485,485,484
22,S22-P077,aligned_samples,twfe_scalar,csa,static,,,,,,retained_fragile,,0.3099793522022089,0.038890685604570902,0.19165993445277762,0.1717406591960135,0.27108866659763797,0.15663778572936971,0.020846494288662171,1.7306722342590459,1.7306722342590459,False,999,False,-0.27108866659763797,0.083510240148158221,False,0.33857648833753978,,,,,,,False,,,,,,,,,,,,,18.76764830681093,0.084185774183505965,9.8571209329201608,0.18122577463506401,11.03146940736991,0.16506087189631158,False,2.4980018054066022e-16,False,False,False,True,False,True,False,False,True,False,False,False,False,C1171,S22-B01,S22-B01-C0490,S22-B01-C0488,489,487
22,S22-P077,aligned_samples,twfe_scalar,bjs,static,,,,,,retained_fragile,,0.30975317884199977,0.018758423153238099,0.19163350981484642,0.18664853384530519,0.29099475568876165,0.13501015067264793,0.026666668242953894,2.1553546473281218,2.1553546473281218,False,999,False,-0.29099475568876165,0.03113409248601616,True,0.33857648833753978,,,,,,,False,,,,,,,,,,,,,18.767577142022308,0.084187554578393289,5.1869812872738024,0.30170262547511095,3.0434309743957599,0.40546355932794786,False,2.7061686225238191e-16,False,False,False,True,False,True,True,False,True,False,False,False,False,C1172,S22-B01,S22-B01-C0492,S22-B01-C0491,491,490
22,S22-P078,aligned_samples,twfe_scalar,csa,static,,,,,,retained_fragile,,0.34300473147261451,0.089710539431972103,0.067503103673525244,0.061102217157360597,0.25329419204064241,0.058056298363539663,0.0024598080837138097,4.3629063371307781,4.3629063371307781,False,999,False,-0.25329419204064241,1.283459015738339e-05,True,0.3335960930331206,,,,,,,False,,,,,,,,,,,,,18.21296318525026,0.08093918385915326,8.8594721516223949,0.19120327251572175,10.253452094719888,0.16863745045393458,False,1.6653345369377348e-16,False,False,False,True,False,True,False,False,True,False,False,False,False,C1173,S22-B01,S22-B01-C0496,S22-B01-C0494,495,493
22,S22-P078,aligned_samples,twfe_scalar,bjs,static,,,,,,excluded,modern,0.34310318340733942,0.25181196104417097,0.067498389331407699,0.092718438710834197,0.091291222363168445,0.056446623877908289,0.0049832600460474902,1.6173017284546118,1.6173017284546118,False,999,False,-0.091291222363168445,0.10581316638402838,False,0.3335960930331206,,,,,,,False,,,,,,,,,,,,,18.212837850687706,0.080940858460045562,4.4946756435122905,0.32434212933601647,2.6090644364373108,0.43720054720028856,False,2.2204460492503131e-16,False,True,True,True,False,True,True,False,True,False,False,False,False,C1174,S22-B01,S22-B01-C0498,S22-B01-C0497,497,496
22,S22-P079,aligned_samples,twfe_scalar,csa,static,,,,,,retained_fragile,,0.32572821381674993,0.16787202026321349,0.065572763487665983,0.062716037102524894,0.15785619355353644,0.060759483298301185,0.0022706869052890651,2.5980502957626377,2.5980502957626377,False,999,False,-0.15785619355353644,0.0093754760335186416,True,0.31085774893396889,,,,,,,False,,,,,,,,,,,,,18.76764830681093,0.084185774183505965,9.8571209329201608,0.18122577463506401,11.03146940736991,0.16506087189631158,False,2.4980018054066022e-16,False,False,False,True,False,True,False,False,True,False,False,False,False,C1175,S22-B01,S22-B01-C0502,S22-B01-C0500,501,499
22,S22-P079,aligned_samples,twfe_scalar,bjs,static,,,,,,retained_fragile,,0.32567663571636718,0.30773469081508859,0.065575376344566824,0.064753196734462795,0.017941944901278595,0.036496046757254298,0.0035805725205779685,0.4916133799536051,0.4916133799536051,False,999,False,-0.017941944901278595,0.62299268291526189,False,0.31085774893396889,,,,,,,False,,,,,,,,,,,,,18.767577142022308,0.084187554578393289,5.1869812872738024,0.30170262547511095,3.0434309743957599,0.40546355932794786,False,1.8318679906315083e-15,False,False,False,True,False,True,True,False,True,False,False,False,False,C1176,S22-B01,S22-B01-C0504,S22-B01-C0503,503,502
22,S22-P080,aligned_samples,twfe_scalar,csa,static,,,,,,excluded,twfe; modern,0.20329745222212456,-0.019770445864900201,0.32841568677797334,0.17602718829393829,0.22306789808702476,0.32833501610961741,0.015519275768407394,0.67939113144286645,0.67939113144286645,False,999,False,-0.22306789808702476,0.49689006763813975,False,-0.10714311922082299,,,,,,,False,,,,,,,,,,,,,3.1301420688619297,0.34123082455239279,1.2058599223136763,0.91010864977311967,2.798835302508405,0.50877951014813316,False,6.2450045135165055e-17,True,True,True,True,True,True,True,False,True,False,False,False,False,C1177,S22-B01,S22-B01-C0508,S22-B01-C0506,507,505
22,S22-P080,aligned_samples,twfe_scalar,bjs,static,,,,,,excluded,twfe; modern,0.051679612389616436,-0.099814346683890304,0.3653063372875015,0.29839253269492999,0.15149395907350674,0.10685835872706381,0.10553405740033144,1.4177080845912164,1.4177080845912164,False,999,False,-0.15149395907350674,0.15627600876666978,False,-0.10714311922082299,,,,,,,False,,,,,,,,,,,,,2.8879719302631632,0.46214688041990276,2.316485061463931,0.46314853665745098,2.0159515877341336,0.59413963703737904,False,3.7470027081099033e-16,True,True,True,True,True,True,True,False,True,False,False,False,False,C1178,S22-B01,S22-B01-C0510,S22-B01-C0509,509,508
22,S22-P081,aligned_samples,twfe_scalar,csa,static,,,,,,excluded,twfe; modern,0.63710440105413413,0.57483921911013736,0.35905392986050455,0.48607014215176908,0.062265181943996772,0.45248205417790482,0.080221949143328364,0.13760806946724927,0.13760806946724927,False,999,False,-0.062265181943996772,0.89055017769388456,False,0.3065872077631846,,,,,,,False,,,,,,,,,,,,,4.0803531097740802,0.43387915437575497,1.90886851677074,0.71451552871107071,4.818977367475421,0.3687169827322419,False,4.4408920985006262e-16,True,True,True,True,True,True,True,False,True,False,False,False,False,C1179,S22-B01,S22-B01-C0514,S22-B01-C0512,513,511
22,S22-P081,aligned_samples,twfe_scalar,bjs,static,,,,,,excluded,twfe; modern,0.50401789573850053,0.43672863163814851,0.41028370818416804,0.48439927556181689,0.06728926410035202,0.17125415952315104,0.18682369610609187,0.3929204656267371,0.3929204656267371,False,999,False,-0.06728926410035202,0.6943782253891877,False,0.3065872077631846,,,,,,,False,,,,,,,,,,,,,4.3817312159925734,0.38007123097122891,4.2214643355633816,0.33597256470463766,5.7517818422529317,0.34616705133766451,False,4.163336342344337e-15,True,True,True,True,True,True,True,False,True,False,False,False,False,C1180,S22-B01,S22-B01-C0516,S22-B01-C0515,515,514
22,S22-P082,aligned_samples,twfe_scalar,csa,static,,,,,,excluded,twfe; modern,-0.17478413217583863,0.40816915190427999,0.069482462161104416,0.27903917097617698,-0.58295328408011859,0.28547351832959467,0.00059777090978202214,-2.0420573070706594,2.0420573070706594,False,999,False,0.58295328408011859,0.041145847120241566,True,-0.49810707576068469,,,,,,,False,,,,,,,,,,,,,3.1301420688619297,0.34123082455239279,1.2058599223136763,0.91010864977311967,2.798835302508405,0.50877951014813316,False,5.5511151231257827e-17,True,True,True,True,True,True,True,False,True,False,False,False,False,C1181,S22-B01,S22-B01-C0520,S22-B01-C0518,519,517
22,S22-P082,aligned_samples,twfe_scalar,bjs,static,,,,,,excluded,twfe; modern,-0.17742316023675775,-0.1490526208096947,0.071110194316467992,0.077216854510207503,-0.028370539427063052,0.019865785561102446,0.0053122264601083427,-1.4281106246617834,1.4281106246617834,False,999,False,0.028370539427063052,0.15326001987936144,False,-0.49810707576068469,,,,,,,False,,,,,,,,,,,,,2.8879719302631632,0.46214688041990276,2.316485061463931,0.46314853665745098,2.0159515877341336,0.59413963703737904,False,1.1102230246251565e-16,True,True,True,True,True,True,True,False,True,False,False,False,False,C1182,S22-B01,S22-B01-C0522,S22-B01-C0521,521,520
22,S22-P083,aligned_samples,twfe_scalar,csa,static,,,,,,excluded,twfe; modern,-0.11684186274120405,0.37507815948603129,0.18923917638010299,0.2852343131886324,-0.49192002222723535,0.32863868345382635,0.0045833475174731431,-1.4968415070843295,1.4968415070843295,False,999,False,0.49192002222723535,0.13443450317001659,False,0.5339690025225714,,,,,,,False,,,,,,,,,,,,,4.0803531097740802,0.43387915437575497,1.90886851677074,0.71451552871107071,4.818977367475421,0.3687169827322419,False,6.9388939039072284e-16,True,True,True,True,True,True,True,False,True,False,False,False,False,C1183,S22-B01,S22-B01-C0526,S22-B01-C0524,525,523
22,S22-P083,aligned_samples,twfe_scalar,bjs,static,,,,,,excluded,twfe; modern,-0.16077064822409409,-0.1437332972605892,0.22052390389266105,0.27941406271204078,-0.017037350963504894,0.13559452712993503,0.05415856742085861,-0.12564925240071567,0.12564925240071567,False,999,False,0.017037350963504894,0.90000957409535054,False,0.5339690025225714,,,,,,,False,,,,,,,,,,,,,4.3817312159925734,0.38007123097122891,4.2214643355633816,0.33597256470463766,5.7517818422529317,0.34616705133766451,False,1.9428902930940239e-16,True,True,True,True,True,True,True,False,True,False,False,False,False,C1184,S22-B01,S22-B01-C0528,S22-B01-C0527,527,526
22,S22-P084,aligned_samples,twfe_scalar,csa,static,,,,,,excluded,twfe; modern,0.31748783969768068,0.41247944520457092,0.22348288682039549,0.10019525146212011,-0.094991605506890231,0.21843770331087289,0.0061343294447031328,-0.43486817553516161,0.43486817553516161,False,999,False,0.094991605506890231,0.66365811573882827,False,0.021940864111532201,,,,,,,False,,,,,,,,,,,,,3.1301420688619297,0.34123082455239279,1.2058599223136763,0.91010864977311967,2.798835302508405,0.50877951014813316,False,1.1102230246251565e-16,True,True,True,True,True,True,True,False,True,False,False,False,False,C1185,S22-B01,S22-B01-C0532,S22-B01-C0530,531,529
22,S22-P084,aligned_samples,twfe_scalar,bjs,static,,,,,,excluded,twfe; modern,0.2685818337099185,0.16776534634942181,0.23031319562193292,0.18493155315827731,0.1008164873604967,0.071076286510696918,0.041096004463484388,1.4184264866640706,1.4184264866640706,False,999,False,-0.1008164873604967,0.15606628722512436,False,0.021940864111532201,,,,,,,False,,,,,,,,,,,,,2.8879719302631632,0.46214688041990276,2.316485061463931,0.46314853665745098,2.0159515877341336,0.59413963703737904,False,1.6653345369377348e-16,True,True,True,True,True,True,True,False,True,False,False,False,False,C1186,S22-B01,S22-B01-C0534,S22-B01-C0533,533,532
22,S22-P085,aligned_samples,twfe_scalar,csa,static,,,,,,excluded,twfe; modern,0.67667326378146153,0.69495523306144369,0.37650609992710066,0.38149254333713828,-0.018281969279982158,0.40503612483098073,0.061619570743028255,-0.045136638830946547,0.045136638830946547,False,999,False,0.018281969279982158,0.96399839760620221,False,0.40777003438453341,,,,,,,False,,,,,,,,,,,,,4.0803531097740802,0.43387915437575497,1.90886851677074,0.71451552871107071,4.818977367475421,0.3687169827322419,False,1.4432899320127035e-15,True,True,True,True,True,True,True,False,True,False,False,False,False,C1187,S22-B01,S22-B01-C0538,S22-B01-C0536,537,535
22,S22-P085,aligned_samples,twfe_scalar,bjs,static,,,,,,excluded,twfe; modern,0.63523217948187827,0.52568820616160372,0.43662301182715463,0.57442099444892902,0.10954397332027455,0.25486410625501371,0.22782171033177259,0.42981326374246781,0.42981326374246781,False,999,False,-0.10954397332027455,0.6673314836769918,False,0.40777003438453341,,,,,,,False,,,,,,,,,,,,,4.3817312159925734,0.38007123097122891,4.2214643355633816,0.33597256470463766,5.7517818422529317,0.34616705133766451,False,2.2204460492503131e-15,True,True,True,True,True,True,True,False,True,False,False,False,False,C1188,S22-B01,S22-B01-C0540,S22-B01-C0539,539,538
9,S09-P007,aligned_samples,scalar,csa,static,,,,,,retained_fragile,,0.50814065592262425,0.75372617698233835,0.08398508909719668,0.14185152376280311,-0.2455855210597141,0.12822502726810076,0.0053668461832939874,-1.9152697900873035,1.9152697900873035,False,999,False,0.2455855210597141,0.055458106174691026,False,0.41732463557939192,,,,,,,False,,,,,,,,,,,,,42.093783933756079,0.042392604252521761,8.9561354342006929,0.31070846131382535,6.7722810707726016,0.37182361962114913,False,1.4210854715202004e-14,False,False,False,True,False,True,True,False,True,False,False,False,False,C1189,S09-B01,S09-B01-C0004,S09-B01-C0002,3,1
9,S09-P007,aligned_samples,scalar,bjs,static,,,,,,retained,,0.50965007805504059,0.51977732329744386,0.084054265319026239,0.094024685146521,-0.010127245242403271,0.065390503727060914,0.0058149214787724555,-0.15487333274987844,0.15487333274987844,False,999,False,0.010127245242403271,0.87692117733812069,False,0.41732463557939192,,,,,,,False,,,,,,,,,,,,,42.126120301446086,0.042373366217737005,27.27987961415781,0.051406977704027967,26.823310582486226,0.053724949812043392,False,4.7961634663806763e-13,False,False,False,False,False,False,False,False,False,False,False,False,False,C1190,S09-B01,S09-B01-C0006,S09-B01-C0005,5,4
9,S09-P001,aligned_samples,scalar,csa,static,,,,,,excluded,modern,-0.28874464804781907,-0.022790048895330799,0.067031991155030571,0.082714599867572694,-0.26595459915248826,0.087890427020046208,0.0018051328538473462,-3.0259791443706248,3.0259791443706248,False,999,False,0.26595459915248826,0.0024782939629138957,True,-0.0880523034751855,,,,,,,False,,,,,,,,,,,,,6.7211802318747624,0.2362123036126057,3.693681538697251,0.4605331523842156,3.7459887439293071,0.46606308339758307,False,1.7151835507434043e-12,False,True,True,True,True,True,True,False,True,False,False,False,False,C1191,S09-B01,S09-B01-C0010,S09-B01-C0008,9,7
9,S09-P001,aligned_samples,scalar,bjs,static,,,,,,retained,,-0.11868433051908542,-0.14619999938367051,0.022787137140352652,0.027789375069623,0.027515668864585091,0.021114653335642188,0.00042283720016453926,1.3031551324661244,1.3031551324661244,False,999,False,-0.027515668864585091,0.19252180444959208,False,-0.0880523034751855,,,,,,,False,,,,,,,,,,,,,71.949941040089286,0.031393986335932461,32.588891737714398,0.08182721840528262,24.998765180565194,0.099658076841486282,False,8.4958734491991095e-11,False,False,False,False,False,False,False,False,False,False,False,False,False,C1192,S09-B01,S09-B01-C0012,S09-B01-C0011,11,10
9,S09-P002,aligned_samples,scalar,csa,static,,,,,,excluded,twfe; modern,-0.21157206653186311,-0.82725786126790202,0.16807975324304283,0.18331358738610279,0.6156857947360389,0.17938895316610812,0.014837139126286215,3.4321276972163086,3.4321276972163086,False,999,False,-0.6156857947360389,0.00059886550536088017,True,-0.094375468848066704,,,,,,,False,,,,,,,,,,,,,2.7592159528862865,0.57518773328804973,3.1913431655797875,0.4961131851064069,2.0905501294826339,0.67698051315424601,False,7.9211637249443356e-12,True,True,True,True,True,True,True,False,True,False,False,False,False,C1193,S09-B01,S09-B01-C0016,S09-B01-C0014,15,13
9,S09-P002,aligned_samples,scalar,bjs,static,,,,,,retained,,-0.13642634574642074,-0.12605759110402609,0.031810760517391228,0.048888280522840798,-0.010368754642394645,0.036734059568581098,0.0010262986623933638,-0.28226541700452606,0.28226541700452606,False,999,False,0.010368754642394645,0.77774000106240204,False,-0.094375468848066704,,,,,,,False,,,,,,,,,,,,,67.85792974714299,0.037162961773056426,22.558804726482432,0.11042568487637422,14.889110013622339,0.15225570550816436,False,3.3803404519971991e-11,False,False,False,False,False,False,False,False,False,False,False,False,False,C1194,S09-B01,S09-B01-C0018,S09-B01-C0017,17,16
9,S09-P003,aligned_samples,scalar,csa,static,,,,,,excluded,twfe; modern,-0.096016834100241644,-0.64723584199581963,0.14756779760029318,0.26266620462281021,0.55121900789557798,0.25180199697969258,0.013682772128296017,2.1890970465179946,2.1890970465179946,False,999,False,-0.55121900789557798,0.028589787164514668,True,-0.067068622157500299,,,,,,,False,,,,,,,,,,,,,4.1664618053247491,0.3680771618046641,3.8343199276151934,0.43530052214146076,3.6102655230326501,0.47721445158608383,False,6.4507565955551627e-12,True,True,True,True,True,True,True,False,True,False,False,False,False,C1195,S09-B01,S09-B01-C0022,S09-B01-C0020,21,19
9,S09-P003,aligned_samples,scalar,bjs,static,,,,,,retained,,-0.090327691009234795,-0.1073157313149992,0.037243889034044061,0.049414126574785902,0.01698804030576441,0.032232450029170912,0.0013949661703230791,0.52704775126898351,0.52704775126898351,False,999,False,-0.01698804030576441,0.59816042871204633,False,-0.067068622157500299,,,,,,,False,,,,,,,,,,,,,69.258911661177152,0.032689957640419653,20.885138866431081,0.12334170638530849,13.640777625656428,0.16891914748901818,False,2.4050941793696268e-11,False,False,False,False,False,False,False,False,False,False,False,False,False,C1196,S09-B01,S09-B01-C0024,S09-B01-C0023,23,22
9,S09-P004,aligned_samples,scalar,csa,static,,,,,,excluded,twfe; modern,-0.37374905187816576,-0.11552716538374,0.089858867974202547,0.12903992765721281,-0.25822188649442579,0.14657085741234202,0.0016214514203973923,-1.7617546288071464,1.7617546288071464,False,999,False,0.25822188649442579,0.078110763528387972,False,-0.13160890727524019,,,,,,,False,,,,,,,,,,,,,3.1748901387462158,0.43310680434336923,4.4159014381002208,0.29447930056984328,5.0537933483273152,0.26865115732468875,False,4.6853632085230856e-12,True,True,True,True,True,True,True,False,True,False,False,False,False,C1197,S09-B01,S09-B01-C0028,S09-B01-C0026,27,25
9,S09-P004,aligned_samples,scalar,bjs,static,,,,,,retained,,-0.15581138562467919,-0.16866309144077621,0.025659557205244318,0.0341583516187524,0.012851705816097014,0.026509114827680633,0.00056123634616618968,0.48480327991477684,0.48480327991477684,False,999,False,-0.012851705816097014,0.62781589589298759,False,-0.13160890727524019,,,,,,,False,,,,,,,,,,,,,28.296909430199161,0.06961919225847138,14.834751135382017,0.14195327827603998,12.82641091686277,0.15514284761490571,False,7.7758327554633411e-11,False,False,False,False,False,False,False,False,False,False,False,False,False,C1198,S09-B01,S09-B01-C0030,S09-B01-C0029,29,28
9,S09-P005,aligned_samples,scalar,csa,static,,,,,,excluded,twfe; modern,-0.73857134270601366,-1.0755683297778045,0.26441693765176155,0.24526024141008801,0.33699698707179082,0.09426813757377657,0.06059121058602087,3.5748768963219271,3.5748768963219271,False,999,False,-0.33699698707179082,0.00035039272344294773,True,-0.13108768648330171,,,,,,,False,,,,,,,,,,,,,3.7789436897460624,0.37896190491698656,3.7308220286110685,0.39134801219650683,3.3507891795457589,0.47726154752055028,False,3.8319569739542203e-11,True,True,True,True,True,True,True,False,True,False,False,False,False,C1199,S09-B01,S09-B01-C0034,S09-B01-C0032,33,31
9,S09-P005,aligned_samples,scalar,bjs,static,,,,,,retained_fragile,,-0.17451202489933401,-0.090226797931741307,0.044666545617420693,0.083512701311219101,-0.084285226967592705,0.068644451025666881,0.0021287054605374266,-1.2278520070919874,1.2278520070919874,False,999,False,0.084285226967592705,0.21950252844180679,False,-0.13108768648330171,,,,,,,False,,,,,,,,,,,,,29.225363653713831,0.066243331077839099,7.8132176266674485,0.23758956898717967,6.081699479333686,0.28245494873659821,False,2.9873464812979478e-11,False,False,False,True,False,True,True,False,True,False,False,False,False,C1200,S09-B01,S09-B01-C0036,S09-B01-C0035,35,34
9,S09-P006,aligned_samples,scalar,csa,static,,,,,,excluded,twfe; modern,-0.080622416999367841,-0.42782448048563138,0.33602869830247589,0.38065337372811198,0.34720206348626353,0.092618313631604957,0.12461706249674384,3.7487409333242789,3.7487409333242789,False,999,False,-0.34720206348626353,0.00017772455248597861,True,-0.1521593393054268,,,,,,,False,,,,,,,,,,,,,3.7776301006633481,0.37846260327911507,3.7213031658207312,0.39184983521638994,3.1796556007697778,0.4999414023062988,False,5.3777177155822642e-11,True,True,True,True,True,True,True,False,True,False,False,False,False,C1201,S09-B01,S09-B01-C0040,S09-B01-C0038,39,37
9,S09-P006,aligned_samples,scalar,bjs,static,,,,,,retained_fragile,,-0.18814248200436209,-0.1333375366381683,0.051844314481865189,0.070862419291298301,-0.054804945366193791,0.053056223415831369,0.0024471762843798514,-1.0329597894040952,1.0329597894040952,False,999,False,0.054804945366193791,0.30162271668815832,False,-0.1521593393054268,,,,,,,False,,,,,,,,,,,,,30.373986924820723,0.061428103804330295,8.3647664630257026,0.22231683888759407,6.9064166015533797,0.25664454288495681,False,2.2242457875520927e-11,False,False,False,True,False,True,True,False,True,False,False,False,False,C1202,S09-B01,S09-B01-C0042,S09-B01-C0041,41,40
14,S14-P001,aligned_samples,twfe_scalar,csa,static,,,,,,retained,,0.055250545420069991,0.27577098512117382,0.023977123193859209,0.051737408416800378,-0.22052043970110383,0.048157062390052754,0.00046627960415043687,-4.5791921009420662,4.5791921009420662,False,999,False,0.22052043970110383,4.6677535379344289e-06,True,0.22621232460038229,,,,,,,False,,,,,,,,,,,,,626.04610968686234,0.0025947842650857426,369.48106384128204,0.0048337294710052315,360.09514559826664,0.0048810848201696379,False,5.5511151231257827e-16,False,False,False,False,False,False,False,False,False,False,False,False,False,C1203,S14-B01,S14-B01-C0004,S14-B01-C0002,3,1
14,S14-P001,aligned_samples,twfe_scalar,bjs,static,,,,,,retained,,0.22621232460038229,0.3371727330470618,0.024755772333429994,0.030148368238019089,-0.11096040844667951,0.010059787790240067,0.00071028652042757676,-11.030094347947626,11.030094347947626,False,999,False,0.11096040844667951,2.7357789363296864e-28,True,0.22621232460038229,,,,,,,False,,,,,,,,,,,,,733.23310670599926,0.0021105829042567981,689.12611764086057,0.0034217102230413837,235.02454802779999,0.012254835505225855,False,3.8857805861880479e-16,False,False,False,False,False,False,False,False,False,False,False,False,False,C1204,S14-B01,S14-B01-C0006,S14-B01-C0005,5,4
14,S14-P002,aligned_samples,twfe_scalar,csa,static,,,,,,retained,,-0.016843454848554075,0.12302188823881832,0.032588550677766552,0.092739577994214936,-0.13986534308737239,0.084165838535746593,0.0012893772926985336,-1.661782803102108,1.661782803102108,False,999,False,0.13986534308737239,0.096556331526518879,False,0.16412684992852269,,,,,,,False,,,,,,,,,,,,,529.44275629425942,0.0025600246738576873,271.86294863331801,0.0079527431910260127,263.71356799826299,0.0080161130415828622,False,6.9388939039072284e-17,False,False,False,False,False,False,False,False,False,False,False,False,False,C1205,S14-B01,S14-B01-C0010,S14-B01-C0008,9,7
14,S14-P002,aligned_samples,twfe_scalar,bjs,static,,,,,,retained,,0.16412684992852269,0.20461268490981832,0.036818926285966891,0.042030449337099686,-0.040485834981295626,0.0082732970812794768,0.0015268722798674301,-4.8935550825203098,4.8935550825203098,False,999,False,0.040485834981295626,9.9030580321582765e-07,True,0.16412684992852269,,,,,,,False,,,,,,,,,,,,,544.99926471918764,0.0035599670442872807,502.43244133014633,0.0051801295553202667,126.37402146052059,0.020078617993006826,False,1.3877787807814457e-16,False,False,False,False,False,False,False,False,False,False,False,False,False,C1206,S14-B01,S14-B01-C0012,S14-B01-C0011,11,10
14,S14-P003,aligned_samples,twfe_scalar,csa,static,,,,,,retained,,0.020532810629762893,0.19537998994584185,0.028898039090733438,0.056962965375290497,-0.17484717931607896,0.053137779949704075,0.00062812621482646457,-3.2904494595290799,3.2904494595290799,False,999,False,0.17484717931607896,0.0010002746888930023,True,0.19974025646346216,,,,,,,False,,,,,,,,,,,,,437.57545674502643,0.0051302708257940366,148.25568287599529,0.060366739647354478,133.35124412487167,0.065968575440419341,False,3.8857805861880479e-16,False,False,False,False,False,False,False,False,False,False,False,False,False,C1207,S14-B01,S14-B01-C0016,S14-B01-C0014,15,13
14,S14-P003,aligned_samples,twfe_scalar,bjs,static,,,,,,retained,,0.2006302209050233,0.26285794150883507,0.026823195392100648,0.031049550427489941,-0.062227720603811765,0.017595877656442296,0.00068697174114578231,-3.5364942754661985,3.5364942754661985,False,999,False,0.062227720603811765,0.00040547528859409521,True,0.19974025646346216,,,,,,,False,,,,,,,,,,,,,537.53884351991553,0.0038701871126322947,51.003647727714153,0.10354978938472596,12.95332746437872,0.22450327930438219,False,1.1102230246251565e-16,False,False,False,False,False,False,False,False,False,False,False,False,False,C1208,S14-B01,S14-B01-C0018,S14-B01-C0017,17,16
14,S14-P004,aligned_samples,twfe_scalar,csa,static,,,,,,retained,,0.011426638961007205,0.09719525040532305,0.042569125078091997,0.10658991265912024,-0.085768611444315843,0.091564397990484644,0.0023947504556166275,-0.93670261943106858,0.93670261943106858,False,999,False,0.085768611444315843,0.3489115484687188,False,0.17157935762852211,,,,,,,False,,,,,,,,,,,,,395.27095448308643,0.0067938466593963744,164.40235948301157,0.047605429216610068,144.3626042205797,0.053698947804371781,False,2.7755575615628914e-17,False,False,False,False,False,False,False,False,False,False,False,False,False,C1209,S14-B01,S14-B01-C0022,S14-B01-C0020,21,19
14,S14-P004,aligned_samples,twfe_scalar,bjs,static,,,,,,retained,,0.17389752256753369,0.17877592028037464,0.038777605016335252,0.047083813907207631,-0.0048783977128409595,0.023345482278768703,0.0015877883200115818,-0.20896538587586025,0.20896538587586025,False,999,False,0.0048783977128409595,0.83447526013640605,False,0.17157935762852211,,,,,,,False,,,,,,,,,,,,,414.65933538895473,0.0059850672268061912,58.126854613160198,0.088748666625572167,12.567489401977372,0.2091806668829625,False,2.7755575615628914e-17,False,False,False,False,False,False,False,False,False,False,False,False,False,C1210,S14-B01,S14-B01-C0024,S14-B01-C0023,23,22
6,S06-P001,aligned_samples,twfe_scalar,csa,static,,,,,,retained,,0.0218460641959068,-0.14677755918588589,0.068889679029867881,0.17654323178547421,0.16862362338179268,0.18367253381974025,0.0010888504431671403,0.91806662583140031,0.91806662583140031,False,999,False,-0.16862362338179268,0.35858398604002684,False,0.18268489130830309,,,,,,,False,,,,,,,,,,,,,35.632680793781603,0.056808593118532737,12.21005032440827,0.19988585036774512,12.787565205335479,0.20277421741610632,False,3.0808688933348094e-15,False,False,False,False,False,False,False,False,False,False,False,False,False,C1211,S06-B01,S06-B01-C0004,S06-B01-C0002,3,1
6,S06-P001,aligned_samples,twfe_scalar,bjs,static,,,,,,retained,,0.052031654196786216,-0.0061453746773227997,0.047309747676621841,0.12655732719773721,0.058177028874109013,0.11668512409910284,0.0023197755533188574,0.49858136864728519,0.49858136864728519,False,999,False,-0.058177028874109013,0.61807433329038619,False,0.18268489130830309,,,,,,,False,,,,,,,,,,,,,48.178537408194558,0.043638123686430275,18.258901949385475,0.1810514653570309,15.256675914891007,0.21800745388709511,False,4.644722106927901e-15,False,False,False,False,False,False,False,False,False,False,False,False,False,C1212,S06-B01,S06-B01-C0006,S06-B01-C0005,5,4
20,S20-P001,aligned_samples,event_study_post_average,csa,post,"[0, 1, 2, 3, 4, 5, 6, 7, 8, 9, 10, 11, 12, 13, 14, 15, 16, 17, 18, 19, 20]","[0, 1, 2, 3, 4, 5, 6, 7, 8, 9, 10, 11, 12, 13, 14, 15, 16, 17, 18, 19, 20]",,,,retained,,-0.31676324552402169,-0.2749585511273625,0.048620823862941046,0.050778872697152401,-0.041804694396659181,0.03012805042330095,0.0020173895015978931,-1.3875671943355334,1.3875671943355334,False,999,False,0.041804694396659181,0.16526887677446586,False,-0.30101327385862231,,,,,,,False,,,,,,,,,,,,,15.593567134235917,0.18056695260420369,21.364132481950691,0.1217913960251885,24.487836020333965,0.085058837801716802,False,8.7152507433074788e-15,False,False,False,False,False,False,False,False,False,False,False,False,False,C1213,S20-B01,S20-B01-C0004,S20-B01-C0002,3,1
20,S20-P001,aligned_samples,event_study_post_average,bjs,post,"[0, 1, 2, 3, 4, 5, 6, 7, 8, 9, 10, 11, 12, 13, 14, 15, 16, 17, 18, 19, 20]","[0, 1, 2, 3, 4, 5, 6, 7, 8, 9, 10, 11, 12, 13, 14, 15, 16, 17, 18, 19, 20]",,,,retained,,-0.29108583198399968,-0.31161372460204922,0.047568316615727586,0.057359197512039703,0.020527892618049548,0.041872453100553111,0.0018997599781106357,0.49024814879495049,0.49024814879495049,False,999,False,-0.020527892618049548,0.62395831328502327,False,-0.30101327385862231,,,,,,,False,,,,,,,,,,,,,15.435225331223956,0.18176881980764709,23.791134475833111,0.10222188024408629,15.410688242901699,0.1803738412408212,False,1.4538370507466425e-13,False,False,False,False,False,False,False,False,False,False,False,False,False,C1214,S20-B01,S20-B01-C0006,S20-B01-C0005,5,4
2,S02-P005,aligned_samples,twfe_scalar,csa,static,,,,,,excluded,modern,-0.25426642000256966,-0.27450603558315706,0.084433366317834227,0.079009016544909952,0.0202396155805874,0.084382344258451383,0.0031255190103018173,0.23985604759446208,0.23985604759446208,False,999,False,-0.0202396155805874,0.81044185522014589,False,-0.25440986170827229,,,,,,,False,,,,,,,,,,,,,24.993653684380277,0.075420130510757674,4.0125255052050113,0.37676597165234732,5.7911861859438245,0.32942509498112893,False,2.2509771824275049e-13,False,True,True,True,False,True,True,False,True,False,False,False,False,C1215,S02-B02,S02-B02-C0004,S02-B02-C0002,3,1
2,S02-P005,aligned_samples,twfe_scalar,bjs,static,,,,,,retained_fragile,,-0.25410527287214091,-0.33212500284855584,0.064290325736693368,0.10485798161959722,0.078019729976414931,0.063246450350478906,0.0055641644053651667,1.2335827472383067,1.2335827472383067,False,999,False,-0.078019729976414931,0.2173584251629429,False,-0.25440986170827229,,,,,,,False,,,,,,,,,,,,,31.670609479485442,0.066796346483014857,16.809953939534047,0.14865181186391355,5.8320079804782203,0.29119373972742196,False,6.1805116580160302e-11,False,False,False,True,False,False,True,False,True,False,False,False,False,C1216,S02-B02,S02-B02-C0006,S02-B02-C0005,5,4
2,S02-P004,aligned_samples,twfe_scalar,csa,static,,,,,,excluded,modern,-0.065930708603856067,-0.0012616929578440324,0.032677047918839519,0.0389213641252888,-0.064669015646012032,0.044111784516153267,0.00031840625643195637,-1.4660258331269942,1.4660258331269942,False,999,False,0.064669015646012032,0.1426412492436773,False,-0.13755689670757285,,,,,,,False,,,,,,,,,,,,,31.235502391185989,0.064190844205564548,4.1958639487782934,0.35332967801841364,4.0354900907125044,0.41710391332390001,False,2.807892807155099e-13,False,True,True,True,False,True,True,False,True,False,False,False,False,C1217,S02-B02,S02-B02-C0010,S02-B02-C0008,9,7
2,S02-P004,aligned_samples,twfe_scalar,bjs,static,,,,,,retained_fragile,,-0.13745208507209439,-0.16733591086402549,0.046249842624283902,0.062941941821725411,0.029883825791931107,0.026953488873574606,0.0026871227103012919,1.1087182788135981,1.1087182788135981,False,999,False,-0.029883825791931107,0.26755173399382864,False,-0.13755689670757285,,,,,,,False,,,,,,,,,,,,,31.400631166537661,0.06362056446966341,22.400895131074655,0.12872220856670502,6.9575930342270409,0.29780468284540901,False,6.8200750602542826e-11,False,False,False,True,False,False,True,False,True,False,False,False,False,C1218,S02-B02,S02-B02-C0012,S02-B02-C0011,11,10
2,S02-P001,aligned_samples,twfe_scalar,csa,static,,,,,,excluded,modern,-0.0056822618009816188,0.012445613281771203,0.026139531914216363,0.038970808899756806,-0.01812787508275282,0.041907835785965616,0.00022286618736612002,-0.43256528863329197,0.43256528863329197,False,999,False,0.01812787508275282,0.66533061132957938,False,-0.096799464169344832,,,,,,,False,,,,,,,,,,,,,27.016866287920219,0.068874787074661215,3.565605761168769,0.39995384423488828,4.7837260355598366,0.36686985170902381,False,1.574669214465807e-13,False,True,True,True,False,True,True,False,True,False,False,False,False,C1219,S02-B02,S02-B02-C0016,S02-B02-C0014,15,13
2,S02-P001,aligned_samples,twfe_scalar,bjs,static,,,,,,retained_fragile,,-0.096615971894370614,-0.11304936398167499,0.039796470747484727,0.053067152329361218,0.016433392087304377,0.020615722483611567,0.0019874368633908735,0.79712908923604664,0.79712908923604664,False,999,False,-0.016433392087304377,0.42537606367524833,False,-0.096799464169344832,,,,,,,False,,,,,,,,,,,,,30.966649583717565,0.066519084140137102,18.940382404502085,0.14082802594497193,5.5823435475005736,0.31496166962599587,False,8.6986695624347021e-11,False,False,False,True,False,False,True,False,True,False,False,False,False,C1220,S02-B02,S02-B02-C0018,S02-B02-C0017,17,16
2,S02-P002,aligned_samples,twfe_scalar,csa,static,,,,,,excluded,twfe,-0.07347289809285612,-0.031296249740273265,0.065294742347238338,0.049171568505039391,-0.042176648352582856,0.057963208295983594,0.0016607565057372197,-0.72764516652031797,0.72764516652031797,False,999,False,0.042176648352582856,0.46683082448151125,False,-0.21113054322374883,,,,,,,False,,,,,,,,,,,,,4.7273798807957741,0.32904976915715817,5.5212012990334154,0.22698510423129209,6.6294699233469139,0.26155303052081363,False,4.5902170953127097e-13,True,False,True,True,True,True,True,False,True,False,False,False,False,C1221,S02-B02,S02-B02-C0022,S02-B02-C0020,21,19
2,S02-P002,aligned_samples,twfe_scalar,bjs,static,,,,,,excluded,twfe; modern,-0.21113054322374905,-0.21093619796818525,0.13913310727342765,0.14732070149191864,-0.00019434525556380478,0.022760069478330418,0.020271694932485845,-0.0085388691694829183,0.0085388691694829183,False,999,False,0.00019434525556380478,0.99318705091433745,False,-0.21113054322374883,,,,,,,False,,,,,,,,,,,,,3.6443572713058319,0.39544225319181814,3.9990253831971847,0.36446702973686673,5.1166440812392784,0.31296692061260734,False,8.7006735149941505e-11,True,True,True,True,True,True,True,False,True,False,False,False,False,C1222,S02-B02,S02-B02-C0024,S02-B02-C0023,23,22
2,S02-P003,aligned_samples,twfe_scalar,csa,static,,,,,,excluded,modern,-0.28706210810641353,-0.24545783667650509,0.10040378587984555,0.091069248122973873,-0.04160427142990844,0.085380426604570125,0.0055423554627556364,-0.48728113789585475,0.48728113789585475,False,999,False,0.04160427142990844,0.62605911269693593,False,-0.27681013131674809,,,,,,,False,,,,,,,,,,,,,19.718397680302111,0.094383371536951796,4.3082088725950971,0.3538897720175545,5.8487562007261928,0.32096495775086725,False,2.3270274596143281e-13,False,True,True,True,False,True,True,False,True,False,False,False,False,C1223,S02-B02,S02-B02-C0028,S02-B02-C0026,27,25
2,S02-P003,aligned_samples,twfe_scalar,bjs,static,,,,,,retained_fragile,,-0.27675194103142653,-0.35266179554455679,0.078622566711695208,0.12337986867747536,0.075909854513130259,0.06592335861998895,0.0085291053897331767,1.1514864549105854,1.1514864549105854,False,999,False,-0.075909854513130259,0.24953216452564467,False,-0.27681013131674809,,,,,,,False,,,,,,,,,,,,,20.179626003271157,0.09669797493746872,16.662483973915581,0.12546429443120069,6.2546375577486391,0.27668860666300993,False,7.5555339762445328e-11,False,False,False,True,False,False,True,False,True,False,False,False,False,C1224,S02-B02,S02-B02-C0030,S02-B02-C0029,29,28
2,S02-P020,aligned_samples,twfe_scalar,csa,static,,,,,,excluded,modern,-0.017319558122169385,-0.044659813879835739,0.0096878644201042093,0.039594938239254744,0.027340255757666354,0.041647669490263363,-3.64572613887475e-05,0.65646544193926915,0.65646544193926915,False,999,False,-0.027340255757666354,0.51152469582337468,False,-0.027004148136156876,,,,,,,False,,,,,,,,,,,,,23.289242435633746,0.082523827877595726,4.2612681740105751,0.38927835549978934,6.0227064903694743,0.32198671305566356,False,8.5919812931045669e-13,False,True,True,True,False,True,True,False,True,False,False,False,False,C1225,S02-B02,S02-B02-C0034,S02-B02-C0032,33,31
2,S02-P020,aligned_samples,twfe_scalar,bjs,static,,,,,,retained_fragile,,-0.027024583157665098,-0.019738496589255927,0.0081559251286524078,0.0092253053066539033,-0.0072860865684091711,0.0056144013939567481,6.005193484634849e-05,-1.2977494940514582,1.2977494940514582,False,999,False,0.0072860865684091711,0.19437343001827168,False,-0.027004148136156876,,,,,,,False,,,,,,,,,,,,,28.824155935695199,0.077041077087904128,17.839820731497657,0.14510264356628166,6.4080890980518337,0.27883332634712288,False,1.1821840381620596e-10,False,False,False,True,False,False,True,False,True,False,False,False,False,C1226,S02-B02,S02-B02-C0036,S02-B02-C0035,35,34
2,S02-P019,aligned_samples,twfe_scalar,csa,static,,,,,,excluded,modern,-0.018581022687989866,-0.064522086697508155,0.011796127736503632,0.052787702664483446,0.045941064009518293,0.051586540821871064,0.0001322594941016268,0.89056298944628465,0.89056298944628465,False,999,False,-0.045941064009518293,0.37316366192538819,False,-0.025791258435499089,,,,,,,False,,,,,,,,,,,,,23.950919782654061,0.07791432374266595,4.4633789451303221,0.36282951224195037,5.5043093834865573,0.29678375963937426,False,6.9445144079693932e-13,False,True,True,True,False,True,True,False,True,False,False,False,False,C1227,S02-B02,S02-B02-C0040,S02-B02-C0038,39,37
2,S02-P019,aligned_samples,twfe_scalar,bjs,static,,,,,,retained_fragile,,-0.025646428888032126,-0.02731646496560379,0.010494508673616513,0.015739933006936425,0.0016700360775716641,0.011950879965091938,0.00010752833571171155,0.13974168282584842,0.13974168282584842,False,999,False,-0.0016700360775716641,0.88886409137516242,False,-0.025791258435499089,,,,,,,False,,,,,,,,,,,,,28.316978547606137,0.076205933341744969,24.796351757841119,0.098147183630879681,8.8039662509965755,0.22575943274741861,False,1.5000563985401172e-10,False,False,False,True,False,False,True,False,True,False,False,False,False,C1228,S02-B02,S02-B02-C0042,S02-B02-C0041,41,40
2,S02-P016,aligned_samples,twfe_scalar,csa,static,,,,,,excluded,modern,-0.02406004332857168,-0.099202786544669533,0.01281559264429937,0.055148434885571029,0.075142743216097846,0.054471781389688834,0.00011920715869331915,1.3794801877054437,1.3794801877054437,False,999,False,-0.075142743216097846,0.16774675066556163,False,-0.030835780731714224,,,,,,,False,,,,,,,,,,,,,24.978517299764732,0.081944545414756625,3.5367951514160834,0.44481859598839207,4.7538266421941442,0.40014404306180262,False,7.4738132349594366e-13,False,True,True,True,False,True,True,False,True,False,False,False,False,C1229,S02-B02,S02-B02-C0046,S02-B02-C0044,45,43
2,S02-P016,aligned_samples,twfe_scalar,bjs,static,,,,,,retained_fragile,,-0.030750234532638258,-0.051291102387261887,0.011565643894383627,0.016240504669830891,0.02054086785462363,0.011650535964998725,0.00013089156117538175,1.7630835110362133,1.7630835110362133,False,999,False,-0.02054086785462363,0.077886405806245951,False,-0.030835780731714224,,,,,,,False,,,,,,,,,,,,,28.222193911524126,0.080672248104768099,18.004529551124957,0.1381167405356479,5.5893737583433243,0.29817140860092139,False,1.3193275638645474e-10,False,False,False,True,False,False,True,False,True,False,False,False,False,C1230,S02-B02,S02-B02-C0048,S02-B02-C0047,47,46
2,S02-P017,aligned_samples,twfe_scalar,csa,static,,,,,,excluded,twfe,-0.02275716519259972,0.014301269089937462,0.012566819783670635,0.068337220274488047,-0.037058434282537182,0.072643287339984083,-0.00022457328062016786,-0.51014258356862108,0.51014258356862108,False,999,False,0.037058434282537182,0.60995157369501718,False,-0.025646482062219592,,,,,,,False,,,,,,,,,,,,,4.4003882509982155,0.39098408625372466,5.2354130336340887,0.25824644750108866,6.9122298985412458,0.27295856645362937,False,1.255814896516938e-12,True,False,True,True,True,True,True,False,True,False,False,False,False,C1231,S02-B02,S02-B02-C0052,S02-B02-C0050,51,49
2,S02-P017,aligned_samples,twfe_scalar,bjs,static,,,,,,excluded,twfe; modern,-0.025646482062219908,-0.027389280582845472,0.012656332819527326,0.011251208047087128,0.0017427985206255638,0.0065288793900017432,0.00012207308843414658,0.26693685340465423,0.26693685340465423,False,999,False,-0.0017427985206255638,0.78951778092219183,False,-0.025646482062219592,,,,,,,False,,,,,,,,,,,,,3.3670307020602883,0.46183706915808104,3.7523651432367648,0.42768299864366888,5.084859741302302,0.28896088635432288,False,1.3584633418162184e-10,True,True,True,True,True,True,True,False,True,False,False,False,False,C1232,S02-B02,S02-B02-C0054,S02-B02-C0053,53,52
2,S02-P018,aligned_samples,twfe_scalar,csa,static,,,,,,excluded,modern,-0.016728725406266725,-0.026574957613744798,0.010596881645105966,0.043210253949938139,0.0098462322074780728,0.04543216700202065,-4.233092574048285e-05,0.21672380732004595,0.21672380732004595,False,999,False,-0.0098462322074780728,0.82842359336719085,False,-0.031382691622902373,,,,,,,False,,,,,,,,,,,,,17.705031135375108,0.11022620901182104,4.2924940490480523,0.38609590993538823,6.097528966688567,0.3324463690629102,False,9.7542113275395081e-13,False,True,True,True,False,True,True,False,True,False,False,False,False,C1233,S02-B02,S02-B02-C0058,S02-B02-C0056,57,55
2,S02-P018,aligned_samples,twfe_scalar,bjs,static,,,,,,retained_fragile,,-0.031340325279686297,-0.022161708529788417,0.0094208910612341643,0.011465310231948314,-0.0091786167498978805,0.0064435523611923694,8.9343580035516364e-05,-1.4244653004106871,1.4244653004106871,False,999,False,0.0091786167498978805,0.1543118229097038,False,-0.031382691622902373,,,,,,,False,,,,,,,,,,,,,18.53652886763485,0.11197853842532086,16.507036890801292,0.1241744952949943,6.4925667927069801,0.26671309817748778,False,1.4287459410011749e-10,False,False,False,True,False,False,True,False,True,False,False,False,False,C1234,S02-B02,S02-B02-C0060,S02-B02-C0059,59,58
2,S02-P010,aligned_samples,twfe_scalar,csa,static,,,,,,excluded,modern,-0.13205070199157473,-0.076081167732542643,0.037333029202793286,0.031606178837036078,-0.055969534259032089,0.041347375675976926,0.00034155006742247758,-1.3536417570402353,1.3536417570402353,False,999,False,0.055969534259032089,0.17585069806470019,False,-0.15187462114543143,,,,,,,False,,,,,,,,,,,,,25.212211007526729,0.075173770057330003,4.071043400455733,0.37315157614376226,5.8174640479087438,0.3284994612622425,False,6.8622885152080926e-13,False,True,True,True,False,True,True,False,True,False,False,False,False,C1235,S02-B02,S02-B02-C0064,S02-B02-C0062,63,61
2,S02-P010,aligned_samples,twfe_scalar,bjs,static,,,,,,retained_fragile,,-0.15156448451439131,-0.19642524359952193,0.031279492953714107,0.039062928479838076,0.044860759085130625,0.017751560783778229,0.001094600575301111,2.527144493464788,2.527144493464788,False,999,False,-0.044860759085130625,0.011499418046800535,True,-0.15187462114543143,,,,,,,False,,,,,,,,,,,,,31.962400256468712,0.066181202934827044,18.136058846311204,0.14014175067849738,6.2141863305966831,0.29823279660186891,False,1.8558854453232243e-10,False,False,False,True,False,False,True,False,True,False,False,False,False,C1236,S02-B02,S02-B02-C0066,S02-B02-C0065,65,64
2,S02-P009,aligned_samples,twfe_scalar,csa,static,,,,,,excluded,modern,-0.062051639387912791,0.010695038597375564,0.033418744598344208,0.051628069882797285,-0.07274667798528836,0.046002079859104539,0.00083303936949446469,-1.5813780204742338,1.5813780204742338,False,999,False,0.07274667798528836,0.11379162995942817,False,-0.079697112173354803,,,,,,,False,,,,,,,,,,,,,31.308194670393764,0.067684782921608691,4.5519073527438376,0.28866431387970953,4.6757618949090656,0.34676942576377962,False,6.5329686105286555e-13,False,True,True,True,False,True,True,False,True,False,False,False,False,C1237,S02-B02,S02-B02-C0070,S02-B02-C0068,69,67
2,S02-P009,aligned_samples,twfe_scalar,bjs,static,,,,,,retained_fragile,,-0.079331834296806195,-0.081775156404647484,0.035376569418264447,0.041860078232998039,0.0024433221078412892,0.014601801476740606,0.0013952776035559276,0.16733018263077251,0.16733018263077251,False,999,False,-0.0024433221078412892,0.86711025661920582,False,-0.079697112173354803,,,,,,,False,,,,,,,,,,,,,31.437288356974864,0.066705715442335362,24.446814410527885,0.11823773132113878,7.2649593520832951,0.29080854099618902,False,2.2432865287580483e-10,False,False,False,True,False,False,True,False,True,False,False,False,False,C1238,S02-B02,S02-B02-C0072,S02-B02-C0071,71,70
2,S02-P006,aligned_samples,twfe_scalar,csa,static,,,,,,excluded,modern,0.011889767462961351,0.08525896044912272,0.033775567267906453,0.062006396667439928,-0.073369192986161375,0.062178112768070372,0.00055973223227495205,-1.1799842375376475,1.1799842375376475,False,999,False,0.073369192986161375,0.23800648411356895,False,-0.029801824693312856,,,,,,,False,,,,,,,,,,,,,27.160449474236341,0.070186804190559532,3.5762788235175482,0.40835077693623612,4.7344734082411444,0.37832042963277218,False,6.8993075141854376e-13,False,True,True,True,False,True,True,False,True,False,False,False,False,C1239,S02-B02,S02-B02-C0076,S02-B02-C0074,75,73
2,S02-P006,aligned_samples,twfe_scalar,bjs,static,,,,,,retained_fragile,,-0.029798626193306657,-0.052965356669209276,0.025944930154729897,0.028415693503953725,0.023166730475902619,0.011962620956598688,0.00066874336894659828,1.936593206451438,1.936593206451438,False,999,False,-0.023166730475902619,0.052795089061616382,False,-0.029801824693312856,,,,,,,False,,,,,,,,,,,,,31.198132676373408,0.067570553328949914,19.753327637858874,0.13125337644640692,5.756078741447471,0.29338033079040654,False,2.022723030736806e-10,False,False,False,True,False,False,True,False,True,False,False,False,False,C1240,S02-B02,S02-B02-C0078,S02-B02-C0077,77,76
2,S02-P007,aligned_samples,twfe_scalar,csa,static,,,,,,excluded,twfe,-0.13074520545832091,-0.082065455368849904,0.065028988751638567,0.073491662175674571,-0.048679750089471008,0.049060895630975682,0.0036114111536453618,-0.99223117440880904,0.99223117440880904,False,999,False,0.048679750089471008,0.32108476848835632,False,-0.20694867183147714,,,,,,,False,,,,,,,,,,,,,4.7616341600260679,0.33339932717869408,5.6064022124812629,0.23043563172634157,6.8760942374268783,0.26861340481238671,False,9.8576702356467649e-13,True,False,True,True,True,True,True,False,True,False,False,False,False,C1241,S02-B02,S02-B02-C0082,S02-B02-C0080,81,79
2,S02-P007,aligned_samples,twfe_scalar,bjs,static,,,,,,excluded,twfe; modern,-0.20694867183147725,-0.20110785390007954,0.10093312390732979,0.11224112451448402,-0.0058408179313977071,0.022576803458838252,0.011137926739774645,-0.25870880889079867,0.25870880889079867,False,999,False,0.0058408179313977071,0.79585992239329006,False,-0.20694867183147714,,,,,,,False,,,,,,,,,,,,,3.6490151270633429,0.39672416817740391,3.9805742133177051,0.36674823014162938,4.8924446657413485,0.31585549402803687,False,2.0500948161306098e-10,True,True,True,True,True,True,True,False,True,False,False,False,False,C1242,S02-B02,S02-B02-C0084,S02-B02-C0083,83,82
2,S02-P008,aligned_samples,twfe_scalar,csa,static,,,,,,excluded,modern,-0.14881226389926905,-0.070543709042577687,0.046283907810406068,0.040705038845486222,-0.078268554856691361,0.048113294002663322,0.00074210562491399551,-1.6267552758362125,1.6267552758362125,False,999,False,0.078268554856691361,0.10378908381593052,False,-0.17421216214177315,,,,,,,False,,,,,,,,,,,,,19.861405509173444,0.093852961471888416,4.3750684832874827,0.3519710507114433,5.8789680725229658,0.32302413123498186,False,1.0054179711005418e-12,False,True,True,True,False,True,True,False,True,False,False,False,False,C1243,S02-B02,S02-B02-C0088,S02-B02-C0086,87,85
2,S02-P008,aligned_samples,twfe_scalar,bjs,static,,,,,,retained_fragile,,-0.1741948759804407,-0.21594481302343663,0.039667033191455189,0.048036224537596955,0.041749937042995927,0.019343094338472019,0.0017533985457257061,2.1583897753090264,2.1583897753090264,False,999,False,-0.041749937042995927,0.030897540014046966,True,-0.17421216214177315,,,,,,,False,,,,,,,,,,,,,20.321093547038842,0.096147689471901429,17.265865484721406,0.12298984053815447,6.4192585457533138,0.28457031747999306,False,1.6068943398117597e-10,False,False,False,True,False,False,True,False,True,False,False,False,False,C1244,S02-B02,S02-B02-C0090,S02-B02-C0089,89,88
2,S02-P015,aligned_samples,twfe_scalar,csa,static,,,,,,excluded,modern,-0.21937996404721019,-0.24114407402719637,0.050608468372046203,0.046833747309237478,0.021764109979986179,0.049805270726898825,0.0011370259829051117,0.43698407141137818,0.43698407141137818,False,999,False,-0.021764109979986179,0.66212289986027173,False,-0.22741402078749878,,,,,,,False,,,,,,,,,,,,,25.192219992044734,0.076466635971575367,4.0243224131039401,0.3783543147879283,5.7437140043834196,0.33476840112311285,False,7.094047571598594e-13,False,True,True,True,False,True,True,False,True,False,False,False,False,C1245,S02-B02,S02-B02-C0094,S02-B02-C0092,93,91
2,S02-P015,aligned_samples,twfe_scalar,bjs,static,,,,,,retained_fragile,,-0.22726664274932196,-0.30410347877103783,0.042483024124482481,0.060836851507151873,0.076836836021715871,0.035977113305059337,0.002105788579149765,2.1357143184389553,2.1357143184389553,False,999,False,-0.076836836021715871,0.032702706600931483,True,-0.22741402078749878,,,,,,,False,,,,,,,,,,,,,31.780160097628123,0.06657628030976008,16.577220539661795,0.14906886377700626,5.6329602693612895,0.30871442937357058,False,2.1347451584219357e-10,False,False,False,True,False,False,True,False,True,False,False,False,False,C1246,S02-B02,S02-B02-C0096,S02-B02-C0095,95,94
2,S02-P014,aligned_samples,twfe_scalar,csa,static,,,,,,excluded,modern,-0.03206060610408519,0.080252352644924418,0.036656100211337424,0.065189037318443749,-0.11231295874900961,0.056948551319314325,0.0011750713859202423,-1.9721828939820323,1.9721828939820323,False,999,False,0.11231295874900961,0.048588731712772511,True,-0.072545880495066675,,,,,,,False,,,,,,,,,,,,,31.73543033160929,0.064042467504144274,4.2767957694034431,0.34064773529226572,4.1558630560336312,0.40289285084318455,False,8.2558265779297813e-13,False,True,True,True,False,True,True,False,True,False,False,False,False,C1247,S02-B02,S02-B02-C0100,S02-B02-C0098,99,97
2,S02-P014,aligned_samples,twfe_scalar,bjs,static,,,,,,retained_fragile,,-0.072350383284352851,-0.084132867573804615,0.040037225321484848,0.054204751077104714,0.011782484289451764,0.02161621317877465,0.0020369368892920012,0.54507624402137178,0.54507624402137178,False,999,False,-0.011782484289451764,0.58570108051066283,False,-0.072545880495066675,,,,,,,False,,,,,,,,,,,,,31.669681414399491,0.063525799967655977,23.184019389142318,0.12752753789797489,7.391631152167041,0.2914904176482232,False,2.4968503653521879e-10,False,False,False,True,False,False,True,False,True,False,False,False,False,C1248,S02-B02,S02-B02-C0102,S02-B02-C0101,101,100
2,S02-P011,aligned_samples,twfe_scalar,csa,static,,,,,,excluded,modern,0.06676493260151474,0.12780481992860876,0.036972304616485221,0.073418655631440399,-0.06103988732709402,0.072823760288639225,0.00072697512040251113,-0.83818642549025946,0.83818642549025946,False,999,False,0.06103988732709402,0.40192600966994541,False,-0.0084468541081036894,,,,,,,False,,,,,,,,,,,,,27.693063201874754,0.067640708922007187,3.5237962527474775,0.41843873631142892,4.6379108755514364,0.3887004666576358,False,5.8944515934911124e-13,False,True,True,True,False,True,True,False,True,False,False,False,False,C1249,S02-B02,S02-B02-C0106,S02-B02-C0104,105,103
2,S02-P011,aligned_samples,twfe_scalar,bjs,static,,,,,,retained_fragile,,-0.008357493264600363,-0.024896351583438343,0.029800715142580272,0.035095699764406449,0.01653885831883798,0.01387864404892363,0.00096358700216292372,1.1916768137101019,1.1916768137101019,False,999,False,-0.01653885831883798,0.23338799292729043,False,-0.0084468541081036894,,,,,,,False,,,,,,,,,,,,,31.257745275968571,0.065605694349394103,20.294543692378188,0.13311712889392247,5.9443124686280804,0.30331727551863585,False,2.2636223451222293e-10,False,False,False,True,False,False,True,False,True,False,False,False,False,C1250,S02-B02,S02-B02-C0108,S02-B02-C0107,107,106
2,S02-P012,aligned_samples,twfe_scalar,csa,static,,,,,,excluded,twfe,-0.11380849864535451,-0.064604276881188707,0.075486000022125369,0.10515887104337904,-0.049204221764165806,0.071199550359619043,0.0058435741935232025,-0.69107489465371785,0.69107489465371785,False,999,False,0.049204221764165806,0.48951847627532596,False,-0.2439969043383943,,,,,,,False,,,,,,,,,,,,,4.7630527976906913,0.32815059461950552,5.6662888841785293,0.22087846958276058,6.769241939983309,0.26014820408605066,False,1.2780748681606724e-12,True,False,True,True,True,True,True,False,True,False,False,False,False,C1251,S02-B02,S02-B02-C0112,S02-B02-C0110,111,109
2,S02-P012,aligned_samples,twfe_scalar,bjs,static,,,,,,excluded,twfe; modern,-0.24399690433839424,-0.24687492215841716,0.11753185753185123,0.14169749352858138,0.0028780178200229212,0.037507108988040765,0.016242566991264487,0.076732595437856446,0.076732595437856446,False,999,False,-0.0028780178200229212,0.93883627356512811,False,-0.2439969043383943,,,,,,,False,,,,,,,,,,,,,3.6981563065929106,0.39000333128542686,4.0715610808471077,0.35917838437489857,5.3244201786389391,0.29867724599284967,False,2.2454291204176968e-10,True,True,True,True,True,True,True,False,True,False,False,False,False,C1252,S02-B02,S02-B02-C0114,S02-B02-C0113,113,112
2,S02-P013,aligned_samples,twfe_scalar,csa,static,,,,,,excluded,modern,-0.26353654169448387,-0.24566350420511238,0.060710158817095773,0.059404193218564917,-0.017873037489371496,0.05565371425086766,0.0020586228228141774,-0.32114725369103014,0.32114725369103014,False,999,False,0.017873037489371496,0.74809880202477452,False,-0.26739941997512645,,,,,,,False,,,,,,,,,,,,,19.87387108152944,0.094295893518206858,4.3510465796890454,0.35228982176083412,5.8153544202390206,0.32518831026962963,False,9.7349905914256851e-13,False,True,True,True,False,True,True,False,True,False,False,False,False,C1253,S02-B02,S02-B02-C0118,S02-B02-C0116,117,115
2,S02-P013,aligned_samples,twfe_scalar,bjs,static,,,,,,retained_fragile,,-0.26729211468392988,-0.34559344796720404,0.051253138317521707,0.070157560813922409,0.078301333283274155,0.037948859992778562,0.0030544257760013608,2.063338221442605,2.063338221442605,False,999,False,-0.078301333283274155,0.03908050505614271,True,-0.26739941997512645,,,,,,,False,,,,,,,,,,,,,20.145919338781415,0.09656532560833142,16.541840447051673,0.12929412442601032,6.0927341474117593,0.28974024621800559,False,1.8554846548113346e-10,False,False,False,True,False,False,True,False,True,False,False,False,False,C1254,S02-B02,S02-B02-C0120,S02-B02-C0119,119,118
2,S02-P021,aligned_samples,twfe_scalar,csa,static,,,,,,excluded,twfe; modern,0.0069219992618691304,-0.06088710587955494,0.034498124014832918,0.03934891365929287,0.067809105141424075,0.029381140743124666,0.00093760306767098791,2.3079126074194973,2.3079126074194973,False,999,False,-0.067809105141424075,0.021003997702927095,True,0.010795910937978315,,,,,,,False,,,,,,,,,,,,,1.4682658901829886,0.82348532226070292,1.5134823568131921,0.80983668150086696,1.4787953350974961,0.82028772202178524,False,1.9703075976318374e-13,True,True,True,True,True,True,True,False,True,False,False,False,False,C1255,S02-B01,S02-B01-C0004,S02-B01-C0002,3,1
2,S02-P021,aligned_samples,twfe_scalar,bjs,static,,,,,,excluded,twfe; modern,0.010786218204448231,0.0027850970633702512,0.034477815429087288,0.040620336542972604,0.0080011211410779791,0.0083697753705655603,0.0013843391789364202,0.95595410710972639,0.95595410710972639,False,999,False,-0.0080011211410779791,0.33909542104776363,False,0.010795910937978315,,,,,,,False,,,,,,,,,,,,,1.5323041237032142,0.80481151071473367,1.4704006502437454,0.82153829186344041,1.2755137451553422,0.88134763152231099,False,6.3026229634582931e-11,True,True,True,True,True,True,True,False,True,False,False,False,False,C1256,S02-B01,S02-B01-C0006,S02-B01-C0005,5,4
3,S03-P001,aligned_samples,twfe_scalar,csa,static,,,,,,excluded,twfe; modern,0.014231620987968362,0.043738434245709036,0.041281750758906041,0.14606918117683004,-0.029506813257740676,0.13547120388729933,0.0023439707763579067,-0.21780874762350136,0.21780874762350136,False,999,False,0.029506813257740676,0.82757812857373136,False,-0.043926543554463918,,,,,,,False,,,,,,,,,,,,,4.6686031542111008,0.34237320422994399,3.4766310289409916,0.42887139151643738,2.9526259112153634,0.4986263149696597,False,5.4682994243826499e-13,True,True,True,True,True,True,True,False,True,False,False,False,False,C1257,S03-B01,S03-B01-C0004,S03-B01-C0002,3,1
3,S03-P001,aligned_samples,twfe_scalar,bjs,static,,,,,,excluded,twfe,-0.043773838779040203,-0.06038873434216728,0.022763618207430975,0.030978804133040203,0.016614895563127077,0.024503957166143186,0.00043871235130338602,0.67804948606764925,0.67804948606764925,False,999,False,-0.016614895563127077,0.49774031728606333,False,-0.043926543554463918,,,,,,,False,,,,,,,,,,,,,4.7297692902970487,0.3490490622983547,5.1530871313836624,0.24115077223832959,3.863377644604562,0.35301673080264295,False,1.7572197863469086e-10,True,False,True,True,True,True,True,False,True,False,False,False,False,C1258,S03-B01,S03-B01-C0006,S03-B01-C0005,5,4
3,S03-P002,aligned_samples,twfe_scalar,csa,static,,,,,,excluded,twfe; modern,0.052927235002931158,0.12100473924906098,0.05475551492456799,0.19085829836960527,-0.068077504246129822,0.17350466355203353,0.0046605940984457582,-0.39236699955164939,0.39236699955164939,False,999,False,0.068077504246129822,0.69478706566040282,False,-0.022226516241338094,,,,,,,False,,,,,,,,,,,,,4.7321911533529262,0.33787579547316332,3.4293217879458457,0.43390317592391281,2.9712813998747016,0.49771139226714844,False,7.369521659583711e-13,True,True,True,True,True,True,True,False,True,False,False,False,False,C1259,S03-B01,S03-B01-C0010,S03-B01-C0008,9,7
3,S03-P002,aligned_samples,twfe_scalar,bjs,static,,,,,,excluded,twfe,-0.022073374413565144,-0.039047626622231268,0.019931002266420961,0.03548146522230413,0.016974252208666125,0.030037149445831003,0.00037697443941723467,0.56510862454766198,0.56510862454766198,False,999,False,-0.016974252208666125,0.57199988264891588,False,-0.022226516241338094,,,,,,,False,,,,,,,,,,,,,4.7599889296208788,0.34493700157907198,5.157731414584573,0.2368375451340167,3.8465291555984198,0.35119445208793093,False,2.1691306389959308e-10,True,False,True,True,True,True,True,False,True,False,False,False,False,C1260,S03-B01,S03-B01-C0012,S03-B01-C0011,11,10
3,S03-P003,aligned_samples,twfe_scalar,csa,static,,,,,,excluded,twfe; modern,-0.0015700631713040244,-0.0003491415336228026,0.030636180029978609,0.13506474521196868,-0.0012209216376812219,0.12958858898158662,0.0011939292658823455,-0.0094215211946995104,0.0094215211946995104,False,999,False,0.0012209216376812219,0.99248282491005513,False,-0.047583481730345427,,,,,,,False,,,,,,,,,,,,,4.4039810763148513,0.36721272223230578,3.3719059654473647,0.4663598686657846,2.8133387038309734,0.53832871289675333,False,5.4104160387979938e-13,True,True,True,True,True,True,True,False,True,False,False,False,False,C1261,S03-B01,S03-B01-C0016,S03-B01-C0014,15,13
3,S03-P003,aligned_samples,twfe_scalar,bjs,static,,,,,,excluded,twfe,-0.047394877314322535,-0.056997337802603458,0.023923614367671077,0.032058187781475199,0.0096024604882809228,0.026389411498779925,0.00045183284449671284,0.36387550698979698,0.36387550698979698,False,999,False,-0.0096024604882809228,0.71595097529149898,False,-0.047583481730345427,,,,,,,False,,,,,,,,,,,,,4.500726322408962,0.38150656489235296,5.0402320927508182,0.26777651364971644,3.8921629487915297,0.36153321616878736,False,1.9574548232315081e-10,True,False,True,True,True,True,True,False,True,False,False,False,False,C1262,S03-B01,S03-B01-C0018,S03-B01-C0017,17,16
3,S03-P004,aligned_samples,twfe_scalar,csa,static,,,,,,excluded,twfe; modern,0.0083323941490883579,0.03497436341177354,0.031853383229276139,0.15826428672561826,-0.026641969262685181,0.14854019894494355,0.0019990158866582124,-0.17935864804220458,0.17935864804220458,False,999,False,0.026641969262685181,0.85765609889814787,False,-0.041281164840146725,,,,,,,False,,,,,,,,,,,,,4.4587851006754624,0.36392508295730436,3.3122451000306974,0.47388002454610345,2.8160799663409728,0.54004755561027862,False,6.9621218512505578e-13,True,True,True,True,True,True,True,False,True,False,False,False,False,C1263,S03-B01,S03-B01-C0022,S03-B01-C0020,21,19
3,S03-P004,aligned_samples,twfe_scalar,bjs,static,,,,,,excluded,twfe,-0.041068466830925583,-0.062400016296697607,0.020800742639554063,0.028582587374777774,0.021331549465772023,0.026267424563658381,0.00027982880109314232,0.81209139533552666,0.81209139533552666,False,999,False,-0.021331549465772023,0.41673919021767941,False,-0.041281164840146725,,,,,,,False,,,,,,,,,,,,,4.5331228076055607,0.37802586729801579,5.0403777441582491,0.26457223613687325,3.8161486648714926,0.36431321836545888,False,2.427874290500398e-10,True,False,True,True,True,True,True,False,True,False,False,False,False,C1264,S03-B01,S03-B01-C0024,S03-B01-C0023,23,22
3,S03-P007,aligned_samples,twfe_scalar,csa,static,,,,,,excluded,twfe; modern,-0.013027895128885681,-0.0066755589198619694,0.029815858493989551,0.12994898753312839,-0.0063523362090237116,0.12515391092729167,0.0010561116791111562,-0.050756194208857845,0.050756194208857845,False,999,False,0.0063523362090237116,0.95951979781185748,False,-0.053577478411782578,,,,,,,False,,,,,,,,,,,,,4.3648101555299066,0.36962360565595115,3.3537867710503382,0.46875900522174457,2.7908507327638983,0.54155957009710931,False,7.2938009798573233e-13,True,True,True,True,True,True,True,False,True,False,False,False,False,C1265,S03-B01,S03-B01-C0028,S03-B01-C0026,27,25
3,S03-P007,aligned_samples,twfe_scalar,bjs,static,,,,,,excluded,twfe,-0.05340019631008161,-0.063901319550498867,0.023753277804847279,0.032106621686881463,0.010501123240417257,0.026674455519794093,0.00044176339267065187,0.39367713551359185,0.39367713551359185,False,999,False,-0.010501123240417257,0.69381942421341825,False,-0.053577478411782578,,,,,,,False,,,,,,,,,,,,,4.4589508409871028,0.38459408363320552,5.0150883500941532,0.26837113508209909,3.8912007755944793,0.36178584368316269,False,2.0891682828150238e-10,True,False,True,True,True,True,True,False,True,False,False,False,False,C1266,S03-B01,S03-B01-C0030,S03-B01-C0029,29,28
3,S03-P008,aligned_samples,twfe_scalar,csa,static,,,,,,excluded,twfe; modern,0.0033899436182379793,0.022470068103398577,0.028730819907483,0.14846763541673905,-0.019080124485160596,0.13964332304505792,0.0016839205538637871,-0.13663470668772412,0.13663470668772412,False,999,False,0.019080124485160596,0.89131954179439665,False,-0.041069300319010495,,,,,,,False,,,,,,,,,,,,,4.4180167269433799,0.36646254233135261,3.2919622497927752,0.47674673314847565,2.7919519649607687,0.54368106458754051,False,5.735537912665567e-13,True,True,True,True,True,True,True,False,True,False,False,False,False,C1267,S03-B01,S03-B01-C0034,S03-B01-C0032,33,31
3,S03-P008,aligned_samples,twfe_scalar,bjs,static,,,,,,excluded,twfe,-0.040866528744705706,-0.063307024034874898,0.020248502688699412,0.02664376125397503,0.022440495290169192,0.024706913630954459,0.00025473014686282273,0.90826784864193855,0.90826784864193855,False,999,False,-0.022440495290169192,0.36373672485712166,False,-0.041069300319010495,,,,,,,False,,,,,,,,,,,,,4.4907208317886464,0.38117429474955894,5.0285877496670359,0.26469293908166008,3.8488560291640082,0.3628751876431176,False,2.556771599993013e-10,True,False,True,True,True,True,True,False,True,False,False,False,False,C1268,S03-B01,S03-B01-C0036,S03-B01-C0035,35,34
3,S03-P005,aligned_samples,twfe_scalar,csa,static,,,,,,excluded,twfe; modern,-0.030006214875569152,-0.1187372073873484,0.036945535690549938,0.10383864022955791,0.088730992511779253,0.1122453515849403,-0.00022579157012079726,0.79050928398253673,0.79050928398253673,False,999,False,-0.088730992511779253,0.42923040246888189,False,-0.041778251608031274,,,,,,,False,,,,,,,,,,,,,2.9285488132423434,0.46680348622830464,2.104372942758205,0.67554562125022233,1.74195119883451,0.7538648267609579,False,6.1007796037237938e-13,True,True,True,True,True,True,True,False,True,False,False,False,False,C1269,S03-B01,S03-B01-C0040,S03-B01-C0038,39,37
3,S03-P005,aligned_samples,twfe_scalar,bjs,static,,,,,,excluded,twfe; modern,-0.041616599425677123,-0.064471933911453144,0.032906072259773683,0.048604921415175591,0.022855334485776022,0.038592546891022685,0.00097793165090252873,0.59222146054041802,0.59222146054041802,False,999,False,-0.022855334485776022,0.55370230051497971,False,-0.041778251608031274,,,,,,,False,,,,,,,,,,,,,2.7218818691744087,0.55168508499724755,3.0493298891308993,0.40517111210429441,2.265968469157571,0.62031229265481369,False,1.6482921971761044e-10,True,True,True,True,True,True,True,False,True,False,False,False,False,C1270,S03-B01,S03-B01-C0042,S03-B01-C0041,41,40
3,S03-P006,aligned_samples,twfe_scalar,csa,static,,,,,,excluded,twfe; modern,-0.019446394063862307,-0.10234799960450323,0.031154741651049023,0.10468363080305086,0.082901605540640924,0.10202991376825334,0.00075958859094792802,0.81252254832774151,0.81252254832774151,False,999,False,-0.082901605540640924,0.41649185357514468,False,-0.031850899957189399,,,,,,,False,,,,,,,,,,,,,2.9408420763303913,0.46680847599321529,2.0575950920494352,0.68473029561881849,1.7505096700483962,0.75174869880142214,False,7.614325836513558e-13,True,True,True,True,True,True,True,False,True,False,False,False,False,C1271,S03-B01,S03-B01-C0046,S03-B01-C0044,45,43
3,S03-P006,aligned_samples,twfe_scalar,bjs,static,,,,,,excluded,twfe; modern,-0.031796662111548961,-0.070630491676295634,0.026877902793011707,0.035932346490854451,0.038833829564746673,0.03236979692114017,0.00048287571508677567,1.1996933332437731,1.1996933332437731,False,999,False,-0.038833829564746673,0.23025846317396648,False,-0.031850899957189399,,,,,,,False,,,,,,,,,,,,,2.7101245333969382,0.5538094285123395,3.0267800032296557,0.40513530338172149,2.2068001586398958,0.62808600194721553,False,1.9457421784885298e-10,True,True,True,True,True,True,True,False,True,False,False,False,False,C1272,S03-B01,S03-B01-C0048,S03-B01-C0047,47,46
3,S03-P009,aligned_samples,twfe_scalar,csa,static,,,,,,excluded,twfe; modern,-0.025146593098601955,-0.075763694539862439,0.047745926618253463,0.084804680525041837,0.050617101441260484,0.10101897586778565,-0.00036666306889310306,0.50106528012626561,0.50106528012626561,False,999,False,-0.050617101441260484,0.6163251809325212,False,-0.10089424466320564,,,,,,,False,,,,,,,,,,,,,3.2863839879661501,0.49975793770252785,1.4041816212365215,0.84059778091204407,2.7947268888322054,0.56640646075365442,False,1.7273092678404822e-12,True,True,True,True,True,True,True,False,True,False,False,False,False,C1273,S03-B01,S03-B01-C0052,S03-B01-C0050,51,49
3,S03-P009,aligned_samples,twfe_scalar,bjs,static,,,,,,excluded,twfe; modern,-0.10061589147590344,-0.12055436157831084,0.046687716433590536,0.057299203729034111,0.019938470102407402,0.051239137259852116,0.0014187462133153767,0.38912579658186358,0.38912579658186358,False,999,False,-0.019938470102407402,0.69718309146611934,False,-0.10089424466320564,,,,,,,False,,,,,,,,,,,,,2.7766458685414146,0.52505534029330225,3.0865171426343312,0.40271621542279828,2.18593310418844,0.63681435608466153,False,1.5093963579015934e-10,True,True,True,True,True,True,True,False,True,False,False,False,False,C1274,S03-B01,S03-B01-C0054,S03-B01-C0053,53,52
3,S03-P010,aligned_samples,twfe_scalar,csa,static,,,,,,excluded,twfe; modern,-0.022573171490212686,0.015108503626800811,0.050973185749153528,0.053366168008479722,-0.037681675117013494,0.076272832173950658,-0.0001856656872543245,-0.49403796926112908,0.49403796926112908,False,999,False,0.037681675117013494,0.62127936457241095,False,-0.066271220480276574,,,,,,,False,,,,,,,,,,,,,3.4103378836824754,0.48579764330751057,1.3850333074869003,0.84682943001937128,2.609781512458794,0.59295727562711498,False,1.32163377464245e-12,True,True,True,True,True,True,True,False,True,False,False,False,False,C1275,S03-B01,S03-B01-C0058,S03-B01-C0056,57,55
3,S03-P010,aligned_samples,twfe_scalar,bjs,static,,,,,,excluded,twfe; modern,-0.066320360957225655,-0.079255652939948934,0.042859195054582258,0.04036974313153624,0.012935291982723279,0.042304756817256685,0.00083846715593286012,0.30576448030654552,0.30576448030654552,False,999,False,-0.012935291982723279,0.75978397461588099,False,-0.066271220480276574,,,,,,,False,,,,,,,,,,,,,2.7777979151316301,0.53125764976418755,3.1026776524876989,0.40341294327639249,2.0780309086305779,0.65407826054701157,False,1.7799359208758858e-10,True,True,True,True,True,True,True,False,True,False,False,False,False,C1276,S03-B01,S03-B01-C0060,S03-B01-C0059,59,58
3,S03-P011,aligned_samples,twfe_scalar,csa,static,,,,,,excluded,twfe; modern,-0.028354665421942343,-0.10605561114317723,0.050472208365902681,0.082345265016267905,0.077700945721234885,0.10078808010697506,-0.00041502530185976545,0.77093388066092927,0.77093388066092927,False,999,False,-0.077700945721234885,0.44074612368237831,False,-0.10245147488665664,,,,,,,False,,,,,,,,,,,,,3.3286531935929156,0.49637712743561602,1.4103805307770318,0.83875335522202166,2.8267338498874506,0.56295083078637587,False,1.4218765054252458e-12,True,True,True,True,True,True,True,False,True,False,False,False,False,C1277,S03-B01,S03-B01-C0064,S03-B01-C0062,63,61
3,S03-P011,aligned_samples,twfe_scalar,bjs,static,,,,,,excluded,twfe; modern,-0.10215097706227133,-0.1231697556548325,0.048516660772855519,0.059979294002040238,0.021018778592561169,0.053249581630467217,0.0015579320688558634,0.39472194802250032,0.39472194802250032,False,999,False,-0.021018778592561169,0.69304810315847432,False,-0.10245147488665664,,,,,,,False,,,,,,,,,,,,,2.8010952841208678,0.52245701131858935,3.1055229320510942,0.40286978892353531,2.1838246957647942,0.63724376951072614,False,1.7389828466107815e-10,True,True,True,True,True,True,True,False,True,False,False,False,False,C1278,S03-B01,S03-B01-C0066,S03-B01-C0065,65,64
3,S03-P012,aligned_samples,twfe_scalar,csa,static,,,,,,excluded,twfe; modern,-0.029690713450999759,-0.054166527663617479,0.055059864615725214,0.03804777047256544,0.024475814212617721,0.069005123764481618,-0.00014124278815820664,0.3546956063169317,0.3546956063169317,False,999,False,-0.024475814212617721,0.72281764285927042,False,-0.069232777046375579,,,,,,,False,,,,,,,,,,,,,3.4571518445898537,0.48211059842316828,1.3911945249883619,0.84494964146250184,2.6366815940473929,0.58978379397319836,False,1.6376101863446735e-12,True,True,True,True,True,True,True,False,True,False,False,False,False,C1279,S03-B01,S03-B01-C0070,S03-B01-C0068,69,67
3,S03-P012,aligned_samples,twfe_scalar,bjs,static,,,,,,excluded,twfe; modern,-0.069260819928363263,-0.083709356651622893,0.044809800415781309,0.041274803102336499,0.014448536723259631,0.043024172352057674,0.00093022408892961888,0.33582369940856316,0.33582369940856316,False,999,False,-0.014448536723259631,0.73700381748143395,False,-0.069232777046375579,,,,,,,False,,,,,,,,,,,,,2.8014837379719979,0.52894449392322429,3.1000535091329557,0.4025569601019367,2.0081872194334918,0.66791762130572951,False,1.594145648819989e-10,True,True,True,True,True,True,True,False,True,False,False,False,False,C1280,S03-B01,S03-B01-C0072,S03-B01-C0071,71,70
3,S03-P015,aligned_samples,twfe_scalar,csa,static,,,,,,excluded,twfe; modern,-0.023552815844949899,-0.084506696774627743,0.048096870569394649,0.084067103221670561,0.060953880929677844,0.10004038214180704,-0.00031374562821333458,0.6092927638288691,0.6092927638288691,False,999,False,-0.060953880929677844,0.54233040260341037,False,-0.0998470580728444,,,,,,,False,,,,,,,,,,,,,3.2895703616039627,0.49949454299026358,1.4060924253534397,0.8400228999096413,2.794659052186439,0.56643477903552342,False,1.7604875890420146e-12,True,True,True,True,True,True,True,False,True,False,False,False,False,C1281,S03-B01,S03-B01-C0076,S03-B01-C0074,75,73
3,S03-P015,aligned_samples,twfe_scalar,bjs,static,,,,,,excluded,twfe; modern,-0.099564070040107214,-0.11960085705263784,0.047006570608523313,0.057765076345776184,0.02003678701253063,0.05162351970292569,0.0014407169695445411,0.38813291166187325,0.38813291166187325,False,999,False,-0.02003678701253063,0.69791767740434674,False,-0.0998470580728444,,,,,,,False,,,,,,,,,,,,,2.7792008258198617,0.52480629925469857,3.0886008245371581,0.40257945902452535,2.1857008436190073,0.63686129173975403,False,1.6211018638578878e-10,True,True,True,True,True,True,True,False,True,False,False,False,False,C1282,S03-B01,S03-B01-C0078,S03-B01-C0077,77,76
3,S03-P016,aligned_samples,twfe_scalar,csa,static,,,,,,excluded,twfe; modern,-0.021728379100102297,-0.00098335482711000731,0.052189811323216158,0.050529881376282212,-0.020745024272992289,0.074065808138355282,-0.00010434930866680076,-0.2800890828631814,0.2800890828631814,False,999,False,0.020745024272992289,0.77940916024718776,False,-0.066435320291861277,,,,,,,False,,,,,,,,,,,,,3.4140166710422544,0.48551508565707002,1.3868226261900296,0.84627970383107354,2.6108099963494573,0.59285135837974656,False,1.3369479134883733e-12,True,True,True,True,True,True,True,False,True,False,False,False,False,C1283,S03-B01,S03-B01-C0082,S03-B01-C0080,81,79
3,S03-P016,aligned_samples,twfe_scalar,bjs,static,,,,,,excluded,twfe; modern,-0.066478332220133982,-0.079605602611674181,0.043838607308160235,0.041572676247616881,0.013127270391540199,0.043262422484071868,0.00088923685095896134,0.30343354897366948,0.30343354897366948,False,999,False,-0.013127270391540199,0.76155948170033116,False,-0.066435320291861277,,,,,,,False,,,,,,,,,,,,,2.7804827333290207,0.53099173818594736,3.1048332636792022,0.40326629912599965,2.0777993463010671,0.6541341880414927,False,1.4609835563561546e-10,True,True,True,True,True,True,True,False,True,False,False,False,False,C1284,S03-B01,S03-B01-C0084,S03-B01-C0083,83,82
3,S03-P013,aligned_samples,twfe_scalar,csa,static,,,,,,excluded,twfe; modern,-0.021189064386016476,-0.078045217643146689,0.046300033652421663,0.083893062075879737,0.056856153257130213,0.098104883714381488,-0.00022141461396476338,0.57954457621762101,0.57954457621762101,False,999,False,-0.056856153257130213,0.56222177788296368,False,-0.093747560894888893,,,,,,,False,,,,,,,,,,,,,3.2929053833943716,0.49922283110203614,1.4117772180222574,0.83831433054595117,2.7954080796989484,0.56636562218217212,False,1.7217789693990682e-12,True,True,True,True,True,True,True,False,True,False,False,False,False,C1285,S03-B01,S03-B01-C0088,S03-B01-C0086,87,85
3,S03-P013,aligned_samples,twfe_scalar,bjs,static,,,,,,excluded,twfe; modern,-0.093453697476681349,-0.1140429638642743,0.045152568696749572,0.055295190143263458,0.020589266387592953,0.05019378041409113,0.0012884484603181757,0.41019557040204196,0.41019557040204196,False,999,False,-0.020589266387592953,0.68166249002275692,False,-0.093747560894888893,,,,,,,False,,,,,,,,,,,,,2.7832338343410536,0.5244163918404563,3.0917927187199852,0.40236910927674358,2.1855892571305846,0.6369070854467741,False,1.3314725710866782e-10,True,True,True,True,True,True,True,False,True,False,False,False,False,C1286,S03-B01,S03-B01-C0090,S03-B01-C0089,89,88
3,S03-P014,aligned_samples,twfe_scalar,csa,static,,,,,,excluded,twfe; modern,-0.019677583832369679,-0.0033680148931965318,0.050379169894817409,0.052724055411496322,-0.016309568939173145,0.074325170921350089,-0.00010317212708124586,-0.21943533714078794,0.21943533714078794,False,999,False,0.016309568939173145,0.82631094567603625,False,-0.061510774098694009,,,,,,,False,,,,,,,,,,,,,3.4174231242942419,0.48525810845384182,1.3921470748255664,0.84464548909546433,2.6126061379133492,0.59264055948771155,False,1.255443665693079e-12,True,True,True,True,True,True,True,False,True,False,False,False,False,C1287,S03-B01,S03-B01-C0094,S03-B01-C0092,93,91
3,S03-P014,aligned_samples,twfe_scalar,bjs,static,,,,,,excluded,twfe; modern,-0.06154589526716206,-0.075540862226050498,0.04228406352404164,0.039523649319634514,0.013994966958888438,0.042210738164384205,0.00078415723363221704,0.33154992230618824,0.33154992230618824,False,999,False,-0.013994966958888438,0.74022913864444551,False,-0.061510774098694009,,,,,,,False,,,,,,,,,,,,,2.784817991292504,0.53056453751208232,3.1081433084203867,0.40304304930389273,2.0776738436184439,0.65419703604642576,False,1.5063324199093842e-10,True,True,True,True,True,True,True,False,True,False,False,False,False,C1288,S03-B01,S03-B01-C0096,S03-B01-C0095,95,94
19,S19-P011,aligned_samples,static,bjs,static,,,,,,excluded,twfe; modern,0.29216191193889418,0.2921619119388939,0.064309796537214442,0.0643097965372144,2.7755575615628914e-16,3.1152156701364358e-16,0.0041357499306579181,,,True,999,True,-2.7755575615628914e-16,,False,0.2816958674467876,,,,,,,False,,,,,,,,,,,,,2,0.5,2,0.50000000000000033,,,True,1.1102230246251565e-16,True,True,True,True,True,True,False,True,True,False,True,False,False,C1289,S19-B01,S19-B01-C0135,S19-B01-C0134,134,133
19,S19-P012,aligned_samples,static,bjs,static,,,,,,excluded,twfe; modern,1.5659016839532149,1.5659016839532145,0.21240501919812585,0.21240501919812549,4.4408920985006262e-16,2.475644396914522e-14,0.045115892180556144,,,True,999,True,-4.4408920985006262e-16,,False,0.3008744344883631,,,,,,,False,,,,,,,,,,,,,2,0.5,2,0.50000000000000033,,,True,1.3322676295501878e-15,True,True,True,True,True,True,False,True,True,False,True,False,False,C1290,S19-B01,S19-B01-C0138,S19-B01-C0137,137,136
19,S19-P013,aligned_samples,static,bjs,static,,,,,,excluded,twfe; modern,1.1173205445574399,1.1173205445574397,0.1540317196938171,0.1540317196938171,2.2204460492503131e-16,1.5251703838660951e-15,0.02372577067183464,,,True,999,True,-2.2204460492503131e-16,,False,0.28601498843622442,,,,,,,False,,,,,,,,,,,,,2,0.5,2,0.50000000000000033,,,True,1.1102230246251565e-15,True,True,True,True,True,True,False,True,True,False,True,False,False,C1291,S19-B01,S19-B01-C0141,S19-B01-C0140,140,139
19,S19-P014,aligned_samples,static,bjs,static,,,,,,excluded,twfe; modern,0.35890328267734906,0.35890328267734911,0.1238619307927913,0.12386193079279149,-5.5511151231257827e-17,2.2679512306299793e-14,0.015341777899718249,,,True,999,True,5.5511151231257827e-17,,False,0.27730749894251672,,,,,,,False,,,,,,,,,,,,,2,0.5,2,0.50000000000000033,,,True,4.9960036108132044e-16,True,True,True,True,True,True,False,True,True,False,True,False,False,C1292,S19-B01,S19-B01-C0144,S19-B01-C0143,143,142
17,S17-P001,aligned_samples,twfe_scalar,csa,static,,,,,,retained_fragile,,1.063033650873759,1.5725329693806547,0.24686626791452337,0.29280748573388099,-0.50949931850689567,0.26225803937059283,0.038949949360667403,-1.9427405151417683,1.9427405151417683,False,999,False,0.50949931850689567,0.052047518359911407,False,0.798291571483981,861,73,35,198,0.17676767676767677,534,False,,,,,,,,,,,,,9.833807942862812,0.17291411428135137,17.352170896677233,0.075870070777627849,10.692280997892622,0.18564833133004166,False,4.6629367034256575e-15,False,False,False,True,True,False,False,False,True,False,False,False,False,C1293,S17-B01,S17-B01-C0138,S17-B01-C0136,137,135
17,S17-P001,aligned_samples,twfe_scalar,bjs,static,,,,,,retained_fragile,,0.890676685417777,0.91138465455703366,0.19497780620915359,0.22888487195846,-0.020707969139256655,0.1775191977900894,0.029445781970769001,-0.11665199818975718,0.11665199818975718,False,999,False,0.020707969139256655,0.90713583037124801,False,0.798291571483981,861,73,35,198,0.17676767676767677,698,False,,,,,,,,,,,,,14.399817177119711,0.11816172987330753,16.207367993545965,0.093887990136846317,6.710516665272384,0.25349604320589747,False,1.8873791418627661e-15,False,False,False,True,False,False,True,False,True,False,False,False,False,C1294,S17-B01,S17-B01-C0139,S17-B01-C0137,138,136
17,S17-P002,aligned_samples,event_study_post_average,csa,post,"[0, 1, 2, 3, 4, 5, 6, 7, 8]","[0, 1, 2, 3, 4, 5, 6, 7, 8]",,,,retained_fragile,,0.85980412274140972,0.58158388697519348,0.13025961403188843,0.22866091622012305,0.27822023576621624,0.20023076183834435,0.014580511833999454,1.3894979633091364,1.3894979633091364,False,999,False,-0.27822023576621624,0.16468137981845771,False,0.8195125837873769,977,76,181,181,1,867,False,,,,,,,,,,,,,28.878708972244514,0.054490667471227633,6.1372487363782193,0.23003738264010462,6.2985030666308512,0.22758824234316333,False,5.5511151231257827e-15,False,False,False,True,False,True,True,False,True,False,False,False,False,C1295,S17-B01,S17-B01-C0004,S17-B01-C0149,3,148
17,S17-P002,aligned_samples,event_study_post_average,bjs,post,"[0, 1, 2, 3, 4, 5, 6, 7, 8]","[0, 1, 2, 3, 4, 5, 6, 7, 8]",,,,retained_fragile,,0.82358207874831535,0.79861418898082914,0.12611931171485924,0.14534925418518591,0.024967889767486207,0.067172649305965282,0.01626016083241871,0.37169726109446344,0.37169726109446344,False,999,False,-0.024967889767486207,0.71011826446952486,False,0.8195125837873769,977,76,137,181,0.75690607734806625,899,False,,,,,,,,,,,,,24.469705115399421,0.068344683049468113,9.6535950499385201,0.19194054621951825,26.946124012807694,0.055508009263515061,False,4.4408920985006262e-15,False,False,False,True,False,True,False,False,True,False,False,False,False,C1296,S17-B01,S17-B01-C0005,S17-B01-C0151,4,150
17,S17-P003,aligned_samples,event_study_post_average,csa,post,"[0, 1, 2, 3, 4, 5, 6, 7, 8]","[0, 1, 2]","TWFE_for_CSA,CSA,TWFE_for_BJS,BJS",,,retained,,0.55131637528376976,1.1873901483487479,0.15121060018427981,0.24755235560873276,-0.63607377306497814,0.20223791610164277,0.021623319833193759,-3.1451756689645367,3.1451756689645367,False,999,False,0.63607377306497814,0.0016598712739712975,True,1.0902659982251459,861,73,15,79,0.189873417721519,304,True,3,,,,,,,,,,,,14.294391507465285,0.10681270527043889,16.166859740495561,0.082295919861980454,30.553447709794948,0.07152272121458958,False,1.2989609388114332e-14,False,False,False,False,False,False,False,False,False,False,False,False,False,C1297,S17-B01,S17-B01-C0162,S17-B01-C0163,161,162
17,S17-P003,aligned_samples,event_study_post_average,bjs,post,"[0, 1, 2, 3, 4, 5, 6, 7, 8]","[0, 1, 2]","TWFE_for_CSA,CSA,TWFE_for_BJS,BJS",,,retained,,0.54284029971585246,0.54958140988377224,0.15561990040045356,0.16313583462433731,-0.0067411101679197838,0.14460794268655294,0.014959698425594428,-0.046616458561557543,0.046616458561557543,False,999,False,0.0067411101679197838,0.96281891425556076,False,1.0902659982251459,861,73,15,79,0.189873417721519,678,True,3,,,,,,,,,,,,14.353442090620916,0.10807074680930914,14.872611607883309,0.098542174024766643,15.269087540656345,0.11493617002072552,False,1.0547118733938987e-14,False,False,False,False,False,False,False,False,False,False,False,False,False,C1298,S17-B01,S17-B01-C0164,S17-B01-C0165,163,164
21,S21-P005,aligned_samples,event_study_post_average,csa,post,"[0, 1, 2, 3, 4, 5, 6, 7, 8, 9, 10, 11]","[0, 1, 2, 3, 4, 5, 6, 7, 8, 9, 10, 11]","TWFE_for_CSA,CSA,TWFE_for_BJS,BJS",,,retained,,-0.087521389393975385,-0.0082327452870422421,0.040251226736027691,0.033472234269485236,-0.079288644106933148,0.030778368391652565,0.00089662187994706747,-2.5761158973078349,2.5761158973078349,False,999,False,0.079288644106933148,0.0099917149143689699,True,-0.035865804491405646,28164,140,7901,7901,1,18692,False,12,,,,,,,,,,,,93.288791779451941,0.027906664171273701,94.074822700538036,0.028055062800240099,91.737003319705593,0.0309599511468369,False,9.7144514654701197e-16,False,False,False,False,False,False,False,False,False,False,False,False,True,C1299,S21-B01,S21-B01-C0064,S21-B01-C0065,63,64
21,S21-P005,aligned_samples,event_study_post_average,bjs,post,"[0, 1, 2, 3, 4, 5, 6, 7, 8, 9, 10, 11]","[0, 1, 2, 3, 4, 5, 6, 7, 8, 9, 10, 11]","TWFE_for_CSA,CSA,TWFE_for_BJS,BJS",,,retained,,-0.03586580449140566,-0.021472204345604994,0.033361560182941452,0.034801184750677068,-0.014393600145800666,0.010671550775854247,0.0011051170809645732,-1.3487824261088681,1.3487824261088681,False,999,False,0.014393600145800666,0.17740686104220635,False,-0.035865804491405646,28164,140,7901,7901,1,28164,False,12,,,,,,,,,,,,105.09378262661942,0.0222014145961997,92.617864024223039,0.032199925819847201,68.0969771906625,0.041286296181170502,False,8.3960616237277463e-16,False,False,False,False,False,False,False,False,False,False,False,False,True,C1300,S21-B01,S21-B01-C0066,S21-B01-C0067,65,66
16,S16-P001,aligned_samples,event_study_post_average,csa,post,"[0, 1, 2, 3, 4, 5, 6]","[0, 1, 2, 3, 4, 5, 6]","TWFE_for_CSA,CSA,TWFE_for_BJS,BJS",CSA,panel,retained,,-0.19966487602036148,-0.21834368046399158,0.083189875609133754,0.088858849108594068,0.018678804443630098,0.025548009370465221,0.0070818748429868263,0.73112562989834085,0.73112562989834085,False,999,False,-0.018678804443630098,0.46470242065599215,False,-0.17368991303548884,1872,94,283,283,1,1288,False,7,,,,,,,,,,,,15.968842238072888,0.1169175846689209,16.172430313843709,0.12965690963926499,20.247182188993747,0.1121780283264297,False,8.6042284408449632e-16,False,False,False,False,False,False,False,False,False,False,False,False,False,C1301,S16-B01,S16-B01-C0060,S16-B01-C0061,59,60
16,S16-P001,aligned_samples,event_study_post_average,bjs,post,"[0, 1, 2, 3, 4, 5, 6]","[0, 1, 2, 3, 4, 5, 6]","TWFE_for_CSA,CSA,TWFE_for_BJS,BJS",CSA,panel,retained,,-0.18046704122589161,-0.2608199496420574,0.083611328970060128,0.072693332004356709,0.080352908416165797,0.067878480798597873,0.0038338433472548147,1.1837758811158543,1.1837758811158543,False,999,False,-0.080352908416165797,0.23650179210070904,False,-0.17368991303548884,1872,94,283,283,1,1652,False,7,,,,,,,,,,,,15.562160447792207,0.12032188878003031,21.038896660756951,0.1109032485823425,15.909358498875511,0.11684329009977169,False,3.524958103184872e-15,False,False,False,False,False,False,False,False,False,False,False,False,False,C1302,S16-B01,S16-B01-C0062,S16-B01-C0063,61,62
16,S16-P002,aligned_samples,event_study_post_average,csa,post,"[0, 1, 2, 3, 4, 5, 6]","[0, 1, 2, 3, 4, 5, 6]","TWFE_for_CSA,CSA,TWFE_for_BJS,BJS",CSA,panel,retained,,-0.15302613988923511,-0.15666242703463618,0.070949988416469809,0.086524899253626109,0.0036362871454010681,0.035144621064923977,0.0056426573286751259,0.10346639215951763,0.10346639215951763,False,999,False,-0.0036362871454010681,0.91759282147729937,False,-0.14510364668273487,2100,100,323,323,1,1430,False,7,,,,,,,,,,,,18.699366824729779,0.1391976854429838,20.93504178750862,0.1227599384986193,19.34182402167216,0.15057377251927509,False,8.3266726846886741e-16,False,False,False,False,False,False,False,False,False,False,False,False,False,C1303,S16-B01,S16-B01-C0046,S16-B01-C0047,45,46
16,S16-P002,aligned_samples,event_study_post_average,bjs,post,"[0, 1, 2, 3, 4, 5, 6]","[0, 1, 2, 3, 4, 5, 6]","TWFE_for_CSA,CSA,TWFE_for_BJS,BJS",CSA,panel,retained,,-0.14961039362013157,-0.21184862167726598,0.071693132638901688,0.07297328203814539,0.062238228057134415,0.065354350250879031,0.0030969070311416451,0.95231959032898961,0.95231959032898961,False,999,False,-0.062238228057134415,0.34093492547438281,False,-0.14510364668273487,2100,100,323,323,1,1830,False,7,,,,,,,,,,,,18.286074753408627,0.14073261290372471,27.174446590949984,0.10398572664683541,18.614035345122328,0.13850383462436541,False,1.8596235662471368e-15,False,False,False,False,False,False,False,False,False,False,False,False,False,C1304,S16-B01,S16-B01-C0048,S16-B01-C0049,47,48
16,S16-P003,aligned_samples,event_study_post_average,csa,post,"[0, 1, 2, 3, 4, 5, 6]","[0, 1, 2, 3, 4, 5, 6]","TWFE_for_CSA,CSA,TWFE_for_BJS,BJS",CSA,panel,retained,,-0.085747103936565122,-0.088889618872699097,0.073977100190931427,0.088410342837978703,0.0031425149361339749,0.039018672048725188,0.0058832716524710353,0.080538746480395579,0.080538746480395579,False,999,False,-0.0031425149361339749,0.93580878107297016,False,-0.091983768717617112,1990,95,309,309,1,1356,False,7,,,,,,,,,,,,16.844444985822236,0.15668450546799281,17.919310863937721,0.14088503989473281,12.677466720596904,0.22710403793512421,False,2.3314683517128287e-15,False,False,False,False,False,False,False,False,False,False,False,False,False,C1305,S16-B01,S16-B01-C0074,S16-B01-C0075,73,74
16,S16-P003,aligned_samples,event_study_post_average,bjs,post,"[0, 1, 2, 3, 4, 5, 6]","[0, 1, 2, 3, 4, 5, 6]","TWFE_for_CSA,CSA,TWFE_for_BJS,BJS",CSA,panel,retained,,-0.098036445048930554,-0.12927153342494824,0.073531966826917927,0.079188014364775253,0.031235088376017683,0.073271373743286891,0.0031544987771211911,0.42629319992624592,0.42629319992624592,False,999,False,-0.031235088376017683,0.66989421230220725,False,-0.091983768717617112,1990,95,309,309,1,1734,False,7,,,,,,,,,,,,16.437421732591702,0.15879222544184449,23.021970409606329,0.1247927356061543,16.671853099547299,0.15566313615114849,False,3.039235529911366e-15,False,False,False,False,False,False,False,False,False,False,False,False,False,C1306,S16-B01,S16-B01-C0076,S16-B01-C0077,75,76
16,S16-P004,aligned_samples,twfe_scalar,csa,static,[],[],"TWFE_for_CSA,CSA,TWFE_for_BJS,BJS",TWFE,panel,retained,,-0.19053577573656924,-0.21762442360066367,0.053738351410463465,0.077343699129643742,0.027088647864094428,0.057419615897442045,0.0027864229587807681,0.47176644149758562,0.47176644149758562,False,999,False,-0.027088647864094428,0.63709350668733955,False,-0.19143692107818547,1995,95,565,565,1,1615,False,0,,,,,,,,,,,,18.547320898069547,0.15963367910766349,16.100077378251378,0.1362465842570878,15.818768810413982,0.12815889561401969,False,1.9428902930940239e-16,False,False,False,False,False,False,False,False,False,False,False,False,False,C1307,S16-B01,S16-B01-C0011,S16-B01-C0012,10,11
16,S16-P004,aligned_samples,twfe_scalar,bjs,static,[],[],"TWFE_for_CSA,CSA,TWFE_for_BJS,BJS",TWFE,panel,retained_fragile,,-0.19143692107818547,-0.23892003138080395,0.058942951544477207,0.077433748560031296,0.047483110302618481,0.032322885233724771,0.004212744021500096,1.4690244994922659,1.4690244994922659,False,999,False,-0.047483110302618481,0.1418261442377198,False,-0.19143692107818547,1995,95,565,565,1,1995,False,0,,,,,,,,,,,,23.24064733049514,0.1021883168498943,21.834420494703096,0.10292779795478391,9.9837991794059118,0.18074930358839791,False,2.2204460492503131e-16,False,False,False,True,False,False,True,False,True,False,False,False,False,C1308,S16-B01,S16-B01-C0013,S16-B01-C0014,12,13
16,S16-P005,aligned_samples,scalar,csa,static,[],[],"TWFE_for_CSA,CSA,TWFE_for_BJS,BJS",CSA,panel,retained,,-0.21796345160985714,-0.27431673669457729,0.071614703191276288,0.096086463995858865,0.056353285084720151,0.07127380473009863,0.0046406595178489244,0.79065913905003582,0.79065913905003582,False,999,False,-0.056353285084720151,0.42914292637357104,False,-0.21379534705587599,1908,98,516,516,1,1537,False,0,,,,,,,,,,,,18.545295942598667,0.15965721922990631,16.102741989042169,0.1359334010303318,15.813090407666399,0.12785349952681621,False,5.5511151231257847e-16,False,False,False,False,False,False,False,False,False,False,False,False,False,C1309,S16-B01,S16-B01-C0032,S16-B01-C0033,31,32
16,S16-P005,aligned_samples,scalar,bjs,static,[],[],"TWFE_for_CSA,CSA,TWFE_for_BJS,BJS",CSA,panel,retained_fragile,,-0.21379534705587599,-0.27599399831898563,0.074708291667396912,0.090003446887698207,0.062198651263109639,0.033357220681746604,0.006284622561958407,1.8646233106928285,1.8646233106928285,False,999,False,-0.062198651263109639,0.062234223058756227,False,-0.21379534705587599,1908,98,516,516,1,1908,False,0,,,,,,,,,,,,23.224775793200507,0.10223960971844639,21.788413296451864,0.1030853994141317,9.9670312585380536,0.18116661531003009,False,3.3306690738754696e-16,False,False,False,True,False,False,True,False,True,False,False,False,False,C1310,S16-B01,S16-B01-C0034,S16-B01-C0035,33,34
16,S16-P006,aligned_samples,scalar,csa,static,[],[],"TWFE_for_CSA,CSA,TWFE_for_BJS,BJS",CSA,panel,retained,,-0.1447342208434613,-0.27682367717401912,0.073446928586019949,0.11172048162388643,0.13208945633055783,0.096335920434297465,0.0042976538835348818,1.3711340041707996,1.3711340041707996,False,999,False,-0.13208945633055783,0.1703331865028288,False,-0.21170963065786177,2100,100,593,593,1,1700,False,0,,,,,,,,,,,,28.406218150528922,0.1025774454181224,18.148161267583745,0.14778880890183249,16.953794285261367,0.1546887403968473,False,4.4408920985006262e-16,False,False,False,False,False,False,False,False,False,False,False,False,False,C1311,S16-B01,S16-B01-C0025,S16-B01-C0026,24,25
16,S16-P006,aligned_samples,scalar,bjs,static,[],[],"TWFE_for_CSA,CSA,TWFE_for_BJS,BJS",CSA,panel,retained,,-0.21170963065786177,-0.30034540999622189,0.075041095071900918,0.095946771117487145,0.088635779338360116,0.04114051543603571,0.0065722034135594215,2.1544644834644551,2.1544644834644551,False,999,False,-0.088635779338360116,0.03120376436039796,True,-0.21170963065786177,2100,100,593,593,1,2100,False,0,,,,,,,,,,,,32.165087244920556,0.083371884358511394,26.728211324536343,0.1032984665326791,13.398639244647535,0.1483996960351337,False,6.106226635438361e-16,False,False,False,False,False,False,False,False,False,False,False,False,False,C1312,S16-B01,S16-B01-C0027,S16-B01-C0028,26,27
16,S16-P007,aligned_samples,scalar,csa,static,[],[],"TWFE_for_CSA,CSA,TWFE_for_BJS,BJS",CSA,panel,retained,,-0.033626844063798809,-0.21122295062145002,0.079728496454781111,0.11392430474125337,0.17759610655765121,0.10444963909339643,0.0042128266254886221,1.7003036879701319,1.7003036879701319,False,999,False,-0.17759610655765121,0.089073817114094511,False,-0.13393435538949522,2095,100,593,593,1,1697,False,0,,,,,,,,,,,,21.288950363003771,0.14496334625394031,17.20468248796552,0.16823469904029251,15.683569300097831,0.1771613371610265,False,4.9266146717741321e-16,False,False,False,False,False,False,False,False,False,False,False,False,False,C1313,S16-B01,S16-B01-C0039,S16-B01-C0040,38,39
16,S16-P007,aligned_samples,scalar,bjs,static,[],[],"TWFE_for_CSA,CSA,TWFE_for_BJS,BJS",CSA,panel,retained,,-0.13393435538949522,-0.23649042841408296,0.076678764685595993,0.091316652195034972,0.10255607302458775,0.043586107448089183,0.006159307579670808,2.3529532465529637,2.3529532465529637,False,999,False,-0.10255607302458775,0.018624975719800204,True,-0.13393435538949522,2095,100,593,593,1,2095,False,0,,,,,,,,,,,,26.459771268735551,0.1002862132557014,25.37944968273424,0.1206728662438744,12.866122385222877,0.1700292509107422,False,9.9920072216264089e-16,False,False,False,False,False,False,False,False,False,False,False,False,False,C1314,S16-B01,S16-B01-C0041,S16-B01-C0042,40,41
16,S16-P008,aligned_samples,twfe_scalar,csa,static,[],[],"TWFE_for_CSA,CSA,TWFE_for_BJS,BJS",TWFE,panel,retained,,-0.1983309061172098,-0.34156197976561242,0.086893120180097969,0.13120007344339638,0.14323107364840262,0.11265113471053032,0.0060367977273077505,1.2714569987816891,1.2714569987816891,False,999,False,-0.14323107364840262,0.20356611605428529,False,-0.26922127913684873,2100,100,593,593,1,1700,False,0,,,,,,,,,,,,28.406218150528922,0.1025774454181224,18.148161267583745,0.14778880890183249,16.953794285261367,0.1546887403968473,False,3.8857805861880479e-16,False,False,False,False,False,False,False,False,False,False,False,False,False,C1315,S16-B01,S16-B01-C0004,S16-B01-C0005,3,4
16,S16-P008,aligned_samples,twfe_scalar,bjs,static,[],[],"TWFE_for_CSA,CSA,TWFE_for_BJS,BJS",TWFE,panel,retained,,-0.26922127913684873,-0.38486943492600889,0.085362469628366119,0.11602470145184438,0.11564815578916016,0.053385798179089582,0.0089492195604124313,2.1662719250015412,2.1662719250015412,False,999,False,-0.11564815578916016,0.030290413764413954,True,-0.26922127913684873,2100,100,593,593,1,2100,False,0,,,,,,,,,,,,32.165087244920556,0.083371884358511394,26.728211324536343,0.1032984665326791,13.398639244647535,0.1483996960351337,False,6.106226635438361e-16,False,False,False,False,False,False,False,False,False,False,False,False,False,C1316,S16-B01,S16-B01-C0006,S16-B01-C0007,5,6
16,S16-P009,aligned_samples,twfe_scalar,csa,static,[],[],"TWFE_for_CSA,CSA,TWFE_for_BJS,BJS",TWFE,panel,retained,,-0.069349591571044783,-0.25480813118982443,0.097240637533164268,0.1308125302768971,0.18545853961877964,0.12357225810590478,0.0056487783459540017,1.5008104768939048,1.5008104768939048,False,999,False,-0.18545853961877964,0.13340458808657576,False,-0.17379445267896768,1995,95,565,565,1,1615,False,0,,,,,,,,,,,,21.090758018367559,0.1449977669413329,16.61443868863071,0.1718000677100377,15.111409645590864,0.18132482054262519,False,3.3306690738754696e-16,False,False,False,False,False,False,False,False,False,False,False,False,False,C1317,S16-B01,S16-B01-C0018,S16-B01-C0019,17,18
16,S16-P009,aligned_samples,twfe_scalar,bjs,static,[],[],"TWFE_for_CSA,CSA,TWFE_for_BJS,BJS",TWFE,panel,retained,,-0.17379445267896768,-0.29726150225507963,0.089246306260783198,0.11016167463370097,0.12346704957611196,0.054934078651064873,0.0085413723710267599,2.2475492919497357,2.2475492919497357,False,999,False,-0.12346704957611196,0.024604944095332388,True,-0.17379445267896768,1995,95,565,565,1,1995,False,0,,,,,,,,,,,,25.997269754425322,0.1004275097448158,24.698690202336479,0.1226561832357662,12.890762552812342,0.1708572940020609,False,8.8817841970012523e-16,False,False,False,False,False,False,False,False,False,False,False,False,False,C1318,S16-B01,S16-B01-C0020,S16-B01-C0021,19,20
8,S08-P001,aligned_samples,twfe_scalar,csa,static,[],[],"TWFE_for_CSA,CSA,TWFE_for_BJS,BJS",TWFE_literal_restricted,panel,excluded,modern,1.5046286194050191,0.97927735752466238,0.26720349868840559,0.12123018590100422,0.52535126188035675,0.26279228017631295,0.0085173425823255305,1.9991122323984836,1.9991122323984836,False,999,False,-0.52535126188035675,0.045596211899773011,True,0.80759697515674089,1048,1048,104,592,0.17567567567567569,320,False,0,0.81589218262507335,0.10778211824232946,0,2.5790000000000002,0.438,2.578515355491751,0.43788164177110817,,,,,84.58052309684399,0.0291379310344827,4.5037352155496579,0.32323189391363488,5.3404901666812243,0.29777577822717621,False,4.4408920985006262e-16,False,True,True,True,False,True,True,False,True,False,False,True,False,C1319,S08-B01,S08-B01-C0005,S08-B01-C0006,4,5
8,S08-P001,aligned_samples,twfe_scalar,bjs,static,[],[],"TWFE_for_CSA,CSA,TWFE_for_BJS,BJS",TWFE_literal_restricted,panel,retained,,1.1032592321712122,0.96693884348693637,0.1295880839070003,0.13335584668823447,0.13632038868427587,0.075621053483804546,0.01442915480331161,1.8026777253701056,1.8026777253701056,False,999,False,-0.13632038868427587,0.071438842371500125,False,0.80759697515674089,1048,1048,104,592,0.17567567567567569,560,False,0,0.81589218262507335,0.10778211824232946,0,2.5790000000000002,0.438,2.578515355491751,0.43788164177110817,,,,,269.47006534081362,0.010288881069669201,306.84992052144543,0.0049690502226040004,74.054100586005717,0.028081264850840799,False,1.9984014443252818e-15,False,False,False,False,False,False,False,False,False,False,False,True,False,C1320,S08-B01,S08-B01-C0007,S08-B01-C0008,6,7
8,S08-P002,aligned_samples,twfe_scalar,csa,static,[],[],"TWFE_for_CSA,CSA,TWFE_for_BJS,BJS",TWFE_literal_restricted,panel,excluded,modern,-0.083626251526880246,0.13473118301553036,0.2878563648849562,0.21172612105211464,-0.21835743454241061,0.30256304672372913,0.01807241994890512,-0.72169234447785413,0.72169234447785413,False,999,False,0.21835743454241061,0.47048364985688956,False,0.33177637795239967,1048,1048,104,592,0.17567567567567569,320,False,0,0.3372412017786211,0.15705895917689186,0,0.188,0.098000000000000004,0.18773003819376438,0.097764556992500612,,,,,84.58052309684399,0.0291379310344827,4.5037352155496579,0.32323189391363488,5.3404901666812243,0.29777577822717621,False,9.8532293435482643e-16,False,True,True,True,False,True,True,False,True,False,False,True,False,C1321,S08-B01,S08-B01-C0013,S08-B01-C0014,12,13
8,S08-P002,aligned_samples,twfe_scalar,bjs,static,[],[],"TWFE_for_CSA,CSA,TWFE_for_BJS,BJS",TWFE_literal_restricted,panel,retained,,0.50724409920855129,0.5608003121800037,0.16726990097154182,0.17720822075039655,-0.05355621297145241,0.086412228255716705,0.025957450040216302,-0.61977585872413066,0.61977585872413066,False,999,False,0.05355621297145241,0.53540536461667587,False,0.33177637795239967,1048,1048,104,592,0.17567567567567569,560,False,0,0.3372412017786211,0.15705895917689186,0,0.188,0.098000000000000004,0.18773003819376438,0.097764556992500612,,,,,269.47006534081362,0.010288881069669201,306.84992052144543,0.0049690502226040004,74.054100586005717,0.028081264850840799,False,5.5511151231257837e-16,False,False,False,False,False,False,False,False,False,False,False,True,False,C1322,S08-B01,S08-B01-C0015,S08-B01-C0016,14,15
8,S08-P003,aligned_samples,twfe_scalar,csa,static,[],[],"TWFE_for_CSA,CSA,TWFE_for_BJS,BJS",TWFE_literal_restricted,panel,excluded,modern,0.53781548005156832,0.3875710479067408,0.42823715943048407,0.22612323177174948,0.15024443214482752,0.38076376958147662,0.044768866219047215,0.39458699631525185,0.39458699631525185,False,999,False,-0.15024443214482752,0.69314771186352386,False,0.7587645167208793,1048,1048,104,592,0.17567567567567569,320,False,0,0.76268315170121859,0.19061589941099744,0,0.39600000000000002,0.113,0.3960936454923758,0.11265747038143419,,,,,84.58052309684399,0.0291379310344827,4.5037352155496579,0.32323189391363488,5.3404901666812243,0.29777577822717621,False,3.3306690738754696e-16,False,True,True,True,False,True,True,False,True,False,False,True,False,C1323,S08-B01,S08-B01-C0021,S08-B01-C0022,20,21
8,S08-P003,aligned_samples,twfe_scalar,bjs,static,[],[],"TWFE_for_CSA,CSA,TWFE_for_BJS,BJS",TWFE_literal_restricted,panel,retained,,0.82161511255849651,0.82156643085974879,0.21361596217315607,0.20615605456120017,4.8681698747721214e-05,0.10003500706724931,0.039062547744229584,0.00048664662676531389,0.00048664662676531389,False,999,False,-4.8681698747721214e-05,0.99961171218526323,False,0.7587645167208793,1048,1048,104,592,0.17567567567567569,560,False,0,0.76268315170121859,0.19061589941099744,0,0.39600000000000002,0.113,0.3960936454923758,0.11265747038143419,,,,,269.47006534081362,0.010288881069669201,306.84992052144543,0.0049690502226040004,74.054100586005717,0.028081264850840799,False,6.6613381477509392e-16,False,False,False,False,False,False,False,False,False,False,False,True,False,C1324,S08-B01,S08-B01-C0023,S08-B01-C0024,22,23
8,S08-P004,aligned_samples,twfe_scalar,csa,static,[],[],"TWFE_for_CSA,CSA,TWFE_for_BJS,BJS",TWFE_literal_restricted,panel,excluded,modern,0.30626015078597579,0.24544438864984294,0.44352733360437119,0.23084858838581424,0.06081576213613285,0.39235260566106334,0.048033499622450189,0.15500282464969531,0.15500282464969531,False,999,False,-0.06081576213613285,0.87681909047275797,False,0.64117422990528072,1048,1048,104,592,0.17567567567567569,320,False,0,0.6446552947553158,0.19561333125311864,0,0.32700000000000001,0.111,0.32662662084821181,0.11055129657853312,,,,,84.58052309684399,0.0291379310344827,4.5037352155496579,0.32323189391363488,5.3404901666812243,0.29777577822717621,False,6.106226635438361e-16,False,True,True,True,False,True,True,False,True,False,False,True,False,C1325,S08-B01,S08-B01-C0029,S08-B01-C0030,28,29
8,S08-P004,aligned_samples,twfe_scalar,bjs,static,[],[],"TWFE_for_CSA,CSA,TWFE_for_BJS,BJS",TWFE_literal_restricted,panel,retained,,0.68427267975609263,0.70533280476253524,0.22023683716443987,0.21365192936251867,-0.021060125006442609,0.10059460785809782,0.042016068117199087,-0.20935640045588466,0.20935640045588466,False,999,False,0.021060125006442609,0.83417002593664902,False,0.64117422990528072,1048,1048,104,592,0.17567567567567569,560,False,0,0.6446552947553158,0.19561333125311864,0,0.32700000000000001,0.111,0.32662662084821181,0.11055129657853312,,,,,269.47006534081362,0.010288881069669201,306.84992052144543,0.0049690502226040004,74.054100586005717,0.028081264850840799,False,7.7715611723760968e-16,False,False,False,False,False,False,False,False,False,False,False,True,False,C1326,S08-B01,S08-B01-C0031,S08-B01-C0032,30,31
13,S13-P001,aligned_samples,twfe_scalar,csa,static,[],[],"TWFE_for_CSA,CSA,TWFE_for_BJS,BJS",TWFE,panel,retained,,0.17604803920751205,0.34093382626417557,0.0008657059991757206,0.0016935684420168059,-0.16488578705666351,0.0017576217830976323,2.6419330619238142e-07,-93.81187047310533,93.81187047310533,False,999,False,0.16488578705666351,0,True,0.10558900016607431,57445624,1810703,9211154,23302492,0.39528622089002324,23741115,False,0,0.00042191925381132876,0.00020905767358014467,0,0.00020000000000000001,0.0001,0.00022563713439120644,,0.00011233698640895264,1,15718224,,285819.31447480625,7.3959842320149802e-06,311124.4318351206,5.6955255818279742e-06,329143.57281230937,5.6675078340337151e-06,False,3.5396685582611553e-13,False,False,False,False,False,False,False,False,False,False,False,False,False,C1327,S13-B01,S13-B01-C0019,S13-B01-C0020,18,19
13,S13-P001,aligned_samples,twfe_scalar,bjs,static,[],[],"TWFE_for_CSA,CSA,TWFE_for_BJS,BJS",TWFE,panel,retained,,0.11735220461812497,0.11203330862591296,0.00079349421140573195,0.00096357678134756472,0.005318895992212011,0.00050238676920934928,6.5286040560496424e-07,10.58725332393373,10.58725332393373,False,999,False,-0.005318895992212011,3.4146437291582171e-26,True,0.10558900016607431,57445624,1810703,9271540,23302492,0.39787761755266349,27696448,False,0,0.00042191925381132876,0.00020905767358014467,0,0.00020000000000000001,0.0001,0.00022563713439120644,,0.00011233698640895264,1,15718224,,360811.27063351963,5.8237014342081488e-06,215108.98409082633,2.4978029151710824e-05,80087.996443948083,6.4351363340661534e-05,False,2.3918367286768216e-13,False,False,False,False,False,False,False,False,False,False,False,False,False,C1328,S13-B01,S13-B01-C0021,S13-B01-C0022,20,21
15,S15-P001,aligned_samples,twfe_scalar,csa,static,[],[],"TWFE,CSA",TWFE,panel,retained,,-0.20465336477412677,-0.14162485774003947,0.032383576551147569,0.040429506757137329,-0.0630285070340873,0.027721097479860509,0.00095739090069075963,-2.2736656468914251,2.2736656468914251,False,999,False,0.0630285070340873,0.022986097152311095,True,-0.20422251880872255,5055761,15509,11881,11881,1,4768482,False,0,-0.20422251880872255,0.030842374595595273,1,-110.50700000000001,16.649999999999999,-110.50666490087835,,16.650216755221827,0,0,,243.17321606014579,0.0097133857997319349,181.34644771774828,0.019269878685162035,183.54873073489895,0.019022949855016884,False,3.3667513221757872e-14,False,False,False,False,False,False,False,False,False,False,False,False,False,C1329,S15-B01,S15-B01-C0005,S15-B01-C0006,4,5
15,S15-P001,aligned_samples,twfe_scalar,bjs,static,[],[],"TWFE,BJS",TWFE,panel,retained,,-0.20422251880872255,-0.17102531507559698,0.030842374595595273,0.028037415540554302,-0.033197203733125569,0.013596057865571715,0.00077624797570238107,-2.4416786145922766,2.4416786145922766,False,999,False,0.033197203733125569,0.014619154566466388,True,-0.20422251880872255,5055761,15509,11881,11881,1,5055761,False,0,-0.20422251880872255,0.030842374595595273,1,-110.50700000000001,16.649999999999999,-110.50666490087835,,16.650216755221827,0,0,,251.96208418121137,0.0089969874352607629,115.73067387259933,0.024948466408290865,55.627035885027468,0.042861793254537033,False,1.6420198534206065e-13,False,False,False,False,False,False,False,False,False,False,False,False,False,C1330,S15-B01,S15-B01-C0007,S15-B01-C0008,6,7
15,S15-P002,aligned_samples,twfe_scalar,csa,static,[],[],"TWFE,CSA",TWFE,panel,retained,,-0.19947971456982369,-0.053694146971386303,0.055952390864362413,0.03581283245508457,-0.14578556759843739,0.053447756299950758,0.00077828317919770903,-2.7276274569933947,2.7276274569933947,False,999,False,0.14578556759843739,0.006379160775700372,True,-0.18889364282803039,5055761,15509,11881,11881,1,4768482,False,0,-0.18889364282803039,0.050474779516450533,1,-14.339,4.0730000000000004,-14.33888112266459,,4.0725839194425948,0,0,,243.17321606014579,0.0097133857997319349,181.34644771774828,0.019269878685162035,183.54873073489895,0.019022949855016884,False,3.3584246494910985e-14,False,False,False,False,False,False,False,False,False,False,False,False,False,C1331,S15-B01,S15-B01-C0013,S15-B01-C0014,12,13
15,S15-P002,aligned_samples,twfe_scalar,bjs,static,[],[],"TWFE,BJS",TWFE,panel,retained,,-0.18889364282803039,-0.13761304663555687,0.050474779516450533,0.035942404259136751,-0.051280596192473521,0.025473174468317095,0.0015953385868340915,-2.0131215391413058,2.0131215391413058,False,999,False,0.051280596192473521,0.04410184479437345,True,-0.18889364282803039,5055761,15509,11881,11881,1,5055761,False,0,-0.18889364282803039,0.050474779516450533,1,-14.339,4.0730000000000004,-14.33888112266459,,4.0725839194425948,0,0,,251.96208418121137,0.0089969874352607629,115.73067387259933,0.024948466408290865,55.627035885027468,0.042861793254537033,False,1.5087930904655877e-13,False,False,False,False,False,False,False,False,False,False,False,False,False,C1332,S15-B01,S15-B01-C0015,S15-B01-C0016,14,15
