study_id,covariance_block_id,coordinate_id,coordinate_index,specification_id,family,summary_period,estimator,target_modern_estimator,event_term,estimate,positive_se,used_by_active_comparison
1,S01-B01,S01-B01-C0001,0,S01-A001,baseline,static,published_native,,,0.17043224777862107,0.074603038968580365,False
1,S01-B01,S01-B01-C0002,1,S01-A001,baseline,static,twfe,,,0.17043224777862107,0.074603038968580365,False
1,S01-B01,S01-B01-C0003,2,S01-A001,baseline,static,csa,,,0.25771542931526015,0.10641595836617944,False
1,S01-B01,S01-B01-C0004,3,S01-A001,baseline,static,bjs,,,0.28827120925944644,0.095154666455183112,False
1,S01-B01,S01-B01-C0005,4,S01-A001,aligned_samples,static,twfe,csa,,0.21457220989186443,0.092256112176936161,False
1,S01-B01,S01-B01-C0006,5,S01-A001,aligned_samples,static,twfe,bjs,,0.21457220989186443,0.092256112176936161,False
1,S01-B01,S01-B01-C0007,6,S01-A002,baseline,static,published_native,,,0.16563819536913599,0.10017165204724203,False
1,S01-B01,S01-B01-C0008,7,S01-A002,baseline,static,twfe,,,0.16563819536913599,0.10017165204724203,False
1,S01-B01,S01-B01-C0009,8,S01-A002,baseline,static,csa,,,0.26936619180659099,0.12527246799089142,False
1,S01-B01,S01-B01-C0010,9,S01-A002,baseline,static,bjs,,,0.30301856895352564,0.11430938019430471,False
1,S01-B01,S01-B01-C0011,10,S01-A002,aligned_samples,static,twfe,csa,,0.23197148906456408,0.10948939288592748,False
1,S01-B01,S01-B01-C0012,11,S01-A002,aligned_samples,static,twfe,bjs,,0.23197148906456408,0.10948939288592748,False
1,S01-B01,S01-B01-C0013,12,S01-A003,baseline,static,published_native,,,0.28153617216032728,0.085409723348543951,False
1,S01-B01,S01-B01-C0014,13,S01-A003,baseline,static,twfe,,,0.28153617216032728,0.085409723348543951,False
1,S01-B01,S01-B01-C0015,14,S01-A003,baseline,static,csa,,,0.29844185764994763,0.11144630561054435,False
1,S01-B01,S01-B01-C0016,15,S01-A003,baseline,static,bjs,,,0.33288145029032579,0.10208995211955303,False
1,S01-B01,S01-B01-C0017,16,S01-A003,aligned_samples,static,twfe,csa,,0.38820145835231884,0.099898899800399857,False
1,S01-B01,S01-B01-C0018,17,S01-A003,aligned_samples,static,twfe,bjs,,0.38820145835231884,0.099898899800399857,False
1,S01-B01,S01-B01-C0019,18,S01-A004,baseline,static,published_native,,,0.10505921266380983,0.079101716083269394,False
1,S01-B01,S01-B01-C0020,19,S01-A004,baseline,static,twfe,,,0.10505921266380983,0.079101716083269394,False
1,S01-B01,S01-B01-C0021,20,S01-A004,baseline,static,csa,,,0.10572688408641956,0.11318718188255708,False
1,S01-B01,S01-B01-C0022,21,S01-A004,baseline,static,bjs,,,0.13090624426174718,0.12458683058822725,False
1,S01-B01,S01-B01-C0023,22,S01-A004,aligned_samples,static,twfe,csa,,0.18352232325505269,0.091866261855225131,False
1,S01-B01,S01-B01-C0024,23,S01-A004,aligned_samples,static,twfe,bjs,,0.18352232325505269,0.091866261855225131,False
1,S01-B01,S01-B01-C0025,24,S01-A005,baseline,static,published_native,,,0.20763864475061303,0.081336946663208273,False
1,S01-B01,S01-B01-C0026,25,S01-A005,baseline,static,twfe,,,0.20763864475061303,0.081336946663208273,False
1,S01-B01,S01-B01-C0027,26,S01-A005,baseline,static,csa,,,0.29851636653957442,0.13212699166924122,False
1,S01-B01,S01-B01-C0028,27,S01-A005,baseline,static,bjs,,,0.33768795202606466,0.11562472345795539,False
1,S01-B01,S01-B01-C0029,28,S01-A005,aligned_samples,static,twfe,csa,,0.3073758723408353,0.092966091562646139,False
1,S01-B01,S01-B01-C0030,29,S01-A005,aligned_samples,static,twfe,bjs,,0.3073758723408353,0.092966091562646139,False
1,S01-B01,S01-B01-C0031,30,S01-A006,baseline,static,published_native,,,0.15497699563565931,0.090776271581959958,False
1,S01-B01,S01-B01-C0032,31,S01-A006,baseline,static,twfe,,,0.15497699563565931,0.090776271581959958,False
1,S01-B01,S01-B01-C0033,32,S01-A006,baseline,static,csa,,,0.11039465015795498,0.13474659544867701,False
1,S01-B01,S01-B01-C0034,33,S01-A006,baseline,static,bjs,,,0.12723719121454569,0.13465218696197653,False
1,S01-B01,S01-B01-C0035,34,S01-A006,aligned_samples,static,twfe,csa,,0.18707839599952047,0.11460584723575856,False
1,S01-B01,S01-B01-C0036,35,S01-A006,aligned_samples,static,twfe,bjs,,0.18707839599952047,0.11460584723575856,False
1,S01-B01,S01-B01-C0037,36,S01-A007,baseline,static,published_native,,,0.25050800853168714,0.092316739325969274,False
1,S01-B01,S01-B01-C0038,37,S01-A007,baseline,static,twfe,,,0.25050800853168714,0.092316739325969274,False
1,S01-B01,S01-B01-C0039,38,S01-A007,baseline,static,csa,,,0.28967729145149773,0.12649730046292326,False
1,S01-B01,S01-B01-C0040,39,S01-A007,baseline,static,bjs,,,0.33000259947217114,0.12420246194322307,False
1,S01-B01,S01-B01-C0041,40,S01-A007,aligned_samples,static,twfe,csa,,0.34143394138626737,0.10866072844133048,False
1,S01-B01,S01-B01-C0042,41,S01-A007,aligned_samples,static,twfe,bjs,,0.34143394138626737,0.10866072844133048,False
1,S01-B01,S01-B01-C0043,42,S01-A008,baseline,static,published_native,,,0.10821339856878739,0.072596415473632367,False
1,S01-B01,S01-B01-C0044,43,S01-A008,baseline,static,twfe,,,0.10821339856878739,0.072596415473632367,False
1,S01-B01,S01-B01-C0045,44,S01-A008,baseline,static,csa,,,-0.046398519917223484,0.10283434874076576,False
1,S01-B01,S01-B01-C0046,45,S01-A008,baseline,static,bjs,,,-0.046036432423468568,0.11333475991656296,False
1,S01-B01,S01-B01-C0047,46,S01-A008,aligned_samples,static,twfe,csa,,0.034803521171767889,0.086287544462456331,False
1,S01-B01,S01-B01-C0048,47,S01-A008,aligned_samples,static,twfe,bjs,,0.034803521171767889,0.086287544462456331,False
1,S01-B01,S01-B01-C0049,48,S01-A009,baseline,static,published_native,,,0.16415125113631715,0.063763715653827824,False
1,S01-B01,S01-B01-C0050,49,S01-A009,baseline,static,twfe,,,0.16415125113631715,0.063763715653827824,False
1,S01-B01,S01-B01-C0051,50,S01-A009,baseline,static,csa,,,0.15012425776873198,0.11360428952044249,False
1,S01-B01,S01-B01-C0052,51,S01-A009,baseline,static,bjs,,,0.13367824082279878,0.11042915891308509,False
1,S01-B01,S01-B01-C0053,52,S01-A009,aligned_samples,static,twfe,csa,,0.16009312036622117,0.090553035233406937,False
1,S01-B01,S01-B01-C0054,53,S01-A009,aligned_samples,static,twfe,bjs,,0.16009312036622117,0.090553035233406937,False
1,S01-B01,S01-B01-C0055,54,S01-A010,baseline,static,published_native,,,0.10050880921027536,0.067002096291865335,False
1,S01-B01,S01-B01-C0056,55,S01-A010,baseline,static,twfe,,,0.10050880921027536,0.067002096291865335,False
1,S01-B01,S01-B01-C0057,56,S01-A010,baseline,static,csa,,,-0.012062154827750929,0.13599067324106276,False
1,S01-B01,S01-B01-C0058,57,S01-A010,baseline,static,bjs,,,0.022766255487667284,0.094723689421815971,False
1,S01-B01,S01-B01-C0059,58,S01-A010,aligned_samples,static,twfe,csa,,0.07176181223184061,0.084447551196022444,False
1,S01-B01,S01-B01-C0060,59,S01-A010,aligned_samples,static,twfe,bjs,,0.07176181223184061,0.084447551196022444,False
1,S01-B01,S01-B01-C0061,60,S01-A011,baseline,static,published_native,,,0.13469013916854403,0.067476814060333748,False
1,S01-B01,S01-B01-C0062,61,S01-A011,baseline,static,twfe,,,0.13469013916854403,0.067476814060333748,False
1,S01-B01,S01-B01-C0063,62,S01-A011,baseline,static,csa,,,0.16478162893770892,0.11288461396642192,False
1,S01-B01,S01-B01-C0064,63,S01-A011,baseline,static,bjs,,,0.19141630389629347,0.096858038380412168,False
1,S01-B01,S01-B01-C0065,64,S01-A011,aligned_samples,static,twfe,csa,,0.15795380889183105,0.086729438679892648,False
1,S01-B01,S01-B01-C0066,65,S01-A011,aligned_samples,static,twfe,bjs,,0.15795380889183105,0.086729438679892648,False
1,S01-B01,S01-B01-C0067,66,S01-A012,baseline,static,published_native,,,0.13070674869914151,0.081593155268107634,False
1,S01-B01,S01-B01-C0068,67,S01-A012,baseline,static,twfe,,,0.13070674869914151,0.081593155268107634,False
1,S01-B01,S01-B01-C0069,68,S01-A012,baseline,static,csa,,,0.13118189323207061,0.12806317609768975,False
1,S01-B01,S01-B01-C0070,69,S01-A012,baseline,static,bjs,,,0.16240286338610521,0.10940189925633691,False
1,S01-B01,S01-B01-C0071,70,S01-A012,aligned_samples,static,twfe,csa,,0.16268422566606008,0.099783736207495227,False
1,S01-B01,S01-B01-C0072,71,S01-A012,aligned_samples,static,twfe,bjs,,0.16268422566606008,0.099783736207495227,False
1,S01-B01,S01-B01-C0073,72,S01-A013,baseline,static,published_native,,,0.1153356799085531,0.069600493057468446,False
1,S01-B01,S01-B01-C0074,73,S01-A013,baseline,static,twfe,,,0.1153356799085531,0.069600493057468446,False
1,S01-B01,S01-B01-C0075,74,S01-A013,baseline,static,csa,,,0.081014508907232441,0.1093211576943334,False
1,S01-B01,S01-B01-C0076,75,S01-A013,baseline,static,bjs,,,0.093939945768584776,0.087878308874139013,False
1,S01-B01,S01-B01-C0077,76,S01-A013,aligned_samples,static,twfe,csa,,0.060192805235821212,0.082470513827475972,False
1,S01-B01,S01-B01-C0078,77,S01-A013,aligned_samples,static,twfe,bjs,,0.060192805235821212,0.082470513827475972,False
1,S01-B01,S01-B01-C0079,78,S01-A014,baseline,static,published_native,,,-0.0032855265834708706,0.085886308221485047,False
1,S01-B01,S01-B01-C0080,79,S01-A014,baseline,static,twfe,,,-0.0032855265834708706,0.085886308221485047,False
1,S01-B01,S01-B01-C0081,80,S01-A014,baseline,static,csa,,,-0.096211509982422214,0.11116002103472594,False
1,S01-B01,S01-B01-C0082,81,S01-A014,baseline,static,bjs,,,-0.057677568332943623,0.10946412448045563,False
1,S01-B01,S01-B01-C0083,82,S01-A014,aligned_samples,static,twfe,csa,,0.039630503357723404,0.098425078621238546,False
1,S01-B01,S01-B01-C0084,83,S01-A014,aligned_samples,static,twfe,bjs,,0.039630503357723404,0.098425078621238546,False
1,S01-B01,S01-B01-C0085,84,S01-A015,baseline,static,published_native,,,0.03906636212538455,0.085925068287625542,False
1,S01-B01,S01-B01-C0086,85,S01-A015,baseline,static,twfe,,,0.03906636212538455,0.085925068287625542,False
1,S01-B01,S01-B01-C0087,86,S01-A015,baseline,static,csa,,,0.1280544702791476,0.1221563122184013,False
1,S01-B01,S01-B01-C0088,87,S01-A015,baseline,static,bjs,,,0.13025623227045904,0.11576913522817608,False
1,S01-B01,S01-B01-C0089,88,S01-A015,aligned_samples,static,twfe,csa,,0.073256132230915483,0.1034022357509535,False
1,S01-B01,S01-B01-C0090,89,S01-A015,aligned_samples,static,twfe,bjs,,0.073256132230915483,0.1034022357509535,False
1,S01-B01,S01-B01-C0091,90,S01-A016,baseline,static,published_native,,,0.10015916386266289,0.070195106713086944,False
1,S01-B01,S01-B01-C0092,91,S01-A016,baseline,static,twfe,,,0.10015916386266289,0.070195106713086944,False
1,S01-B01,S01-B01-C0093,92,S01-A016,baseline,static,csa,,,0.092065348859630594,0.11178875912541744,False
1,S01-B01,S01-B01-C0094,93,S01-A016,baseline,static,bjs,,,0.081806466101619971,0.10728338117378922,False
1,S01-B01,S01-B01-C0095,94,S01-A016,aligned_samples,static,twfe,csa,,0.12759187653047654,0.091164953068188448,False
1,S01-B01,S01-B01-C0096,95,S01-A016,aligned_samples,static,twfe,bjs,,0.12759187653047654,0.091164953068188448,False
1,S01-B01,S01-B01-C0097,96,S01-A017,baseline,static,published_native,,,-0.0083371834503479774,0.075457187249164573,False
1,S01-B01,S01-B01-C0098,97,S01-A017,baseline,static,twfe,,,-0.0083371834503479774,0.075457187249164573,False
1,S01-B01,S01-B01-C0099,98,S01-A017,baseline,static,csa,,,-0.024305289280478627,0.13056165295875613,False
1,S01-B01,S01-B01-C0100,99,S01-A017,baseline,static,bjs,,,-0.075128714168939681,0.11058003675627046,False
1,S01-B01,S01-B01-C0101,100,S01-A017,aligned_samples,static,twfe,csa,,0.0069630039906607866,0.089942530440607973,False
1,S01-B01,S01-B01-C0102,101,S01-A017,aligned_samples,static,twfe,bjs,,0.0069630039906607866,0.089942530440607973,False
1,S01-B01,S01-B01-C0103,102,S01-A018,baseline,static,published_native,,,0.16112548176236691,0.067608425808289588,False
1,S01-B01,S01-B01-C0104,103,S01-A018,baseline,static,twfe,,,0.16112548176236691,0.067608425808289588,False
1,S01-B01,S01-B01-C0105,104,S01-A018,baseline,static,csa,,,0.11964967276978802,0.094511082008273573,False
1,S01-B01,S01-B01-C0106,105,S01-A018,baseline,static,bjs,,,0.11352458931089268,0.10480465956326573,False
1,S01-B01,S01-B01-C0107,106,S01-A018,aligned_samples,static,twfe,csa,,0.15904019574067249,0.0943858672852292,False
1,S01-B01,S01-B01-C0108,107,S01-A018,aligned_samples,static,twfe,bjs,,0.15904019574067249,0.0943858672852292,False
1,S01-B01,S01-B01-C0109,108,S01-A019,baseline,static,published_native,,,0.1466013922185018,0.077736051154682462,False
1,S01-B01,S01-B01-C0110,109,S01-A019,baseline,static,twfe,,,0.1466013922185018,0.077736051154682462,False
1,S01-B01,S01-B01-C0111,110,S01-A019,baseline,static,csa,,,0.1243749714619507,0.12434412711651793,False
1,S01-B01,S01-B01-C0112,111,S01-A019,baseline,static,bjs,,,0.13308278864064746,0.1191060545068985,False
1,S01-B01,S01-B01-C0113,112,S01-A019,aligned_samples,static,twfe,csa,,0.14318886220975829,0.10345503726844722,False
1,S01-B01,S01-B01-C0114,113,S01-A019,aligned_samples,static,twfe,bjs,,0.14318886220975829,0.10345503726844722,False
1,S01-B01,S01-B01-C0115,114,S01-A020,baseline,static,published_native,,,0.2049631729754029,0.078949334301965407,False
1,S01-B01,S01-B01-C0116,115,S01-A020,baseline,static,twfe,,,0.2049631729754029,0.078949334301965407,False
1,S01-B01,S01-B01-C0117,116,S01-A020,baseline,static,csa,,,0.015402018025307334,0.11152354252715971,False
1,S01-B01,S01-B01-C0118,117,S01-A020,baseline,static,bjs,,,0.047400945373027248,0.10428974051899477,False
1,S01-B01,S01-B01-C0119,118,S01-A020,aligned_samples,static,twfe,csa,,0.11777012860875354,0.086866861483926416,False
1,S01-B01,S01-B01-C0120,119,S01-A020,aligned_samples,static,twfe,bjs,,0.11777012860875354,0.086866861483926416,False
1,S01-B01,S01-B01-C0121,120,S01-A021,baseline,static,published_native,,,0.21441113030340114,0.078265914830599234,False
1,S01-B01,S01-B01-C0122,121,S01-A021,baseline,static,twfe,,,0.21441113030340114,0.078265914830599234,False
1,S01-B01,S01-B01-C0123,122,S01-A021,baseline,static,csa,,,0.066146352636797121,0.11554587024294498,False
1,S01-B01,S01-B01-C0124,123,S01-A021,baseline,static,bjs,,,0.090157109210262293,0.097626901567973753,False
1,S01-B01,S01-B01-C0125,124,S01-A021,aligned_samples,static,twfe,csa,,0.15375680983054807,0.088799311999740352,False
1,S01-B01,S01-B01-C0126,125,S01-A021,aligned_samples,static,twfe,bjs,,0.15375680983054807,0.088799311999740352,False
1,S01-B01,S01-B01-C0127,126,S01-A022,baseline,static,published_native,,,0.26830381443607221,0.088537293045874349,False
1,S01-B01,S01-B01-C0128,127,S01-A022,baseline,static,twfe,,,0.26830381443607221,0.088537293045874349,False
1,S01-B01,S01-B01-C0129,128,S01-A022,baseline,static,csa,,,0.44114140658286977,0.13014626371597052,False
1,S01-B01,S01-B01-C0130,129,S01-A022,baseline,static,bjs,,,0.50279383538405886,0.12278676060163543,False
1,S01-B01,S01-B01-C0131,130,S01-A022,aligned_samples,static,twfe,csa,,0.43039306669550986,0.10700356123111926,False
1,S01-B01,S01-B01-C0132,131,S01-A022,aligned_samples,static,twfe,bjs,,0.43039306669550986,0.10700356123111926,False
1,S01-B01,S01-B01-C0133,132,S01-A023,baseline,static,published_native,,,0.029819305040206964,0.087823104822587303,False
1,S01-B01,S01-B01-C0134,133,S01-A023,baseline,static,twfe,,,0.029819305040206964,0.087823104822587303,False
1,S01-B01,S01-B01-C0135,134,S01-A023,baseline,static,csa,,,0.029882386293196748,0.10737789358534031,False
1,S01-B01,S01-B01-C0136,135,S01-A023,baseline,static,bjs,,,0.027633788660257369,0.12286276718625352,False
1,S01-B01,S01-B01-C0137,136,S01-A023,aligned_samples,static,twfe,csa,,0.040613989458063791,0.1026177064595402,False
1,S01-B01,S01-B01-C0138,137,S01-A023,aligned_samples,static,twfe,bjs,,0.040613989458063791,0.1026177064595402,False
1,S01-B01,S01-B01-C0139,138,S01-A024,baseline,static,published_native,,,0.021705136125025979,0.083194851073731715,False
1,S01-B01,S01-B01-C0140,139,S01-A024,baseline,static,twfe,,,0.021705136125025979,0.083194851073731715,False
1,S01-B01,S01-B01-C0141,140,S01-A024,baseline,static,csa,,,0.20565059417435549,0.13133345033692989,False
1,S01-B01,S01-B01-C0142,141,S01-A024,baseline,static,bjs,,,0.26333793600128053,0.13244805509878518,False
1,S01-B01,S01-B01-C0143,142,S01-A024,aligned_samples,static,twfe,csa,,0.12913524007475247,0.11616571948906697,False
1,S01-B01,S01-B01-C0144,143,S01-A024,aligned_samples,static,twfe,bjs,,0.12913524007475247,0.11616571948906697,False
1,S01-B01,S01-B01-C0145,144,S01-A025,baseline,static,published_native,,,0.15926044064510742,0.094710143960448495,False
1,S01-B01,S01-B01-C0146,145,S01-A025,baseline,static,twfe,,,0.15926044064510742,0.094710143960448495,False
1,S01-B01,S01-B01-C0147,146,S01-A025,baseline,static,csa,,,0.13210224063008133,0.12425743466188433,False
1,S01-B01,S01-B01-C0148,147,S01-A025,baseline,static,bjs,,,0.14565011667644931,0.11326108982598562,False
1,S01-B01,S01-B01-C0149,148,S01-A025,aligned_samples,static,twfe,csa,,0.15503193342644625,0.11736536542274294,False
1,S01-B01,S01-B01-C0150,149,S01-A025,aligned_samples,static,twfe,bjs,,0.15503193342644625,0.11736536542274294,False
1,S01-B01,S01-B01-C0151,150,S01-A026,baseline,static,published_native,,,0.12645124947799299,0.092791016989536512,False
1,S01-B01,S01-B01-C0152,151,S01-A026,baseline,static,twfe,,,0.12645124947799299,0.092791016989536512,False
1,S01-B01,S01-B01-C0153,152,S01-A026,baseline,static,csa,,,0.24908045288200639,0.13071227967188115,False
1,S01-B01,S01-B01-C0154,153,S01-A026,baseline,static,bjs,,,0.25488003441866436,0.11477002558480531,False
1,S01-B01,S01-B01-C0155,154,S01-A026,aligned_samples,static,twfe,csa,,0.25811806135091131,0.10890385954912014,False
1,S01-B01,S01-B01-C0156,155,S01-A026,aligned_samples,static,twfe,bjs,,0.25811806135091131,0.10890385954912014,False
1,S01-B01,S01-B01-C0157,156,S01-A027,baseline,static,published_native,,,0.16554010102399036,0.090180638336721949,False
1,S01-B01,S01-B01-C0158,157,S01-A027,baseline,static,twfe,,,0.16554010102399036,0.090180638336721949,False
1,S01-B01,S01-B01-C0159,158,S01-A027,baseline,static,csa,,,0.31264232631522582,0.11349744483394657,False
1,S01-B01,S01-B01-C0160,159,S01-A027,baseline,static,bjs,,,0.33814106893617618,0.11320984328401297,False
1,S01-B01,S01-B01-C0161,160,S01-A027,aligned_samples,static,twfe,csa,,0.2958180732887119,0.10924349445827236,False
1,S01-B01,S01-B01-C0162,161,S01-A027,aligned_samples,static,twfe,bjs,,0.2958180732887119,0.10924349445827236,False
1,S01-B01,S01-B01-C0163,162,S01-A028,baseline,static,published_native,,,0.098786950968636641,0.071399512764980785,False
1,S01-B01,S01-B01-C0164,163,S01-A028,baseline,static,twfe,,,0.098786950968636641,0.071399512764980785,False
1,S01-B01,S01-B01-C0165,164,S01-A028,baseline,static,csa,,,0.22853941853751933,0.12023099812808791,False
1,S01-B01,S01-B01-C0166,165,S01-A028,baseline,static,bjs,,,0.17500089724955878,0.11047822021905258,False
1,S01-B01,S01-B01-C0167,166,S01-A028,aligned_samples,static,twfe,csa,,0.13635414951625033,0.08727592870812069,False
1,S01-B01,S01-B01-C0168,167,S01-A028,aligned_samples,static,twfe,bjs,,0.13635414951625033,0.08727592870812069,False
1,S01-B01,S01-B01-C0169,168,S01-A029,baseline,static,published_native,,,0.18985430694779593,0.087596861308501972,False
1,S01-B01,S01-B01-C0170,169,S01-A029,baseline,static,twfe,,,0.18985430694779593,0.087596861308501972,False
1,S01-B01,S01-B01-C0171,170,S01-A029,baseline,static,csa,,,0.26546700290594166,0.1184652108617022,False
1,S01-B01,S01-B01-C0172,171,S01-A029,baseline,static,bjs,,,0.23632442877609475,0.12907943426003751,False
1,S01-B01,S01-B01-C0173,172,S01-A029,aligned_samples,static,twfe,csa,,0.15375133442040892,0.10999781563035459,False
1,S01-B01,S01-B01-C0174,173,S01-A029,aligned_samples,static,twfe,bjs,,0.15375133442040892,0.10999781563035459,False
1,S01-B01,S01-B01-C0175,174,S01-A030,baseline,static,published_native,,,-0.1314269737380776,0.069647406646980256,False
1,S01-B01,S01-B01-C0176,175,S01-A030,baseline,static,twfe,,,-0.1314269737380776,0.069647406646980256,False
1,S01-B01,S01-B01-C0177,176,S01-A030,baseline,static,csa,,,0.009964164902704329,0.10599718992348811,False
1,S01-B01,S01-B01-C0178,177,S01-A030,baseline,static,bjs,,,-0.042998423024483881,0.08914864657411288,False
1,S01-B01,S01-B01-C0179,178,S01-A030,aligned_samples,static,twfe,csa,,-0.0022904551951068546,0.070502217862140837,False
1,S01-B01,S01-B01-C0180,179,S01-A030,aligned_samples,static,twfe,bjs,,-0.0022904551951068546,0.070502217862140837,False
1,S01-B01,S01-B01-C0181,180,S01-A031,baseline,static,published_native,,,0.15094704434489381,0.10000988085388764,False
1,S01-B01,S01-B01-C0182,181,S01-A031,baseline,static,twfe,,,0.15094704434489381,0.10000988085388764,False
1,S01-B01,S01-B01-C0183,182,S01-A031,baseline,static,csa,,,0.12096797550652341,0.16174097281145075,False
1,S01-B01,S01-B01-C0184,183,S01-A031,baseline,static,bjs,,,0.14663307399347217,0.1113901476914959,False
1,S01-B01,S01-B01-C0185,184,S01-A031,aligned_samples,static,twfe,csa,,0.16714118085775281,0.11898334065309694,False
1,S01-B01,S01-B01-C0186,185,S01-A031,aligned_samples,static,twfe,bjs,,0.16714118085775281,0.11898334065309694,False
1,S01-B01,S01-B01-C0187,186,S01-A032,baseline,static,published_native,,,-0.012934615042980512,0.074653563987690907,False
1,S01-B01,S01-B01-C0188,187,S01-A032,baseline,static,twfe,,,-0.012934615042980512,0.074653563987690907,False
1,S01-B01,S01-B01-C0189,188,S01-A032,baseline,static,csa,,,0.051224263052718072,0.12225045866547077,False
1,S01-B01,S01-B01-C0190,189,S01-A032,baseline,static,bjs,,,0.083073429519716357,0.11047008385034919,False
1,S01-B01,S01-B01-C0191,190,S01-A032,aligned_samples,static,twfe,csa,,-0.044618232264990301,0.096965491122906519,False
1,S01-B01,S01-B01-C0192,191,S01-A032,aligned_samples,static,twfe,bjs,,-0.044618232264990301,0.096965491122906519,False
1,S01-B01,S01-B01-C0193,192,S01-A033,baseline,static,published_native,,,0.15172960205986266,0.074290635732564364,False
1,S01-B01,S01-B01-C0194,193,S01-A033,baseline,static,twfe,,,0.15172960205986266,0.074290635732564364,False
1,S01-B01,S01-B01-C0195,194,S01-A033,baseline,static,csa,,,0.18367884245975152,0.1212284614272731,False
1,S01-B01,S01-B01-C0196,195,S01-A033,baseline,static,bjs,,,0.19070254245367899,0.10303980061266654,False
1,S01-B01,S01-B01-C0197,196,S01-A033,aligned_samples,static,twfe,csa,,0.13270717977648519,0.085375830629275548,False
1,S01-B01,S01-B01-C0198,197,S01-A033,aligned_samples,static,twfe,bjs,,0.13270717977648519,0.085375830629275548,False
1,S01-B01,S01-B01-C0199,198,S01-A034,baseline,static,published_native,,,0.063289810405921035,0.077766954280059711,False
1,S01-B01,S01-B01-C0200,199,S01-A034,baseline,static,twfe,,,0.063289810405921035,0.077766954280059711,False
1,S01-B01,S01-B01-C0201,200,S01-A034,baseline,static,csa,,,0.15109501963023511,0.14330048396333586,False
1,S01-B01,S01-B01-C0202,201,S01-A034,baseline,static,bjs,,,0.15890557031458608,0.11019646055003188,False
1,S01-B01,S01-B01-C0203,202,S01-A034,aligned_samples,static,twfe,csa,,0.097132683680003745,0.095623643084016122,False
1,S01-B01,S01-B01-C0204,203,S01-A034,aligned_samples,static,twfe,bjs,,0.097132683680003745,0.095623643084016122,False
1,S01-B01,S01-B01-C0205,204,S01-A035,baseline,static,published_native,,,0.075046094031918753,0.11502604237548326,False
1,S01-B01,S01-B01-C0206,205,S01-A035,baseline,static,twfe,,,0.075046094031918753,0.11502604237548326,False
1,S01-B01,S01-B01-C0207,206,S01-A035,baseline,static,csa,,,-0.037458272224193817,0.15668548348061925,False
1,S01-B01,S01-B01-C0208,207,S01-A035,baseline,static,bjs,,,0.041443002712657426,0.17172561886606089,False
1,S01-B01,S01-B01-C0209,208,S01-A035,aligned_samples,static,twfe,csa,,0.12068036767643611,0.13384046213805167,False
1,S01-B01,S01-B01-C0210,209,S01-A035,aligned_samples,static,twfe,bjs,,0.12068036767643611,0.13384046213805167,False
1,S01-B01,S01-B01-C0211,210,S01-A036,baseline,static,published_native,,,-0.13386475615436075,0.086627868337728703,False
1,S01-B01,S01-B01-C0212,211,S01-A036,baseline,static,twfe,,,-0.13386475615436075,0.086627868337728703,False
1,S01-B01,S01-B01-C0213,212,S01-A036,baseline,static,csa,,,-0.23591283663893209,0.12337722561879914,False
1,S01-B01,S01-B01-C0214,213,S01-A036,baseline,static,bjs,,,-0.28781136015095787,0.13457261412250082,False
1,S01-B01,S01-B01-C0215,214,S01-A036,aligned_samples,static,twfe,csa,,-0.13545348051334627,0.10252673222987289,False
1,S01-B01,S01-B01-C0216,215,S01-A036,aligned_samples,static,twfe,bjs,,-0.13545348051334627,0.10252673222987289,False
1,S01-B01,S01-B01-C0217,216,S01-A037,baseline,static,published_native,,,-0.10653014150429933,0.088732254089819579,False
1,S01-B01,S01-B01-C0218,217,S01-A037,baseline,static,twfe,,,-0.10653014150429933,0.088732254089819579,False
1,S01-B01,S01-B01-C0219,218,S01-A037,baseline,static,csa,,,-0.045815356884503208,0.14936780839487218,False
1,S01-B01,S01-B01-C0220,219,S01-A037,baseline,static,bjs,,,-0.027721106891781526,0.1164856212946892,False
1,S01-B01,S01-B01-C0221,220,S01-A037,aligned_samples,static,twfe,csa,,-0.014950306189955355,0.11206049144820686,False
1,S01-B01,S01-B01-C0222,221,S01-A037,aligned_samples,static,twfe,bjs,,-0.014950306189955355,0.11206049144820686,False
1,S01-B01,S01-B01-C0223,222,S01-A038,baseline,static,published_native,,,-0.073755950607975934,0.096084209424079137,False
1,S01-B01,S01-B01-C0224,223,S01-A038,baseline,static,twfe,,,-0.073755950607975934,0.096084209424079137,False
1,S01-B01,S01-B01-C0225,224,S01-A038,baseline,static,csa,,,-0.14107231792524075,0.13507561497371365,False
1,S01-B01,S01-B01-C0226,225,S01-A038,baseline,static,bjs,,,-0.14658153580591282,0.13359758172681827,False
1,S01-B01,S01-B01-C0227,226,S01-A038,aligned_samples,static,twfe,csa,,-0.016524825876976412,0.11256590721676288,False
1,S01-B01,S01-B01-C0228,227,S01-A038,aligned_samples,static,twfe,bjs,,-0.016524825876976412,0.11256590721676288,False
1,S01-B01,S01-B01-C0229,228,S01-A039,baseline,static,published_native,,,-0.16163503952715982,0.10197836565375624,False
1,S01-B01,S01-B01-C0230,229,S01-A039,baseline,static,twfe,,,-0.16163503952715982,0.10197836565375624,False
1,S01-B01,S01-B01-C0231,230,S01-A039,baseline,static,csa,,,-0.22455910540729357,0.15533281657280643,False
1,S01-B01,S01-B01-C0232,231,S01-A039,baseline,static,bjs,,,-0.23622431943051514,0.14966200679848443,False
1,S01-B01,S01-B01-C0233,232,S01-A039,aligned_samples,static,twfe,csa,,-0.10383844726792263,0.12354573414397065,False
1,S01-B01,S01-B01-C0234,233,S01-A039,aligned_samples,static,twfe,bjs,,-0.10383844726792263,0.12354573414397065,False
1,S01-B01,S01-B01-C0235,234,S01-A040,baseline,static,published_native,,,-0.070751732543711365,0.089148773259178901,False
1,S01-B01,S01-B01-C0236,235,S01-A040,baseline,static,twfe,,,-0.070751732543711365,0.089148773259178901,False
1,S01-B01,S01-B01-C0237,236,S01-A040,baseline,static,csa,,,-0.15575838611902398,0.13695156896765828,False
1,S01-B01,S01-B01-C0238,237,S01-A040,baseline,static,bjs,,,-0.12045230245849595,0.1017987011981062,False
1,S01-B01,S01-B01-C0239,238,S01-A040,aligned_samples,static,twfe,csa,,-0.059194618507817487,0.093805074651439058,False
1,S01-B01,S01-B01-C0240,239,S01-A040,aligned_samples,static,twfe,bjs,,-0.059194618507817487,0.093805074651439058,False
1,S01-B01,S01-B01-C0241,240,S01-A041,baseline,static,published_native,,,0.011910684790479338,0.097058984024089814,False
1,S01-B01,S01-B01-C0242,241,S01-A041,baseline,static,twfe,,,0.011910684790479338,0.097058984024089814,False
1,S01-B01,S01-B01-C0243,242,S01-A041,baseline,static,csa,,,-0.013828953724777777,0.13048932579120162,False
1,S01-B01,S01-B01-C0244,243,S01-A041,baseline,static,bjs,,,-0.01451268095867634,0.13376890402581021,False
1,S01-B01,S01-B01-C0245,244,S01-A041,aligned_samples,static,twfe,csa,,-0.018671890265089662,0.10444367573564546,False
1,S01-B01,S01-B01-C0246,245,S01-A041,aligned_samples,static,twfe,bjs,,-0.018671890265089662,0.10444367573564546,False
1,S01-B01,S01-B01-C0247,246,S01-A042,baseline,static,published_native,,,0.062196079345390134,0.079319406063513911,False
1,S01-B01,S01-B01-C0248,247,S01-A042,baseline,static,twfe,,,0.062196079345390134,0.079319406063513911,False
1,S01-B01,S01-B01-C0249,248,S01-A042,baseline,static,csa,,,-0.0097505628248659316,0.12306956821596203,False
1,S01-B01,S01-B01-C0250,249,S01-A042,baseline,static,bjs,,,0.05641657261983081,0.098346087427308937,False
1,S01-B01,S01-B01-C0251,250,S01-A042,aligned_samples,static,twfe,csa,,0.10094944308758379,0.093191701268161869,False
1,S01-B01,S01-B01-C0252,251,S01-A042,aligned_samples,static,twfe,bjs,,0.10094944308758379,0.093191701268161869,False
1,S01-B01,S01-B01-C0253,252,S01-A043,baseline,static,published_native,,,0.12311097134753446,0.075873484828107185,False
1,S01-B01,S01-B01-C0254,253,S01-A043,baseline,static,twfe,,,0.12311097134753446,0.075873484828107185,False
1,S01-B01,S01-B01-C0255,254,S01-A043,baseline,static,csa,,,0.15955720775768506,0.10638728225341935,False
1,S01-B01,S01-B01-C0256,255,S01-A043,baseline,static,bjs,,,0.15509300434707018,0.086996985568038365,False
1,S01-B01,S01-B01-C0257,256,S01-A043,aligned_samples,static,twfe,csa,,0.18644748034683489,0.08674795852454345,False
1,S01-B01,S01-B01-C0258,257,S01-A043,aligned_samples,static,twfe,bjs,,0.18644748034683489,0.08674795852454345,False
1,S01-B01,S01-B01-C0259,258,S01-A044,baseline,static,published_native,,,0.081793775097003793,0.090596093986010109,False
1,S01-B01,S01-B01-C0260,259,S01-A044,baseline,static,twfe,,,0.081793775097003793,0.090596093986010109,False
1,S01-B01,S01-B01-C0261,260,S01-A044,baseline,static,csa,,,0.0070423291948692127,0.11283923782029745,False
1,S01-B01,S01-B01-C0262,261,S01-A044,baseline,static,bjs,,,0.042170725116869867,0.10635191621804151,False
1,S01-B01,S01-B01-C0263,262,S01-A044,aligned_samples,static,twfe,csa,,0.1095861831126151,0.097206509748122227,False
1,S01-B01,S01-B01-C0264,263,S01-A044,aligned_samples,static,twfe,bjs,,0.1095861831126151,0.097206509748122227,False
1,S01-B01,S01-B01-C0265,264,S01-A045,baseline,static,published_native,,,0.17981738232276764,0.084995222368700343,False
1,S01-B01,S01-B01-C0266,265,S01-A045,baseline,static,twfe,,,0.17981738232276764,0.084995222368700343,False
1,S01-B01,S01-B01-C0267,266,S01-A045,baseline,static,csa,,,0.1298297673429285,0.15413408023679079,False
1,S01-B01,S01-B01-C0268,267,S01-A045,baseline,static,bjs,,,0.12579871125311115,0.13147967992160473,False
1,S01-B01,S01-B01-C0269,268,S01-A045,aligned_samples,static,twfe,csa,,0.11852610311906531,0.11161002491414201,False
1,S01-B01,S01-B01-C0270,269,S01-A045,aligned_samples,static,twfe,bjs,,0.11852610311906531,0.11161002491414201,False
1,S01-B01,S01-B01-C0271,270,S01-A046,baseline,static,published_native,,,0.14166779433081184,0.082125587448298384,False
1,S01-B01,S01-B01-C0272,271,S01-A046,baseline,static,twfe,,,0.14166779433081184,0.082125587448298384,False
1,S01-B01,S01-B01-C0273,272,S01-A046,baseline,static,csa,,,0.019443036114523957,0.16671898181212133,False
1,S01-B01,S01-B01-C0274,273,S01-A046,baseline,static,bjs,,,0.082390532941476607,0.12998482916913506,False
1,S01-B01,S01-B01-C0275,274,S01-A046,aligned_samples,static,twfe,csa,,0.14507728941205544,0.10118413667954586,False
1,S01-B01,S01-B01-C0276,275,S01-A046,aligned_samples,static,twfe,bjs,,0.14507728941205544,0.10118413667954586,False
1,S01-B01,S01-B01-C0277,276,S01-A047,baseline,static,published_native,,,0.20668955668668251,0.076685717924603033,False
1,S01-B01,S01-B01-C0278,277,S01-A047,baseline,static,twfe,,,0.20668955668668251,0.076685717924603033,False
1,S01-B01,S01-B01-C0279,278,S01-A047,baseline,static,csa,,,0.095462347921918489,0.152888194982751,False
1,S01-B01,S01-B01-C0280,279,S01-A047,baseline,static,bjs,,,0.13374664868906672,0.12492266845928549,False
1,S01-B01,S01-B01-C0281,280,S01-A047,aligned_samples,static,twfe,csa,,0.16979332211691209,0.1046498990674672,False
1,S01-B01,S01-B01-C0282,281,S01-A047,aligned_samples,static,twfe,bjs,,0.16979332211691209,0.1046498990674672,False
1,S01-B01,S01-B01-C0283,282,S01-A048,baseline,static,published_native,,,0.0047942068089911055,0.089476071686016692,False
1,S01-B01,S01-B01-C0284,283,S01-A048,baseline,static,twfe,,,0.0047942068089911055,0.089476071686016692,False
1,S01-B01,S01-B01-C0285,284,S01-A048,baseline,static,csa,,,-0.12952175113835904,0.10068736381652783,False
1,S01-B01,S01-B01-C0286,285,S01-A048,baseline,static,bjs,,,-0.14818970892099328,0.095056732517494885,False
1,S01-B01,S01-B01-C0287,286,S01-A048,aligned_samples,static,twfe,csa,,0.023075762589221782,0.094279829819730987,False
1,S01-B01,S01-B01-C0288,287,S01-A048,aligned_samples,static,twfe,bjs,,0.023075762589221782,0.094279829819730987,False
1,S01-B01,S01-B01-C0289,288,S01-P013,baseline,static,published_native,,,0.17043224949085617,0.074603038704844984,False
1,S01-B01,S01-B01-C0290,289,S01-P013,baseline,static,twfe,,,0.17043224949085617,0.074603038704844984,True
1,S01-B01,S01-B01-C0291,290,S01-P013,baseline,static,csa,,,0.25771543072214326,0.10641595833809818,True
1,S01-B01,S01-B01-C0292,291,S01-P013,baseline,static,bjs,,,0.28827121026497904,0.095154666625724332,True
1,S01-B01,S01-B01-C0293,292,S01-P013,aligned_samples,static,twfe,csa,,0.2145722116583294,0.092256111924070058,True
1,S01-B01,S01-B01-C0294,293,S01-P013,aligned_samples,static,twfe,bjs,,0.2145722116583294,0.092256111924070058,False
1,S01-B01,S01-B01-C0295,294,S01-P014,baseline,static,published_native,,,0.16563819688977263,0.10017165135462065,False
1,S01-B01,S01-B01-C0296,295,S01-P014,baseline,static,twfe,,,0.16563819688977263,0.10017165135462065,True
1,S01-B01,S01-B01-C0297,296,S01-P014,baseline,static,csa,,,0.26936619170496334,0.12527246807530251,True
1,S01-B01,S01-B01-C0298,297,S01-P014,baseline,static,bjs,,,0.30301856929411658,0.11430938042553281,True
1,S01-B01,S01-B01-C0299,298,S01-P014,aligned_samples,static,twfe,csa,,0.23197149016235194,0.10948939210976752,True
1,S01-B01,S01-B01-C0300,299,S01-P014,aligned_samples,static,twfe,bjs,,0.23197149016235194,0.10948939210976752,False
1,S01-B01,S01-B01-C0301,300,S01-P015,baseline,static,published_native,,,0.2815361749726033,0.085409723276267002,False
1,S01-B01,S01-B01-C0302,301,S01-P015,baseline,static,twfe,,,0.2815361749726033,0.085409723276267002,True
1,S01-B01,S01-B01-C0303,302,S01-P015,baseline,static,csa,,,0.2984418597351372,0.11144630559848399,True
1,S01-B01,S01-B01-C0304,303,S01-P015,baseline,static,bjs,,,0.33288145187009133,0.10208995179521187,True
1,S01-B01,S01-B01-C0305,304,S01-P015,aligned_samples,static,twfe,csa,,0.38820146125710875,0.099898899862872634,True
1,S01-B01,S01-B01-C0306,305,S01-P015,aligned_samples,static,twfe,bjs,,0.38820146125710875,0.099898899862872634,False
1,S01-B01,S01-B01-C0307,306,S01-P016,baseline,static,published_native,,,0.10505921302801081,0.07910171588613446,False
1,S01-B01,S01-B01-C0308,307,S01-P016,baseline,static,twfe,,,0.10505921302801081,0.07910171588613446,True
1,S01-B01,S01-B01-C0309,308,S01-P016,baseline,static,csa,,,0.10572688827482848,0.11318718229530347,True
1,S01-B01,S01-B01-C0310,309,S01-P016,baseline,static,bjs,,,0.13090624772933557,0.12458683041251194,True
1,S01-B01,S01-B01-C0311,310,S01-P016,aligned_samples,static,twfe,csa,,0.18352232522747169,0.091866261816687458,True
1,S01-B01,S01-B01-C0312,311,S01-P016,aligned_samples,static,twfe,bjs,,0.18352232522747169,0.091866261816687458,False
1,S01-B01,S01-B01-C0313,312,S01-P017,baseline,static,published_native,,,0.2076386433415324,0.081336946787699649,False
1,S01-B01,S01-B01-C0314,313,S01-P017,baseline,static,twfe,,,0.2076386433415324,0.081336946787699649,True
1,S01-B01,S01-B01-C0315,314,S01-P017,baseline,static,csa,,,0.29851636497118128,0.13212699172210779,True
1,S01-B01,S01-B01-C0316,315,S01-P017,baseline,static,bjs,,,0.33768795059905421,0.11562472317015855,True
1,S01-B01,S01-B01-C0317,316,S01-P017,aligned_samples,static,twfe,csa,,0.3073758706064838,0.092966091480603988,True
1,S01-B01,S01-B01-C0318,317,S01-P017,aligned_samples,static,twfe,bjs,,0.3073758706064838,0.092966091480603988,False
1,S01-B01,S01-B01-C0319,318,S01-P018,baseline,static,published_native,,,0.1549769980808296,0.0907762718698647,False
1,S01-B01,S01-B01-C0320,319,S01-P018,baseline,static,twfe,,,0.1549769980808296,0.0907762718698647,True
1,S01-B01,S01-B01-C0321,320,S01-P018,baseline,static,csa,,,0.11039465142836412,0.13474659577006384,True
1,S01-B01,S01-B01-C0322,321,S01-P018,baseline,static,bjs,,,0.12723719306169484,0.13465218702462539,True
1,S01-B01,S01-B01-C0323,322,S01-P018,aligned_samples,static,twfe,csa,,0.18707839792149475,0.11460584754912073,True
1,S01-B01,S01-B01-C0324,323,S01-P018,aligned_samples,static,twfe,bjs,,0.18707839792149475,0.11460584754912073,False
1,S01-B01,S01-B01-C0325,324,S01-P019,baseline,static,published_native,,,0.25050800724521394,0.092316738983554719,False
1,S01-B01,S01-B01-C0326,325,S01-P019,baseline,static,twfe,,,0.25050800724521394,0.092316738983554719,True
1,S01-B01,S01-B01-C0327,326,S01-P019,baseline,static,csa,,,0.2896772929973685,0.12649730103308288,True
1,S01-B01,S01-B01-C0328,327,S01-P019,baseline,static,bjs,,,0.33000260117157787,0.12420246165833665,True
1,S01-B01,S01-B01-C0329,328,S01-P019,aligned_samples,static,twfe,csa,,0.34143394019296619,0.10866072794285667,True
1,S01-B01,S01-B01-C0330,329,S01-P019,aligned_samples,static,twfe,bjs,,0.34143394019296619,0.10866072794285667,False
1,S01-B01,S01-B01-C0331,330,S01-P020,baseline,static,published_native,,,-0.00097727429856432754,0.097309995488878712,False
1,S01-B01,S01-B01-C0332,331,S01-P020,baseline,static,twfe,,,-0.00097727429856432754,0.097309995488878712,True
1,S01-B01,S01-B01-C0333,332,S01-P020,baseline,static,csa,,,0.069059730971585007,0.11037976548892305,True
1,S01-B01,S01-B01-C0334,333,S01-P020,baseline,static,bjs,,,0.076464962006689452,0.10737412749212043,True
1,S01-B01,S01-B01-C0335,334,S01-P020,aligned_samples,static,twfe,csa,,0.023184407426537601,0.10849414926607094,True
1,S01-B01,S01-B01-C0336,335,S01-P020,aligned_samples,static,twfe,bjs,,0.023184407426537601,0.10849414926607094,False
1,S01-B01,S01-B01-C0337,336,S01-P021,baseline,static,published_native,,,0.10821340070888125,0.07259641545408381,False
1,S01-B01,S01-B01-C0338,337,S01-P021,baseline,static,twfe,,,0.10821340070888125,0.07259641545408381,True
1,S01-B01,S01-B01-C0339,338,S01-P021,baseline,static,csa,,,-0.046398520793001559,0.10283434844359347,True
1,S01-B01,S01-B01-C0340,339,S01-P021,baseline,static,bjs,,,-0.046036433801995034,0.11333475921818745,True
1,S01-B01,S01-B01-C0341,340,S01-P021,aligned_samples,static,twfe,csa,,0.03480352404481319,0.086287543856935572,True
1,S01-B01,S01-B01-C0342,341,S01-P021,aligned_samples,static,twfe,bjs,,0.03480352404481319,0.086287543856935572,False
1,S01-B01,S01-B01-C0343,342,S01-P022,baseline,static,published_native,,,0.1641512532639664,0.063763715731539869,False
1,S01-B01,S01-B01-C0344,343,S01-P022,baseline,static,twfe,,,0.1641512532639664,0.063763715731539869,True
1,S01-B01,S01-B01-C0345,344,S01-P022,baseline,static,csa,,,0.15012425865279724,0.11360428942171835,True
1,S01-B01,S01-B01-C0346,345,S01-P022,baseline,static,bjs,,,0.1336782416445127,0.11042915873407259,True
1,S01-B01,S01-B01-C0347,346,S01-P022,aligned_samples,static,twfe,csa,,0.160093121698794,0.090553035115600311,True
1,S01-B01,S01-B01-C0348,347,S01-P022,aligned_samples,static,twfe,bjs,,0.160093121698794,0.090553035115600311,False
1,S01-B01,S01-B01-C0349,348,S01-P023,baseline,static,published_native,,,0.10050880708035864,0.067002096339670122,False
1,S01-B01,S01-B01-C0350,349,S01-P023,baseline,static,twfe,,,0.10050880708035864,0.067002096339670122,True
1,S01-B01,S01-B01-C0351,350,S01-P023,baseline,static,csa,,,-0.012062155862563895,0.13599067345366347,True
1,S01-B01,S01-B01-C0352,351,S01-P023,baseline,static,bjs,,,0.022766254153902179,0.094723689345038845,True
1,S01-B01,S01-B01-C0353,352,S01-P023,aligned_samples,static,twfe,csa,,0.071761811274118861,0.084447551495907769,True
1,S01-B01,S01-B01-C0354,353,S01-P023,aligned_samples,static,twfe,bjs,,0.071761811274118861,0.084447551495907769,False
1,S01-B01,S01-B01-C0355,354,S01-P024,baseline,static,published_native,,,0.1346901412356499,0.067476814228540322,False
1,S01-B01,S01-B01-C0356,355,S01-P024,baseline,static,twfe,,,0.1346901412356499,0.067476814228540322,True
1,S01-B01,S01-B01-C0357,356,S01-P024,baseline,static,csa,,,0.16478163324155323,0.11288461449320206,True
1,S01-B01,S01-B01-C0358,357,S01-P024,baseline,static,bjs,,,0.19141630818198177,0.096858038785932951,True
1,S01-B01,S01-B01-C0359,358,S01-P024,aligned_samples,static,twfe,csa,,0.15795381156581098,0.086729438972506637,True
1,S01-B01,S01-B01-C0360,359,S01-P024,aligned_samples,static,twfe,bjs,,0.15795381156581098,0.086729438972506637,False
1,S01-B01,S01-B01-C0361,360,S01-P025,baseline,static,published_native,,,0.13070674743875274,0.081593155643386386,False
1,S01-B01,S01-B01-C0362,361,S01-P025,baseline,static,twfe,,,0.13070674743875274,0.081593155643386386,True
1,S01-B01,S01-B01-C0363,362,S01-P025,baseline,static,csa,,,0.13118189258449248,0.12806317658521502,True
1,S01-B01,S01-B01-C0364,363,S01-P025,baseline,static,bjs,,,0.16240286256559719,0.10940190005449822,True
1,S01-B01,S01-B01-C0365,364,S01-P025,aligned_samples,static,twfe,csa,,0.16268422583873207,0.099783736770858375,True
1,S01-B01,S01-B01-C0366,365,S01-P025,aligned_samples,static,twfe,bjs,,0.16268422583873207,0.099783736770858375,False
1,S01-B01,S01-B01-C0367,366,S01-P026,baseline,static,published_native,,,0.11533568007616618,0.069600492997884011,False
1,S01-B01,S01-B01-C0368,367,S01-P026,baseline,static,twfe,,,0.11533568007616618,0.069600492997884011,True
1,S01-B01,S01-B01-C0369,368,S01-P026,baseline,static,csa,,,0.081014508701227242,0.10932115735569621,True
1,S01-B01,S01-B01-C0370,369,S01-P026,baseline,static,bjs,,,0.093939945853919571,0.087878308687487416,True
1,S01-B01,S01-B01-C0371,370,S01-P026,aligned_samples,static,twfe,csa,,0.060192805512768899,0.082470513769395695,True
1,S01-B01,S01-B01-C0372,371,S01-P026,aligned_samples,static,twfe,bjs,,0.060192805512768899,0.082470513769395695,False
1,S01-B01,S01-B01-C0373,372,S01-P027,baseline,static,published_native,,,-0.0032855282890924512,0.085886308321102223,False
1,S01-B01,S01-B01-C0374,373,S01-P027,baseline,static,twfe,,,-0.0032855282890924512,0.085886308321102223,True
1,S01-B01,S01-B01-C0375,374,S01-P027,baseline,static,csa,,,-0.096211513140760541,0.11116002104249176,True
1,S01-B01,S01-B01-C0376,375,S01-P027,baseline,static,bjs,,,-0.057677571993434901,0.10946412498869747,True
1,S01-B01,S01-B01-C0377,376,S01-P027,aligned_samples,static,twfe,csa,,0.039630501960593131,0.098425079136769969,True
1,S01-B01,S01-B01-C0378,377,S01-P027,aligned_samples,static,twfe,bjs,,0.039630501960593131,0.098425079136769969,False
1,S01-B01,S01-B01-C0379,378,S01-P028,baseline,static,published_native,,,0.039066362125384703,0.085925068287625542,False
1,S01-B01,S01-B01-C0380,379,S01-P028,baseline,static,twfe,,,0.039066362125384703,0.085925068287625542,True
1,S01-B01,S01-B01-C0381,380,S01-P028,baseline,static,csa,,,0.12805447027914754,0.12215631221840131,True
1,S01-B01,S01-B01-C0382,381,S01-P028,baseline,static,bjs,,,0.13025623227045927,0.11576913522817611,True
1,S01-B01,S01-B01-C0383,382,S01-P028,aligned_samples,static,twfe,csa,,0.073256132230915677,0.1034022357509535,True
1,S01-B01,S01-B01-C0384,383,S01-P028,aligned_samples,static,twfe,bjs,,0.073256132230915677,0.1034022357509535,False
1,S01-B01,S01-B01-C0385,384,S01-P029,baseline,static,published_native,,,0.10015916386266289,0.07019510671308693,False
1,S01-B01,S01-B01-C0386,385,S01-P029,baseline,static,twfe,,,0.10015916386266289,0.07019510671308693,True
1,S01-B01,S01-B01-C0387,386,S01-P029,baseline,static,csa,,,0.092065348859630608,0.11178875912541743,True
1,S01-B01,S01-B01-C0388,387,S01-P029,baseline,static,bjs,,,0.081806466101619901,0.10728338117378922,True
1,S01-B01,S01-B01-C0389,388,S01-P029,aligned_samples,static,twfe,csa,,0.12759187653047646,0.091164953068188448,True
1,S01-B01,S01-B01-C0390,389,S01-P029,aligned_samples,static,twfe,bjs,,0.12759187653047646,0.091164953068188448,False
1,S01-B01,S01-B01-C0391,390,S01-P030,baseline,static,published_native,,,-0.0083371834503479878,0.075457187249164587,False
1,S01-B01,S01-B01-C0392,391,S01-P030,baseline,static,twfe,,,-0.0083371834503479878,0.075457187249164587,True
1,S01-B01,S01-B01-C0393,392,S01-P030,baseline,static,csa,,,-0.024305289280478645,0.13056165295875613,True
1,S01-B01,S01-B01-C0394,393,S01-P030,baseline,static,bjs,,,-0.075128714168939681,0.11058003675627046,True
1,S01-B01,S01-B01-C0395,394,S01-P030,aligned_samples,static,twfe,csa,,0.0069630039906607866,0.089942530440607973,True
1,S01-B01,S01-B01-C0396,395,S01-P030,aligned_samples,static,twfe,bjs,,0.0069630039906607866,0.089942530440607973,False
1,S01-B01,S01-B01-C0397,396,S01-P031,baseline,static,published_native,,,0.16112548338029559,0.067608426261890148,False
1,S01-B01,S01-B01-C0398,397,S01-P031,baseline,static,twfe,,,0.16112548338029559,0.067608426261890148,True
1,S01-B01,S01-B01-C0399,398,S01-P031,baseline,static,csa,,,0.11964967390409086,0.094511082054795428,True
1,S01-B01,S01-B01-C0400,399,S01-P031,baseline,static,bjs,,,0.1135245901575032,0.10480466002827125,True
1,S01-B01,S01-B01-C0401,400,S01-P031,aligned_samples,static,twfe,csa,,0.15904019682583953,0.094385867774042398,True
1,S01-B01,S01-B01-C0402,401,S01-P031,aligned_samples,static,twfe,bjs,,0.15904019682583953,0.094385867774042398,False
1,S01-B01,S01-B01-C0403,402,S01-P032,baseline,static,published_native,,,0.14660139415806919,0.077736050760849343,False
1,S01-B01,S01-B01-C0404,403,S01-P032,baseline,static,twfe,,,0.14660139415806919,0.077736050760849343,True
1,S01-B01,S01-B01-C0405,404,S01-P032,baseline,static,csa,,,0.12437497050293761,0.12434412636023177,True
1,S01-B01,S01-B01-C0406,405,S01-P032,baseline,static,bjs,,,0.13308278767139808,0.11910605410474349,True
1,S01-B01,S01-B01-C0407,406,S01-P032,aligned_samples,static,twfe,csa,,0.14318886371089359,0.10345503693047874,True
1,S01-B01,S01-B01-C0408,407,S01-P032,aligned_samples,static,twfe,bjs,,0.14318886371089359,0.10345503693047874,False
1,S01-B01,S01-B01-C0409,408,S01-P033,baseline,static,published_native,,,0.20496317079413279,0.078949333644076913,False
1,S01-B01,S01-B01-C0410,409,S01-P033,baseline,static,twfe,,,0.20496317079413279,0.078949333644076913,True
1,S01-B01,S01-B01-C0411,410,S01-P033,baseline,static,csa,,,0.015402015765743573,0.11152354183173036,True
1,S01-B01,S01-B01-C0412,411,S01-P033,baseline,static,bjs,,,0.047400942893098173,0.10428974001162268,True
1,S01-B01,S01-B01-C0413,412,S01-P033,aligned_samples,static,twfe,csa,,0.11777012359857261,0.086866860814014207,True
1,S01-B01,S01-B01-C0414,413,S01-P033,aligned_samples,static,twfe,bjs,,0.11777012359857261,0.086866860814014207,False
1,S01-B01,S01-B01-C0415,414,S01-P034,baseline,static,published_native,,,0.21441112817879673,0.078265914800372219,False
1,S01-B01,S01-B01-C0416,415,S01-P034,baseline,static,twfe,,,0.21441112817879673,0.078265914800372219,True
1,S01-B01,S01-B01-C0417,416,S01-P034,baseline,static,csa,,,0.066146350906804194,0.11554587066804724,True
1,S01-B01,S01-B01-C0418,417,S01-P034,baseline,static,bjs,,,0.090157106799187356,0.097626902261253021,True
1,S01-B01,S01-B01-C0419,418,S01-P034,aligned_samples,static,twfe,csa,,0.15375680744740325,0.088799312205626146,True
1,S01-B01,S01-B01-C0420,419,S01-P034,aligned_samples,static,twfe,bjs,,0.15375680744740325,0.088799312205626146,False
1,S01-B01,S01-B01-C0421,420,S01-P035,baseline,static,published_native,,,0.26830381394945496,0.088537292900464151,False
1,S01-B01,S01-B01-C0422,421,S01-P035,baseline,static,twfe,,,0.26830381394945496,0.088537292900464151,True
1,S01-B01,S01-B01-C0423,422,S01-P035,baseline,static,csa,,,0.44114140389164824,0.13014626354067971,True
1,S01-B01,S01-B01-C0424,423,S01-P035,baseline,static,bjs,,,0.50279383283053314,0.12278676053325929,True
1,S01-B01,S01-B01-C0425,424,S01-P035,aligned_samples,static,twfe,csa,,0.43039306429513491,0.10700356143797959,True
1,S01-B01,S01-B01-C0426,425,S01-P035,aligned_samples,static,twfe,bjs,,0.43039306429513491,0.10700356143797959,False
1,S01-B01,S01-B01-C0427,426,S01-P036,baseline,static,published_native,,,0.029819304021480079,0.087823104774167784,False
1,S01-B01,S01-B01-C0428,427,S01-P036,baseline,static,twfe,,,0.029819304021480079,0.087823104774167784,True
1,S01-B01,S01-B01-C0429,428,S01-P036,baseline,static,csa,,,0.029882386805835864,0.10737789350860621,True
1,S01-B01,S01-B01-C0430,429,S01-P036,baseline,static,bjs,,,0.027633788726519306,0.12286276732235106,True
1,S01-B01,S01-B01-C0431,430,S01-P036,aligned_samples,static,twfe,csa,,0.040613989109531963,0.10261770648629652,True
1,S01-B01,S01-B01-C0432,431,S01-P036,aligned_samples,static,twfe,bjs,,0.040613989109531963,0.10261770648629652,False
1,S01-B01,S01-B01-C0433,432,S01-P037,baseline,static,published_native,,,0.021705135981135652,0.083194850790484012,False
1,S01-B01,S01-B01-C0434,433,S01-P037,baseline,static,twfe,,,0.021705135981135652,0.083194850790484012,True
1,S01-B01,S01-B01-C0435,434,S01-P037,baseline,static,csa,,,0.20565059515157397,0.13133345013946238,True
1,S01-B01,S01-B01-C0436,435,S01-P037,baseline,static,bjs,,,0.26333793775956588,0.13244805508956053,True
1,S01-B01,S01-B01-C0437,436,S01-P037,aligned_samples,static,twfe,csa,,0.12913524077848515,0.11616571945011706,True
1,S01-B01,S01-B01-C0438,437,S01-P037,aligned_samples,static,twfe,bjs,,0.12913524077848515,0.11616571945011706,False
1,S01-B01,S01-B01-C0439,438,S01-P038,baseline,static,published_native,,,0.15926044064510805,0.094710143960448481,False
1,S01-B01,S01-B01-C0440,439,S01-P038,baseline,static,twfe,,,0.15926044064510805,0.094710143960448481,True
1,S01-B01,S01-B01-C0441,440,S01-P038,baseline,static,csa,,,0.13210224063008139,0.1242574346618843,True
1,S01-B01,S01-B01-C0442,441,S01-P038,baseline,static,bjs,,,0.14565011667644942,0.11326108982598562,True
1,S01-B01,S01-B01-C0443,442,S01-P038,aligned_samples,static,twfe,csa,,0.15503193342644642,0.11736536542274292,True
1,S01-B01,S01-B01-C0444,443,S01-P038,aligned_samples,static,twfe,bjs,,0.15503193342644642,0.11736536542274292,False
1,S01-B01,S01-B01-C0445,444,S01-P039,baseline,static,published_native,,,0.12645125101591886,0.092791016955379751,False
1,S01-B01,S01-B01-C0446,445,S01-P039,baseline,static,twfe,,,0.12645125101591886,0.092791016955379751,True
1,S01-B01,S01-B01-C0447,446,S01-P039,baseline,static,csa,,,0.24908045153531697,0.13071227930551266,True
1,S01-B01,S01-B01-C0448,447,S01-P039,baseline,static,bjs,,,0.25488003234475409,0.11477002516523468,True
1,S01-B01,S01-B01-C0449,448,S01-P039,aligned_samples,static,twfe,csa,,0.25811806024369799,0.1089038593082786,True
1,S01-B01,S01-B01-C0450,449,S01-P039,aligned_samples,static,twfe,bjs,,0.25811806024369799,0.1089038593082786,False
1,S01-B01,S01-B01-C0451,450,S01-P040,baseline,static,published_native,,,0.16554009916109183,0.090180638316347164,False
1,S01-B01,S01-B01-C0452,451,S01-P040,baseline,static,twfe,,,0.16554009916109183,0.090180638316347164,True
1,S01-B01,S01-B01-C0453,452,S01-P040,baseline,static,csa,,,0.3126423292402763,0.11349744472715735,True
1,S01-B01,S01-B01-C0454,453,S01-P040,baseline,static,bjs,,,0.33814107205977517,0.11320984323079085,True
1,S01-B01,S01-B01-C0455,454,S01-P040,aligned_samples,static,twfe,csa,,0.29581807267714649,0.10924349432875106,True
1,S01-B01,S01-B01-C0456,455,S01-P040,aligned_samples,static,twfe,bjs,,0.29581807267714649,0.10924349432875106,False
1,S01-B01,S01-B01-C0457,456,S01-P041,baseline,static,published_native,,,0.098786950968636517,0.071399512764980758,False
1,S01-B01,S01-B01-C0458,457,S01-P041,baseline,static,twfe,,,0.098786950968636517,0.071399512764980758,True
1,S01-B01,S01-B01-C0459,458,S01-P041,baseline,static,csa,,,0.22853941853751919,0.12023099812808787,True
1,S01-B01,S01-B01-C0460,459,S01-P041,baseline,static,bjs,,,0.17500089724955867,0.11047822021905257,True
1,S01-B01,S01-B01-C0461,460,S01-P041,aligned_samples,static,twfe,csa,,0.13635414951625038,0.087275928708120676,True
1,S01-B01,S01-B01-C0462,461,S01-P041,aligned_samples,static,twfe,bjs,,0.13635414951625038,0.087275928708120676,False
1,S01-B01,S01-B01-C0463,462,S01-P042,baseline,static,published_native,,,0.18985430694779565,0.087596861308501972,False
1,S01-B01,S01-B01-C0464,463,S01-P042,baseline,static,twfe,,,0.18985430694779565,0.087596861308501972,True
1,S01-B01,S01-B01-C0465,464,S01-P042,baseline,static,csa,,,0.26546700290594161,0.1184652108617022,True
1,S01-B01,S01-B01-C0466,465,S01-P042,baseline,static,bjs,,,0.23632442877609422,0.12907943426003754,True
1,S01-B01,S01-B01-C0467,466,S01-P042,aligned_samples,static,twfe,csa,,0.15375133442040859,0.10999781563035459,True
1,S01-B01,S01-B01-C0468,467,S01-P042,aligned_samples,static,twfe,bjs,,0.15375133442040859,0.10999781563035459,False
1,S01-B01,S01-B01-C0469,468,S01-P043,baseline,static,published_native,,,-0.13142697988486471,0.069647407058355537,False
1,S01-B01,S01-B01-C0470,469,S01-P043,baseline,static,twfe,,,-0.13142697988486471,0.069647407058355537,True
1,S01-B01,S01-B01-C0471,470,S01-P043,baseline,static,csa,,,0.0099641585637135453,0.10599718965344201,True
1,S01-B01,S01-B01-C0472,471,S01-P043,baseline,static,bjs,,,-0.04299842848983304,0.089148646691104408,True
1,S01-B01,S01-B01-C0473,472,S01-P043,aligned_samples,static,twfe,csa,,-0.0022904606493744893,0.070502218113724813,True
1,S01-B01,S01-B01-C0474,473,S01-P043,aligned_samples,static,twfe,bjs,,-0.0022904606493744893,0.070502218113724813,False
1,S01-B01,S01-B01-C0475,474,S01-P044,baseline,static,published_native,,,0.15094704434489367,0.10000988085388762,False
1,S01-B01,S01-B01-C0476,475,S01-P044,baseline,static,twfe,,,0.15094704434489367,0.10000988085388762,True
1,S01-B01,S01-B01-C0477,476,S01-P044,baseline,static,csa,,,0.12096797550652356,0.16174097281145072,True
1,S01-B01,S01-B01-C0478,477,S01-P044,baseline,static,bjs,,,0.14663307399347214,0.11139014769149594,True
1,S01-B01,S01-B01-C0479,478,S01-P044,aligned_samples,static,twfe,csa,,0.16714118085775306,0.11898334065309696,True
1,S01-B01,S01-B01-C0480,479,S01-P044,aligned_samples,static,twfe,bjs,,0.16714118085775306,0.11898334065309696,False
1,S01-B01,S01-B01-C0481,480,S01-P045,baseline,static,published_native,,,-0.012934615042980562,0.074653563987690907,False
1,S01-B01,S01-B01-C0482,481,S01-P045,baseline,static,twfe,,,-0.012934615042980562,0.074653563987690907,True
1,S01-B01,S01-B01-C0483,482,S01-P045,baseline,static,csa,,,0.051224263052718016,0.12225045866547075,True
1,S01-B01,S01-B01-C0484,483,S01-P045,baseline,static,bjs,,,0.083073429519716441,0.1104700838503492,True
1,S01-B01,S01-B01-C0485,484,S01-P045,aligned_samples,static,twfe,csa,,-0.044618232264990246,0.096965491122906491,True
1,S01-B01,S01-B01-C0486,485,S01-P045,aligned_samples,static,twfe,bjs,,-0.044618232264990246,0.096965491122906491,False
1,S01-B01,S01-B01-C0487,486,S01-P046,baseline,static,published_native,,,0.15172960205986274,0.074290635732564364,False
1,S01-B01,S01-B01-C0488,487,S01-P046,baseline,static,twfe,,,0.15172960205986274,0.074290635732564364,True
1,S01-B01,S01-B01-C0489,488,S01-P046,baseline,static,csa,,,0.18367884245975169,0.1212284614272731,True
1,S01-B01,S01-B01-C0490,489,S01-P046,baseline,static,bjs,,,0.19070254245367912,0.10303980061266649,True
1,S01-B01,S01-B01-C0491,490,S01-P046,aligned_samples,static,twfe,csa,,0.13270717977648563,0.08537583062927552,True
1,S01-B01,S01-B01-C0492,491,S01-P046,aligned_samples,static,twfe,bjs,,0.13270717977648563,0.08537583062927552,False
1,S01-B01,S01-B01-C0493,492,S01-P047,baseline,static,published_native,,,0.063289813393671235,0.077766954058415064,False
1,S01-B01,S01-B01-C0494,493,S01-P047,baseline,static,twfe,,,0.063289813393671235,0.077766954058415064,True
1,S01-B01,S01-B01-C0495,494,S01-P047,baseline,static,csa,,,0.15109502635815966,0.14330048371376675,True
1,S01-B01,S01-B01-C0496,495,S01-P047,baseline,static,bjs,,,0.15890557730415705,0.11019646069177204,True
1,S01-B01,S01-B01-C0497,496,S01-P047,aligned_samples,static,twfe,csa,,0.097132689651897572,0.095623643079473533,True
1,S01-B01,S01-B01-C0498,497,S01-P047,aligned_samples,static,twfe,bjs,,0.097132689651897572,0.095623643079473533,False
1,S01-B01,S01-B01-C0499,498,S01-P048,baseline,static,published_native,,,0.075046093921397133,0.11502604238771422,False
1,S01-B01,S01-B01-C0500,499,S01-P048,baseline,static,twfe,,,0.075046093921397133,0.11502604238771422,True
1,S01-B01,S01-B01-C0501,500,S01-P048,baseline,static,csa,,,-0.037458273757253489,0.15668548306505622,True
1,S01-B01,S01-B01-C0502,501,S01-P048,baseline,static,bjs,,,0.041443000613637898,0.17172561855066484,True
1,S01-B01,S01-B01-C0503,502,S01-P048,aligned_samples,static,twfe,csa,,0.12068036700026701,0.13384046195356977,True
1,S01-B01,S01-B01-C0504,503,S01-P048,aligned_samples,static,twfe,bjs,,0.12068036700026701,0.13384046195356977,False
1,S01-B01,S01-B01-C0505,504,S01-P049,baseline,static,published_native,,,-0.13386475615435972,0.086627868337728633,False
1,S01-B01,S01-B01-C0506,505,S01-P049,baseline,static,twfe,,,-0.13386475615435972,0.086627868337728633,True
1,S01-B01,S01-B01-C0507,506,S01-P049,baseline,static,csa,,,-0.23591283663893209,0.12337722561879914,True
1,S01-B01,S01-B01-C0508,507,S01-P049,baseline,static,bjs,,,-0.28781136015095871,0.13457261412250085,True
1,S01-B01,S01-B01-C0509,508,S01-P049,aligned_samples,static,twfe,csa,,-0.13545348051334516,0.10252673222987287,True
1,S01-B01,S01-B01-C0510,509,S01-P049,aligned_samples,static,twfe,bjs,,-0.13545348051334516,0.10252673222987287,False
1,S01-B01,S01-B01-C0511,510,S01-P050,baseline,static,published_native,,,-0.10653014150429929,0.088732254089819565,False
1,S01-B01,S01-B01-C0512,511,S01-P050,baseline,static,twfe,,,-0.10653014150429929,0.088732254089819565,True
1,S01-B01,S01-B01-C0513,512,S01-P050,baseline,static,csa,,,-0.045815356884503271,0.14936780839487215,True
1,S01-B01,S01-B01-C0514,513,S01-P050,baseline,static,bjs,,,-0.027721106891781384,0.11648562129468915,True
1,S01-B01,S01-B01-C0515,514,S01-P050,aligned_samples,static,twfe,csa,,-0.014950306189955213,0.11206049144820683,True
1,S01-B01,S01-B01-C0516,515,S01-P050,aligned_samples,static,twfe,bjs,,-0.014950306189955213,0.11206049144820683,False
1,S01-B01,S01-B01-C0517,516,S01-P051,baseline,static,published_native,,,-0.073755950607975879,0.096084209424079081,False
1,S01-B01,S01-B01-C0518,517,S01-P051,baseline,static,twfe,,,-0.073755950607975879,0.096084209424079081,True
1,S01-B01,S01-B01-C0519,518,S01-P051,baseline,static,csa,,,-0.14107231792524075,0.13507561497371362,True
1,S01-B01,S01-B01-C0520,519,S01-P051,baseline,static,bjs,,,-0.14658153580591268,0.13359758172681818,True
1,S01-B01,S01-B01-C0521,520,S01-P051,aligned_samples,static,twfe,csa,,-0.016524825876975954,0.11256590721676285,True
1,S01-B01,S01-B01-C0522,521,S01-P051,aligned_samples,static,twfe,bjs,,-0.016524825876975954,0.11256590721676285,False
1,S01-B01,S01-B01-C0523,522,S01-P052,baseline,static,published_native,,,-0.16163503842505156,0.10197836551439324,False
1,S01-B01,S01-B01-C0524,523,S01-P052,baseline,static,twfe,,,-0.16163503842505156,0.10197836551439324,True
1,S01-B01,S01-B01-C0525,524,S01-P052,baseline,static,csa,,,-0.22455910371973523,0.1553328165307491,True
1,S01-B01,S01-B01-C0526,525,S01-P052,baseline,static,bjs,,,-0.2362243176366878,0.1496620069395761,True
1,S01-B01,S01-B01-C0527,526,S01-P052,aligned_samples,static,twfe,csa,,-0.10383844587036889,0.12354573406004284,True
1,S01-B01,S01-B01-C0528,527,S01-P052,aligned_samples,static,twfe,bjs,,-0.10383844587036889,0.12354573406004284,False
1,S01-B01,S01-B01-C0529,528,S01-P053,baseline,static,published_native,,,-0.070751732543711282,0.089148773259178901,False
1,S01-B01,S01-B01-C0530,529,S01-P053,baseline,static,twfe,,,-0.070751732543711282,0.089148773259178901,True
1,S01-B01,S01-B01-C0531,530,S01-P053,baseline,static,csa,,,-0.15575838611902398,0.13695156896765825,True
1,S01-B01,S01-B01-C0532,531,S01-P053,baseline,static,bjs,,,-0.12045230245849574,0.10179870119810618,True
1,S01-B01,S01-B01-C0533,532,S01-P053,aligned_samples,static,twfe,csa,,-0.059194618507817438,0.093805074651439072,True
1,S01-B01,S01-B01-C0534,533,S01-P053,aligned_samples,static,twfe,bjs,,-0.059194618507817438,0.093805074651439072,False
1,S01-B01,S01-B01-C0535,534,S01-P054,baseline,static,published_native,,,0.01191068479047944,0.097058984024089787,False
1,S01-B01,S01-B01-C0536,535,S01-P054,baseline,static,twfe,,,0.01191068479047944,0.097058984024089787,True
1,S01-B01,S01-B01-C0537,536,S01-P054,baseline,static,csa,,,-0.013828953724777738,0.13048932579120159,True
1,S01-B01,S01-B01-C0538,537,S01-P054,baseline,static,bjs,,,-0.014512680958676171,0.13376890402581018,True
1,S01-B01,S01-B01-C0539,538,S01-P054,aligned_samples,static,twfe,csa,,-0.018671890265089554,0.10444367573564543,True
1,S01-B01,S01-B01-C0540,539,S01-P054,aligned_samples,static,twfe,bjs,,-0.018671890265089554,0.10444367573564543,False
1,S01-B01,S01-B01-C0541,540,S01-P055,baseline,static,published_native,,,0.062196079345390211,0.079319406063513898,False
1,S01-B01,S01-B01-C0542,541,S01-P055,baseline,static,twfe,,,0.062196079345390211,0.079319406063513898,True
1,S01-B01,S01-B01-C0543,542,S01-P055,baseline,static,csa,,,-0.0097505628248658483,0.12306956821596203,True
1,S01-B01,S01-B01-C0544,543,S01-P055,baseline,static,bjs,,,0.056416572619830879,0.098346087427308937,True
1,S01-B01,S01-B01-C0545,544,S01-P055,aligned_samples,static,twfe,csa,,0.10094944308758373,0.093191701268161856,True
1,S01-B01,S01-B01-C0546,545,S01-P055,aligned_samples,static,twfe,bjs,,0.10094944308758373,0.093191701268161856,False
1,S01-B01,S01-B01-C0547,546,S01-P056,baseline,static,published_native,,,0.1231109713475345,0.075873484828107171,False
1,S01-B01,S01-B01-C0548,547,S01-P056,baseline,static,twfe,,,0.1231109713475345,0.075873484828107171,True
1,S01-B01,S01-B01-C0549,548,S01-P056,baseline,static,csa,,,0.159557207757685,0.10638728225341934,True
1,S01-B01,S01-B01-C0550,549,S01-P056,baseline,static,bjs,,,0.15509300434707024,0.086996985568038351,True
1,S01-B01,S01-B01-C0551,550,S01-P056,aligned_samples,static,twfe,csa,,0.18644748034683492,0.086747958524543436,True
1,S01-B01,S01-B01-C0552,551,S01-P056,aligned_samples,static,twfe,bjs,,0.18644748034683492,0.086747958524543436,False
1,S01-B01,S01-B01-C0553,552,S01-P057,baseline,static,published_native,,,0.081793774658539736,0.090596094006703626,False
1,S01-B01,S01-B01-C0554,553,S01-P057,baseline,static,twfe,,,0.081793774658539736,0.090596094006703626,True
1,S01-B01,S01-B01-C0555,554,S01-P057,baseline,static,csa,,,0.0070423281189493708,0.11283923825323942,True
1,S01-B01,S01-B01-C0556,555,S01-P057,baseline,static,bjs,,,0.042170724816342514,0.10635191618529363,True
1,S01-B01,S01-B01-C0557,556,S01-P057,aligned_samples,static,twfe,csa,,0.10958618325549617,0.097206509673427005,True
1,S01-B01,S01-B01-C0558,557,S01-P057,aligned_samples,static,twfe,bjs,,0.10958618325549617,0.097206509673427005,False
1,S01-B01,S01-B01-C0559,558,S01-P058,baseline,static,published_native,,,0.1798173823227677,0.084995222368700274,False
1,S01-B01,S01-B01-C0560,559,S01-P058,baseline,static,twfe,,,0.1798173823227677,0.084995222368700274,True
1,S01-B01,S01-B01-C0561,560,S01-P058,baseline,static,csa,,,0.1298297673429282,0.15413408023679079,True
1,S01-B01,S01-B01-C0562,561,S01-P058,baseline,static,bjs,,,0.12579871125311134,0.13147967992160467,True
1,S01-B01,S01-B01-C0563,562,S01-P058,aligned_samples,static,twfe,csa,,0.11852610311906515,0.111610024914142,True
1,S01-B01,S01-B01-C0564,563,S01-P058,aligned_samples,static,twfe,bjs,,0.11852610311906515,0.111610024914142,False
1,S01-B01,S01-B01-C0565,564,S01-P059,baseline,static,published_native,,,0.14166779433081172,0.082125587448298357,False
1,S01-B01,S01-B01-C0566,565,S01-P059,baseline,static,twfe,,,0.14166779433081172,0.082125587448298357,True
1,S01-B01,S01-B01-C0567,566,S01-P059,baseline,static,csa,,,0.019443036114523742,0.1667189818121213,True
1,S01-B01,S01-B01-C0568,567,S01-P059,baseline,static,bjs,,,0.082390532941477287,0.12998482916913504,True
1,S01-B01,S01-B01-C0569,568,S01-P059,aligned_samples,static,twfe,csa,,0.14507728941205522,0.10118413667954598,True
1,S01-B01,S01-B01-C0570,569,S01-P059,aligned_samples,static,twfe,bjs,,0.14507728941205522,0.10118413667954598,False
1,S01-B01,S01-B01-C0571,570,S01-P060,baseline,static,published_native,,,0.20668955649504639,0.076685717872776671,False
1,S01-B01,S01-B01-C0572,571,S01-P060,baseline,static,twfe,,,0.20668955649504639,0.076685717872776671,True
1,S01-B01,S01-B01-C0573,572,S01-P060,baseline,static,csa,,,0.095462347369269757,0.15288819514452995,True
1,S01-B01,S01-B01-C0574,573,S01-P060,baseline,static,bjs,,,0.1337466486784219,0.12492266840821574,True
1,S01-B01,S01-B01-C0575,574,S01-P060,aligned_samples,static,twfe,csa,,0.16979332256640262,0.10464989890775152,True
1,S01-B01,S01-B01-C0576,575,S01-P060,aligned_samples,static,twfe,bjs,,0.16979332256640262,0.10464989890775152,False
1,S01-B01,S01-B01-C0577,576,S01-P061,baseline,static,published_native,,,0.004794206808990998,0.089476071686016706,False
1,S01-B01,S01-B01-C0578,577,S01-P061,baseline,static,twfe,,,0.004794206808990998,0.089476071686016706,True
1,S01-B01,S01-B01-C0579,578,S01-P061,baseline,static,csa,,,-0.12952175113835898,0.10068736381652782,True
1,S01-B01,S01-B01-C0580,579,S01-P061,baseline,static,bjs,,,-0.1481897089209937,0.095056732517494899,True
1,S01-B01,S01-B01-C0581,580,S01-P061,aligned_samples,static,twfe,csa,,0.023075762589221678,0.094279829819730959,True
1,S01-B01,S01-B01-C0582,581,S01-P061,aligned_samples,static,twfe,bjs,,0.023075762589221678,0.094279829819730959,False
1,S01-B01,S01-B01-C0583,582,S01-P062,baseline,static,published_native,,,0.17169840894688604,0.23504598599014609,False
1,S01-B01,S01-B01-C0584,583,S01-P062,baseline,static,twfe,,,0.17169840894688604,0.23504598599014609,True
1,S01-B01,S01-B01-C0585,584,S01-P062,baseline,static,csa,,,0.4065643393405986,0.226879617155164,True
1,S01-B01,S01-B01-C0586,585,S01-P062,baseline,static,bjs,,,0.92429017573003081,0.31337253080042538,True
1,S01-B01,S01-B01-C0587,586,S01-P062,aligned_samples,static,twfe,csa,,0.29102268476580384,0.25778641853061957,True
1,S01-B01,S01-B01-C0588,587,S01-P062,aligned_samples,static,twfe,bjs,,0.30088872127200417,0.24889767190210235,True
1,S01-B01,S01-B01-C0589,588,S01-P063,baseline,static,published_native,,,0.19650237773116769,0.1864580627946022,False
1,S01-B01,S01-B01-C0590,589,S01-P063,baseline,static,twfe,,,0.19650237773116769,0.1864580627946022,True
1,S01-B01,S01-B01-C0591,590,S01-P063,baseline,static,csa,,,0.63001095757089931,0.36589739120694287,True
1,S01-B01,S01-B01-C0592,591,S01-P063,baseline,static,bjs,,,0.70127913691749266,0.38044579916577531,True
1,S01-B01,S01-B01-C0593,592,S01-P063,aligned_samples,static,twfe,csa,,0.34032396302527101,0.22390460252296623,True
1,S01-B01,S01-B01-C0594,593,S01-P063,aligned_samples,static,twfe,bjs,,0.49306361679116939,0.18535765528011211,True
1,S01-B01,S01-B01-C0595,594,S01-P064,baseline,static,published_native,,,0.26606292654530128,0.32200436386404757,False
1,S01-B01,S01-B01-C0596,595,S01-P064,baseline,static,twfe,,,0.26606292654530128,0.32200436386404757,True
1,S01-B01,S01-B01-C0597,596,S01-P064,baseline,static,csa,,,0.68174049141919935,0.45674780247554642,True
1,S01-B01,S01-B01-C0598,597,S01-P064,baseline,static,bjs,,,1.5391164681058678,0.68794252301772463,True
1,S01-B01,S01-B01-C0599,598,S01-P064,aligned_samples,static,twfe,csa,,0.36261188992371585,0.32648132290629484,True
1,S01-B01,S01-B01-C0600,599,S01-P064,aligned_samples,static,twfe,bjs,,0.13450188332648411,0.34893955179936215,True
1,S01-B01,S01-B01-C0601,600,S01-P065,baseline,static,published_native,,,-0.37324114149196103,0.30836460513504016,False
1,S01-B01,S01-B01-C0602,601,S01-P065,baseline,static,twfe,,,-0.37324114149196103,0.30836460513504016,True
1,S01-B01,S01-B01-C0603,602,S01-P065,baseline,static,csa,,,-0.3371969989121662,0.40065913669466879,True
1,S01-B01,S01-B01-C0604,603,S01-P065,baseline,static,bjs,,,-0.022500601059276287,0.4248601153873412,True
1,S01-B01,S01-B01-C0605,604,S01-P065,aligned_samples,static,twfe,csa,,-0.16316729499535534,0.30935875631733606,True
1,S01-B01,S01-B01-C0606,605,S01-P065,aligned_samples,static,twfe,bjs,,-0.21658198080855021,0.32250181353595808,True
1,S01-B01,S01-B01-C0607,606,S01-P066,baseline,static,published_native,,,-0.0043868984938876948,0.21987389336252558,False
1,S01-B01,S01-B01-C0608,607,S01-P066,baseline,static,twfe,,,-0.0043868984938876948,0.21987389336252558,True
1,S01-B01,S01-B01-C0609,608,S01-P066,baseline,static,csa,,,-0.26993387230151794,0.39474300865141498,True
1,S01-B01,S01-B01-C0610,609,S01-P066,baseline,static,bjs,,,-0.10292997788475125,0.71246797429938458,True
1,S01-B01,S01-B01-C0611,610,S01-P066,aligned_samples,static,twfe,csa,,0.11741229464557389,0.2997840431866779,True
1,S01-B01,S01-B01-C0612,611,S01-P066,aligned_samples,static,twfe,bjs,,0.13997365996270716,0.21272858990371291,True
1,S01-B01,S01-B01-C0613,612,S01-P067,baseline,static,published_native,,,0.18573137426718872,0.23687460965101084,False
1,S01-B01,S01-B01-C0614,613,S01-P067,baseline,static,twfe,,,0.18573137426718872,0.23687460965101084,True
1,S01-B01,S01-B01-C0615,614,S01-P067,baseline,static,csa,,,0.60812504508229348,0.29677981681304161,True
1,S01-B01,S01-B01-C0616,615,S01-P067,baseline,static,bjs,,,1.1651539339486834,0.38392091246576016,True
1,S01-B01,S01-B01-C0617,616,S01-P067,aligned_samples,static,twfe,csa,,0.34674663849633691,0.27355831352024379,True
1,S01-B01,S01-B01-C0618,617,S01-P067,aligned_samples,static,twfe,bjs,,0.44487360197756237,0.22009187375306902,True
1,S01-B01,S01-B01-C0619,618,S01-P068,baseline,static,published_native,,,0.4417192853221939,0.2217788368071138,False
1,S01-B01,S01-B01-C0620,619,S01-P068,baseline,static,twfe,,,0.4417192853221939,0.2217788368071138,True
1,S01-B01,S01-B01-C0621,620,S01-P068,baseline,static,csa,,,-0.61739437107281236,0.26599251430550158,True
1,S01-B01,S01-B01-C0622,621,S01-P068,baseline,static,bjs,,,-0.37836745099491448,0.21180944903606252,True
1,S01-B01,S01-B01-C0623,622,S01-P068,aligned_samples,static,twfe,csa,,0.38326290031982946,0.25780374191563182,True
1,S01-B01,S01-B01-C0624,623,S01-P068,aligned_samples,static,twfe,bjs,,0.54838516158159012,0.23727947395767976,True
1,S01-B01,S01-B01-C0625,624,S01-P069,baseline,static,published_native,,,-0.27976203294159341,0.2707533023024708,False
1,S01-B01,S01-B01-C0626,625,S01-P069,baseline,static,twfe,,,-0.27976203294159341,0.2707533023024708,True
1,S01-B01,S01-B01-C0627,626,S01-P069,baseline,static,csa,,,-1.3770592387758358,0.45212612881756847,True
1,S01-B01,S01-B01-C0628,627,S01-P069,baseline,static,bjs,,,-0.93954683547075557,0.52881392142328698,True
1,S01-B01,S01-B01-C0629,628,S01-P069,aligned_samples,static,twfe,csa,,-0.024439487846214934,0.32114088456233247,True
1,S01-B01,S01-B01-C0630,629,S01-P069,aligned_samples,static,twfe,bjs,,-0.18640506753037439,0.29425289990968567,True
1,S01-B01,S01-B01-C0631,630,S01-P070,baseline,static,published_native,,,-0.15165676873306799,0.24409742206307644,False
1,S01-B01,S01-B01-C0632,631,S01-P070,baseline,static,twfe,,,-0.15165676873306799,0.24409742206307644,True
1,S01-B01,S01-B01-C0633,632,S01-P070,baseline,static,csa,,,0.17103259327569345,0.36580854243500766,True
1,S01-B01,S01-B01-C0634,633,S01-P070,baseline,static,bjs,,,0.0021491180643548706,0.25247654809471698,True
1,S01-B01,S01-B01-C0635,634,S01-P070,aligned_samples,static,twfe,csa,,-0.16267639593423211,0.28506427595048384,True
1,S01-B01,S01-B01-C0636,635,S01-P070,aligned_samples,static,twfe,bjs,,-0.18520047564986364,0.29535241569100062,True
1,S01-B01,S01-B01-C0637,636,S01-P071,baseline,static,published_native,,,-0.12560172334121958,0.21957569400295537,False
1,S01-B01,S01-B01-C0638,637,S01-P071,baseline,static,twfe,,,-0.12560172334121958,0.21957569400295537,True
1,S01-B01,S01-B01-C0639,638,S01-P071,baseline,static,csa,,,-0.16645670273127258,0.57143141337531855,True
1,S01-B01,S01-B01-C0640,639,S01-P071,baseline,static,bjs,,,-0.4978326067751403,0.59826747983402295,True
1,S01-B01,S01-B01-C0641,640,S01-P071,aligned_samples,static,twfe,csa,,-0.41406007942915823,0.25590974797363392,True
1,S01-B01,S01-B01-C0642,641,S01-P071,aligned_samples,static,twfe,bjs,,-0.22194506642236647,0.23321690124805389,True
1,S01-B01,S01-B01-C0643,642,S01-P072,baseline,static,published_native,,,0.032525505927552684,0.21918733488667008,False
1,S01-B01,S01-B01-C0644,643,S01-P072,baseline,static,twfe,,,0.032525505927552684,0.21918733488667008,True
1,S01-B01,S01-B01-C0645,644,S01-P072,baseline,static,csa,,,0.63864689696000465,0.37277231240581338,True
1,S01-B01,S01-B01-C0646,645,S01-P072,baseline,static,bjs,,,0.15063311907687219,0.31246553430998791,True
1,S01-B01,S01-B01-C0647,646,S01-P072,aligned_samples,static,twfe,csa,,0.038735879690306639,0.25690894862050762,True
1,S01-B01,S01-B01-C0648,647,S01-P072,aligned_samples,static,twfe,bjs,,0.044404381545104059,0.25496021342313369,True
1,S01-B01,S01-B01-C0649,648,S01-P073,baseline,static,published_native,,,0.062358924292749252,0.25400788449815404,False
1,S01-B01,S01-B01-C0650,649,S01-P073,baseline,static,twfe,,,0.062358924292749252,0.25400788449815404,True
1,S01-B01,S01-B01-C0651,650,S01-P073,baseline,static,csa,,,-0.21329895655179054,0.26870790861938443,True
1,S01-B01,S01-B01-C0652,651,S01-P073,baseline,static,bjs,,,0.16902695302665047,0.44717597141439802,True
1,S01-B01,S01-B01-C0653,652,S01-P073,aligned_samples,static,twfe,csa,,0.20312415207000215,0.244135332625148,True
1,S01-B01,S01-B01-C0654,653,S01-P073,aligned_samples,static,twfe,bjs,,0.16123373554712531,0.23822551449856347,True
1,S01-B01,S01-B01-C0655,654,S01-P074,baseline,static,published_native,,,0.30279383935847076,0.10148092850894129,False
1,S01-B01,S01-B01-C0656,655,S01-P074,baseline,static,twfe,,,0.30279383935847076,0.10148092850894129,True
1,S01-B01,S01-B01-C0657,656,S01-P074,baseline,static,csa,,,0.34738385756396195,0.1318840154144908,True
1,S01-B01,S01-B01-C0658,657,S01-P074,baseline,static,bjs,,,0.37046332234189344,0.12998606812077459,True
1,S01-B01,S01-B01-C0659,658,S01-P074,aligned_samples,static,twfe,csa,,0.4105352415894673,0.11249917517433768,True
1,S01-B01,S01-B01-C0660,659,S01-P074,aligned_samples,static,twfe,bjs,,0.4105352415894673,0.11249917517433768,False
1,S01-B01,S01-B01-C0661,660,S01-P075,baseline,static,published_native,,,0.23218345224078646,0.086468699011529329,False
1,S01-B01,S01-B01-C0662,661,S01-P075,baseline,static,twfe,,,0.23218345224078646,0.086468699011529329,True
1,S01-B01,S01-B01-C0663,662,S01-P075,baseline,static,csa,,,0.2987061190451773,0.13174373488309876,True
1,S01-B01,S01-B01-C0664,663,S01-P075,baseline,static,bjs,,,0.31276206820680291,0.12328124245044753,True
1,S01-B01,S01-B01-C0665,664,S01-P075,aligned_samples,static,twfe,csa,,0.3218940389308928,0.11181757730422671,True
1,S01-B01,S01-B01-C0666,665,S01-P075,aligned_samples,static,twfe,bjs,,0.3218940389308928,0.11181757730422671,False
1,S01-B01,S01-B01-C0667,666,S01-P076,baseline,static,published_native,,,0.2105565410619773,0.10268627105694993,False
1,S01-B01,S01-B01-C0668,667,S01-P076,baseline,static,twfe,,,0.2105565410619773,0.10268627105694993,True
1,S01-B01,S01-B01-C0669,668,S01-P076,baseline,static,csa,,,0.15847134980844449,0.13054056514656762,True
1,S01-B01,S01-B01-C0670,669,S01-P076,baseline,static,bjs,,,0.17935204757069156,0.1167502008449077,True
1,S01-B01,S01-B01-C0671,670,S01-P076,aligned_samples,static,twfe,csa,,0.23709369878871289,0.095314381915307694,True
1,S01-B01,S01-B01-C0672,671,S01-P076,aligned_samples,static,twfe,bjs,,0.23709369878871289,0.095314381915307694,False
1,S01-B01,S01-B01-C0673,672,S01-P077,baseline,static,published_native,,,0.14691131949070638,0.1030834570563767,False
1,S01-B01,S01-B01-C0674,673,S01-P077,baseline,static,twfe,,,0.14691131949070638,0.1030834570563767,True
1,S01-B01,S01-B01-C0675,674,S01-P077,baseline,static,csa,,,0.23687940461177182,0.13036591981397036,True
1,S01-B01,S01-B01-C0676,675,S01-P077,baseline,static,bjs,,,0.20154089896600935,0.14627651081460918,True
1,S01-B01,S01-B01-C0677,676,S01-P077,aligned_samples,static,twfe,csa,,0.23582791435780823,0.12814216267685752,True
1,S01-B01,S01-B01-C0678,677,S01-P077,aligned_samples,static,twfe,bjs,,0.23582791435780823,0.12814216267685752,False
1,S01-B01,S01-B01-C0679,678,S01-P078,baseline,static,published_native,,,0.26427495742037355,0.096394483537861717,False
1,S01-B01,S01-B01-C0680,679,S01-P078,baseline,static,twfe,,,0.26427495742037355,0.096394483537861717,True
1,S01-B01,S01-B01-C0681,680,S01-P078,baseline,static,csa,,,0.30888127517424024,0.13577716948086993,True
1,S01-B01,S01-B01-C0682,681,S01-P078,baseline,static,bjs,,,0.2950176535864924,0.13476987823375586,True
1,S01-B01,S01-B01-C0683,682,S01-P078,aligned_samples,static,twfe,csa,,0.26467599517341878,0.10882774351655752,True
1,S01-B01,S01-B01-C0684,683,S01-P078,aligned_samples,static,twfe,bjs,,0.26467599517341878,0.10882774351655752,False
1,S01-B01,S01-B01-C0685,684,S01-P079,baseline,static,published_native,,,0.078918321579063172,0.11840989576759287,False
1,S01-B01,S01-B01-C0686,685,S01-P079,baseline,static,twfe,,,0.078918321579063172,0.11840989576759287,True
1,S01-B01,S01-B01-C0687,686,S01-P079,baseline,static,csa,,,0.14313659762618647,0.17012298579734245,True
1,S01-B01,S01-B01-C0688,687,S01-P079,baseline,static,bjs,,,0.056070504564471567,0.18856647401726107,True
1,S01-B01,S01-B01-C0689,688,S01-P079,aligned_samples,static,twfe,csa,,0.022752399509013088,0.14489238257607226,True
1,S01-B01,S01-B01-C0690,689,S01-P079,aligned_samples,static,twfe,bjs,,0.022752399509013088,0.14489238257607226,False
1,S01-B01,S01-B01-C0691,690,S01-P080,baseline,static,published_native,,,0.13269634201834526,0.10726163454079553,False
1,S01-B01,S01-B01-C0692,691,S01-P080,baseline,static,twfe,,,0.13269634201834526,0.10726163454079553,True
1,S01-B01,S01-B01-C0693,692,S01-P080,baseline,static,csa,,,0.26568982773335847,0.21427192499179767,True
1,S01-B01,S01-B01-C0694,693,S01-P080,baseline,static,bjs,,,0.23344905773608918,0.16990366167309703,True
1,S01-B01,S01-B01-C0695,694,S01-P080,aligned_samples,static,twfe,csa,,0.16001101263152451,0.14235921993014272,True
1,S01-B01,S01-B01-C0696,695,S01-P080,aligned_samples,static,twfe,bjs,,0.16001101263152451,0.14235921993014272,False
1,S01-B01,S01-B01-C0697,696,S01-P081,baseline,static,published_native,,,0.14546558030426768,0.136649335955117,False
1,S01-B01,S01-B01-C0698,697,S01-P081,baseline,static,twfe,,,0.14546558030426768,0.136649335955117,True
1,S01-B01,S01-B01-C0699,698,S01-P081,baseline,static,csa,,,-0.052807106276941553,0.1801398849357875,True
1,S01-B01,S01-B01-C0700,699,S01-P081,baseline,static,bjs,,,0.030290843826870004,0.21555489981942477,True
1,S01-B01,S01-B01-C0701,700,S01-P081,aligned_samples,static,twfe,csa,,0.16805116826903241,0.16423698151503216,True
1,S01-B01,S01-B01-C0702,701,S01-P081,aligned_samples,static,twfe,bjs,,0.16805116826903241,0.16423698151503216,False
1,S01-B01,S01-B01-C0703,702,S01-P082,baseline,static,published_native,,,-0.12276510572590342,0.11688011666064201,False
1,S01-B01,S01-B01-C0704,703,S01-P082,baseline,static,twfe,,,-0.12276510572590342,0.11688011666064201,True
1,S01-B01,S01-B01-C0705,704,S01-P082,baseline,static,csa,,,-0.15997702251073614,0.17357818497578162,True
1,S01-B01,S01-B01-C0706,705,S01-P082,baseline,static,bjs,,,-0.16583965768690756,0.1863074367486639,True
1,S01-B01,S01-B01-C0707,706,S01-P082,aligned_samples,static,twfe,csa,,-0.13055866404668176,0.14823210468181794,True
1,S01-B01,S01-B01-C0708,707,S01-P082,aligned_samples,static,twfe,bjs,,-0.13055866404668176,0.14823210468181794,False
1,S01-B01,S01-B01-C0709,708,S01-P083,baseline,static,published_native,,,0.048052143054407991,0.13267827543642416,False
1,S01-B01,S01-B01-C0710,709,S01-P083,baseline,static,twfe,,,0.048052143054407991,0.13267827543642416,True
1,S01-B01,S01-B01-C0711,710,S01-P083,baseline,static,csa,,,-0.058914993175201352,0.17101215588590379,True
1,S01-B01,S01-B01-C0712,711,S01-P083,baseline,static,bjs,,,-0.080878742429202705,0.16497830529027352,True
1,S01-B01,S01-B01-C0713,712,S01-P083,aligned_samples,static,twfe,csa,,0.062069807401543414,0.14514929682041247,True
1,S01-B01,S01-B01-C0714,713,S01-P083,aligned_samples,static,twfe,bjs,,0.062069807401543414,0.14514929682041247,False
1,S01-B01,S01-B01-C0715,714,S01-P084,baseline,static,published_native,,,0.14569783963652558,0.094293348412589434,False
1,S01-B01,S01-B01-C0716,715,S01-P084,baseline,static,twfe,,,0.14569783963652558,0.094293348412589434,True
1,S01-B01,S01-B01-C0717,716,S01-P084,baseline,static,csa,,,0.082302607143271297,0.17354506809740552,True
1,S01-B01,S01-B01-C0718,717,S01-P084,baseline,static,bjs,,,0.13928977276945492,0.16030471832592988,True
1,S01-B01,S01-B01-C0719,718,S01-P084,aligned_samples,static,twfe,csa,,0.17009000522216117,0.12383136082388138,True
1,S01-B01,S01-B01-C0720,719,S01-P084,aligned_samples,static,twfe,bjs,,0.17009000522216117,0.12383136082388138,False
1,S01-B01,S01-B01-C0721,720,S01-P085,baseline,static,published_native,,,-0.039467561045418625,0.11771941812717047,False
1,S01-B01,S01-B01-C0722,721,S01-P085,baseline,static,twfe,,,-0.039467561045418625,0.11771941812717047,True
1,S01-B01,S01-B01-C0723,722,S01-P085,baseline,static,csa,,,-0.10419246422720756,0.15262000272025747,True
1,S01-B01,S01-B01-C0724,723,S01-P085,baseline,static,bjs,,,-0.1672703287532096,0.13535664527226798,True
1,S01-B01,S01-B01-C0725,724,S01-P085,aligned_samples,static,twfe,csa,,0.03419750779060781,0.12938847579648871,True
1,S01-B01,S01-B01-C0726,725,S01-P085,aligned_samples,static,twfe,bjs,,0.03419750779060781,0.12938847579648871,False
1,S01-B01,S01-B01-C0727,726,S01-P086,baseline,static,published_native,,,0.48385902306874606,0.15540774991023718,False
1,S01-B01,S01-B01-C0728,727,S01-P086,baseline,static,twfe,,,0.48385902306874606,0.15540774991023718,True
1,S01-B01,S01-B01-C0729,728,S01-P086,baseline,static,csa,,,0.36718437349235505,0.23824457842930019,True
1,S01-B01,S01-B01-C0730,729,S01-P086,baseline,static,bjs,,,0.59059619420261211,0.25057095804865964,True
1,S01-B01,S01-B01-C0731,730,S01-P086,aligned_samples,static,twfe,csa,,0.55595998510755862,0.21059109766933465,True
1,S01-B01,S01-B01-C0732,731,S01-P086,aligned_samples,static,twfe,bjs,,0.55595998510755862,0.21059109766933465,False
1,S01-B01,S01-B01-C0733,732,S01-P087,baseline,static,published_native,,,0.27799578184757673,0.14766396859701697,False
1,S01-B01,S01-B01-C0734,733,S01-P087,baseline,static,twfe,,,0.27799578184757673,0.14766396859701697,True
1,S01-B01,S01-B01-C0735,734,S01-P087,baseline,static,csa,,,0.014555921552572171,0.21340166975569194,True
1,S01-B01,S01-B01-C0736,735,S01-P087,baseline,static,bjs,,,0.083763955589301095,0.2195198302798729,True
1,S01-B01,S01-B01-C0737,736,S01-P087,aligned_samples,static,twfe,csa,,0.15614307885530423,0.18285300093407364,True
1,S01-B01,S01-B01-C0738,737,S01-P087,aligned_samples,static,twfe,bjs,,0.15614307885530423,0.18285300093407364,False
1,S01-B01,S01-B01-C0739,738,S01-P088,baseline,static,published_native,,,0.53308676291915602,0.17180004359768988,False
1,S01-B01,S01-B01-C0740,739,S01-P088,baseline,static,twfe,,,0.53308676291915602,0.17180004359768988,True
1,S01-B01,S01-B01-C0741,740,S01-P088,baseline,static,csa,,,0.034419041592243647,0.24016754711611857,True
1,S01-B01,S01-B01-C0742,741,S01-P088,baseline,static,bjs,,,0.23906285406910111,0.18556139380586448,True
1,S01-B01,S01-B01-C0743,742,S01-P088,aligned_samples,static,twfe,csa,,0.3258200854804581,0.17702872828301799,True
1,S01-B01,S01-B01-C0744,743,S01-P088,aligned_samples,static,twfe,bjs,,0.3258200854804581,0.17702872828301799,False
1,S01-B01,S01-B01-C0745,744,S01-P089,baseline,static,published_native,,,0.21956607896311645,0.17975301078957617,False
1,S01-B01,S01-B01-C0746,745,S01-P089,baseline,static,twfe,,,0.21956607896311645,0.17975301078957617,True
1,S01-B01,S01-B01-C0747,746,S01-P089,baseline,static,csa,,,0.3840005729891276,0.21052264255945438,True
1,S01-B01,S01-B01-C0748,747,S01-P089,baseline,static,bjs,,,0.49996191936461498,0.19634627498665203,True
1,S01-B01,S01-B01-C0749,748,S01-P089,aligned_samples,static,twfe,csa,,0.37227200713720437,0.18680275655858422,True
1,S01-B01,S01-B01-C0750,749,S01-P089,aligned_samples,static,twfe,bjs,,0.37227200713720437,0.18680275655858422,False
1,S01-B01,S01-B01-C0751,750,S01-P090,baseline,static,published_native,,,-0.10087467961067439,0.14985730993318705,False
1,S01-B01,S01-B01-C0752,751,S01-P090,baseline,static,twfe,,,-0.10087467961067439,0.14985730993318705,True
1,S01-B01,S01-B01-C0753,752,S01-P090,baseline,static,csa,,,0.067205536052543646,0.21561839947076603,True
1,S01-B01,S01-B01-C0754,753,S01-P090,baseline,static,bjs,,,-0.02998592065588996,0.1930024288538795,True
1,S01-B01,S01-B01-C0755,754,S01-P090,aligned_samples,static,twfe,csa,,-0.0377050870539112,0.16941880192022607,True
1,S01-B01,S01-B01-C0756,755,S01-P090,aligned_samples,static,twfe,bjs,,-0.0377050870539112,0.16941880192022607,False
1,S01-B01,S01-B01-C0757,756,S01-P091,baseline,static,published_native,,,0.43520285938142178,0.15237142858919275,False
1,S01-B01,S01-B01-C0758,757,S01-P091,baseline,static,twfe,,,0.43520285938142178,0.15237142858919275,True
1,S01-B01,S01-B01-C0759,758,S01-P091,baseline,static,csa,,,0.20938043485819763,0.24652912074272276,True
1,S01-B01,S01-B01-C0760,759,S01-P091,baseline,static,bjs,,,0.35621831598805553,0.16724439695187451,True
1,S01-B01,S01-B01-C0761,760,S01-P091,aligned_samples,static,twfe,csa,,0.45917986618973072,0.14464993596796508,True
1,S01-B01,S01-B01-C0762,761,S01-P091,aligned_samples,static,twfe,bjs,,0.45917986618973072,0.14464993596796508,False
1,S01-B01,S01-B01-C0763,762,S01-P092,baseline,static,published_native,,,-0.015061546521474619,0.15098889990966732,False
1,S01-B01,S01-B01-C0764,763,S01-P092,baseline,static,twfe,,,-0.015061546521474619,0.15098889990966732,True
1,S01-B01,S01-B01-C0765,764,S01-P092,baseline,static,csa,,,0.1219118977505969,0.20738749829430581,True
1,S01-B01,S01-B01-C0766,765,S01-P092,baseline,static,bjs,,,0.23648317358173282,0.21116464781424454,True
1,S01-B01,S01-B01-C0767,766,S01-P092,aligned_samples,static,twfe,csa,,0.073359879930956301,0.18273989117384698,True
1,S01-B01,S01-B01-C0768,767,S01-P092,aligned_samples,static,twfe,bjs,,0.073359879930956301,0.18273989117384698,False
1,S01-B01,S01-B01-C0769,768,S01-P093,baseline,static,published_native,,,-0.1646032182301273,0.15842351759271076,False
1,S01-B01,S01-B01-C0770,769,S01-P093,baseline,static,twfe,,,-0.1646032182301273,0.15842351759271076,True
1,S01-B01,S01-B01-C0771,770,S01-P093,baseline,static,csa,,,-0.17117586488768469,0.22427109054712824,True
1,S01-B01,S01-B01-C0772,771,S01-P093,baseline,static,bjs,,,-0.14138540448128004,0.23438540223427101,True
1,S01-B01,S01-B01-C0773,772,S01-P093,aligned_samples,static,twfe,csa,,-0.16907747091842226,0.16542176409670165,True
1,S01-B01,S01-B01-C0774,773,S01-P093,aligned_samples,static,twfe,bjs,,-0.16907747091842226,0.16542176409670165,False
1,S01-B01,S01-B01-C0775,774,S01-P094,baseline,static,published_native,,,0.023670481619551847,0.15945744036685619,False
1,S01-B01,S01-B01-C0776,775,S01-P094,baseline,static,twfe,,,0.023670481619551847,0.15945744036685619,True
1,S01-B01,S01-B01-C0777,776,S01-P094,baseline,static,csa,,,-0.042499849694542048,0.21004726819165304,True
1,S01-B01,S01-B01-C0778,777,S01-P094,baseline,static,bjs,,,0.095432476224303592,0.23474714190144549,True
1,S01-B01,S01-B01-C0779,778,S01-P094,aligned_samples,static,twfe,csa,,0.20867536434600079,0.19829564409975825,True
1,S01-B01,S01-B01-C0780,779,S01-P094,aligned_samples,static,twfe,bjs,,0.20867536434600079,0.19829564409975825,False
1,S01-B01,S01-B01-C0781,780,S01-P095,baseline,static,published_native,,,0.21498880909016288,0.16529133446646804,False
1,S01-B01,S01-B01-C0782,781,S01-P095,baseline,static,twfe,,,0.21498880909016288,0.16529133446646804,True
1,S01-B01,S01-B01-C0783,782,S01-P095,baseline,static,csa,,,0.23393327087849636,0.22453010092191267,True
1,S01-B01,S01-B01-C0784,783,S01-P095,baseline,static,bjs,,,0.34074454643407165,0.23477190874741843,True
1,S01-B01,S01-B01-C0785,784,S01-P095,aligned_samples,static,twfe,csa,,0.20042404451986959,0.20810063753761718,True
1,S01-B01,S01-B01-C0786,785,S01-P095,aligned_samples,static,twfe,bjs,,0.20042404451986959,0.20810063753761718,False
1,S01-B01,S01-B01-C0787,786,S01-P096,baseline,static,published_native,,,0.38539915362297178,0.17788717923108291,False
1,S01-B01,S01-B01-C0788,787,S01-P096,baseline,static,twfe,,,0.38539915362297178,0.17788717923108291,True
1,S01-B01,S01-B01-C0789,788,S01-P096,baseline,static,csa,,,-0.039621233028797317,0.29666506996446551,True
1,S01-B01,S01-B01-C0790,789,S01-P096,baseline,static,bjs,,,0.049592559983536115,0.27621150418641321,True
1,S01-B01,S01-B01-C0791,790,S01-P096,aligned_samples,static,twfe,csa,,0.2325066007571415,0.21998596908909054,True
1,S01-B01,S01-B01-C0792,791,S01-P096,aligned_samples,static,twfe,bjs,,0.2325066007571415,0.21998596908909054,False
1,S01-B01,S01-B01-C0793,792,S01-P097,baseline,static,published_native,,,0.30751672228835375,0.17342186929952713,False
1,S01-B01,S01-B01-C0794,793,S01-P097,baseline,static,twfe,,,0.30751672228835375,0.17342186929952713,True
1,S01-B01,S01-B01-C0795,794,S01-P097,baseline,static,csa,,,-0.011186923136552547,0.2233127386895235,True
1,S01-B01,S01-B01-C0796,795,S01-P097,baseline,static,bjs,,,0.08557810963317411,0.23586534223374406,True
1,S01-B01,S01-B01-C0797,796,S01-P097,aligned_samples,static,twfe,csa,,0.1923054816970248,0.18842565038532,True
1,S01-B01,S01-B01-C0798,797,S01-P097,aligned_samples,static,twfe,bjs,,0.1923054816970248,0.18842565038532,False
1,S01-B01,S01-B01-C0799,798,S01-P098,baseline,static,published_native,,,1.8236390367642559,0.064615778531661339,False
1,S01-B01,S01-B01-C0800,799,S01-P098,baseline,static,twfe,,,1.8236390367642559,0.064615778531661339,True
1,S01-B01,S01-B01-C0801,800,S01-P098,baseline,static,csa,,,1.8438057023568011,0.073365842804173034,True
1,S01-B01,S01-B01-C0802,801,S01-P098,baseline,static,bjs,,,1.8532124987883656,0.068931548751529986,True
1,S01-B01,S01-B01-C0803,802,S01-P098,aligned_samples,static,twfe,csa,,1.8196301845967582,0.062921191331005807,True
1,S01-B01,S01-B01-C0804,803,S01-P098,aligned_samples,static,twfe,bjs,,1.8196301845967582,0.062921191331005807,False
1,S01-B01,S01-B01-C0805,804,S01-P099,baseline,static,published_native,,,0.18843719411093707,0.081339732605549109,False
1,S01-B01,S01-B01-C0806,805,S01-P099,baseline,static,twfe,,,0.18843719411093707,0.081339732605549109,True
1,S01-B01,S01-B01-C0807,806,S01-P099,baseline,static,csa,,,0.19520495404166027,0.14382703274287756,True
1,S01-B01,S01-B01-C0808,807,S01-P099,baseline,static,bjs,,,0.21423175339203979,0.10780103831588861,True
1,S01-B01,S01-B01-C0809,808,S01-P099,aligned_samples,static,twfe,csa,,0.14574143289769015,0.096495638646434873,True
1,S01-B01,S01-B01-C0810,809,S01-P099,aligned_samples,static,twfe,bjs,,0.14574143289769015,0.096495638646434873,False
1,S01-B01,S01-B01-C0811,810,S01-P100,baseline,static,published_native,,,0.11253641128885161,0.088667629762138295,False
1,S01-B01,S01-B01-C0812,811,S01-P100,baseline,static,twfe,,,0.11253641128885161,0.088667629762138295,True
1,S01-B01,S01-B01-C0813,812,S01-P100,baseline,static,csa,,,0.12000771615751932,0.15088703806575435,True
1,S01-B01,S01-B01-C0814,813,S01-P100,baseline,static,bjs,,,0.19467058048387864,0.12592422075780207,True
1,S01-B01,S01-B01-C0815,814,S01-P100,aligned_samples,static,twfe,csa,,0.10757199107782656,0.104164435898864,True
1,S01-B01,S01-B01-C0816,815,S01-P100,aligned_samples,static,twfe,bjs,,0.10757199107782656,0.104164435898864,False
1,S01-B01,S01-B01-C0817,816,S01-P101,baseline,static,published_native,,,0.19877386613550421,0.077777251023509214,False
1,S01-B01,S01-B01-C0818,817,S01-P101,baseline,static,twfe,,,0.19877386613550421,0.077777251023509214,True
1,S01-B01,S01-B01-C0819,818,S01-P101,baseline,static,csa,,,0.20742156826068803,0.13148767771161193,True
1,S01-B01,S01-B01-C0820,819,S01-P101,baseline,static,bjs,,,0.26933507041502053,0.10592272922503877,True
1,S01-B01,S01-B01-C0821,820,S01-P101,aligned_samples,static,twfe,csa,,0.16676443748529507,0.091759956051183519,True
1,S01-B01,S01-B01-C0822,821,S01-P101,aligned_samples,static,twfe,bjs,,0.16676443748529507,0.091759956051183519,False
1,S01-B01,S01-B01-C0823,822,S01-P102,baseline,static,published_native,,,-0.0072243877842231123,0.08355923985434853,False
1,S01-B01,S01-B01-C0824,823,S01-P102,baseline,static,twfe,,,-0.0072243877842231123,0.08355923985434853,True
1,S01-B01,S01-B01-C0825,824,S01-P102,baseline,static,csa,,,-0.17058936414600903,0.13034927897396006,True
1,S01-B01,S01-B01-C0826,825,S01-P102,baseline,static,bjs,,,-0.12736108698798021,0.11029585446932333,True
1,S01-B01,S01-B01-C0827,826,S01-P102,aligned_samples,static,twfe,csa,,-0.071759051475636187,0.10034819147333295,True
1,S01-B01,S01-B01-C0828,827,S01-P102,aligned_samples,static,twfe,bjs,,-0.071759051475636187,0.10034819147333295,False
1,S01-B01,S01-B01-C0829,828,S01-P103,baseline,static,published_native,,,0.12457422661490064,0.078446973989817328,False
1,S01-B01,S01-B01-C0830,829,S01-P103,baseline,static,twfe,,,0.12457422661490064,0.078446973989817328,True
1,S01-B01,S01-B01-C0831,830,S01-P103,baseline,static,csa,,,0.098958784143081069,0.11032174074946509,True
1,S01-B01,S01-B01-C0832,831,S01-P103,baseline,static,bjs,,,0.13739388447109674,0.083876329904070124,True
1,S01-B01,S01-B01-C0833,832,S01-P103,aligned_samples,static,twfe,csa,,0.16694748969678525,0.097883138975422945,True
1,S01-B01,S01-B01-C0834,833,S01-P103,aligned_samples,static,twfe,bjs,,0.16694748969678525,0.097883138975422945,False
1,S01-B01,S01-B01-C0835,834,S01-P001,baseline,coefficient,published_native,,le_m2,-0.043014579093057177,0.087550952137504717,False
1,S01-B01,S01-B01-C0836,835,S01-P001,baseline,coefficient,published_native,,e0,0.24760579265879298,0.092330919027552749,False
1,S01-B01,S01-B01-C0837,836,S01-P001,baseline,coefficient,published_native,,ge_p1,0.19611674702376447,0.11524891291983948,False
1,S01-B01,S01-B01-C0838,837,S01-P001,baseline,coefficient,published_native,,m1_reference,0,0,False
1,S01-B01,S01-B01-C0839,838,S01-P001,baseline,post,published_native,,,0.22186126984127874,0.098092280619635874,False
1,S01-B01,S01-B01-C0840,839,S01-P001,baseline,pre,published_native,,,-0.043014579093057177,0.087550952137504717,False
1,S01-B01,S01-B01-C0841,840,S01-P001,baseline,coefficient,twfe,,le_m2,-0.043014579093057177,0.087550952137504717,False
1,S01-B01,S01-B01-C0842,841,S01-P001,baseline,coefficient,twfe,,e0,0.24760579265879298,0.092330919027552749,False
1,S01-B01,S01-B01-C0843,842,S01-P001,baseline,coefficient,twfe,,ge_p1,0.19611674702376447,0.11524891291983948,False
1,S01-B01,S01-B01-C0844,843,S01-P001,baseline,coefficient,twfe,,m1_reference,0,0,False
1,S01-B01,S01-B01-C0845,844,S01-P001,baseline,post,twfe,,,0.22186126984127874,0.098092280619635874,True
1,S01-B01,S01-B01-C0846,845,S01-P001,baseline,pre,twfe,,,-0.043014579093057177,0.087550952137504717,False
1,S01-B01,S01-B01-C0847,846,S01-P001,baseline,coefficient,csa,,le_m2,-0.1916213726448385,0.16514554409238347,False
1,S01-B01,S01-B01-C0848,847,S01-P001,baseline,coefficient,csa,,e0,0.2753575132844362,0.13540024488230121,False
1,S01-B01,S01-B01-C0849,848,S01-P001,baseline,coefficient,csa,,ge_p1,0.30213989991476697,0.15545663235870263,False
1,S01-B01,S01-B01-C0850,849,S01-P001,baseline,coefficient,csa,,m1_reference,0,0,False
1,S01-B01,S01-B01-C0851,850,S01-P001,baseline,post,csa,,,0.28874870659960161,0.12376265545316531,True
1,S01-B01,S01-B01-C0852,851,S01-P001,baseline,pre,csa,,,-0.1916213726448385,0.16514554409238347,False
1,S01-B01,S01-B01-C0853,852,S01-P001,baseline,coefficient,bjs,,le_m2,-0.18580109661793029,0.11992275237209982,False
1,S01-B01,S01-B01-C0854,853,S01-P001,baseline,coefficient,bjs,,e0,0.35865539173083549,0.13094910447905861,False
1,S01-B01,S01-B01-C0855,854,S01-P001,baseline,coefficient,bjs,,ge_p1,0.3050658721865584,0.15799599260744776,False
1,S01-B01,S01-B01-C0856,855,S01-P001,baseline,coefficient,bjs,,m1_reference,0,0,False
1,S01-B01,S01-B01-C0857,856,S01-P001,baseline,post,bjs,,,0.33186063195869697,0.12205982876998654,True
1,S01-B01,S01-B01-C0858,857,S01-P001,baseline,pre,bjs,,,-0.18580109661793029,0.11992275237209982,False
1,S01-B01,S01-B01-C0859,858,S01-P001,aligned_samples,post,twfe,csa,,0.39903227383407797,0.12965769696262577,True
1,S01-B01,S01-B01-C0860,859,S01-P001,aligned_samples,post,twfe,bjs,,0.39903227383407797,0.12965769696262577,False
1,S01-B01,S01-B01-C0861,860,S01-P001,archived_alignment_A,post,twfe,csa,,0.39903227383407797,0.12965769696262577,False
1,S01-B01,S01-B01-C0862,861,S01-P001,aligned_samples,pre,twfe,csa,,-0.19231470238526954,0.12218052804153494,False
1,S01-B01,S01-B01-C0863,862,S01-P001,aligned_samples,pre,twfe,bjs,,-0.18580109661793004,0.11992275237209984,False
1,S01-B01,S01-B01-C0864,863,S01-P001,archived_alignment_A,pre,twfe,csa,,-0.18580109661793004,0.11992275237209984,False
1,S01-B01,S01-B01-C0865,864,S01-P002,baseline,coefficient,published_native,,le_m2,-0.082654929342540012,0.079770097813655003,False
1,S01-B01,S01-B01-C0866,865,S01-P002,baseline,coefficient,published_native,,e0,0.15008793939781823,0.071137822824954094,False
1,S01-B01,S01-B01-C0867,866,S01-P002,baseline,coefficient,published_native,,ge_p1,0.1408976752318265,0.087856339360009444,False
1,S01-B01,S01-B01-C0868,867,S01-P002,baseline,coefficient,published_native,,m1_reference,0,0,False
1,S01-B01,S01-B01-C0869,868,S01-P002,baseline,post,published_native,,,0.14549280731482236,0.072609715542882355,False
1,S01-B01,S01-B01-C0870,869,S01-P002,baseline,pre,published_native,,,-0.082654929342540012,0.079770097813655003,False
1,S01-B01,S01-B01-C0871,870,S01-P002,baseline,coefficient,twfe,,le_m2,-0.082654929342540012,0.079770097813655003,False
1,S01-B01,S01-B01-C0872,871,S01-P002,baseline,coefficient,twfe,,e0,0.15008793939781823,0.071137822824954094,False
1,S01-B01,S01-B01-C0873,872,S01-P002,baseline,coefficient,twfe,,ge_p1,0.1408976752318265,0.087856339360009444,False
1,S01-B01,S01-B01-C0874,873,S01-P002,baseline,coefficient,twfe,,m1_reference,0,0,False
1,S01-B01,S01-B01-C0875,874,S01-P002,baseline,post,twfe,,,0.14549280731482236,0.072609715542882355,True
1,S01-B01,S01-B01-C0876,875,S01-P002,baseline,pre,twfe,,,-0.082654929342540012,0.079770097813655003,False
1,S01-B01,S01-B01-C0877,876,S01-P002,baseline,coefficient,csa,,le_m2,-0.20269884925951859,0.15964253412797608,False
1,S01-B01,S01-B01-C0878,877,S01-P002,baseline,coefficient,csa,,e0,0.094539960217737737,0.11571631527667584,False
1,S01-B01,S01-B01-C0879,878,S01-P002,baseline,coefficient,csa,,ge_p1,0.14185194705833995,0.12086943565188565,False
1,S01-B01,S01-B01-C0880,879,S01-P002,baseline,coefficient,csa,,m1_reference,0,0,False
1,S01-B01,S01-B01-C0881,880,S01-P002,baseline,post,csa,,,0.11819595363803884,0.093844869604474718,True
1,S01-B01,S01-B01-C0882,881,S01-P002,baseline,pre,csa,,,-0.20269884925951859,0.15964253412797608,False
1,S01-B01,S01-B01-C0883,882,S01-P002,baseline,coefficient,bjs,,le_m2,-0.13322026806065915,0.14858046329343993,False
1,S01-B01,S01-B01-C0884,883,S01-P002,baseline,coefficient,bjs,,e0,0.1468284771280047,0.10825343820580481,False
1,S01-B01,S01-B01-C0885,884,S01-P002,baseline,coefficient,bjs,,ge_p1,0.084076942730954507,0.12867565081737289,False
1,S01-B01,S01-B01-C0886,885,S01-P002,baseline,coefficient,bjs,,m1_reference,0,0,False
1,S01-B01,S01-B01-C0887,886,S01-P002,baseline,post,bjs,,,0.1154527099294796,0.10323120217420338,True
1,S01-B01,S01-B01-C0888,887,S01-P002,baseline,pre,bjs,,,-0.13322026806065915,0.14858046329343993,False
1,S01-B01,S01-B01-C0889,888,S01-P002,aligned_samples,post,twfe,csa,,0.19720019041404838,0.11025021741567381,True
1,S01-B01,S01-B01-C0890,889,S01-P002,aligned_samples,post,twfe,bjs,,0.19720019041404838,0.11025021741567381,False
1,S01-B01,S01-B01-C0891,890,S01-P002,archived_alignment_A,post,twfe,csa,,0.19720019041404838,0.11025021741567381,False
1,S01-B01,S01-B01-C0892,891,S01-P002,aligned_samples,pre,twfe,csa,,-0.12880781618567447,0.15097884305296064,False
1,S01-B01,S01-B01-C0893,892,S01-P002,aligned_samples,pre,twfe,bjs,,-0.13322026806065915,0.14858046329343993,False
1,S01-B01,S01-B01-C0894,893,S01-P002,archived_alignment_A,pre,twfe,csa,,-0.13322026806065915,0.14858046329343993,False
1,S01-B01,S01-B01-C0895,894,S01-P003,baseline,coefficient,published_native,,le_m2,-0.17051768504179277,0.07958452246027628,False
1,S01-B01,S01-B01-C0896,895,S01-P003,baseline,coefficient,published_native,,e0,0.19169337144475596,0.073180269531587572,False
1,S01-B01,S01-B01-C0897,896,S01-P003,baseline,coefficient,published_native,,ge_p1,0.17799809494917337,0.08997323349214191,False
1,S01-B01,S01-B01-C0898,897,S01-P003,baseline,coefficient,published_native,,m1_reference,0,0,False
1,S01-B01,S01-B01-C0899,898,S01-P003,baseline,post,published_native,,,0.18484573319696468,0.071781383225086121,False
1,S01-B01,S01-B01-C0900,899,S01-P003,baseline,pre,published_native,,,-0.17051768504179277,0.07958452246027628,False
1,S01-B01,S01-B01-C0901,900,S01-P003,baseline,coefficient,twfe,,le_m2,-0.17051768504179277,0.07958452246027628,False
1,S01-B01,S01-B01-C0902,901,S01-P003,baseline,coefficient,twfe,,e0,0.19169337144475596,0.073180269531587572,False
1,S01-B01,S01-B01-C0903,902,S01-P003,baseline,coefficient,twfe,,ge_p1,0.17799809494917337,0.08997323349214191,False
1,S01-B01,S01-B01-C0904,903,S01-P003,baseline,coefficient,twfe,,m1_reference,0,0,False
1,S01-B01,S01-B01-C0905,904,S01-P003,baseline,post,twfe,,,0.18484573319696468,0.071781383225086121,True
1,S01-B01,S01-B01-C0906,905,S01-P003,baseline,pre,twfe,,,-0.17051768504179277,0.07958452246027628,False
1,S01-B01,S01-B01-C0907,906,S01-P003,baseline,coefficient,csa,,le_m2,-0.22523796818879846,0.16889459893274392,False
1,S01-B01,S01-B01-C0908,907,S01-P003,baseline,coefficient,csa,,e0,0.077015594794015138,0.11672449802780735,False
1,S01-B01,S01-B01-C0909,908,S01-P003,baseline,coefficient,csa,,ge_p1,0.056578354527217087,0.15063754558950634,False
1,S01-B01,S01-B01-C0910,909,S01-P003,baseline,coefficient,csa,,m1_reference,0,0,False
1,S01-B01,S01-B01-C0911,910,S01-P003,baseline,post,csa,,,0.066796974660616112,0.11278647406056447,True
1,S01-B01,S01-B01-C0912,911,S01-P003,baseline,pre,csa,,,-0.22523796818879846,0.16889459893274392,False
1,S01-B01,S01-B01-C0913,912,S01-P003,baseline,coefficient,bjs,,le_m2,-0.19713880268187844,0.12700342442309392,False
1,S01-B01,S01-B01-C0914,913,S01-P003,baseline,coefficient,bjs,,e0,0.16497911552549607,0.11261871791348727,False
1,S01-B01,S01-B01-C0915,914,S01-P003,baseline,coefficient,bjs,,ge_p1,0.024292662497859312,0.11047912509697567,False
1,S01-B01,S01-B01-C0916,915,S01-P003,baseline,coefficient,bjs,,m1_reference,0,0,False
1,S01-B01,S01-B01-C0917,916,S01-P003,baseline,post,bjs,,,0.094635889011677687,0.094368657898743963,True
1,S01-B01,S01-B01-C0918,917,S01-P003,baseline,pre,bjs,,,-0.19713880268187844,0.12700342442309392,False
1,S01-B01,S01-B01-C0919,918,S01-P003,aligned_samples,post,twfe,csa,,0.13951251035653975,0.10102684910890639,True
1,S01-B01,S01-B01-C0920,919,S01-P003,aligned_samples,post,twfe,bjs,,0.13951251035653975,0.10102684910890639,False
1,S01-B01,S01-B01-C0921,920,S01-P003,archived_alignment_A,post,twfe,csa,,0.13951251035653975,0.10102684910890639,False
1,S01-B01,S01-B01-C0922,921,S01-P003,aligned_samples,pre,twfe,csa,,-0.2082119159612906,0.12658181496857865,False
1,S01-B01,S01-B01-C0923,922,S01-P003,aligned_samples,pre,twfe,bjs,,-0.19713880268187858,0.12700342442309392,False
1,S01-B01,S01-B01-C0924,923,S01-P003,archived_alignment_A,pre,twfe,csa,,-0.19713880268187858,0.12700342442309392,False
1,S01-B01,S01-B01-C0925,924,S01-P004,baseline,coefficient,published_native,,le_m2,0.15309607268588812,0.083044853708782521,False
1,S01-B01,S01-B01-C0926,925,S01-P004,baseline,coefficient,published_native,,e0,0.18379961221632732,0.092243810754602668,False
1,S01-B01,S01-B01-C0927,926,S01-P004,baseline,coefficient,published_native,,ge_p1,0.21284261607732252,0.11602806834710641,False
1,S01-B01,S01-B01-C0928,927,S01-P004,baseline,coefficient,published_native,,m1_reference,0,0,False
1,S01-B01,S01-B01-C0929,928,S01-P004,baseline,post,published_native,,,0.19832111414682491,0.0916294997777891,False
1,S01-B01,S01-B01-C0930,929,S01-P004,baseline,pre,published_native,,,0.15309607268588812,0.083044853708782521,False
1,S01-B01,S01-B01-C0931,930,S01-P004,baseline,coefficient,twfe,,le_m2,0.15309607268588812,0.083044853708782521,False
1,S01-B01,S01-B01-C0932,931,S01-P004,baseline,coefficient,twfe,,e0,0.18379961221632732,0.092243810754602668,False
1,S01-B01,S01-B01-C0933,932,S01-P004,baseline,coefficient,twfe,,ge_p1,0.21284261607732252,0.11602806834710641,False
1,S01-B01,S01-B01-C0934,933,S01-P004,baseline,coefficient,twfe,,m1_reference,0,0,False
1,S01-B01,S01-B01-C0935,934,S01-P004,baseline,post,twfe,,,0.19832111414682491,0.0916294997777891,True
1,S01-B01,S01-B01-C0936,935,S01-P004,baseline,pre,twfe,,,0.15309607268588812,0.083044853708782521,False
1,S01-B01,S01-B01-C0937,936,S01-P004,baseline,coefficient,csa,,le_m2,0.1566717706403975,0.16322853116613154,False
1,S01-B01,S01-B01-C0938,937,S01-P004,baseline,coefficient,csa,,e0,0.33879556600821659,0.13328546887857426,False
1,S01-B01,S01-B01-C0939,938,S01-P004,baseline,coefficient,csa,,ge_p1,0.2893191068987177,0.14380931374851341,False
1,S01-B01,S01-B01-C0940,939,S01-P004,baseline,coefficient,csa,,m1_reference,0,0,False
1,S01-B01,S01-B01-C0941,940,S01-P004,baseline,post,csa,,,0.31405733645346712,0.11379195882506973,True
1,S01-B01,S01-B01-C0942,941,S01-P004,baseline,pre,csa,,,0.1566717706403975,0.16322853116613154,False
1,S01-B01,S01-B01-C0943,942,S01-P004,baseline,coefficient,bjs,,le_m2,0.16620075310163832,0.14860452215601552,False
1,S01-B01,S01-B01-C0944,943,S01-P004,baseline,coefficient,bjs,,e0,0.31207670380531038,0.11577292353113396,False
1,S01-B01,S01-B01-C0945,944,S01-P004,baseline,coefficient,bjs,,ge_p1,0.36138504225685381,0.14056159229301712,False
1,S01-B01,S01-B01-C0946,945,S01-P004,baseline,coefficient,bjs,,m1_reference,0,0,False
1,S01-B01,S01-B01-C0947,946,S01-P004,baseline,post,bjs,,,0.33673087303108207,0.11208232611407387,True
1,S01-B01,S01-B01-C0948,947,S01-P004,baseline,pre,bjs,,,0.16620075310163832,0.14860452215601552,False
1,S01-B01,S01-B01-C0949,948,S01-P004,aligned_samples,post,twfe,csa,,0.24180519024790056,0.13102867706566726,True
1,S01-B01,S01-B01-C0950,949,S01-P004,aligned_samples,post,twfe,bjs,,0.24180519024790056,0.13102867706566726,False
1,S01-B01,S01-B01-C0951,950,S01-P004,archived_alignment_A,post,twfe,csa,,0.24180519024790056,0.13102867706566726,False
1,S01-B01,S01-B01-C0952,951,S01-P004,aligned_samples,pre,twfe,csa,,0.1632045916628477,0.15208734728064108,False
1,S01-B01,S01-B01-C0953,952,S01-P004,aligned_samples,pre,twfe,bjs,,0.16620075310163829,0.14860452215601552,False
1,S01-B01,S01-B01-C0954,953,S01-P004,archived_alignment_A,pre,twfe,csa,,0.16620075310163829,0.14860452215601552,False
1,S01-B01,S01-B01-C0955,954,S01-P005,baseline,coefficient,published_native,,le_m2,0.085365712903472737,0.078764286168216568,False
1,S01-B01,S01-B01-C0956,955,S01-P005,baseline,coefficient,published_native,,e0,0.11172350089481424,0.071913486559562201,False
1,S01-B01,S01-B01-C0957,956,S01-P005,baseline,coefficient,published_native,,ge_p1,0.092912144480697095,0.094430445101306243,False
1,S01-B01,S01-B01-C0958,957,S01-P005,baseline,coefficient,published_native,,m1_reference,0,0,False
1,S01-B01,S01-B01-C0959,958,S01-P005,baseline,post,published_native,,,0.10231782268775566,0.077523374088873234,False
1,S01-B01,S01-B01-C0960,959,S01-P005,baseline,pre,published_native,,,0.085365712903472737,0.078764286168216568,False
1,S01-B01,S01-B01-C0961,960,S01-P005,baseline,coefficient,twfe,,le_m2,0.085365712903472737,0.078764286168216568,False
1,S01-B01,S01-B01-C0962,961,S01-P005,baseline,coefficient,twfe,,e0,0.11172350089481424,0.071913486559562201,False
1,S01-B01,S01-B01-C0963,962,S01-P005,baseline,coefficient,twfe,,ge_p1,0.092912144480697095,0.094430445101306243,False
1,S01-B01,S01-B01-C0964,963,S01-P005,baseline,coefficient,twfe,,m1_reference,0,0,False
1,S01-B01,S01-B01-C0965,964,S01-P005,baseline,post,twfe,,,0.10231782268775566,0.077523374088873234,True
1,S01-B01,S01-B01-C0966,965,S01-P005,baseline,pre,twfe,,,0.085365712903472737,0.078764286168216568,False
1,S01-B01,S01-B01-C0967,966,S01-P005,baseline,coefficient,csa,,le_m2,0.036435681601870641,0.15065812508680265,False
1,S01-B01,S01-B01-C0968,967,S01-P005,baseline,coefficient,csa,,e0,0.21381995772171486,0.12290681575069605,False
1,S01-B01,S01-B01-C0969,968,S01-P005,baseline,coefficient,csa,,ge_p1,0.24149669038241733,0.15028985140009546,False
1,S01-B01,S01-B01-C0970,969,S01-P005,baseline,coefficient,csa,,m1_reference,0,0,False
1,S01-B01,S01-B01-C0971,970,S01-P005,baseline,post,csa,,,0.2276583240520661,0.11864313254500895,True
1,S01-B01,S01-B01-C0972,971,S01-P005,baseline,pre,csa,,,0.036435681601870641,0.15065812508680265,False
1,S01-B01,S01-B01-C0973,972,S01-P005,baseline,coefficient,bjs,,le_m2,0.053152846323456085,0.13453478671454183,False
1,S01-B01,S01-B01-C0974,973,S01-P005,baseline,coefficient,bjs,,e0,0.14899084404300869,0.11481656019847188,False
1,S01-B01,S01-B01-C0975,974,S01-P005,baseline,coefficient,bjs,,ge_p1,0.19789707084687391,0.13673132962674461,False
1,S01-B01,S01-B01-C0976,975,S01-P005,baseline,coefficient,bjs,,m1_reference,0,0,False
1,S01-B01,S01-B01-C0977,976,S01-P005,baseline,post,bjs,,,0.17344395744494129,0.11035400058769795,True
1,S01-B01,S01-B01-C0978,977,S01-P005,baseline,pre,bjs,,,0.053152846323456085,0.13453478671454183,False
1,S01-B01,S01-B01-C0979,978,S01-P005,aligned_samples,post,twfe,csa,,0.12405164778544607,0.11626262724163763,True
1,S01-B01,S01-B01-C0980,979,S01-P005,aligned_samples,post,twfe,bjs,,0.12405164778544607,0.11626262724163763,False
1,S01-B01,S01-B01-C0981,980,S01-P005,archived_alignment_A,post,twfe,csa,,0.12405164778544607,0.11626262724163763,False
1,S01-B01,S01-B01-C0982,981,S01-P005,aligned_samples,pre,twfe,csa,,0.025051338866327166,0.13037754179501923,False
1,S01-B01,S01-B01-C0983,982,S01-P005,aligned_samples,pre,twfe,bjs,,0.053152846323456147,0.13453478671454183,False
1,S01-B01,S01-B01-C0984,983,S01-P005,archived_alignment_A,pre,twfe,csa,,0.053152846323456147,0.13453478671454183,False
1,S01-B01,S01-B01-C0985,984,S01-P006,baseline,coefficient,published_native,,le_m2,0.05982661569153494,0.094541401801594468,False
1,S01-B01,S01-B01-C0986,985,S01-P006,baseline,coefficient,published_native,,e0,0.18586737680557888,0.087007473978424066,False
1,S01-B01,S01-B01-C0987,986,S01-P006,baseline,coefficient,published_native,,ge_p1,0.34208308067629589,0.099505076222461769,False
1,S01-B01,S01-B01-C0988,987,S01-P006,baseline,coefficient,published_native,,m1_reference,0,0,False
1,S01-B01,S01-B01-C0989,988,S01-P006,baseline,post,published_native,,,0.26397522874093737,0.085701626290186267,False
1,S01-B01,S01-B01-C0990,989,S01-P006,baseline,pre,published_native,,,0.05982661569153494,0.094541401801594468,False
1,S01-B01,S01-B01-C0991,990,S01-P006,baseline,coefficient,twfe,,le_m2,0.05982661569153494,0.094541401801594468,False
1,S01-B01,S01-B01-C0992,991,S01-P006,baseline,coefficient,twfe,,e0,0.18586737680557888,0.087007473978424066,False
1,S01-B01,S01-B01-C0993,992,S01-P006,baseline,coefficient,twfe,,ge_p1,0.34208308067629589,0.099505076222461769,False
1,S01-B01,S01-B01-C0994,993,S01-P006,baseline,coefficient,twfe,,m1_reference,0,0,False
1,S01-B01,S01-B01-C0995,994,S01-P006,baseline,post,twfe,,,0.26397522874093737,0.085701626290186267,True
1,S01-B01,S01-B01-C0996,995,S01-P006,baseline,pre,twfe,,,0.05982661569153494,0.094541401801594468,False
1,S01-B01,S01-B01-C0997,996,S01-P006,baseline,coefficient,csa,,le_m2,0.28349044761941516,0.15018776927894559,False
1,S01-B01,S01-B01-C0998,997,S01-P006,baseline,coefficient,csa,,e0,0.27082642525261313,0.12443251887273875,False
1,S01-B01,S01-B01-C0999,998,S01-P006,baseline,coefficient,csa,,ge_p1,0.26089863920822531,0.15340575138605714,False
1,S01-B01,S01-B01-C1000,999,S01-P006,baseline,coefficient,csa,,m1_reference,0,0,False
1,S01-B01,S01-B01-C1001,1000,S01-P006,baseline,post,csa,,,0.26586253223041922,0.11592621189236338,True
1,S01-B01,S01-B01-C1002,1001,S01-P006,baseline,pre,csa,,,0.28349044761941516,0.15018776927894559,False
1,S01-B01,S01-B01-C1003,1002,S01-P006,baseline,coefficient,bjs,,le_m2,0.29640464315275739,0.15933582154134526,False
1,S01-B01,S01-B01-C1004,1003,S01-P006,baseline,coefficient,bjs,,e0,0.15723036334797258,0.15325080634435578,False
1,S01-B01,S01-B01-C1005,1004,S01-P006,baseline,coefficient,bjs,,ge_p1,0.303744093403017,0.1536447197031377,False
1,S01-B01,S01-B01-C1006,1005,S01-P006,baseline,coefficient,bjs,,m1_reference,0,0,False
1,S01-B01,S01-B01-C1007,1006,S01-P006,baseline,post,bjs,,,0.23048722837549479,0.12747712730675198,True
1,S01-B01,S01-B01-C1008,1007,S01-P006,baseline,pre,bjs,,,0.29640464315275739,0.15933582154134526,False
1,S01-B01,S01-B01-C1009,1008,S01-P006,aligned_samples,post,twfe,csa,,0.14990591299952821,0.12885720004401829,True
1,S01-B01,S01-B01-C1010,1009,S01-P006,aligned_samples,post,twfe,bjs,,0.14990591299952821,0.12885720004401829,False
1,S01-B01,S01-B01-C1011,1010,S01-P006,archived_alignment_A,post,twfe,csa,,0.14990591299952821,0.12885720004401829,False
1,S01-B01,S01-B01-C1012,1011,S01-P006,aligned_samples,pre,twfe,csa,,0.31877723333834895,0.15862497723021804,False
1,S01-B01,S01-B01-C1013,1012,S01-P006,aligned_samples,pre,twfe,bjs,,0.29640464315275816,0.15933582154134521,False
1,S01-B01,S01-B01-C1014,1013,S01-P006,archived_alignment_A,pre,twfe,csa,,0.29640464315275816,0.15933582154134521,False
1,S01-B01,S01-B01-C1015,1014,S01-P007,baseline,coefficient,published_native,,le_m2,0.0050641039987042993,0.091332198561588557,False
1,S01-B01,S01-B01-C1016,1015,S01-P007,baseline,coefficient,published_native,,e0,0.066050271101756514,0.078506589603345778,False
1,S01-B01,S01-B01-C1017,1016,S01-P007,baseline,coefficient,published_native,,ge_p1,0.029292611153947341,0.098540296346617678,False
1,S01-B01,S01-B01-C1018,1017,S01-P007,baseline,coefficient,published_native,,m1_reference,0,0,False
1,S01-B01,S01-B01-C1019,1018,S01-P007,baseline,post,published_native,,,0.047671441127851925,0.077583166147661753,False
1,S01-B01,S01-B01-C1020,1019,S01-P007,baseline,pre,published_native,,,0.0050641039987042993,0.091332198561588557,False
1,S01-B01,S01-B01-C1021,1020,S01-P007,baseline,coefficient,twfe,,le_m2,0.0050641039987042993,0.091332198561588557,False
1,S01-B01,S01-B01-C1022,1021,S01-P007,baseline,coefficient,twfe,,e0,0.066050271101756514,0.078506589603345778,False
1,S01-B01,S01-B01-C1023,1022,S01-P007,baseline,coefficient,twfe,,ge_p1,0.029292611153947341,0.098540296346617678,False
1,S01-B01,S01-B01-C1024,1023,S01-P007,baseline,coefficient,twfe,,m1_reference,0,0,False
1,S01-B01,S01-B01-C1025,1024,S01-P007,baseline,post,twfe,,,0.047671441127851925,0.077583166147661753,True
1,S01-B01,S01-B01-C1026,1025,S01-P007,baseline,pre,twfe,,,0.0050641039987042993,0.091332198561588557,False
1,S01-B01,S01-B01-C1027,1026,S01-P007,baseline,coefficient,csa,,le_m2,-0.1945161046238435,0.2309977778510254,False
1,S01-B01,S01-B01-C1028,1027,S01-P007,baseline,coefficient,csa,,e0,0.040646668340660275,0.14343808140892109,False
1,S01-B01,S01-B01-C1029,1028,S01-P007,baseline,coefficient,csa,,ge_p1,0.24796667591503618,0.18527681392564468,False
1,S01-B01,S01-B01-C1030,1029,S01-P007,baseline,coefficient,csa,,m1_reference,0,0,False
1,S01-B01,S01-B01-C1031,1030,S01-P007,baseline,post,csa,,,0.14430667212784823,0.13678526069333877,True
1,S01-B01,S01-B01-C1032,1031,S01-P007,baseline,pre,csa,,,-0.1945161046238435,0.2309977778510254,False
1,S01-B01,S01-B01-C1033,1032,S01-P007,baseline,coefficient,bjs,,le_m2,-0.14231631302191108,0.1512986774944336,False
1,S01-B01,S01-B01-C1034,1033,S01-P007,baseline,coefficient,bjs,,e0,0.10246377396602521,0.1379954023652071,False
1,S01-B01,S01-B01-C1035,1034,S01-P007,baseline,coefficient,bjs,,ge_p1,0.20840935166052518,0.12417417336872834,False
1,S01-B01,S01-B01-C1036,1035,S01-P007,baseline,coefficient,bjs,,m1_reference,0,0,False
1,S01-B01,S01-B01-C1037,1036,S01-P007,baseline,post,bjs,,,0.1554365628132752,0.1085702831629705,True
1,S01-B01,S01-B01-C1038,1037,S01-P007,baseline,pre,bjs,,,-0.14231631302191108,0.1512986774944336,False
1,S01-B01,S01-B01-C1039,1038,S01-P007,aligned_samples,post,twfe,csa,,0.23917508063735227,0.11763970969046524,True
1,S01-B01,S01-B01-C1040,1039,S01-P007,aligned_samples,post,twfe,bjs,,0.23917508063735227,0.11763970969046524,False
1,S01-B01,S01-B01-C1041,1040,S01-P007,archived_alignment_A,post,twfe,csa,,0.23917508063735227,0.11763970969046524,False
1,S01-B01,S01-B01-C1042,1041,S01-P007,aligned_samples,pre,twfe,csa,,-0.14984079228024244,0.15364530501377835,False
1,S01-B01,S01-B01-C1043,1042,S01-P007,aligned_samples,pre,twfe,bjs,,-0.142316313021911,0.15129867749443357,False
1,S01-B01,S01-B01-C1044,1043,S01-P007,archived_alignment_A,pre,twfe,csa,,-0.142316313021911,0.15129867749443357,False
1,S01-B01,S01-B01-C1045,1044,S01-P008,baseline,coefficient,published_native,,le_m2,-0.11153259410988275,0.10505504624910207,False
1,S01-B01,S01-B01-C1046,1045,S01-P008,baseline,coefficient,published_native,,e0,0.071386615498348988,0.11170692472933585,False
1,S01-B01,S01-B01-C1047,1046,S01-P008,baseline,coefficient,published_native,,ge_p1,-0.14123272095765582,0.13947229845051326,False
1,S01-B01,S01-B01-C1048,1047,S01-P008,baseline,coefficient,published_native,,m1_reference,0,0,False
1,S01-B01,S01-B01-C1049,1048,S01-P008,baseline,post,published_native,,,-0.034923052729653417,0.11721483837225567,False
1,S01-B01,S01-B01-C1050,1049,S01-P008,baseline,pre,published_native,,,-0.11153259410988275,0.10505504624910207,False
1,S01-B01,S01-B01-C1051,1050,S01-P008,baseline,coefficient,twfe,,le_m2,-0.11153259410988275,0.10505504624910207,False
1,S01-B01,S01-B01-C1052,1051,S01-P008,baseline,coefficient,twfe,,e0,0.071386615498348988,0.11170692472933585,False
1,S01-B01,S01-B01-C1053,1052,S01-P008,baseline,coefficient,twfe,,ge_p1,-0.14123272095765582,0.13947229845051326,False
1,S01-B01,S01-B01-C1054,1053,S01-P008,baseline,coefficient,twfe,,m1_reference,0,0,False
1,S01-B01,S01-B01-C1055,1054,S01-P008,baseline,post,twfe,,,-0.034923052729653417,0.11721483837225567,True
1,S01-B01,S01-B01-C1056,1055,S01-P008,baseline,pre,twfe,,,-0.11153259410988275,0.10505504624910207,False
1,S01-B01,S01-B01-C1057,1056,S01-P008,baseline,coefficient,csa,,le_m2,-0.30469563061642402,0.18681297506555017,False
1,S01-B01,S01-B01-C1058,1057,S01-P008,baseline,coefficient,csa,,e0,0.027692477970772754,0.14350258115878006,False
1,S01-B01,S01-B01-C1059,1058,S01-P008,baseline,coefficient,csa,,ge_p1,-0.093829846174410966,0.21085005952708261,False
1,S01-B01,S01-B01-C1060,1059,S01-P008,baseline,coefficient,csa,,m1_reference,0,0,False
1,S01-B01,S01-B01-C1061,1060,S01-P008,baseline,post,csa,,,-0.03306868410181911,0.15132818454098321,True
1,S01-B01,S01-B01-C1062,1061,S01-P008,baseline,pre,csa,,,-0.30469563061642402,0.18681297506555017,False
1,S01-B01,S01-B01-C1063,1062,S01-P008,baseline,coefficient,bjs,,le_m2,-0.36429336394710438,0.17633364153135006,False
1,S01-B01,S01-B01-C1064,1063,S01-P008,baseline,coefficient,bjs,,e0,0.13821567628256021,0.17684876016768927,False
1,S01-B01,S01-B01-C1065,1064,S01-P008,baseline,coefficient,bjs,,ge_p1,-0.042289385426138908,0.22034332279680963,False
1,S01-B01,S01-B01-C1066,1065,S01-P008,baseline,coefficient,bjs,,m1_reference,0,0,False
1,S01-B01,S01-B01-C1067,1066,S01-P008,baseline,post,bjs,,,0.047963145428210646,0.16614249178038237,True
1,S01-B01,S01-B01-C1068,1067,S01-P008,baseline,pre,bjs,,,-0.36429336394710438,0.17633364153135006,False
1,S01-B01,S01-B01-C1069,1068,S01-P008,aligned_samples,post,twfe,csa,,0.08812437800873571,0.16566287142760408,True
1,S01-B01,S01-B01-C1070,1069,S01-P008,aligned_samples,post,twfe,bjs,,0.08812437800873571,0.16566287142760408,False
1,S01-B01,S01-B01-C1071,1070,S01-P008,archived_alignment_A,post,twfe,csa,,0.08812437800873571,0.16566287142760408,False
1,S01-B01,S01-B01-C1072,1071,S01-P008,aligned_samples,pre,twfe,csa,,-0.40234250293032892,0.16817084460101941,False
1,S01-B01,S01-B01-C1073,1072,S01-P008,aligned_samples,pre,twfe,bjs,,-0.36429336394710116,0.17633364153135003,False
1,S01-B01,S01-B01-C1074,1073,S01-P008,archived_alignment_A,pre,twfe,csa,,-0.36429336394710116,0.17633364153135003,False
1,S01-B01,S01-B01-C1075,1074,S01-P009,baseline,coefficient,published_native,,le_m2,-0.043555567543276899,0.11308227426527211,False
1,S01-B01,S01-B01-C1076,1075,S01-P009,baseline,coefficient,published_native,,e0,-0.15654133853533397,0.099677819139241147,False
1,S01-B01,S01-B01-C1077,1076,S01-P009,baseline,coefficient,published_native,,ge_p1,-0.34588111053855591,0.12813308552717287,False
1,S01-B01,S01-B01-C1078,1077,S01-P009,baseline,coefficient,published_native,,m1_reference,0,0,False
1,S01-B01,S01-B01-C1079,1078,S01-P009,baseline,post,published_native,,,-0.25121122453694494,0.10543635485156809,False
1,S01-B01,S01-B01-C1080,1079,S01-P009,baseline,pre,published_native,,,-0.043555567543276899,0.11308227426527211,False
1,S01-B01,S01-B01-C1081,1080,S01-P009,baseline,coefficient,twfe,,le_m2,-0.043555567543276899,0.11308227426527211,False
1,S01-B01,S01-B01-C1082,1081,S01-P009,baseline,coefficient,twfe,,e0,-0.15654133853533397,0.099677819139241147,False
1,S01-B01,S01-B01-C1083,1082,S01-P009,baseline,coefficient,twfe,,ge_p1,-0.34588111053855591,0.12813308552717287,False
1,S01-B01,S01-B01-C1084,1083,S01-P009,baseline,coefficient,twfe,,m1_reference,0,0,False
1,S01-B01,S01-B01-C1085,1084,S01-P009,baseline,post,twfe,,,-0.25121122453694494,0.10543635485156809,True
1,S01-B01,S01-B01-C1086,1085,S01-P009,baseline,pre,twfe,,,-0.043555567543276899,0.11308227426527211,False
1,S01-B01,S01-B01-C1087,1086,S01-P009,baseline,coefficient,csa,,le_m2,-0.11973404335759678,0.22079591100879192,False
1,S01-B01,S01-B01-C1088,1087,S01-P009,baseline,coefficient,csa,,e0,-0.13590465248585273,0.14228832781636244,False
1,S01-B01,S01-B01-C1089,1088,S01-P009,baseline,coefficient,csa,,ge_p1,-0.30130942369253105,0.20371738547647233,False
1,S01-B01,S01-B01-C1090,1089,S01-P009,baseline,coefficient,csa,,m1_reference,0,0,False
1,S01-B01,S01-B01-C1091,1090,S01-P009,baseline,post,csa,,,-0.21860703808919191,0.14950577743228202,True
1,S01-B01,S01-B01-C1092,1091,S01-P009,baseline,pre,csa,,,-0.11973404335759678,0.22079591100879192,False
1,S01-B01,S01-B01-C1093,1092,S01-P009,baseline,coefficient,bjs,,le_m2,-0.047009385312844251,0.22600049967773048,False
1,S01-B01,S01-B01-C1094,1093,S01-P009,baseline,coefficient,bjs,,e0,-0.11437111190087697,0.15558633837659783,False
1,S01-B01,S01-B01-C1095,1094,S01-P009,baseline,coefficient,bjs,,ge_p1,-0.34171560882140045,0.17610256250150746,False
1,S01-B01,S01-B01-C1096,1095,S01-P009,baseline,coefficient,bjs,,m1_reference,0,0,False
1,S01-B01,S01-B01-C1097,1096,S01-P009,baseline,post,bjs,,,-0.2280433603611387,0.14436670213141781,True
1,S01-B01,S01-B01-C1098,1097,S01-P009,baseline,pre,bjs,,,-0.047009385312844251,0.22600049967773048,False
1,S01-B01,S01-B01-C1099,1098,S01-P009,aligned_samples,post,twfe,csa,,-0.11750982044945489,0.16415077484405588,True
1,S01-B01,S01-B01-C1100,1099,S01-P009,aligned_samples,post,twfe,bjs,,-0.11750982044945489,0.16415077484405588,False
1,S01-B01,S01-B01-C1101,1100,S01-P009,archived_alignment_A,post,twfe,csa,,-0.11750982044945489,0.16415077484405588,False
1,S01-B01,S01-B01-C1102,1101,S01-P009,aligned_samples,pre,twfe,csa,,-0.034184041708800413,0.23053294320399451,False
1,S01-B01,S01-B01-C1103,1102,S01-P009,aligned_samples,pre,twfe,bjs,,-0.047009385312844244,0.22600049967773045,False
1,S01-B01,S01-B01-C1104,1103,S01-P009,archived_alignment_A,pre,twfe,csa,,-0.047009385312844244,0.22600049967773045,False
1,S01-B01,S01-B01-C1105,1104,S01-P010,baseline,coefficient,published_native,,le_m2,-0.14718430442826799,0.085682566874578467,False
1,S01-B01,S01-B01-C1106,1105,S01-P010,baseline,coefficient,published_native,,e0,0.061610364106167922,0.090093317727470659,False
1,S01-B01,S01-B01-C1107,1106,S01-P010,baseline,coefficient,published_native,,ge_p1,0.04594437569651031,0.12880289541419018,False
1,S01-B01,S01-B01-C1108,1107,S01-P010,baseline,coefficient,published_native,,m1_reference,0,0,False
1,S01-B01,S01-B01-C1109,1108,S01-P010,baseline,post,published_native,,,0.05377736990133912,0.10092906541907082,False
1,S01-B01,S01-B01-C1110,1109,S01-P010,baseline,pre,published_native,,,-0.14718430442826799,0.085682566874578467,False
1,S01-B01,S01-B01-C1111,1110,S01-P010,baseline,coefficient,twfe,,le_m2,-0.14718430442826799,0.085682566874578467,False
1,S01-B01,S01-B01-C1112,1111,S01-P010,baseline,coefficient,twfe,,e0,0.061610364106167922,0.090093317727470659,False
1,S01-B01,S01-B01-C1113,1112,S01-P010,baseline,coefficient,twfe,,ge_p1,0.04594437569651031,0.12880289541419018,False
1,S01-B01,S01-B01-C1114,1113,S01-P010,baseline,coefficient,twfe,,m1_reference,0,0,False
1,S01-B01,S01-B01-C1115,1114,S01-P010,baseline,post,twfe,,,0.05377736990133912,0.10092906541907082,True
1,S01-B01,S01-B01-C1116,1115,S01-P010,baseline,pre,twfe,,,-0.14718430442826799,0.085682566874578467,False
1,S01-B01,S01-B01-C1117,1116,S01-P010,baseline,coefficient,csa,,le_m2,-0.25757600227584609,0.14694752383731874,False
1,S01-B01,S01-B01-C1118,1117,S01-P010,baseline,coefficient,csa,,e0,-0.010264212477988564,0.12264137834582087,False
1,S01-B01,S01-B01-C1119,1118,S01-P010,baseline,coefficient,csa,,ge_p1,0.022070071555436402,0.13817424403170114,False
1,S01-B01,S01-B01-C1120,1119,S01-P010,baseline,coefficient,csa,,m1_reference,0,0,False
1,S01-B01,S01-B01-C1121,1120,S01-P010,baseline,post,csa,,,0.0059029295387239191,0.11065028433768792,True
1,S01-B01,S01-B01-C1122,1121,S01-P010,baseline,pre,csa,,,-0.25757600227584609,0.14694752383731874,False
1,S01-B01,S01-B01-C1123,1122,S01-P010,baseline,coefficient,bjs,,le_m2,-0.2633351502344915,0.12905949515939896,False
1,S01-B01,S01-B01-C1124,1123,S01-P010,baseline,coefficient,bjs,,e0,0.068253784347078572,0.11837158364006711,False
1,S01-B01,S01-B01-C1125,1124,S01-P010,baseline,coefficient,bjs,,ge_p1,0.019522089494279957,0.14086456530968847,False
1,S01-B01,S01-B01-C1126,1125,S01-P010,baseline,coefficient,bjs,,m1_reference,0,0,False
1,S01-B01,S01-B01-C1127,1126,S01-P010,baseline,post,bjs,,,0.043887936920679264,0.1048595391132931,True
1,S01-B01,S01-B01-C1128,1127,S01-P010,baseline,pre,bjs,,,-0.2633351502344915,0.12905949515939896,False
1,S01-B01,S01-B01-C1129,1128,S01-P010,aligned_samples,post,twfe,csa,,0.23523960758132653,0.11331012058273046,True
1,S01-B01,S01-B01-C1130,1129,S01-P010,aligned_samples,post,twfe,bjs,,0.23523960758132653,0.11331012058273046,False
1,S01-B01,S01-B01-C1131,1130,S01-P010,archived_alignment_A,post,twfe,csa,,0.23523960758132653,0.11331012058273046,False
1,S01-B01,S01-B01-C1132,1131,S01-P010,aligned_samples,pre,twfe,csa,,-0.2396699521055819,0.13019827724050531,False
1,S01-B01,S01-B01-C1133,1132,S01-P010,aligned_samples,pre,twfe,bjs,,-0.26333515023449172,0.12905949515939899,False
1,S01-B01,S01-B01-C1134,1133,S01-P010,archived_alignment_A,pre,twfe,csa,,-0.26333515023449172,0.12905949515939899,False
1,S01-B01,S01-B01-C1135,1134,S01-P011,baseline,coefficient,published_native,,le_m2,-0.056445472141474003,0.079503356201501341,False
1,S01-B01,S01-B01-C1136,1135,S01-P011,baseline,coefficient,published_native,,e0,0.19830742843027027,0.077652258942551178,False
1,S01-B01,S01-B01-C1137,1136,S01-P011,baseline,coefficient,published_native,,ge_p1,0.20323227485287793,0.10599382691816626,False
1,S01-B01,S01-B01-C1138,1137,S01-P011,baseline,coefficient,published_native,,m1_reference,0,0,False
1,S01-B01,S01-B01-C1139,1138,S01-P011,baseline,post,published_native,,,0.2007698516415741,0.085299271515275554,False
1,S01-B01,S01-B01-C1140,1139,S01-P011,baseline,pre,published_native,,,-0.056445472141474003,0.079503356201501341,False
1,S01-B01,S01-B01-C1141,1140,S01-P011,baseline,coefficient,twfe,,le_m2,-0.056445472141474003,0.079503356201501341,False
1,S01-B01,S01-B01-C1142,1141,S01-P011,baseline,coefficient,twfe,,e0,0.19830742843027027,0.077652258942551178,False
1,S01-B01,S01-B01-C1143,1142,S01-P011,baseline,coefficient,twfe,,ge_p1,0.20323227485287793,0.10599382691816626,False
1,S01-B01,S01-B01-C1144,1143,S01-P011,baseline,coefficient,twfe,,m1_reference,0,0,False
1,S01-B01,S01-B01-C1145,1144,S01-P011,baseline,post,twfe,,,0.2007698516415741,0.085299271515275554,True
1,S01-B01,S01-B01-C1146,1145,S01-P011,baseline,pre,twfe,,,-0.056445472141474003,0.079503356201501341,False
1,S01-B01,S01-B01-C1147,1146,S01-P011,baseline,coefficient,csa,,le_m2,0.040628451525892013,0.21786434423840495,False
1,S01-B01,S01-B01-C1148,1147,S01-P011,baseline,coefficient,csa,,e0,0.13847776573754073,0.15009665462449731,False
1,S01-B01,S01-B01-C1149,1148,S01-P011,baseline,coefficient,csa,,ge_p1,0.058110880885788904,0.19665543487932532,False
1,S01-B01,S01-B01-C1150,1149,S01-P011,baseline,coefficient,csa,,m1_reference,0,0,False
1,S01-B01,S01-B01-C1151,1150,S01-P011,baseline,post,csa,,,0.098294323311664822,0.14731131008933177,True
1,S01-B01,S01-B01-C1152,1151,S01-P011,baseline,pre,csa,,,0.040628451525892013,0.21786434423840495,False
1,S01-B01,S01-B01-C1153,1152,S01-P011,baseline,coefficient,bjs,,le_m2,-0.017201538488877573,0.15694712672923961,False
1,S01-B01,S01-B01-C1154,1153,S01-P011,baseline,coefficient,bjs,,e0,0.15010843624902767,0.11244770874908364,False
1,S01-B01,S01-B01-C1155,1154,S01-P011,baseline,coefficient,bjs,,ge_p1,0.11953926018294929,0.15910559240890104,False
1,S01-B01,S01-B01-C1156,1155,S01-P011,baseline,coefficient,bjs,,m1_reference,0,0,False
1,S01-B01,S01-B01-C1157,1156,S01-P011,baseline,post,bjs,,,0.13482384821598847,0.12158909583058049,True
1,S01-B01,S01-B01-C1158,1157,S01-P011,baseline,pre,bjs,,,-0.017201538488877573,0.15694712672923961,False
1,S01-B01,S01-B01-C1159,1158,S01-P011,aligned_samples,post,twfe,csa,,0.17089021104732105,0.12773713506294376,True
1,S01-B01,S01-B01-C1160,1159,S01-P011,aligned_samples,post,twfe,bjs,,0.17089021104732105,0.12773713506294376,False
1,S01-B01,S01-B01-C1161,1160,S01-P011,archived_alignment_A,post,twfe,csa,,0.17089021104732105,0.12773713506294376,False
1,S01-B01,S01-B01-C1162,1161,S01-P011,aligned_samples,pre,twfe,csa,,-0.001529574075396395,0.16352730798269927,False
1,S01-B01,S01-B01-C1163,1162,S01-P011,aligned_samples,pre,twfe,bjs,,-0.017201538488877555,0.15694712672923958,False
1,S01-B01,S01-B01-C1164,1163,S01-P011,archived_alignment_A,pre,twfe,csa,,-0.017201538488877555,0.15694712672923958,False
1,S01-B01,S01-B01-C1165,1164,S01-P012,baseline,coefficient,published_native,,le_m2,-0.062114088320455244,0.084278083958990696,False
1,S01-B01,S01-B01-C1166,1165,S01-P012,baseline,coefficient,published_native,,e0,0.00024106046666141624,0.087156624510581968,False
1,S01-B01,S01-B01-C1167,1166,S01-P012,baseline,coefficient,published_native,,ge_p1,-0.073910203074936912,0.11144739364970056,False
1,S01-B01,S01-B01-C1168,1167,S01-P012,baseline,coefficient,published_native,,m1_reference,0,0,False
1,S01-B01,S01-B01-C1169,1168,S01-P012,baseline,post,published_native,,,-0.036834571304137746,0.085589270533661374,False
1,S01-B01,S01-B01-C1170,1169,S01-P012,baseline,pre,published_native,,,-0.062114088320455244,0.084278083958990696,False
1,S01-B01,S01-B01-C1171,1170,S01-P012,baseline,coefficient,twfe,,le_m2,-0.062114088320455244,0.084278083958990696,False
1,S01-B01,S01-B01-C1172,1171,S01-P012,baseline,coefficient,twfe,,e0,0.00024106046666141624,0.087156624510581968,False
1,S01-B01,S01-B01-C1173,1172,S01-P012,baseline,coefficient,twfe,,ge_p1,-0.073910203074936912,0.11144739364970056,False
1,S01-B01,S01-B01-C1174,1173,S01-P012,baseline,coefficient,twfe,,m1_reference,0,0,False
1,S01-B01,S01-B01-C1175,1174,S01-P012,baseline,post,twfe,,,-0.036834571304137746,0.085589270533661374,True
1,S01-B01,S01-B01-C1176,1175,S01-P012,baseline,pre,twfe,,,-0.062114088320455244,0.084278083958990696,False
1,S01-B01,S01-B01-C1177,1176,S01-P012,baseline,coefficient,csa,,le_m2,-0.070164513625679256,0.15478871693150106,False
1,S01-B01,S01-B01-C1178,1177,S01-P012,baseline,coefficient,csa,,e0,-0.018486533016177129,0.12454417942008197,False
1,S01-B01,S01-B01-C1179,1178,S01-P012,baseline,coefficient,csa,,ge_p1,-0.22593667363591194,0.11885954219942528,False
1,S01-B01,S01-B01-C1180,1179,S01-P012,baseline,coefficient,csa,,m1_reference,0,0,False
1,S01-B01,S01-B01-C1181,1180,S01-P012,baseline,post,csa,,,-0.12221160332604453,0.097566190627157531,True
1,S01-B01,S01-B01-C1182,1181,S01-P012,baseline,pre,csa,,,-0.070164513625679256,0.15478871693150106,False
1,S01-B01,S01-B01-C1183,1182,S01-P012,baseline,coefficient,bjs,,le_m2,0.0089937277423536161,0.11401437643090807,False
1,S01-B01,S01-B01-C1184,1183,S01-P012,baseline,coefficient,bjs,,e0,-0.0121903190233632,0.11492602240395547,False
1,S01-B01,S01-B01-C1185,1184,S01-P012,baseline,coefficient,bjs,,ge_p1,-0.2662817058427796,0.10968094304769085,False
1,S01-B01,S01-B01-C1186,1185,S01-P012,baseline,coefficient,bjs,,m1_reference,0,0,False
1,S01-B01,S01-B01-C1187,1186,S01-P012,baseline,post,bjs,,,-0.1392360124330714,0.088607696255460347,True
1,S01-B01,S01-B01-C1188,1187,S01-P012,baseline,pre,bjs,,,0.0089937277423536161,0.11401437643090807,False
1,S01-B01,S01-B01-C1189,1188,S01-P012,aligned_samples,post,twfe,csa,,-0.0834754413372851,0.10966436418715676,True
1,S01-B01,S01-B01-C1190,1189,S01-P012,aligned_samples,post,twfe,bjs,,-0.0834754413372851,0.10966436418715676,False
1,S01-B01,S01-B01-C1191,1190,S01-P012,archived_alignment_A,post,twfe,csa,,-0.0834754413372851,0.10966436418715676,False
1,S01-B01,S01-B01-C1192,1191,S01-P012,aligned_samples,pre,twfe,csa,,0.012985714872670345,0.11729970851128137,False
1,S01-B01,S01-B01-C1193,1192,S01-P012,aligned_samples,pre,twfe,bjs,,0.0089937277423550108,0.11401437643090806,False
1,S01-B01,S01-B01-C1194,1193,S01-P012,archived_alignment_A,pre,twfe,csa,,0.0089937277423550108,0.11401437643090806,False
2,S02-B01,S02-B01-C0001,0,S02-P021,baseline,static,twfe,,,0.010795910937978315,0.034464997263409757,True
2,S02-B01,S02-B01-C0002,1,S02-P021,baseline,static,csa,,,-0.06088710587955494,0.03934891365929287,True
2,S02-B01,S02-B01-C0003,2,S02-P021,archived_alignment_A,static,twfe,csa,,0.010795702407456599,0.034464956646851605,False
2,S02-B01,S02-B01-C0004,3,S02-P021,aligned_samples,static,twfe,csa,,0.0069219992618691304,0.034498124014832918,True
2,S02-B01,S02-B01-C0005,4,S02-P021,baseline,static,bjs,,,0.0027850970633702512,0.040620336542972604,True
2,S02-B01,S02-B01-C0006,5,S02-P021,aligned_samples,static,twfe,bjs,,0.010786218204448231,0.034477815429087288,True
2,S02-B02,S02-B02-C0001,0,S02-P005,baseline,static,twfe,,,-0.25440986170827229,0.064553156970070719,True
2,S02-B02,S02-B02-C0002,1,S02-P005,baseline,static,csa,,,-0.27450603558315706,0.079009016544909938,True
2,S02-B02,S02-B02-C0003,2,S02-P005,archived_alignment_A,static,twfe,csa,,-0.25406704909830141,0.065637319454474652,False
2,S02-B02,S02-B02-C0004,3,S02-P005,aligned_samples,static,twfe,csa,,-0.25426642000256966,0.084433366317834227,True
2,S02-B02,S02-B02-C0005,4,S02-P005,baseline,static,bjs,,,-0.33212500284855584,0.10485798161959722,True
2,S02-B02,S02-B02-C0006,5,S02-P005,aligned_samples,static,twfe,bjs,,-0.25410527287214091,0.064290325736693368,True
2,S02-B02,S02-B02-C0007,6,S02-P004,baseline,static,twfe,,,-0.13755689670757285,0.046483512927028098,True
2,S02-B02,S02-B02-C0008,7,S02-P004,baseline,static,csa,,,-0.0012616929578440324,0.0389213641252888,True
2,S02-B02,S02-B02-C0009,8,S02-P004,archived_alignment_A,static,twfe,csa,,-0.13990360848060063,0.046226342502510023,False
2,S02-B02,S02-B02-C0010,9,S02-P004,aligned_samples,static,twfe,csa,,-0.065930708603856067,0.032677047918839519,True
2,S02-B02,S02-B02-C0011,10,S02-P004,baseline,static,bjs,,,-0.16733591086402549,0.062941941821725411,True
2,S02-B02,S02-B02-C0012,11,S02-P004,aligned_samples,static,twfe,bjs,,-0.13745208507209439,0.046249842624283902,True
2,S02-B02,S02-B02-C0013,12,S02-P001,baseline,static,twfe,,,-0.096799464169344832,0.03992959950599332,True
2,S02-B02,S02-B02-C0014,13,S02-P001,baseline,static,csa,,,0.012445613281771203,0.038970808899756806,True
2,S02-B02,S02-B02-C0015,14,S02-P001,archived_alignment_A,static,twfe,csa,,-0.096798919943038728,0.039929948147605553,False
2,S02-B02,S02-B02-C0016,15,S02-P001,aligned_samples,static,twfe,csa,,-0.0056822618009816188,0.026139531914216363,True
2,S02-B02,S02-B02-C0017,16,S02-P001,baseline,static,bjs,,,-0.11304936398167499,0.053067152329361218,True
2,S02-B02,S02-B02-C0018,17,S02-P001,aligned_samples,static,twfe,bjs,,-0.096615971894370614,0.039796470747484727,True
2,S02-B02,S02-B02-C0019,18,S02-P002,baseline,static,twfe,,,-0.21113054322374883,0.13913310727342768,True
2,S02-B02,S02-B02-C0020,19,S02-P002,baseline,static,csa,,,-0.031296249740273265,0.049171568505039391,True
2,S02-B02,S02-B02-C0021,20,S02-P002,archived_alignment_A,static,twfe,csa,,-0.21113054322374883,0.13913310727342768,False
2,S02-B02,S02-B02-C0022,21,S02-P002,aligned_samples,static,twfe,csa,,-0.07347289809285612,0.065294742347238338,True
2,S02-B02,S02-B02-C0023,22,S02-P002,baseline,static,bjs,,,-0.21093619796818525,0.14732070149191862,True
2,S02-B02,S02-B02-C0024,23,S02-P002,aligned_samples,static,twfe,bjs,,-0.21113054322374905,0.13913310727342765,True
2,S02-B02,S02-B02-C0025,24,S02-P003,baseline,static,twfe,,,-0.27681013131674809,0.078663302352835182,True
2,S02-B02,S02-B02-C0026,25,S02-P003,baseline,static,csa,,,-0.24545783667650509,0.091069248122973873,True
2,S02-B02,S02-B02-C0027,26,S02-P003,archived_alignment_A,static,twfe,csa,,-0.27565210968840831,0.07986283264734019,False
2,S02-B02,S02-B02-C0028,27,S02-P003,aligned_samples,static,twfe,csa,,-0.28706210810641353,0.10040378587984555,True
2,S02-B02,S02-B02-C0029,28,S02-P003,baseline,static,bjs,,,-0.35266179554455679,0.12337986867747534,True
2,S02-B02,S02-B02-C0030,29,S02-P003,aligned_samples,static,twfe,bjs,,-0.27675194103142653,0.078622566711695208,True
2,S02-B02,S02-B02-C0031,30,S02-P020,baseline,static,twfe,,,-0.027004148136156876,0.0082681098634330256,True
2,S02-B02,S02-B02-C0032,31,S02-P020,baseline,static,csa,,,-0.044659813879835739,0.039594938239254744,True
2,S02-B02,S02-B02-C0033,32,S02-P020,archived_alignment_A,static,twfe,csa,,-0.025612074008812505,0.0080952440213412618,False
2,S02-B02,S02-B02-C0034,33,S02-P020,aligned_samples,static,twfe,csa,,-0.017319558122169385,0.0096878644201042093,True
2,S02-B02,S02-B02-C0035,34,S02-P020,baseline,static,bjs,,,-0.019738496589255927,0.0092253053066539033,True
2,S02-B02,S02-B02-C0036,35,S02-P020,aligned_samples,static,twfe,bjs,,-0.027024583157665098,0.0081559251286524078,True
2,S02-B02,S02-B02-C0037,36,S02-P019,baseline,static,twfe,,,-0.025791258435499089,0.010524256019974461,True
2,S02-B02,S02-B02-C0038,37,S02-P019,baseline,static,csa,,,-0.064522086697508155,0.052787702664483446,True
2,S02-B02,S02-B02-C0039,38,S02-P019,archived_alignment_A,static,twfe,csa,,-0.02576798574405971,0.010460238494724446,False
2,S02-B02,S02-B02-C0040,39,S02-P019,aligned_samples,static,twfe,csa,,-0.018581022687989866,0.011796127736503632,True
2,S02-B02,S02-B02-C0041,40,S02-P019,baseline,static,bjs,,,-0.02731646496560379,0.015739933006936425,True
2,S02-B02,S02-B02-C0042,41,S02-P019,aligned_samples,static,twfe,bjs,,-0.025646428888032126,0.010494508673616513,True
2,S02-B02,S02-B02-C0043,42,S02-P016,baseline,static,twfe,,,-0.030835780731714224,0.011579835089947402,True
2,S02-B02,S02-B02-C0044,43,S02-P016,baseline,static,csa,,,-0.099202786544669533,0.055148434885571029,True
2,S02-B02,S02-B02-C0045,44,S02-P016,archived_alignment_A,static,twfe,csa,,-0.030835780731714224,0.011579835089947402,False
2,S02-B02,S02-B02-C0046,45,S02-P016,aligned_samples,static,twfe,csa,,-0.02406004332857168,0.01281559264429937,True
2,S02-B02,S02-B02-C0047,46,S02-P016,baseline,static,bjs,,,-0.051291102387261887,0.016240504669830888,True
2,S02-B02,S02-B02-C0048,47,S02-P016,aligned_samples,static,twfe,bjs,,-0.030750234532638258,0.011565643894383627,True
2,S02-B02,S02-B02-C0049,48,S02-P017,baseline,static,twfe,,,-0.025646482062219592,0.012656332819527336,True
2,S02-B02,S02-B02-C0050,49,S02-P017,baseline,static,csa,,,0.014301269089937462,0.068337220274488047,True
2,S02-B02,S02-B02-C0051,50,S02-P017,archived_alignment_A,static,twfe,csa,,-0.025646482062219797,0.012656332819527329,False
2,S02-B02,S02-B02-C0052,51,S02-P017,aligned_samples,static,twfe,csa,,-0.02275716519259972,0.012566819783670635,True
2,S02-B02,S02-B02-C0053,52,S02-P017,baseline,static,bjs,,,-0.027389280582845472,0.011251208047087128,True
2,S02-B02,S02-B02-C0054,53,S02-P017,aligned_samples,static,twfe,bjs,,-0.025646482062219908,0.012656332819527326,True
2,S02-B02,S02-B02-C0055,54,S02-P018,baseline,static,twfe,,,-0.031382691622902373,0.0094642453840001958,True
2,S02-B02,S02-B02-C0056,55,S02-P018,baseline,static,csa,,,-0.026574957613744798,0.043210253949938132,True
2,S02-B02,S02-B02-C0057,56,S02-P018,archived_alignment_A,static,twfe,csa,,-0.030134101446503806,0.0092689419629305853,False
2,S02-B02,S02-B02-C0058,57,S02-P018,aligned_samples,static,twfe,csa,,-0.016728725406266725,0.010596881645105966,True
2,S02-B02,S02-B02-C0059,58,S02-P018,baseline,static,bjs,,,-0.022161708529788417,0.011465310231948314,True
2,S02-B02,S02-B02-C0060,59,S02-P018,aligned_samples,static,twfe,bjs,,-0.031340325279686297,0.0094208910612341643,True
2,S02-B02,S02-B02-C0061,60,S02-P010,baseline,static,twfe,,,-0.15187462114543143,0.031431981218239299,True
2,S02-B02,S02-B02-C0062,61,S02-P010,baseline,static,csa,,,-0.076081167732542643,0.031606178837036071,True
2,S02-B02,S02-B02-C0063,62,S02-P010,archived_alignment_A,static,twfe,csa,,-0.15550417889399656,0.032427775320682778,False
2,S02-B02,S02-B02-C0064,63,S02-P010,aligned_samples,static,twfe,csa,,-0.13205070199157473,0.037333029202793286,True
2,S02-B02,S02-B02-C0065,64,S02-P010,baseline,static,bjs,,,-0.19642524359952193,0.039062928479838076,True
2,S02-B02,S02-B02-C0066,65,S02-P010,aligned_samples,static,twfe,bjs,,-0.15156448451439131,0.031279492953714107,True
2,S02-B02,S02-B02-C0067,66,S02-P009,baseline,static,twfe,,,-0.079697112173354803,0.035374081299408451,True
2,S02-B02,S02-B02-C0068,67,S02-P009,baseline,static,csa,,,0.010695038597375564,0.051628069882797285,True
2,S02-B02,S02-B02-C0069,68,S02-P009,archived_alignment_A,static,twfe,csa,,-0.084651457132353614,0.035120215485478147,False
2,S02-B02,S02-B02-C0070,69,S02-P009,aligned_samples,static,twfe,csa,,-0.062051639387912791,0.033418744598344208,True
2,S02-B02,S02-B02-C0071,70,S02-P009,baseline,static,bjs,,,-0.081775156404647484,0.041860078232998039,True
2,S02-B02,S02-B02-C0072,71,S02-P009,aligned_samples,static,twfe,bjs,,-0.079331834296806195,0.035376569418264447,True
2,S02-B02,S02-B02-C0073,72,S02-P006,baseline,static,twfe,,,-0.029801824693312856,0.025878112201409981,True
2,S02-B02,S02-B02-C0074,73,S02-P006,baseline,static,csa,,,0.08525896044912272,0.062006396667439928,True
2,S02-B02,S02-B02-C0075,74,S02-P006,archived_alignment_A,static,twfe,csa,,-0.029804060128142761,0.025888950661070671,False
2,S02-B02,S02-B02-C0076,75,S02-P006,aligned_samples,static,twfe,csa,,0.011889767462961351,0.033775567267906453,True
2,S02-B02,S02-B02-C0077,76,S02-P006,baseline,static,bjs,,,-0.052965356669209276,0.028415693503953725,True
2,S02-B02,S02-B02-C0078,77,S02-P006,aligned_samples,static,twfe,bjs,,-0.029798626193306657,0.025944930154729897,True
2,S02-B02,S02-B02-C0079,78,S02-P007,baseline,static,twfe,,,-0.20694867183147714,0.10093312390732982,True
2,S02-B02,S02-B02-C0080,79,S02-P007,baseline,static,csa,,,-0.082065455368849904,0.073491662175674571,True
2,S02-B02,S02-B02-C0081,80,S02-P007,archived_alignment_A,static,twfe,csa,,-0.20694867183147714,0.10093312390732982,False
2,S02-B02,S02-B02-C0082,81,S02-P007,aligned_samples,static,twfe,csa,,-0.13074520545832091,0.065028988751638567,True
2,S02-B02,S02-B02-C0083,82,S02-P007,baseline,static,bjs,,,-0.20110785390007954,0.11224112451448402,True
2,S02-B02,S02-B02-C0084,83,S02-P007,aligned_samples,static,twfe,bjs,,-0.20694867183147725,0.10093312390732979,True
2,S02-B02,S02-B02-C0085,84,S02-P008,baseline,static,twfe,,,-0.17421216214177315,0.039672949466530778,True
2,S02-B02,S02-B02-C0086,85,S02-P008,baseline,static,csa,,,-0.070543709042577687,0.040705038845486222,True
2,S02-B02,S02-B02-C0087,86,S02-P008,archived_alignment_A,static,twfe,csa,,-0.17794783790709998,0.0409502793662899,False
2,S02-B02,S02-B02-C0088,87,S02-P008,aligned_samples,static,twfe,csa,,-0.14881226389926905,0.046283907810406068,True
2,S02-B02,S02-B02-C0089,88,S02-P008,baseline,static,bjs,,,-0.21594481302343663,0.048036224537596962,True
2,S02-B02,S02-B02-C0090,89,S02-P008,aligned_samples,static,twfe,bjs,,-0.1741948759804407,0.039667033191455189,True
2,S02-B02,S02-B02-C0091,90,S02-P015,baseline,static,twfe,,,-0.22741402078749878,0.042682214449305866,True
2,S02-B02,S02-B02-C0092,91,S02-P015,baseline,static,csa,,,-0.24114407402719637,0.046833747309237464,True
2,S02-B02,S02-B02-C0093,92,S02-P015,archived_alignment_A,static,twfe,csa,,-0.22850594955092923,0.043269894068453156,False
2,S02-B02,S02-B02-C0094,93,S02-P015,aligned_samples,static,twfe,csa,,-0.21937996404721019,0.050608468372046203,True
2,S02-B02,S02-B02-C0095,94,S02-P015,baseline,static,bjs,,,-0.30410347877103783,0.060836851507151873,True
2,S02-B02,S02-B02-C0096,95,S02-P015,aligned_samples,static,twfe,bjs,,-0.22726664274932196,0.042483024124482481,True
2,S02-B02,S02-B02-C0097,96,S02-P014,baseline,static,twfe,,,-0.072545880495066675,0.040037507828177082,True
2,S02-B02,S02-B02-C0098,97,S02-P014,baseline,static,csa,,,0.080252352644924418,0.065189037318443749,True
2,S02-B02,S02-B02-C0099,98,S02-P014,archived_alignment_A,static,twfe,csa,,-0.076511972018314986,0.039819362201781075,False
2,S02-B02,S02-B02-C0100,99,S02-P014,aligned_samples,static,twfe,csa,,-0.03206060610408519,0.036656100211337424,True
2,S02-B02,S02-B02-C0101,100,S02-P014,baseline,static,bjs,,,-0.084132867573804615,0.054204751077104714,True
2,S02-B02,S02-B02-C0102,101,S02-P014,aligned_samples,static,twfe,bjs,,-0.072350383284352851,0.040037225321484848,True
2,S02-B02,S02-B02-C0103,102,S02-P011,baseline,static,twfe,,,-0.0084468541081036894,0.029940003711839407,True
2,S02-B02,S02-B02-C0104,103,S02-P011,baseline,static,csa,,,0.12780481992860876,0.073418655631440385,True
2,S02-B02,S02-B02-C0105,104,S02-P011,archived_alignment_A,static,twfe,csa,,-0.0084450248443232248,0.029941262107046365,False
2,S02-B02,S02-B02-C0106,105,S02-P011,aligned_samples,static,twfe,csa,,0.06676493260151474,0.036972304616485221,True
2,S02-B02,S02-B02-C0107,106,S02-P011,baseline,static,bjs,,,-0.024896351583438343,0.035095699764406449,True
2,S02-B02,S02-B02-C0108,107,S02-P011,aligned_samples,static,twfe,bjs,,-0.008357493264600363,0.029800715142580272,True
2,S02-B02,S02-B02-C0109,108,S02-P012,baseline,static,twfe,,,-0.2439969043383943,0.11753185753185126,True
2,S02-B02,S02-B02-C0110,109,S02-P012,baseline,static,csa,,,-0.064604276881188707,0.10515887104337904,True
2,S02-B02,S02-B02-C0111,110,S02-P012,archived_alignment_A,static,twfe,csa,,-0.2439969043383943,0.11753185753185126,False
2,S02-B02,S02-B02-C0112,111,S02-P012,aligned_samples,static,twfe,csa,,-0.11380849864535451,0.075486000022125369,True
2,S02-B02,S02-B02-C0113,112,S02-P012,baseline,static,bjs,,,-0.24687492215841716,0.14169749352858138,True
2,S02-B02,S02-B02-C0114,113,S02-P012,aligned_samples,static,twfe,bjs,,-0.24399690433839424,0.11753185753185123,True
2,S02-B02,S02-B02-C0115,114,S02-P013,baseline,static,twfe,,,-0.26739941997512645,0.051384561906761418,True
2,S02-B02,S02-B02-C0116,115,S02-P013,baseline,static,csa,,,-0.24566350420511238,0.05940419321856491,True
2,S02-B02,S02-B02-C0117,116,S02-P013,archived_alignment_A,static,twfe,csa,,-0.26962571044843109,0.052263421833574512,False
2,S02-B02,S02-B02-C0118,117,S02-P013,aligned_samples,static,twfe,csa,,-0.26353654169448387,0.060710158817095773,True
2,S02-B02,S02-B02-C0119,118,S02-P013,baseline,static,bjs,,,-0.34559344796720404,0.070157560813922396,True
2,S02-B02,S02-B02-C0120,119,S02-P013,aligned_samples,static,twfe,bjs,,-0.26729211468392988,0.051253138317521707,True
3,S03-B01,S03-B01-C0001,0,S03-P001,baseline,static,twfe,,,-0.043926543554463918,0.022779422303553565,True
3,S03-B01,S03-B01-C0002,1,S03-P001,baseline,static,csa,,,0.043738434245709036,0.14606918117683004,True
3,S03-B01,S03-B01-C0003,2,S03-P001,archived_alignment_A,static,twfe,csa,,-0.043919761389013157,0.02278056078582592,False
3,S03-B01,S03-B01-C0004,3,S03-P001,aligned_samples,static,twfe,csa,,0.014231620987968362,0.041281750758906041,True
3,S03-B01,S03-B01-C0005,4,S03-P001,baseline,static,bjs,,,-0.06038873434216728,0.030978804133040199,True
3,S03-B01,S03-B01-C0006,5,S03-P001,aligned_samples,static,twfe,bjs,,-0.043773838779040203,0.022763618207430975,True
3,S03-B01,S03-B01-C0007,6,S03-P002,baseline,static,twfe,,,-0.022226516241338094,0.019948124284475038,True
3,S03-B01,S03-B01-C0008,7,S03-P002,baseline,static,csa,,,0.12100473924906098,0.19085829836960527,True
3,S03-B01,S03-B01-C0009,8,S03-P002,archived_alignment_A,static,twfe,csa,,-0.02219035794119335,0.019945745410551507,False
3,S03-B01,S03-B01-C0010,9,S03-P002,aligned_samples,static,twfe,csa,,0.052927235002931158,0.05475551492456799,True
3,S03-B01,S03-B01-C0011,10,S03-P002,baseline,static,bjs,,,-0.039047626622231268,0.035481465222304123,True
3,S03-B01,S03-B01-C0012,11,S03-P002,aligned_samples,static,twfe,bjs,,-0.022073374413565144,0.019931002266420961,True
3,S03-B01,S03-B01-C0013,12,S03-P003,baseline,static,twfe,,,-0.047583481730345427,0.023945521551866054,True
3,S03-B01,S03-B01-C0014,13,S03-P003,baseline,static,csa,,,-0.0003491415336228026,0.13506474521196868,True
3,S03-B01,S03-B01-C0015,14,S03-P003,archived_alignment_A,static,twfe,csa,,-0.047581140327401544,0.023945249808252501,False
3,S03-B01,S03-B01-C0016,15,S03-P003,aligned_samples,static,twfe,csa,,-0.0015700631713040244,0.030636180029978609,True
3,S03-B01,S03-B01-C0017,16,S03-P003,baseline,static,bjs,,,-0.056997337802603458,0.032058187781475199,True
3,S03-B01,S03-B01-C0018,17,S03-P003,aligned_samples,static,twfe,bjs,,-0.047394877314322535,0.023923614367671077,True
3,S03-B01,S03-B01-C0019,18,S03-P004,baseline,static,twfe,,,-0.041281164840146725,0.020867856813073835,True
3,S03-B01,S03-B01-C0020,19,S03-P004,baseline,static,csa,,,0.03497436341177354,0.15826428672561826,True
3,S03-B01,S03-B01-C0021,20,S03-P004,archived_alignment_A,static,twfe,csa,,-0.041248067875511711,0.020868989129028778,False
3,S03-B01,S03-B01-C0022,21,S03-P004,aligned_samples,static,twfe,csa,,0.0083323941490883579,0.031853383229276139,True
3,S03-B01,S03-B01-C0023,22,S03-P004,baseline,static,bjs,,,-0.062400016296697607,0.028582587374777774,True
3,S03-B01,S03-B01-C0024,23,S03-P004,aligned_samples,static,twfe,bjs,,-0.041068466830925583,0.020800742639554063,True
3,S03-B01,S03-B01-C0025,24,S03-P007,baseline,static,twfe,,,-0.053577478411782578,0.023772036173379453,True
3,S03-B01,S03-B01-C0026,25,S03-P007,baseline,static,csa,,,-0.0066755589198619694,0.12994898753312839,True
3,S03-B01,S03-B01-C0027,26,S03-P007,archived_alignment_A,static,twfe,csa,,-0.053575551089264851,0.023771773258114755,False
3,S03-B01,S03-B01-C0028,27,S03-P007,aligned_samples,static,twfe,csa,,-0.013027895128885681,0.029815858493989551,True
3,S03-B01,S03-B01-C0029,28,S03-P007,baseline,static,bjs,,,-0.063901319550498867,0.032106621686881463,True
3,S03-B01,S03-B01-C0030,29,S03-P007,aligned_samples,static,twfe,bjs,,-0.05340019631008161,0.023753277804847279,True
3,S03-B01,S03-B01-C0031,30,S03-P008,baseline,static,twfe,,,-0.041069300319010495,0.020310620347211216,True
3,S03-B01,S03-B01-C0032,31,S03-P008,baseline,static,csa,,,0.022470068103398577,0.14846763541673905,True
3,S03-B01,S03-B01-C0033,32,S03-P008,archived_alignment_A,static,twfe,csa,,-0.041036095797846714,0.020312211498225149,False
3,S03-B01,S03-B01-C0034,33,S03-P008,aligned_samples,static,twfe,csa,,0.0033899436182379793,0.028730819907483,True
3,S03-B01,S03-B01-C0035,34,S03-P008,baseline,static,bjs,,,-0.063307024034874898,0.02664376125397503,True
3,S03-B01,S03-B01-C0036,35,S03-P008,aligned_samples,static,twfe,bjs,,-0.040866528744705706,0.020248502688699412,True
3,S03-B01,S03-B01-C0037,36,S03-P005,baseline,static,twfe,,,-0.041778251608031274,0.032960561226803416,True
3,S03-B01,S03-B01-C0038,37,S03-P005,baseline,static,csa,,,-0.1187372073873484,0.10383864022955791,True
3,S03-B01,S03-B01-C0039,38,S03-P005,archived_alignment_A,static,twfe,csa,,-0.041777379229463875,0.032959630286875735,False
3,S03-B01,S03-B01-C0040,39,S03-P005,aligned_samples,static,twfe,csa,,-0.030006214875569152,0.036945535690549938,True
3,S03-B01,S03-B01-C0041,40,S03-P005,baseline,static,bjs,,,-0.064471933911453144,0.048604921415175584,True
3,S03-B01,S03-B01-C0042,41,S03-P005,aligned_samples,static,twfe,bjs,,-0.041616599425677123,0.032906072259773683,True
3,S03-B01,S03-B01-C0043,42,S03-P006,baseline,static,twfe,,,-0.031850899957189399,0.02692587493161647,True
3,S03-B01,S03-B01-C0044,43,S03-P006,baseline,static,csa,,,-0.10234799960450323,0.10468363080305086,True
3,S03-B01,S03-B01-C0045,44,S03-P006,archived_alignment_A,static,twfe,csa,,-0.031805274467144228,0.026927932458895049,False
3,S03-B01,S03-B01-C0046,45,S03-P006,aligned_samples,static,twfe,csa,,-0.019446394063862307,0.031154741651049023,True
3,S03-B01,S03-B01-C0047,46,S03-P006,baseline,static,bjs,,,-0.070630491676295634,0.035932346490854444,True
3,S03-B01,S03-B01-C0048,47,S03-P006,aligned_samples,static,twfe,bjs,,-0.031796662111548961,0.026877902793011707,True
3,S03-B01,S03-B01-C0049,48,S03-P009,baseline,static,twfe,,,-0.10089424466320564,0.046826867354037897,True
3,S03-B01,S03-B01-C0050,49,S03-P009,baseline,static,csa,,,-0.075763694539862439,0.084804680525041837,True
3,S03-B01,S03-B01-C0051,50,S03-P009,archived_alignment_A,static,twfe,csa,,-0.10089040717669509,0.046824429372855282,False
3,S03-B01,S03-B01-C0052,51,S03-P009,aligned_samples,static,twfe,csa,,-0.025146593098601955,0.047745926618253463,True
3,S03-B01,S03-B01-C0053,52,S03-P009,baseline,static,bjs,,,-0.12055436157831084,0.057299203729034125,True
3,S03-B01,S03-B01-C0054,53,S03-P009,aligned_samples,static,twfe,bjs,,-0.10061589147590344,0.046687716433590536,True
3,S03-B01,S03-B01-C0055,54,S03-P010,baseline,static,twfe,,,-0.066271220480276574,0.042979829199913534,True
3,S03-B01,S03-B01-C0056,55,S03-P010,baseline,static,csa,,,0.015108503626800811,0.053366168008479722,True
3,S03-B01,S03-B01-C0057,56,S03-P010,archived_alignment_A,static,twfe,csa,,-0.066219038289053428,0.042977377576495786,False
3,S03-B01,S03-B01-C0058,57,S03-P010,aligned_samples,static,twfe,csa,,-0.022573171490212686,0.050973185749153528,True
3,S03-B01,S03-B01-C0059,58,S03-P010,baseline,static,bjs,,,-0.079255652939948934,0.04036974313153624,True
3,S03-B01,S03-B01-C0060,59,S03-P010,aligned_samples,static,twfe,bjs,,-0.066320360957225655,0.042859195054582258,True
3,S03-B01,S03-B01-C0061,60,S03-P011,baseline,static,twfe,,,-0.10245147488665664,0.048654378960183486,True
3,S03-B01,S03-B01-C0062,61,S03-P011,baseline,static,csa,,,-0.10605561114317723,0.082345265016267891,True
3,S03-B01,S03-B01-C0063,62,S03-P011,archived_alignment_A,static,twfe,csa,,-0.10244678870189568,0.048652024541240388,False
3,S03-B01,S03-B01-C0064,63,S03-P011,aligned_samples,static,twfe,csa,,-0.028354665421942343,0.050472208365902681,True
3,S03-B01,S03-B01-C0065,64,S03-P011,baseline,static,bjs,,,-0.1231697556548325,0.059979294002040238,True
3,S03-B01,S03-B01-C0066,65,S03-P011,aligned_samples,static,twfe,bjs,,-0.10215097706227133,0.048516660772855519,True
3,S03-B01,S03-B01-C0067,66,S03-P012,baseline,static,twfe,,,-0.069232777046375579,0.044951802739416666,True
3,S03-B01,S03-B01-C0068,67,S03-P012,baseline,static,csa,,,-0.054166527663617479,0.03804777047256544,True
3,S03-B01,S03-B01-C0069,68,S03-P012,archived_alignment_A,static,twfe,csa,,-0.069181990125673526,0.044948771525789084,False
3,S03-B01,S03-B01-C0070,69,S03-P012,aligned_samples,static,twfe,csa,,-0.029690713450999759,0.055059864615725214,True
3,S03-B01,S03-B01-C0071,70,S03-P012,baseline,static,bjs,,,-0.083709356651622893,0.041274803102336492,True
3,S03-B01,S03-B01-C0072,71,S03-P012,aligned_samples,static,twfe,bjs,,-0.069260819928363263,0.044809800415781309,True
3,S03-B01,S03-B01-C0073,72,S03-P015,baseline,static,twfe,,,-0.0998470580728444,0.047141560442987396,True
3,S03-B01,S03-B01-C0074,73,S03-P015,baseline,static,csa,,,-0.084506696774627743,0.084067103221670561,True
3,S03-B01,S03-B01-C0075,74,S03-P015,archived_alignment_A,static,twfe,csa,,-0.099843079207699428,0.047139054250193921,False
3,S03-B01,S03-B01-C0076,75,S03-P015,aligned_samples,static,twfe,csa,,-0.023552815844949899,0.048096870569394649,True
3,S03-B01,S03-B01-C0077,76,S03-P015,baseline,static,bjs,,,-0.11960085705263784,0.057765076345776184,True
3,S03-B01,S03-B01-C0078,77,S03-P015,aligned_samples,static,twfe,bjs,,-0.099564070040107214,0.047006570608523313,True
3,S03-B01,S03-B01-C0079,78,S03-P016,baseline,static,twfe,,,-0.066435320291861277,0.04395478681372917,True
3,S03-B01,S03-B01-C0080,79,S03-P016,baseline,static,csa,,,-0.00098335482711000731,0.050529881376282212,True
3,S03-B01,S03-B01-C0081,80,S03-P016,archived_alignment_A,static,twfe,csa,,-0.066382161055068112,0.043952171900317319,False
3,S03-B01,S03-B01-C0082,81,S03-P016,aligned_samples,static,twfe,csa,,-0.021728379100102297,0.052189811323216158,True
3,S03-B01,S03-B01-C0083,82,S03-P016,baseline,static,bjs,,,-0.079605602611674181,0.041572676247616881,True
3,S03-B01,S03-B01-C0084,83,S03-P016,aligned_samples,static,twfe,bjs,,-0.066478332220133982,0.043838607308160235,True
3,S03-B01,S03-B01-C0085,84,S03-P013,baseline,static,twfe,,,-0.093747560894888893,0.045292094810701462,True
3,S03-B01,S03-B01-C0086,85,S03-P013,baseline,static,csa,,,-0.078045217643146689,0.083893062075879737,True
3,S03-B01,S03-B01-C0087,86,S03-P013,archived_alignment_A,static,twfe,csa,,-0.093743047711513233,0.045289551843544829,False
3,S03-B01,S03-B01-C0088,87,S03-P013,aligned_samples,static,twfe,csa,,-0.021189064386016476,0.046300033652421663,True
3,S03-B01,S03-B01-C0089,88,S03-P013,baseline,static,bjs,,,-0.1140429638642743,0.055295190143263458,True
3,S03-B01,S03-B01-C0090,89,S03-P013,aligned_samples,static,twfe,bjs,,-0.093453697476681349,0.045152568696749572,True
3,S03-B01,S03-B01-C0091,90,S03-P014,baseline,static,twfe,,,-0.061510774098694009,0.042408948124906483,True
3,S03-B01,S03-B01-C0092,91,S03-P014,baseline,static,csa,,,-0.0033680148931965318,0.052724055411496322,True
3,S03-B01,S03-B01-C0093,92,S03-P014,archived_alignment_A,static,twfe,csa,,-0.061454624622617325,0.042406182610553456,False
3,S03-B01,S03-B01-C0094,93,S03-P014,aligned_samples,static,twfe,csa,,-0.019677583832369679,0.050379169894817409,True
3,S03-B01,S03-B01-C0095,94,S03-P014,baseline,static,bjs,,,-0.075540862226050498,0.039523649319634514,True
3,S03-B01,S03-B01-C0096,95,S03-P014,aligned_samples,static,twfe,bjs,,-0.06154589526716206,0.04228406352404164,True
4,S04-B01,S04-B01-C0001,0,S04-P001,baseline,static,published_native,,,0.00066728341985046609,0.019837310711775961,False
4,S04-B01,S04-B01-C0002,1,S04-P001,baseline,static,twfe,,,0.00066728341985046609,0.019837310711775961,True
4,S04-B01,S04-B01-C0003,2,S04-P001,baseline,static,csa,,,0.24671509675536651,0.049679788245202819,True
4,S04-B01,S04-B01-C0004,3,S04-P001,baseline,static,bjs,,,0.080807829949140944,0.036907813335938837,True
4,S04-B01,S04-B01-C0005,4,S04-P001,aligned_samples,static,twfe,csa,,0.00066728341985046609,0.019837310711775961,True
4,S04-B01,S04-B01-C0006,5,S04-P001,aligned_samples,static,csa,,,0.24671509675536651,0.049679788245202819,True
4,S04-B01,S04-B01-C0007,6,S04-P001,aligned_samples,static,twfe,bjs,,0.0006672834198513997,0.019837310711775965,False
4,S04-B01,S04-B01-C0008,7,S04-P001,aligned_samples,static,bjs,,,0.080807829949140944,0.036907813335938837,True
4,S04-B01,S04-B01-C0009,8,S04-P002,baseline,static,published_native,,,-0.25794448866196645,0.09448087158208901,False
4,S04-B01,S04-B01-C0010,9,S04-P002,baseline,static,twfe,,,-0.25794448866196645,0.09448087158208901,True
4,S04-B01,S04-B01-C0011,10,S04-P002,baseline,static,csa,,,-0.82364791786795077,0.06341860484663997,True
4,S04-B01,S04-B01-C0012,11,S04-P002,baseline,static,bjs,,,-0.80922935638235982,0.059645713829060844,True
4,S04-B01,S04-B01-C0013,12,S04-P002,aligned_samples,static,twfe,csa,,-0.25794448866196645,0.09448087158208901,True
4,S04-B01,S04-B01-C0014,13,S04-P002,aligned_samples,static,csa,,,-0.82364791786795077,0.06341860484663997,True
4,S04-B01,S04-B01-C0015,14,S04-P002,aligned_samples,static,twfe,bjs,,-0.25794448866196584,0.09448087158208901,False
4,S04-B01,S04-B01-C0016,15,S04-P002,aligned_samples,static,bjs,,,-0.80922935638235982,0.059645713829060844,True
4,S04-B01,S04-B01-C0017,16,S04-P003,baseline,static,published_native,,,-0.014031767677299143,0.087008056178936144,False
4,S04-B01,S04-B01-C0018,17,S04-P003,baseline,static,twfe,,,-0.014031767677299143,0.087008056178936144,True
4,S04-B01,S04-B01-C0019,18,S04-P003,baseline,static,csa,,,0.052784379571337955,0.11424125327481033,True
4,S04-B01,S04-B01-C0020,19,S04-P003,baseline,static,bjs,,,-0.0023118506480599974,0.10901241547640579,True
4,S04-B01,S04-B01-C0021,20,S04-P003,aligned_samples,static,twfe,csa,,-0.014031767677299143,0.087008056178936144,True
4,S04-B01,S04-B01-C0022,21,S04-P003,aligned_samples,static,csa,,,0.052784379571337955,0.11424125327481033,True
4,S04-B01,S04-B01-C0023,22,S04-P003,aligned_samples,static,twfe,bjs,,-0.014031767677295614,0.087008056178936227,False
4,S04-B01,S04-B01-C0024,23,S04-P003,aligned_samples,static,bjs,,,-0.0023118506480599974,0.10901241547640579,True
4,S04-B01,S04-B01-C0025,24,S04-P004,baseline,static,published_native,,,-0.25882906428814634,0.096157786113189522,False
4,S04-B01,S04-B01-C0026,25,S04-P004,baseline,static,twfe,,,-0.25882906428814634,0.096157786113189522,True
4,S04-B01,S04-B01-C0027,26,S04-P004,baseline,static,csa,,,-0.81480317855596285,0.064196526100276527,True
4,S04-B01,S04-B01-C0028,27,S04-P004,baseline,static,bjs,,,-0.8064647943185197,0.060588910049915394,True
4,S04-B01,S04-B01-C0029,28,S04-P004,aligned_samples,static,twfe,csa,,-0.25882906428814634,0.096157786113189522,True
4,S04-B01,S04-B01-C0030,29,S04-P004,aligned_samples,static,csa,,,-0.81480317855596285,0.064196526100276527,True
4,S04-B01,S04-B01-C0031,30,S04-P004,aligned_samples,static,twfe,bjs,,-0.25882906428814517,0.096157786113189495,False
4,S04-B01,S04-B01-C0032,31,S04-P004,aligned_samples,static,bjs,,,-0.8064647943185197,0.060588910049915394,True
4,S04-B01,S04-B01-C0033,32,S04-P005,baseline,static,published_native,,,-0.072562289113405828,0.038538008234368877,False
4,S04-B01,S04-B01-C0034,33,S04-P005,baseline,static,twfe,,,-0.072562289113405828,0.038538008234368877,True
4,S04-B01,S04-B01-C0035,34,S04-P005,baseline,static,csa,,,-0.49096059155781779,0.051463194955250202,True
4,S04-B01,S04-B01-C0036,35,S04-P005,baseline,static,bjs,,,-0.31659124896129465,0.041180072756675658,True
4,S04-B01,S04-B01-C0037,36,S04-P005,aligned_samples,static,twfe,csa,,-0.072562289113405828,0.038538008234368877,True
4,S04-B01,S04-B01-C0038,37,S04-P005,aligned_samples,static,csa,,,-0.49096059155781779,0.051463194955250202,True
4,S04-B01,S04-B01-C0039,38,S04-P005,aligned_samples,static,twfe,bjs,,-0.072562289113405412,0.038538008234368877,False
4,S04-B01,S04-B01-C0040,39,S04-P005,aligned_samples,static,bjs,,,-0.31659124896129465,0.041180072756675658,True
4,S04-B01,S04-B01-C0041,40,S04-P006,baseline,static,published_native,,,-0.0044757062899728074,0.038366454877344594,False
4,S04-B01,S04-B01-C0042,41,S04-P006,baseline,static,twfe,,,-0.0044757062899728074,0.038366454877344594,True
4,S04-B01,S04-B01-C0043,42,S04-P006,baseline,static,csa,,,-0.21556129117067918,0.066014435956067957,True
4,S04-B01,S04-B01-C0044,43,S04-P006,baseline,static,bjs,,,-0.050966597725603184,0.052672459953862646,True
4,S04-B01,S04-B01-C0045,44,S04-P006,aligned_samples,static,twfe,csa,,-0.0044757062899728074,0.038366454877344594,True
4,S04-B01,S04-B01-C0046,45,S04-P006,aligned_samples,static,csa,,,-0.21556129117067918,0.066014435956067957,True
4,S04-B01,S04-B01-C0047,46,S04-P006,aligned_samples,static,twfe,bjs,,-0.0044757062899719608,0.038366454877344601,False
4,S04-B01,S04-B01-C0048,47,S04-P006,aligned_samples,static,bjs,,,-0.050966597725603184,0.052672459953862646,True
4,S04-B01,S04-B01-C0049,48,S04-P007,baseline,static,published_native,,,-0.064559649694566484,0.036451043163454003,False
4,S04-B01,S04-B01-C0050,49,S04-P007,baseline,static,twfe,,,-0.064559649694566484,0.036451043163454003,True
4,S04-B01,S04-B01-C0051,50,S04-P007,baseline,static,csa,,,-0.4618817853812518,0.051078525882606501,True
4,S04-B01,S04-B01-C0052,51,S04-P007,baseline,static,bjs,,,-0.28631093323819301,0.040545773129339546,True
4,S04-B01,S04-B01-C0053,52,S04-P007,aligned_samples,static,twfe,csa,,-0.064559649694566484,0.036451043163454003,True
4,S04-B01,S04-B01-C0054,53,S04-P007,aligned_samples,static,csa,,,-0.4618817853812518,0.051078525882606501,True
4,S04-B01,S04-B01-C0055,54,S04-P007,aligned_samples,static,twfe,bjs,,-0.064559649694566207,0.036451043163453982,False
4,S04-B01,S04-B01-C0056,55,S04-P007,aligned_samples,static,bjs,,,-0.28631093323819301,0.040545773129339546,True
5,S05-B01,S05-B01-C0001,0,S05-P001,baseline,static,twfe,,,0.023233083288469999,0.016567999858218802,True
5,S05-B01,S05-B01-C0002,1,S05-P001,baseline,static,csa,,,0.0226805135245529,0.017461721487136473,True
5,S05-B01,S05-B01-C0003,2,S05-P001,archived_alignment_A,static,twfe,csa,,0.023411835601691695,0.016662671741251221,False
5,S05-B01,S05-B01-C0004,3,S05-P001,aligned_samples,static,twfe,csa,,0.023411835601691695,0.016662671741251221,True
5,S05-B01,S05-B01-C0005,4,S05-P001,baseline,static,bjs,,,0.024978817635123898,0.011879347982511874,True
5,S05-B01,S05-B01-C0006,5,S05-P001,aligned_samples,static,twfe,bjs,,0.023411835601691695,0.016662671741251221,False
5,S05-B01,S05-B01-C0007,6,S05-P002,baseline,static,twfe,,,0.0280214737334573,0.015156967024358828,True
5,S05-B01,S05-B01-C0008,7,S05-P002,baseline,static,csa,,,0.026304073023695598,0.019403897626789509,True
5,S05-B01,S05-B01-C0009,8,S05-P002,archived_alignment_A,static,twfe,csa,,0.029746742241594612,0.015267648850374566,False
5,S05-B01,S05-B01-C0010,9,S05-P002,aligned_samples,static,twfe,csa,,0.029746742241594612,0.015267648850374566,True
5,S05-B01,S05-B01-C0011,10,S05-P002,baseline,static,bjs,,,0.031075888611218599,0.014499718646284566,True
5,S05-B01,S05-B01-C0012,11,S05-P002,aligned_samples,static,twfe,bjs,,0.029746742241594612,0.015267648850374566,False
5,S05-B01,S05-B01-C0013,12,S05-P003,baseline,static,twfe,,,0.033453535100076801,0.015104526000525188,True
5,S05-B01,S05-B01-C0014,13,S05-P003,baseline,static,csa,,,0.0323252344094343,0.01895631065859105,True
5,S05-B01,S05-B01-C0015,14,S05-P003,archived_alignment_A,static,twfe,csa,,0.035192452429830996,0.01517990527899981,False
5,S05-B01,S05-B01-C0016,15,S05-P003,aligned_samples,static,twfe,csa,,0.035192452429830996,0.01517990527899981,True
5,S05-B01,S05-B01-C0017,16,S05-P003,baseline,static,bjs,,,0.037822437210460302,0.013901330779499895,True
5,S05-B01,S05-B01-C0018,17,S05-P003,aligned_samples,static,twfe,bjs,,0.035192452429830996,0.01517990527899981,False
6,S06-B01,S06-B01-C0001,0,S06-P001,baseline,static,twfe,,,0.18268489130830309,0.054928430213172966,True
6,S06-B01,S06-B01-C0002,1,S06-P001,baseline,static,csa,,,-0.14677755918588589,0.17654323178547424,True
6,S06-B01,S06-B01-C0003,2,S06-P001,archived_alignment_A,static,twfe,csa,,0.0064503060478061083,0.069854462977184645,False
6,S06-B01,S06-B01-C0004,3,S06-P001,aligned_samples,static,twfe,csa,,0.0218460641959068,0.068889679029867881,True
6,S06-B01,S06-B01-C0005,4,S06-P001,baseline,static,bjs,,,-0.0061453746773227997,0.12655732719773721,True
6,S06-B01,S06-B01-C0006,5,S06-P001,aligned_samples,static,twfe,bjs,,0.052031654196786216,0.047309747676621841,True
7,S07-B01,S07-B01-C0001,0,S07-P001,baseline,static,twfe,,,0.29084195429443555,0.10636850259432211,True
7,S07-B01,S07-B01-C0002,1,S07-P001,baseline,static,csa,,,0.18919010874075845,0.18478899721294198,True
7,S07-B01,S07-B01-C0003,2,S07-P001,archived_alignment_A,static,twfe,csa,,0.28554928411525704,0.10835251450380302,False
7,S07-B01,S07-B01-C0004,3,S07-P001,aligned_samples,static,twfe,csa,,0.43028268440006556,0.13185796345935871,True
7,S07-B01,S07-B01-C0005,4,S07-P001,baseline,static,bjs,,,0.27312617275760687,0.10456287463624653,True
7,S07-B01,S07-B01-C0006,5,S07-P001,aligned_samples,static,twfe,bjs,,0.29105708783733242,0.10642220883913936,True
7,S07-B01,S07-B01-C0007,6,S07-P002,baseline,static,twfe,,,0.29300410894181234,0.1352963743206419,True
7,S07-B01,S07-B01-C0008,7,S07-P002,baseline,static,csa,,,0.16619715612852173,0.20512713110860142,True
7,S07-B01,S07-B01-C0009,8,S07-P002,archived_alignment_A,static,twfe,csa,,0.29300410894181234,0.1352963743206419,False
7,S07-B01,S07-B01-C0010,9,S07-P002,aligned_samples,static,twfe,csa,,0.36879723711344831,0.16369323787898643,True
7,S07-B01,S07-B01-C0011,10,S07-P002,baseline,static,bjs,,,0.31478762301330482,0.14345254193167675,True
7,S07-B01,S07-B01-C0012,11,S07-P002,aligned_samples,static,twfe,bjs,,0.29345543563941195,0.13533785614459534,True
7,S07-B01,S07-B01-C0013,12,S07-P003,baseline,static,twfe,,,0.30689422833435065,0.14875105176179826,True
7,S07-B01,S07-B01-C0014,13,S07-P003,baseline,static,csa,,,-0.048667355389210853,0.23949009989785675,True
7,S07-B01,S07-B01-C0015,14,S07-P003,archived_alignment_A,static,twfe,csa,,0.34648610158209303,0.16711990891885517,False
7,S07-B01,S07-B01-C0016,15,S07-P003,aligned_samples,static,twfe,csa,,0.36347583897870123,0.20002059317537541,True
7,S07-B01,S07-B01-C0017,16,S07-P003,baseline,static,bjs,,,0.43587682101697012,0.12816649352840884,True
7,S07-B01,S07-B01-C0018,17,S07-P003,aligned_samples,static,twfe,bjs,,0.32265115696990249,0.15155105639665184,True
8,S08-B01,S08-B01-C0001,0,S08-P001,baseline,static,twfe,,,0.80759697515674089,0.10768853657675846,True
8,S08-B01,S08-B01-C0002,1,S08-P001,baseline,static,csa,,,0.97927735752466238,0.12123018590100422,True
8,S08-B01,S08-B01-C0003,2,S08-P001,baseline,static,bjs,,,0.96693884348693637,0.13335584668823447,True
8,S08-B01,S08-B01-C0004,3,S08-P001,baseline,static,published_native,,,0.81589218262507335,0.10778211824232946,False
8,S08-B01,S08-B01-C0005,4,S08-P001,aligned_samples,static,twfe,csa,,1.5046286194050191,0.26720349868840559,True
8,S08-B01,S08-B01-C0006,5,S08-P001,aligned_samples,static,csa,,,0.97927735752466238,0.12123018590100422,True
8,S08-B01,S08-B01-C0007,6,S08-P001,aligned_samples,static,twfe,bjs,,1.1032592321712122,0.1295880839070003,True
8,S08-B01,S08-B01-C0008,7,S08-P001,aligned_samples,static,bjs,,,0.96693884348693637,0.13335584668823447,True
8,S08-B01,S08-B01-C0009,8,S08-P002,baseline,static,twfe,,,0.33177637795239967,0.15698639101670794,True
8,S08-B01,S08-B01-C0010,9,S08-P002,baseline,static,csa,,,0.13473118301553036,0.21172612105211464,True
8,S08-B01,S08-B01-C0011,10,S08-P002,baseline,static,bjs,,,0.5608003121800037,0.17720822075039655,True
8,S08-B01,S08-B01-C0012,11,S08-P002,baseline,static,published_native,,,0.3372412017786211,0.15705895917689186,False
8,S08-B01,S08-B01-C0013,12,S08-P002,aligned_samples,static,twfe,csa,,-0.083626251526880246,0.2878563648849562,True
8,S08-B01,S08-B01-C0014,13,S08-P002,aligned_samples,static,csa,,,0.13473118301553036,0.21172612105211464,True
8,S08-B01,S08-B01-C0015,14,S08-P002,aligned_samples,static,twfe,bjs,,0.50724409920855129,0.16726990097154182,True
8,S08-B01,S08-B01-C0016,15,S08-P002,aligned_samples,static,bjs,,,0.5608003121800037,0.17720822075039655,True
8,S08-B01,S08-B01-C0017,16,S08-P003,baseline,static,twfe,,,0.7587645167208793,0.19066276220082951,True
8,S08-B01,S08-B01-C0018,17,S08-P003,baseline,static,csa,,,0.3875710479067408,0.22612323177174948,True
8,S08-B01,S08-B01-C0019,18,S08-P003,baseline,static,bjs,,,0.82156643085974879,0.20615605456120017,True
8,S08-B01,S08-B01-C0020,19,S08-P003,baseline,static,published_native,,,0.76268315170121859,0.19061589941099744,False
8,S08-B01,S08-B01-C0021,20,S08-P003,aligned_samples,static,twfe,csa,,0.53781548005156832,0.42823715943048407,True
8,S08-B01,S08-B01-C0022,21,S08-P003,aligned_samples,static,csa,,,0.3875710479067408,0.22612323177174948,True
8,S08-B01,S08-B01-C0023,22,S08-P003,aligned_samples,static,twfe,bjs,,0.82161511255849651,0.21361596217315607,True
8,S08-B01,S08-B01-C0024,23,S08-P003,aligned_samples,static,bjs,,,0.82156643085974879,0.20615605456120017,True
8,S08-B01,S08-B01-C0025,24,S08-P004,baseline,static,twfe,,,0.64117422990528072,0.19565420586313353,True
8,S08-B01,S08-B01-C0026,25,S08-P004,baseline,static,csa,,,0.24544438864984294,0.23084858838581424,True
8,S08-B01,S08-B01-C0027,26,S08-P004,baseline,static,bjs,,,0.70533280476253524,0.21365192936251867,True
8,S08-B01,S08-B01-C0028,27,S08-P004,baseline,static,published_native,,,0.6446552947553158,0.19561333125311864,False
8,S08-B01,S08-B01-C0029,28,S08-P004,aligned_samples,static,twfe,csa,,0.30626015078597579,0.44352733360437119,True
8,S08-B01,S08-B01-C0030,29,S08-P004,aligned_samples,static,csa,,,0.24544438864984294,0.23084858838581424,True
8,S08-B01,S08-B01-C0031,30,S08-P004,aligned_samples,static,twfe,bjs,,0.68427267975609263,0.22023683716443987,True
8,S08-B01,S08-B01-C0032,31,S08-P004,aligned_samples,static,bjs,,,0.70533280476253524,0.21365192936251867,True
9,S09-B01,S09-B01-C0001,0,S09-P007,baseline,static,twfe,,,0.41732463557939192,0.083568582941722397,True
9,S09-B01,S09-B01-C0002,1,S09-P007,baseline,static,csa,,,0.75372617698233835,0.14185152376280308,True
9,S09-B01,S09-B01-C0003,2,S09-P007,archived_alignment_A,static,twfe,csa,,0.50814065592262425,0.08398508909719668,False
9,S09-B01,S09-B01-C0004,3,S09-P007,aligned_samples,static,twfe,csa,,0.50814065592262425,0.08398508909719668,True
9,S09-B01,S09-B01-C0005,4,S09-P007,baseline,static,bjs,,,0.51977732329744386,0.094024685146521084,True
9,S09-B01,S09-B01-C0006,5,S09-P007,aligned_samples,static,twfe,bjs,,0.50965007805504059,0.084054265319026239,True
9,S09-B01,S09-B01-C0007,6,S09-P001,baseline,static,twfe,,,-0.0880523034751855,0.022523386343324944,True
9,S09-B01,S09-B01-C0008,7,S09-P001,baseline,static,csa,,,-0.022790048895330799,0.082714599867572708,True
9,S09-B01,S09-B01-C0009,8,S09-P001,archived_alignment_A,static,twfe,csa,,-0.28513544923610007,0.066413965181913948,False
9,S09-B01,S09-B01-C0010,9,S09-P001,aligned_samples,static,twfe,csa,,-0.28874464804781907,0.067031991155030571,True
9,S09-B01,S09-B01-C0011,10,S09-P001,baseline,static,bjs,,,-0.14619999938367051,0.027789375069623014,True
9,S09-B01,S09-B01-C0012,11,S09-P001,aligned_samples,static,twfe,bjs,,-0.11868433051908542,0.022787137140352652,True
9,S09-B01,S09-B01-C0013,12,S09-P002,baseline,static,twfe,,,-0.094375468848066704,0.029553507491883388,True
9,S09-B01,S09-B01-C0014,13,S09-P002,baseline,static,csa,,,-0.82725786126790202,0.18331358738610287,True
9,S09-B01,S09-B01-C0015,14,S09-P002,archived_alignment_A,static,twfe,csa,,-0.21258354715593983,0.16753452385285403,False
9,S09-B01,S09-B01-C0016,15,S09-P002,aligned_samples,static,twfe,csa,,-0.21157206653186311,0.16807975324304283,True
9,S09-B01,S09-B01-C0017,16,S09-P002,baseline,static,bjs,,,-0.12605759110402609,0.048888280522840805,True
9,S09-B01,S09-B01-C0018,17,S09-P002,aligned_samples,static,twfe,bjs,,-0.13642634574642074,0.031810760517391228,True
9,S09-B01,S09-B01-C0019,18,S09-P003,baseline,static,twfe,,,-0.067068622157500299,0.035883872030833201,True
9,S09-B01,S09-B01-C0020,19,S09-P003,baseline,static,csa,,,-0.64723584199581963,0.26266620462281026,True
9,S09-B01,S09-B01-C0021,20,S09-P003,archived_alignment_A,static,twfe,csa,,-0.095227208791551388,0.14718990383708347,False
9,S09-B01,S09-B01-C0022,21,S09-P003,aligned_samples,static,twfe,csa,,-0.096016834100241644,0.14756779760029318,True
9,S09-B01,S09-B01-C0023,22,S09-P003,baseline,static,bjs,,,-0.1073157313149992,0.049414126574785978,True
9,S09-B01,S09-B01-C0024,23,S09-P003,aligned_samples,static,twfe,bjs,,-0.090327691009234795,0.037243889034044061,True
9,S09-B01,S09-B01-C0025,24,S09-P004,baseline,static,twfe,,,-0.13160890727524019,0.025010513240908434,True
9,S09-B01,S09-B01-C0026,25,S09-P004,baseline,static,csa,,,-0.11552716538374,0.12903992765721281,True
9,S09-B01,S09-B01-C0027,26,S09-P004,archived_alignment_A,static,twfe,csa,,-0.37942659583988464,0.090938354375864255,False
9,S09-B01,S09-B01-C0028,27,S09-P004,aligned_samples,static,twfe,csa,,-0.37374905187816576,0.089858867974202547,True
9,S09-B01,S09-B01-C0029,28,S09-P004,baseline,static,bjs,,,-0.16866309144077621,0.03415835161875249,True
9,S09-B01,S09-B01-C0030,29,S09-P004,aligned_samples,static,twfe,bjs,,-0.15581138562467919,0.025659557205244318,True
9,S09-B01,S09-B01-C0031,30,S09-P005,baseline,static,twfe,,,-0.13108768648330171,0.041048092072396819,True
9,S09-B01,S09-B01-C0032,31,S09-P005,baseline,static,csa,,,-1.0755683297778045,0.24526024141008804,True
9,S09-B01,S09-B01-C0033,32,S09-P005,archived_alignment_A,static,twfe,csa,,-0.74181252554709087,0.26470208342717672,False
9,S09-B01,S09-B01-C0034,33,S09-P005,aligned_samples,static,twfe,csa,,-0.73857134270601366,0.26441693765176155,True
9,S09-B01,S09-B01-C0035,34,S09-P005,baseline,static,bjs,,,-0.090226797931741307,0.083512701311219184,True
9,S09-B01,S09-B01-C0036,35,S09-P005,aligned_samples,static,twfe,bjs,,-0.17451202489933401,0.044666545617420693,True
9,S09-B01,S09-B01-C0037,36,S09-P006,baseline,static,twfe,,,-0.1521593393054268,0.050877218183487838,True
9,S09-B01,S09-B01-C0038,37,S09-P006,baseline,static,csa,,,-0.42782448048563138,0.38065337372811203,True
9,S09-B01,S09-B01-C0039,38,S09-P006,archived_alignment_A,static,twfe,csa,,-0.085024512655011084,0.33700347054686014,False
9,S09-B01,S09-B01-C0040,39,S09-P006,aligned_samples,static,twfe,csa,,-0.080622416999367841,0.33602869830247589,True
9,S09-B01,S09-B01-C0041,40,S09-P006,baseline,static,bjs,,,-0.1333375366381683,0.070862419291298398,True
9,S09-B01,S09-B01-C0042,41,S09-P006,aligned_samples,static,twfe,bjs,,-0.18814248200436209,0.051844314481865189,True
10,S10-B01,S10-B01-C0001,0,S10-P001,baseline,static,twfe,,,0.4334397694158737,0.15163935043879967,True
10,S10-B01,S10-B01-C0002,1,S10-P001,baseline,static,csa,,,0.27817448215392448,0.15401785093685025,True
10,S10-B01,S10-B01-C0003,2,S10-P001,archived_alignment_A,static,twfe,csa,,0.43179592256826904,0.15141741485794089,False
10,S10-B01,S10-B01-C0004,3,S10-P001,aligned_samples,static,twfe,csa,,0.38691088547815294,0.15247006598622248,True
10,S10-B01,S10-B01-C0005,4,S10-P001,baseline,static,bjs,,,0.42151915309650773,0.16785308439819352,True
10,S10-B01,S10-B01-C0006,5,S10-P001,aligned_samples,static,twfe,bjs,,0.43179592256826904,0.15141741485794089,True
10,S10-B01,S10-B01-C0007,6,S10-P002,baseline,static,twfe,,,0.68469636048121485,0.20404734795114168,True
10,S10-B01,S10-B01-C0008,7,S10-P002,baseline,static,csa,,,0.62096302650402224,0.20719241852118472,True
10,S10-B01,S10-B01-C0009,8,S10-P002,archived_alignment_A,static,twfe,csa,,0.69149075813971428,0.20388359202490411,False
10,S10-B01,S10-B01-C0010,9,S10-P002,aligned_samples,static,twfe,csa,,0.56057000876871965,0.24980261177229915,True
10,S10-B01,S10-B01-C0011,10,S10-P002,baseline,static,bjs,,,0.74426696817658355,0.22589356654999673,True
10,S10-B01,S10-B01-C0012,11,S10-P002,aligned_samples,static,twfe,bjs,,0.69149075813971428,0.20388359202490411,True
11,S11-B01,S11-B01-C0001,0,S11-P001,baseline,post,twfe,,,0.14679817389629671,0.03231983627492211,True
11,S11-B01,S11-B01-C0002,1,S11-P001,baseline,post,csa,,,0.15569172057214481,0.030549084485149262,True
11,S11-B01,S11-B01-C0003,2,S11-P001,archived_alignment_A,post,twfe,csa,,0.14679817389629718,0.032319836274922069,False
11,S11-B01,S11-B01-C0004,3,S11-P001,aligned_samples,post,twfe,csa,,0.14552103766526789,0.032284047309683192,True
11,S11-B01,S11-B01-C0005,4,S11-P001,baseline,post,bjs,,,0.23943479861077679,0.023167824896437279,True
11,S11-B01,S11-B01-C0006,5,S11-P001,aligned_samples,post,twfe,bjs,,0.14724498981220482,0.032353281162809645,True
11,S11-B01,S11-B01-C0007,6,S11-P001,baseline,pre,twfe,,,-0.12566921663891906,0.028470696988157036,False
12,S12-B01,S12-B01-C0001,0,S12-P001,baseline,static,twfe,,,0.060365154621167712,0.089252365894199326,True
12,S12-B01,S12-B01-C0002,1,S12-P001,baseline,static,csa,,,0.14318422123268434,0.12407235423137951,True
12,S12-B01,S12-B01-C0003,2,S12-P001,baseline,static,bjs,,,0.091384765454251241,0.098081084758037118,True
12,S12-B01,S12-B01-C0004,3,S12-P001,baseline,static,published_native,,,0.055864192188237113,0.090350122626841167,False
12,S12-B01,S12-B01-C0005,4,S12-P001,aligned_samples,static,twfe,csa,,0.060365154621167712,0.089252365894199326,True
12,S12-B01,S12-B01-C0006,5,S12-P001,aligned_samples,static,csa,,,0.14318422123268434,0.12407235423137951,True
12,S12-B01,S12-B01-C0007,6,S12-P001,aligned_samples,static,twfe,bjs,,0.060365154621167712,0.089252365894199326,False
12,S12-B01,S12-B01-C0008,7,S12-P001,aligned_samples,static,bjs,,,0.091384765454251241,0.098081084758037118,True
12,S12-B01,S12-B01-C0009,8,S12-P002,baseline,static,twfe,,,0.010140889822514404,0.081550395115334184,True
12,S12-B01,S12-B01-C0010,9,S12-P002,baseline,static,csa,,,-0.0012463955652031173,0.075693395072101044,True
12,S12-B01,S12-B01-C0011,10,S12-P002,baseline,static,bjs,,,-0.0077120204596815524,0.086568973354498674,True
12,S12-B01,S12-B01-C0012,11,S12-P002,baseline,static,published_native,,,0.0022588807185762293,0.078383597979232861,False
12,S12-B01,S12-B01-C0013,12,S12-P002,aligned_samples,static,twfe,csa,,0.010140889822514404,0.081550395115334184,True
12,S12-B01,S12-B01-C0014,13,S12-P002,aligned_samples,static,csa,,,-0.0012463955652031173,0.075693395072101044,True
12,S12-B01,S12-B01-C0015,14,S12-P002,aligned_samples,static,twfe,bjs,,0.010140889822514404,0.081550395115334184,False
12,S12-B01,S12-B01-C0016,15,S12-P002,aligned_samples,static,bjs,,,-0.0077120204596815524,0.086568973354498674,True
12,S12-B01,S12-B01-C0017,16,S12-P003,baseline,static,twfe,,,0.024742623253099189,0.039147280377440495,True
12,S12-B01,S12-B01-C0018,17,S12-P003,baseline,static,csa,,,0.0081680941420517565,0.037840485746878746,True
12,S12-B01,S12-B01-C0019,18,S12-P003,baseline,static,bjs,,,0.0080054597159538044,0.04170301920291624,True
12,S12-B01,S12-B01-C0020,19,S12-P003,baseline,static,published_native,,,0.031380932057081923,0.039230384000907899,False
12,S12-B01,S12-B01-C0021,20,S12-P003,aligned_samples,static,twfe,csa,,0.021441644724437593,0.03900527224741436,True
12,S12-B01,S12-B01-C0022,21,S12-P003,aligned_samples,static,csa,,,0.0081680941420517565,0.037840485746878746,True
12,S12-B01,S12-B01-C0023,22,S12-P003,aligned_samples,static,twfe,bjs,,0.021441644724437593,0.03900527224741436,False
12,S12-B01,S12-B01-C0024,23,S12-P003,aligned_samples,static,bjs,,,0.0080054597159538044,0.04170301920291624,True
12,S12-B01,S12-B01-C0025,24,S12-P004,baseline,static,twfe,,,-0.0020357955695765747,0.027076967808448989,True
12,S12-B01,S12-B01-C0026,25,S12-P004,baseline,static,csa,,,-0.0018583025384364762,0.016551224697008635,True
12,S12-B01,S12-B01-C0027,26,S12-P004,baseline,static,bjs,,,-0.00052390000720228878,0.019747698227429115,True
12,S12-B01,S12-B01-C0028,27,S12-P004,baseline,static,published_native,,,-0.003094883233037431,0.026092862891205583,False
12,S12-B01,S12-B01-C0029,28,S12-P004,aligned_samples,static,twfe,csa,,-0.0022170816469588642,0.02705348867873969,True
12,S12-B01,S12-B01-C0030,29,S12-P004,aligned_samples,static,csa,,,-0.0018583025384364762,0.016551224697008635,True
12,S12-B01,S12-B01-C0031,30,S12-P004,aligned_samples,static,twfe,bjs,,-0.0022170816469588642,0.02705348867873969,False
12,S12-B01,S12-B01-C0032,31,S12-P004,aligned_samples,static,bjs,,,-0.00052390000720228878,0.019747698227429115,True
12,S12-B01,S12-B01-C0033,32,S12-P005,baseline,static,twfe,,,0.040499255338331652,0.12997390487815358,True
12,S12-B01,S12-B01-C0034,33,S12-P005,baseline,static,csa,,,-0.13294850934671931,0.1810305785423601,True
12,S12-B01,S12-B01-C0035,34,S12-P005,baseline,static,bjs,,,-0.089990235151908057,0.17285692484987303,True
12,S12-B01,S12-B01-C0036,35,S12-P005,baseline,static,published_native,,,0.02933391653063876,0.12946580122687715,False
12,S12-B01,S12-B01-C0037,36,S12-P005,aligned_samples,static,twfe,csa,,0.040499255338331652,0.12997390487815358,True
12,S12-B01,S12-B01-C0038,37,S12-P005,aligned_samples,static,csa,,,-0.13294850934671931,0.1810305785423601,True
12,S12-B01,S12-B01-C0039,38,S12-P005,aligned_samples,static,twfe,bjs,,0.040499255338331652,0.12997390487815358,False
12,S12-B01,S12-B01-C0040,39,S12-P005,aligned_samples,static,bjs,,,-0.089990235151908057,0.17285692484987303,True
12,S12-B01,S12-B01-C0041,40,S12-P006,baseline,static,twfe,,,0.20132558401622863,0.42081935941481968,True
12,S12-B01,S12-B01-C0042,41,S12-P006,baseline,static,csa,,,0.1715241109934427,0.19372613278739156,True
12,S12-B01,S12-B01-C0043,42,S12-P006,baseline,static,bjs,,,0.20355650124080663,0.29695694358738484,True
12,S12-B01,S12-B01-C0044,43,S12-P006,baseline,static,published_native,,,0.20132558401622863,0.42081935941481968,False
12,S12-B01,S12-B01-C0045,44,S12-P006,aligned_samples,static,twfe,csa,,0.092470548051497362,0.47388836231188847,True
12,S12-B01,S12-B01-C0046,45,S12-P006,aligned_samples,static,csa,,,0.1715241109934427,0.19372613278739156,True
12,S12-B01,S12-B01-C0047,46,S12-P006,aligned_samples,static,twfe,bjs,,0.20132558401622863,0.42081935941481968,True
12,S12-B01,S12-B01-C0048,47,S12-P006,aligned_samples,static,bjs,,,0.20355650124080663,0.29695694358738484,True
12,S12-B01,S12-B01-C0049,48,S12-P007,baseline,static,twfe,,,0.10339044496837935,0.30897370371392285,True
12,S12-B01,S12-B01-C0050,49,S12-P007,baseline,static,csa,,,0.066735706093482894,0.17055926649249351,True
12,S12-B01,S12-B01-C0051,50,S12-P007,baseline,static,bjs,,,0.10235034724403581,0.22480553942139295,True
12,S12-B01,S12-B01-C0052,51,S12-P007,baseline,static,published_native,,,0.10339044496837935,0.30897370371392285,False
12,S12-B01,S12-B01-C0053,52,S12-P007,aligned_samples,static,twfe,csa,,0.04441591702517541,0.3715980719759025,True
12,S12-B01,S12-B01-C0054,53,S12-P007,aligned_samples,static,csa,,,0.066735706093482894,0.17055926649249351,True
12,S12-B01,S12-B01-C0055,54,S12-P007,aligned_samples,static,twfe,bjs,,0.10339044496837935,0.30897370371392285,True
12,S12-B01,S12-B01-C0056,55,S12-P007,aligned_samples,static,bjs,,,0.10235034724403581,0.22480553942139295,True
12,S12-B01,S12-B01-C0057,56,S12-P008,baseline,static,twfe,,,0.15078032640915384,0.12423480361282827,True
12,S12-B01,S12-B01-C0058,57,S12-P008,baseline,static,csa,,,0.40293813221062746,0.18275986304156971,True
12,S12-B01,S12-B01-C0059,58,S12-P008,baseline,static,bjs,,,0.22232742253030008,0.14145699655284782,True
12,S12-B01,S12-B01-C0060,59,S12-P008,baseline,static,published_native,,,0.13688675390916813,0.12079089717106339,False
12,S12-B01,S12-B01-C0061,60,S12-P008,aligned_samples,static,twfe,csa,,0.14498092068648283,0.12511395293430738,True
12,S12-B01,S12-B01-C0062,61,S12-P008,aligned_samples,static,csa,,,0.40293813221062746,0.18275986304156971,True
12,S12-B01,S12-B01-C0063,62,S12-P008,aligned_samples,static,twfe,bjs,,0.15078032640915384,0.12423480361282827,True
12,S12-B01,S12-B01-C0064,63,S12-P008,aligned_samples,static,bjs,,,0.22232742253030008,0.14145699655284782,True
12,S12-B01,S12-B01-C0065,64,S12-P009,baseline,static,twfe,,,0.22283720453536279,0.13372626529817061,True
12,S12-B01,S12-B01-C0066,65,S12-P009,baseline,static,csa,,,0.35075848519613251,0.17134000608993952,True
12,S12-B01,S12-B01-C0067,66,S12-P009,baseline,static,bjs,,,0.19085174207390854,0.12786258914407575,True
12,S12-B01,S12-B01-C0068,67,S12-P009,baseline,static,published_native,,,0.20405646657553086,0.12367678716122403,False
12,S12-B01,S12-B01-C0069,68,S12-P009,aligned_samples,static,twfe,csa,,0.24340658546605251,0.14278487901140033,True
12,S12-B01,S12-B01-C0070,69,S12-P009,aligned_samples,static,csa,,,0.35075848519613251,0.17134000608993952,True
12,S12-B01,S12-B01-C0071,70,S12-P009,aligned_samples,static,twfe,bjs,,0.22283720453536279,0.13372626529817061,True
12,S12-B01,S12-B01-C0072,71,S12-P009,aligned_samples,static,bjs,,,0.19085174207390854,0.12786258914407575,True
12,S12-B01,S12-B01-C0073,72,S12-P010,baseline,static,twfe,,,0.00057059743133731119,0.041908490639078269,True
12,S12-B01,S12-B01-C0074,73,S12-P010,baseline,static,csa,,,-0.014826799801556852,0.04233089305654994,True
12,S12-B01,S12-B01-C0075,74,S12-P010,baseline,static,bjs,,,-0.012352603747351436,0.039318445178188402,True
12,S12-B01,S12-B01-C0076,75,S12-P010,baseline,static,published_native,,,0.004459934293052025,0.039983855283583745,False
12,S12-B01,S12-B01-C0077,76,S12-P010,aligned_samples,static,twfe,csa,,0.0081768918086665317,0.042399381251444102,True
12,S12-B01,S12-B01-C0078,77,S12-P010,aligned_samples,static,csa,,,-0.014826799801556852,0.04233089305654994,True
12,S12-B01,S12-B01-C0079,78,S12-P010,aligned_samples,static,twfe,bjs,,0.0081768918086665317,0.042399381251444102,False
12,S12-B01,S12-B01-C0080,79,S12-P010,aligned_samples,static,bjs,,,-0.012352603747351436,0.039318445178188402,True
12,S12-B01,S12-B01-C0081,80,S12-P011,baseline,static,twfe,,,-0.010664836006605548,0.038361976357647577,True
12,S12-B01,S12-B01-C0082,81,S12-P011,baseline,static,csa,,,-0.053529504807290303,0.03769079666445059,True
12,S12-B01,S12-B01-C0083,82,S12-P011,baseline,static,bjs,,,-0.048034154927463608,0.042701411870493498,True
12,S12-B01,S12-B01-C0084,83,S12-P011,baseline,static,published_native,,,-0.0097342590898508441,0.03775056643575133,False
12,S12-B01,S12-B01-C0085,84,S12-P011,aligned_samples,static,twfe,csa,,-0.0090693640454076237,0.038748281356911558,True
12,S12-B01,S12-B01-C0086,85,S12-P011,aligned_samples,static,csa,,,-0.053529504807290303,0.03769079666445059,True
12,S12-B01,S12-B01-C0087,86,S12-P011,aligned_samples,static,twfe,bjs,,-0.0090693640454076237,0.038748281356911558,False
12,S12-B01,S12-B01-C0088,87,S12-P011,aligned_samples,static,bjs,,,-0.048034154927463608,0.042701411870493498,True
12,S12-B01,S12-B01-C0089,88,S12-P012,baseline,static,twfe,,,-0.021885108936225032,0.060291571470657605,True
12,S12-B01,S12-B01-C0090,89,S12-P012,baseline,static,csa,,,0.011568624093662593,0.066238354469742022,True
12,S12-B01,S12-B01-C0091,90,S12-P012,baseline,static,bjs,,,-0.017091760447600829,0.060264711230478746,True
12,S12-B01,S12-B01-C0092,91,S12-P012,baseline,static,published_native,,,-0.021876329470378479,0.050428754929869382,False
12,S12-B01,S12-B01-C0093,92,S12-P012,aligned_samples,static,twfe,csa,,-0.018050083484068252,0.061882869284321337,True
12,S12-B01,S12-B01-C0094,93,S12-P012,aligned_samples,static,csa,,,0.011568624093662593,0.066238354469742022,True
12,S12-B01,S12-B01-C0095,94,S12-P012,aligned_samples,static,twfe,bjs,,-0.018050083484068252,0.061882869284321337,False
12,S12-B01,S12-B01-C0096,95,S12-P012,aligned_samples,static,bjs,,,-0.017091760447600829,0.060264711230478746,True
12,S12-B01,S12-B01-C0097,96,S12-P013,baseline,static,twfe,,,-0.058220369859918693,0.049330699207527376,True
12,S12-B01,S12-B01-C0098,97,S12-P013,baseline,static,csa,,,-0.03929383404637659,0.049622789934133341,True
12,S12-B01,S12-B01-C0099,98,S12-P013,baseline,static,bjs,,,-0.0625979426768737,0.051338011775376453,True
12,S12-B01,S12-B01-C0100,99,S12-P013,baseline,static,published_native,,,-0.044335448540460502,0.048102061245078979,False
12,S12-B01,S12-B01-C0101,100,S12-P013,aligned_samples,static,twfe,csa,,-0.058229217505857807,0.050818254730170487,True
12,S12-B01,S12-B01-C0102,101,S12-P013,aligned_samples,static,csa,,,-0.03929383404637659,0.049622789934133341,True
12,S12-B01,S12-B01-C0103,102,S12-P013,aligned_samples,static,twfe,bjs,,-0.058229217505857807,0.050818254730170487,False
12,S12-B01,S12-B01-C0104,103,S12-P013,aligned_samples,static,bjs,,,-0.0625979426768737,0.051338011775376453,True
12,S12-B01,S12-B01-C0105,104,S12-P014,baseline,static,twfe,,,0.013380413769323382,0.085948540892740483,True
12,S12-B01,S12-B01-C0106,105,S12-P014,baseline,static,csa,,,-0.11558669999425281,0.079914821650160353,True
12,S12-B01,S12-B01-C0107,106,S12-P014,baseline,static,bjs,,,-0.057181489597744578,0.083747092076071977,True
12,S12-B01,S12-B01-C0108,107,S12-P014,baseline,static,published_native,,,0.017800266882036193,0.086224259352245772,False
12,S12-B01,S12-B01-C0109,108,S12-P014,aligned_samples,static,twfe,csa,,0.013380413769323382,0.085948540892740483,True
12,S12-B01,S12-B01-C0110,109,S12-P014,aligned_samples,static,csa,,,-0.11558669999425281,0.079914821650160353,True
12,S12-B01,S12-B01-C0111,110,S12-P014,aligned_samples,static,twfe,bjs,,0.016355096118269019,0.086589342595807542,True
12,S12-B01,S12-B01-C0112,111,S12-P014,aligned_samples,static,bjs,,,-0.057181489597744578,0.083747092076071977,True
13,S13-B01,S13-B01-C0001,0,S13-P001,baseline,static,twfe,,,-0.058301436893191401,0.059443166924594656,True
13,S13-B01,S13-B01-C0002,1,S13-P001,baseline,static,csa,,,-0.25830104836620832,0.15707398807417666,True
13,S13-B01,S13-B01-C0003,2,S13-P001,archived_alignment_A,static,twfe,csa,,-0.077156799199746676,0.081766421508226855,False
13,S13-B01,S13-B01-C0004,3,S13-P001,aligned_samples,static,twfe,csa,,-0.075020144107981065,0.093255621138036357,True
13,S13-B01,S13-B01-C0005,4,S13-P001,baseline,static,bjs,,,-0.099903426013459307,0.084125240879059801,True
13,S13-B01,S13-B01-C0006,5,S13-P001,aligned_samples,static,twfe,bjs,,-0.077156799199746676,0.081766421508226855,True
13,S13-B01,S13-B01-C0007,6,S13-P002,baseline,static,twfe,,,0.1808528157214164,0.08698173663804927,True
13,S13-B01,S13-B01-C0008,7,S13-P002,baseline,static,csa,,,0.25242843352695371,0.12591241534833758,True
13,S13-B01,S13-B01-C0009,8,S13-P002,archived_alignment_A,static,twfe,csa,,0.15010096912097665,0.097303801603850978,False
13,S13-B01,S13-B01-C0010,9,S13-P002,aligned_samples,static,twfe,csa,,0.10869656211210345,0.096497581003193736,True
13,S13-B01,S13-B01-C0011,10,S13-P002,baseline,static,bjs,,,0.19830680844147619,0.14066345631106378,True
13,S13-B01,S13-B01-C0012,11,S13-P002,aligned_samples,static,twfe,bjs,,0.15010096912097665,0.097303801603850978,True
13,S13-B01,S13-B01-C0013,12,S13-P003,baseline,static,twfe,,,0.1161636763521714,0.058019011009895441,True
13,S13-B01,S13-B01-C0014,13,S13-P003,baseline,static,csa,,,0.0234712543293208,0.012975945271210387,True
13,S13-B01,S13-B01-C0015,14,S13-P003,archived_alignment_A,static,twfe,csa,,0.013588135591410259,0.013218923375828225,False
13,S13-B01,S13-B01-C0016,15,S13-P003,aligned_samples,static,twfe,csa,,0.015155813896853909,0.013801710908135615,True
13,S13-B01,S13-B01-C0017,16,S13-P003,baseline,static,bjs,,,0.020722210876167699,0.010628847394162567,True
13,S13-B01,S13-B01-C0018,17,S13-P003,aligned_samples,static,twfe,bjs,,0.013588135591410259,0.013218923375828225,True
13,S13-B01,S13-B01-C0019,18,S13-P004,baseline,static,twfe,,,0.19458040812268981,0.087840192910546469,True
13,S13-B01,S13-B01-C0020,19,S13-P004,baseline,static,csa,,,-0.043186010454234702,0.039538449553583856,True
13,S13-B01,S13-B01-C0021,20,S13-P004,archived_alignment_A,static,twfe,csa,,0.080849915938838945,0.066774051226017581,False
13,S13-B01,S13-B01-C0022,21,S13-P004,aligned_samples,static,twfe,csa,,0.027100389482015493,0.053251773282062008,True
13,S13-B01,S13-B01-C0023,22,S13-P004,baseline,static,bjs,,,-0.023772750755174502,0.039851867128696983,True
13,S13-B01,S13-B01-C0024,23,S13-P004,aligned_samples,static,twfe,bjs,,0.080849915938838945,0.066774051226017581,True
14,S14-B01,S14-B01-C0001,0,S14-P001,baseline,static,twfe,,,0.011697459755984291,0.0071053866839457568,True
14,S14-B01,S14-B01-C0002,1,S14-P001,baseline,static,csa,,,-0.0069120474045396667,0.010931177112627482,True
14,S14-B01,S14-B01-C0003,2,S14-P001,baseline,static,bjs,,,0.013371831912567342,0.0071013914663425309,True
14,S14-B01,S14-B01-C0004,3,S14-P001,baseline,static,published_native,,,0.011697459755984291,0.0071053866839457568,False
14,S14-B01,S14-B01-C0005,4,S14-P001,aligned_samples,static,twfe,csa,,0.00885531000490088,0.0071297194366438709,True
14,S14-B01,S14-B01-C0006,5,S14-P001,aligned_samples,static,csa,,,-0.0069120474045396667,0.010931177112627482,True
14,S14-B01,S14-B01-C0007,6,S14-P001,aligned_samples,static,twfe,bjs,,0.012198876117432388,0.0070940324309411371,True
14,S14-B01,S14-B01-C0008,7,S14-P001,aligned_samples,static,bjs,,,0.013371831912567342,0.0071013914663425309,True
14,S14-B01,S14-B01-C0009,8,S14-P002,baseline,static,twfe,,,0.020150783165004727,0.0079795823806062087,True
14,S14-B01,S14-B01-C0010,9,S14-P002,baseline,static,csa,,,0.0057432341886619722,0.01250369152495292,True
14,S14-B01,S14-B01-C0011,10,S14-P002,baseline,static,bjs,,,0.022126762238814421,0.0092539857199733146,True
14,S14-B01,S14-B01-C0012,11,S14-P002,baseline,static,published_native,,,0.020150783165004727,0.0079795823806062087,False
14,S14-B01,S14-B01-C0013,12,S14-P002,aligned_samples,static,twfe,csa,,0.019989945903671445,0.0082903006022935887,True
14,S14-B01,S14-B01-C0014,13,S14-P002,aligned_samples,static,csa,,,0.0057432341886619722,0.01250369152495292,True
14,S14-B01,S14-B01-C0015,14,S14-P002,aligned_samples,static,twfe,bjs,,0.020311708983437857,0.0079834150309582488,True
14,S14-B01,S14-B01-C0016,15,S14-P002,aligned_samples,static,bjs,,,0.022126762238814421,0.0092539857199733146,True
15,S15-B01,S15-B01-C0001,0,S15-P002,baseline,static,twfe,,,0.057352390991534594,0.0022052305433716067,True
15,S15-B01,S15-B01-C0002,1,S15-P002,baseline,static,csa,,,0.016060505495511905,0.0090619476629879413,True
15,S15-B01,S15-B01-C0003,2,S15-P002,archived_alignment_A,static,twfe,csa,,0.045147473793831598,0.0027281710940701381,False
15,S15-B01,S15-B01-C0004,3,S15-P002,aligned_samples,static,twfe,csa,,0.054080459863040178,0.0033268390048730627,True
15,S15-B01,S15-B01-C0005,4,S15-P002,baseline,static,bjs,,,-0.0083627426136340562,0.0039360520376058245,True
15,S15-B01,S15-B01-C0006,5,S15-P002,aligned_samples,static,twfe,bjs,,0.041885876080310046,0.0027020293633525207,True
15,S15-B01,S15-B01-C0007,6,S15-P003,baseline,static,twfe,,,0.060680375799714331,0.02034156811193636,True
15,S15-B01,S15-B01-C0008,7,S15-P003,baseline,static,csa,,,0.056410207261032602,0.051271148656971424,True
15,S15-B01,S15-B01-C0009,8,S15-P003,archived_alignment_A,static,twfe,csa,,0.022623589426431247,0.024038132121314858,False
15,S15-B01,S15-B01-C0010,9,S15-P003,aligned_samples,static,twfe,csa,,0.039195978288271385,0.030976627557429477,True
15,S15-B01,S15-B01-C0011,10,S15-P003,baseline,static,bjs,,,-0.021803324517104594,0.021886173685268285,True
15,S15-B01,S15-B01-C0012,11,S15-P003,aligned_samples,static,twfe,bjs,,0.011689681807465728,0.024121161922893472,True
15,S15-B01,S15-B01-C0013,12,S15-P002,baseline,static,published_native,,,0.0022335846616076301,0.0010998007028399856,False
15,S15-B01,S15-B01-C0014,13,S15-P003,baseline,static,published_native,,,0.00066046171753068872,0.0069836566204631665,False
15,S15-B01,S15-B01-C0015,14,S15-P001,baseline,static,twfe,,,0.10558900016607431,0.00066550655503483868,True
15,S15-B01,S15-B01-C0016,15,S15-P001,baseline,static,csa,,,0.34093382626417557,0.0016935684420168059,True
15,S15-B01,S15-B01-C0017,16,S15-P001,baseline,static,bjs,,,0.11203330862591296,0.00096357678134756472,True
15,S15-B01,S15-B01-C0018,17,S15-P001,baseline,static,published_native,,,0.00042191925381132876,0.00020905767358014467,False
15,S15-B01,S15-B01-C0019,18,S15-P001,aligned_samples,static,twfe,csa,,0.17604803920751205,0.0008657059991757206,True
15,S15-B01,S15-B01-C0020,19,S15-P001,aligned_samples,static,csa,,,0.34093382626417557,0.0016935684420168059,True
15,S15-B01,S15-B01-C0021,20,S15-P001,aligned_samples,static,twfe,bjs,,0.11735220461812497,0.00079349421140573195,True
15,S15-B01,S15-B01-C0022,21,S15-P001,aligned_samples,static,bjs,,,0.11203330862591296,0.00096357678134756472,True
16,S16-B01,S16-B01-C0001,0,S16-P001,baseline,static,twfe,,,0.22621232460038229,0.024755772333429994,True
16,S16-B01,S16-B01-C0002,1,S16-P001,baseline,static,csa,,,0.27577098512117382,0.051737408416800378,True
16,S16-B01,S16-B01-C0003,2,S16-P001,archived_alignment_A,static,twfe,csa,,0.22621232460038229,0.024755772333429994,False
16,S16-B01,S16-B01-C0004,3,S16-P001,aligned_samples,static,twfe,csa,,0.055250545420069991,0.023977123193859209,True
16,S16-B01,S16-B01-C0005,4,S16-P001,baseline,static,bjs,,,0.3371727330470618,0.030148368238019089,True
16,S16-B01,S16-B01-C0006,5,S16-P001,aligned_samples,static,twfe,bjs,,0.22621232460038229,0.024755772333429994,True
16,S16-B01,S16-B01-C0007,6,S16-P002,baseline,static,twfe,,,0.16412684992852269,0.036818926285966891,True
16,S16-B01,S16-B01-C0008,7,S16-P002,baseline,static,csa,,,0.12302188823881832,0.092739577994214922,True
16,S16-B01,S16-B01-C0009,8,S16-P002,archived_alignment_A,static,twfe,csa,,0.16412684992852269,0.036818926285966891,False
16,S16-B01,S16-B01-C0010,9,S16-P002,aligned_samples,static,twfe,csa,,-0.016843454848554075,0.032588550677766552,True
16,S16-B01,S16-B01-C0011,10,S16-P002,baseline,static,bjs,,,0.20461268490981832,0.042030449337099693,True
16,S16-B01,S16-B01-C0012,11,S16-P002,aligned_samples,static,twfe,bjs,,0.16412684992852269,0.036818926285966891,True
16,S16-B01,S16-B01-C0013,12,S16-P003,baseline,static,twfe,,,0.19974025646346216,0.026848403076288656,True
16,S16-B01,S16-B01-C0014,13,S16-P003,baseline,static,csa,,,0.19537998994584185,0.056962965375290484,True
16,S16-B01,S16-B01-C0015,14,S16-P003,archived_alignment_A,static,twfe,csa,,0.2006302209050233,0.026823195392100648,False
16,S16-B01,S16-B01-C0016,15,S16-P003,aligned_samples,static,twfe,csa,,0.020532810629762893,0.028898039090733438,True
16,S16-B01,S16-B01-C0017,16,S16-P003,baseline,static,bjs,,,0.26285794150883507,0.031049550427489938,True
16,S16-B01,S16-B01-C0018,17,S16-P003,aligned_samples,static,twfe,bjs,,0.2006302209050233,0.026823195392100648,True
16,S16-B01,S16-B01-C0019,18,S16-P004,baseline,static,twfe,,,0.17157935762852211,0.038907270833760818,True
16,S16-B01,S16-B01-C0020,19,S16-P004,baseline,static,csa,,,0.09719525040532305,0.10658991265912025,True
16,S16-B01,S16-B01-C0021,20,S16-P004,archived_alignment_A,static,twfe,csa,,0.17389752256753369,0.038777605016335252,False
16,S16-B01,S16-B01-C0022,21,S16-P004,aligned_samples,static,twfe,csa,,0.011426638961007205,0.042569125078091997,True
16,S16-B01,S16-B01-C0023,22,S16-P004,baseline,static,bjs,,,0.17877592028037464,0.047083813907207631,True
16,S16-B01,S16-B01-C0024,23,S16-P004,aligned_samples,static,twfe,bjs,,0.17389752256753369,0.038777605016335252,True
17,S17-B01,S17-B01-C0001,0,S17-P001,baseline,static,twfe,,,-0.20422251880872255,0.030842374595595273,True
17,S17-B01,S17-B01-C0002,1,S17-P001,baseline,static,csa,,,-0.14162485774003947,0.040429506757137329,True
17,S17-B01,S17-B01-C0003,2,S17-P001,baseline,static,bjs,,,-0.17102531507559698,0.028037415540554302,True
17,S17-B01,S17-B01-C0004,3,S17-P001,baseline,static,published_native,,,-0.20422251880872255,0.030842374595595273,False
17,S17-B01,S17-B01-C0005,4,S17-P001,aligned_samples,static,twfe,csa,,-0.20465336477412677,0.032383576551147569,True
17,S17-B01,S17-B01-C0006,5,S17-P001,aligned_samples,static,csa,,,-0.14162485774003947,0.040429506757137329,True
17,S17-B01,S17-B01-C0007,6,S17-P001,aligned_samples,static,twfe,bjs,,-0.20422251880872255,0.030842374595595273,True
17,S17-B01,S17-B01-C0008,7,S17-P001,aligned_samples,static,bjs,,,-0.17102531507559698,0.028037415540554302,True
17,S17-B01,S17-B01-C0009,8,S17-P002,baseline,static,twfe,,,-0.18889364282803039,0.050474779516450533,True
17,S17-B01,S17-B01-C0010,9,S17-P002,baseline,static,csa,,,-0.053694146971386303,0.03581283245508457,True
17,S17-B01,S17-B01-C0011,10,S17-P002,baseline,static,bjs,,,-0.13761304663555687,0.035942404259136751,True
17,S17-B01,S17-B01-C0012,11,S17-P002,baseline,static,published_native,,,-0.18889364282803039,0.050474779516450533,False
17,S17-B01,S17-B01-C0013,12,S17-P002,aligned_samples,static,twfe,csa,,-0.19947971456982369,0.055952390864362413,True
17,S17-B01,S17-B01-C0014,13,S17-P002,aligned_samples,static,csa,,,-0.053694146971386303,0.03581283245508457,True
17,S17-B01,S17-B01-C0015,14,S17-P002,aligned_samples,static,twfe,bjs,,-0.18889364282803039,0.050474779516450533,True
17,S17-B01,S17-B01-C0016,15,S17-P002,aligned_samples,static,bjs,,,-0.13761304663555687,0.035942404259136751,True
18,S18-B01,S18-B01-C0001,0,S18-P008,baseline,static,twfe,,,-0.26922127913684873,0.085362469628366119,True
18,S18-B01,S18-B01-C0002,1,S18-P008,baseline,static,csa,,,-0.34156197976561242,0.13120007344339638,True
18,S18-B01,S18-B01-C0003,2,S18-P008,baseline,static,bjs,,,-0.38486943492600889,0.11602470145184438,True
18,S18-B01,S18-B01-C0004,3,S18-P008,aligned_samples,static,twfe,csa,,-0.1983309061172098,0.086893120180097969,True
18,S18-B01,S18-B01-C0005,4,S18-P008,aligned_samples,static,csa,,,-0.34156197976561242,0.13120007344339638,True
18,S18-B01,S18-B01-C0006,5,S18-P008,aligned_samples,static,twfe,bjs,,-0.26922127913684873,0.085362469628366119,True
18,S18-B01,S18-B01-C0007,6,S18-P008,aligned_samples,static,bjs,,,-0.38486943492600889,0.11602470145184438,True
18,S18-B01,S18-B01-C0008,7,S18-P004,baseline,static,twfe,,,-0.19143692107818547,0.058942951544477207,True
18,S18-B01,S18-B01-C0009,8,S18-P004,baseline,static,csa,,,-0.21762442360066367,0.077343699129643742,True
18,S18-B01,S18-B01-C0010,9,S18-P004,baseline,static,bjs,,,-0.23892003138080395,0.077433748560031296,True
18,S18-B01,S18-B01-C0011,10,S18-P004,aligned_samples,static,twfe,csa,,-0.19053577573656924,0.053738351410463465,True
18,S18-B01,S18-B01-C0012,11,S18-P004,aligned_samples,static,csa,,,-0.21762442360066367,0.077343699129643742,True
18,S18-B01,S18-B01-C0013,12,S18-P004,aligned_samples,static,twfe,bjs,,-0.19143692107818547,0.058942951544477207,True
18,S18-B01,S18-B01-C0014,13,S18-P004,aligned_samples,static,bjs,,,-0.23892003138080395,0.077433748560031296,True
18,S18-B01,S18-B01-C0015,14,S18-P009,baseline,static,twfe,,,-0.17379445267896768,0.089246306260783198,True
18,S18-B01,S18-B01-C0016,15,S18-P009,baseline,static,csa,,,-0.25480813118982443,0.1308125302768971,True
18,S18-B01,S18-B01-C0017,16,S18-P009,baseline,static,bjs,,,-0.29726150225507963,0.11016167463370097,True
18,S18-B01,S18-B01-C0018,17,S18-P009,aligned_samples,static,twfe,csa,,-0.069349591571044783,0.097240637533164268,True
18,S18-B01,S18-B01-C0019,18,S18-P009,aligned_samples,static,csa,,,-0.25480813118982443,0.1308125302768971,True
18,S18-B01,S18-B01-C0020,19,S18-P009,aligned_samples,static,twfe,bjs,,-0.17379445267896768,0.089246306260783198,True
18,S18-B01,S18-B01-C0021,20,S18-P009,aligned_samples,static,bjs,,,-0.29726150225507963,0.11016167463370097,True
18,S18-B01,S18-B01-C0022,21,S18-P006,baseline,static,twfe,,,-0.21170963065786177,0.075041095071900918,True
18,S18-B01,S18-B01-C0023,22,S18-P006,baseline,static,csa,,,-0.27682367717401912,0.11172048162388643,True
18,S18-B01,S18-B01-C0024,23,S18-P006,baseline,static,bjs,,,-0.30034540999622189,0.095946771117487145,True
18,S18-B01,S18-B01-C0025,24,S18-P006,aligned_samples,static,twfe,csa,,-0.1447342208434613,0.073446928586019949,True
18,S18-B01,S18-B01-C0026,25,S18-P006,aligned_samples,static,csa,,,-0.27682367717401912,0.11172048162388643,True
18,S18-B01,S18-B01-C0027,26,S18-P006,aligned_samples,static,twfe,bjs,,-0.21170963065786177,0.075041095071900918,True
18,S18-B01,S18-B01-C0028,27,S18-P006,aligned_samples,static,bjs,,,-0.30034540999622189,0.095946771117487145,True
18,S18-B01,S18-B01-C0029,28,S18-P005,baseline,static,twfe,,,-0.21379534705587599,0.074708291667396912,True
18,S18-B01,S18-B01-C0030,29,S18-P005,baseline,static,csa,,,-0.27431673669457729,0.096086463995858865,True
18,S18-B01,S18-B01-C0031,30,S18-P005,baseline,static,bjs,,,-0.27599399831898563,0.090003446887698207,True
18,S18-B01,S18-B01-C0032,31,S18-P005,aligned_samples,static,twfe,csa,,-0.21796345160985714,0.071614703191276288,True
18,S18-B01,S18-B01-C0033,32,S18-P005,aligned_samples,static,csa,,,-0.27431673669457729,0.096086463995858865,True
18,S18-B01,S18-B01-C0034,33,S18-P005,aligned_samples,static,twfe,bjs,,-0.21379534705587599,0.074708291667396912,True
18,S18-B01,S18-B01-C0035,34,S18-P005,aligned_samples,static,bjs,,,-0.27599399831898563,0.090003446887698207,True
18,S18-B01,S18-B01-C0036,35,S18-P007,baseline,static,twfe,,,-0.13393435538949522,0.076678764685595993,True
18,S18-B01,S18-B01-C0037,36,S18-P007,baseline,static,csa,,,-0.21122295062145002,0.11392430474125337,True
18,S18-B01,S18-B01-C0038,37,S18-P007,baseline,static,bjs,,,-0.23649042841408296,0.091316652195034972,True
18,S18-B01,S18-B01-C0039,38,S18-P007,aligned_samples,static,twfe,csa,,-0.033626844063798809,0.079728496454781111,True
18,S18-B01,S18-B01-C0040,39,S18-P007,aligned_samples,static,csa,,,-0.21122295062145002,0.11392430474125337,True
18,S18-B01,S18-B01-C0041,40,S18-P007,aligned_samples,static,twfe,bjs,,-0.13393435538949522,0.076678764685595993,True
18,S18-B01,S18-B01-C0042,41,S18-P007,aligned_samples,static,bjs,,,-0.23649042841408296,0.091316652195034972,True
18,S18-B01,S18-B01-C0043,42,S18-P002,baseline,post,twfe,,,-0.14510364668273487,0.07026031667584498,True
18,S18-B01,S18-B01-C0044,43,S18-P002,baseline,post,csa,,,-0.15666242703463618,0.086524899253626109,True
18,S18-B01,S18-B01-C0045,44,S18-P002,baseline,post,bjs,,,-0.21184862167726598,0.07297328203814539,True
18,S18-B01,S18-B01-C0046,45,S18-P002,aligned_samples,post,twfe,csa,,-0.15302613988923511,0.070949988416469809,True
18,S18-B01,S18-B01-C0047,46,S18-P002,aligned_samples,post,csa,,,-0.15666242703463618,0.086524899253626109,True
18,S18-B01,S18-B01-C0048,47,S18-P002,aligned_samples,post,twfe,bjs,,-0.14961039362013157,0.071693132638901688,True
18,S18-B01,S18-B01-C0049,48,S18-P002,aligned_samples,post,bjs,,,-0.21184862167726598,0.07297328203814539,True
18,S18-B01,S18-B01-C0050,49,S18-P002,baseline,pre,twfe,,,0.03612961571343587,0.083463670442016066,False
18,S18-B01,S18-B01-C0051,50,S18-P002,baseline,pre,csa,,,0.05223063819997318,0.082247271488337811,False
18,S18-B01,S18-B01-C0052,51,S18-P002,baseline,pre,bjs,,,0.045495397094177895,0.079111258395775749,False
18,S18-B01,S18-B01-C0053,52,S18-P002,aligned_samples,pre,twfe,csa,,0.045395722737075775,0.079093884291971506,False
18,S18-B01,S18-B01-C0054,53,S18-P002,aligned_samples,pre,csa,,,0.05223063819997318,0.082247271488337811,False
18,S18-B01,S18-B01-C0055,54,S18-P002,aligned_samples,pre,twfe,bjs,,0.045495397094179803,0.079111258395775833,False
18,S18-B01,S18-B01-C0056,55,S18-P002,aligned_samples,pre,bjs,,,0.045495397094177895,0.079111258395775749,False
18,S18-B01,S18-B01-C0057,56,S18-P001,baseline,post,twfe,,,-0.17368991303548884,0.083323008766376785,True
18,S18-B01,S18-B01-C0058,57,S18-P001,baseline,post,csa,,,-0.21834368046399158,0.088858849108594068,True
18,S18-B01,S18-B01-C0059,58,S18-P001,baseline,post,bjs,,,-0.2608199496420574,0.072693332004356709,True
18,S18-B01,S18-B01-C0060,59,S18-P001,aligned_samples,post,twfe,csa,,-0.19966487602036148,0.083189875609133754,True
18,S18-B01,S18-B01-C0061,60,S18-P001,aligned_samples,post,csa,,,-0.21834368046399158,0.088858849108594068,True
18,S18-B01,S18-B01-C0062,61,S18-P001,aligned_samples,post,twfe,bjs,,-0.18046704122589161,0.083611328970060128,True
18,S18-B01,S18-B01-C0063,62,S18-P001,aligned_samples,post,bjs,,,-0.2608199496420574,0.072693332004356709,True
18,S18-B01,S18-B01-C0064,63,S18-P001,baseline,pre,twfe,,,0.065051174934392456,0.080281588856200306,False
18,S18-B01,S18-B01-C0065,64,S18-P001,baseline,pre,csa,,,0.073452660196619737,0.078047779781969695,False
18,S18-B01,S18-B01-C0066,65,S18-P001,baseline,pre,bjs,,,0.092117140762668373,0.079750941235580158,False
18,S18-B01,S18-B01-C0067,66,S18-P001,aligned_samples,pre,twfe,csa,,0.092107030144577051,0.079711106788106112,False
18,S18-B01,S18-B01-C0068,67,S18-P001,aligned_samples,pre,csa,,,0.073452660196619737,0.078047779781969695,False
18,S18-B01,S18-B01-C0069,68,S18-P001,aligned_samples,pre,twfe,bjs,,0.092117140762670829,0.079750941235580242,False
18,S18-B01,S18-B01-C0070,69,S18-P001,aligned_samples,pre,bjs,,,0.092117140762668373,0.079750941235580158,False
18,S18-B01,S18-B01-C0071,70,S18-P003,baseline,post,twfe,,,-0.091983768717617112,0.071947413098700883,True
18,S18-B01,S18-B01-C0072,71,S18-P003,baseline,post,csa,,,-0.088889618872699097,0.088410342837978703,True
18,S18-B01,S18-B01-C0073,72,S18-P003,baseline,post,bjs,,,-0.12927153342494824,0.079188014364775253,True
18,S18-B01,S18-B01-C0074,73,S18-P003,aligned_samples,post,twfe,csa,,-0.085747103936565122,0.073977100190931427,True
18,S18-B01,S18-B01-C0075,74,S18-P003,aligned_samples,post,csa,,,-0.088889618872699097,0.088410342837978703,True
18,S18-B01,S18-B01-C0076,75,S18-P003,aligned_samples,post,twfe,bjs,,-0.098036445048930554,0.073531966826917927,True
18,S18-B01,S18-B01-C0077,76,S18-P003,aligned_samples,post,bjs,,,-0.12927153342494824,0.079188014364775253,True
18,S18-B01,S18-B01-C0078,77,S18-P003,baseline,pre,twfe,,,-0.0074339816779363105,0.090357693120947893,False
18,S18-B01,S18-B01-C0079,78,S18-P003,baseline,pre,csa,,,0.001514693568163424,0.092079410579675211,False
18,S18-B01,S18-B01-C0080,79,S18-P003,baseline,pre,bjs,,,-0.010189018059115946,0.084553756669874983,False
18,S18-B01,S18-B01-C0081,80,S18-P003,aligned_samples,pre,twfe,csa,,-0.010597997094630697,0.084540859709156618,False
18,S18-B01,S18-B01-C0082,81,S18-P003,aligned_samples,pre,csa,,,0.001514693568163424,0.092079410579675211,False
18,S18-B01,S18-B01-C0083,82,S18-P003,aligned_samples,pre,twfe,bjs,,-0.010189018059115885,0.084553756669874802,False
18,S18-B01,S18-B01-C0084,83,S18-P003,aligned_samples,pre,bjs,,,-0.010189018059115946,0.084553756669874983,False
18,S18-B01,S18-B01-C0085,84,S18-P006,baseline,static,published_native,,,-0.31476590730011311,0.11216933684533711,False
18,S18-B01,S18-B01-C0086,85,S18-P005,baseline,static,published_native,,,-0.28184228754912044,0.095252202155365284,False
18,S18-B01,S18-B01-C0087,86,S18-P007,baseline,static,published_native,,,-0.2427239369158592,0.11610038727505514,False
18,S18-B01,S18-B01-C0088,87,S18-P002,baseline,post,published_native,,,-0.21934248637381987,0.086618265022971305,False
18,S18-B01,S18-B01-C0089,88,S18-P002,baseline,pre,published_native,,,0.0030406285561012537,0.02538711090824787,False
18,S18-B01,S18-B01-C0090,89,S18-P001,baseline,post,published_native,,,-0.24622517215674317,0.088786900174658095,False
18,S18-B01,S18-B01-C0091,90,S18-P001,baseline,pre,published_native,,,0.029883432463285429,0.024747246870723615,False
18,S18-B01,S18-B01-C0092,91,S18-P003,baseline,post,published_native,,,-0.139940049566223,0.095761811336754446,False
18,S18-B01,S18-B01-C0093,92,S18-P003,baseline,pre,published_native,,,-0.026066597303755015,0.030627990485018873,False
19,S19-B01,S19-B01-C0001,0,S19-P002,baseline,post,twfe,,,0.8195125837873769,0.12505934209698261,True
19,S19-B01,S19-B01-C0002,1,S19-P002,baseline,post,csa,,,0.58158388697519348,0.22866091622012305,True
19,S19-B01,S19-B01-C0003,2,S19-P002,baseline,post,bjs,,,0.79861418898082914,0.14534925418518591,True
19,S19-B01,S19-B01-C0004,3,S19-P002,aligned_samples,post,twfe,csa,,0.85980412274140972,0.13025961403188843,True
19,S19-B01,S19-B01-C0005,4,S19-P002,aligned_samples,post,twfe,bjs,,0.82358207874831535,0.12611931171485924,True
19,S19-B01,S19-B01-C0006,5,S19-P002,baseline,pre,twfe,,,0.19244443966155414,0.073023866778384405,False
19,S19-B01,S19-B01-C0007,6,S19-P002,baseline,pre,csa,,,0.26349374820993182,0.098109161592671287,False
19,S19-B01,S19-B01-C0008,7,S19-P002,baseline,pre,bjs,,,0.13757501300882816,0.073576141702382053,False
19,S19-B01,S19-B01-C0009,8,S19-P002,aligned_samples,pre,twfe,csa,,0.12766198938285386,0.072807700584312088,False
19,S19-B01,S19-B01-C0010,9,S19-P002,aligned_samples,pre,twfe,bjs,,0.13757501300882816,0.073576141702382053,False
19,S19-B01,S19-B01-C0011,10,S19-P002,baseline,coefficient,twfe,,-5,0.64410788880996817,0.12220429349391045,False
19,S19-B01,S19-B01-C0012,11,S19-P002,baseline,coefficient,twfe,,-4,0.17382262314384234,0.12894181358253029,False
19,S19-B01,S19-B01-C0013,12,S19-P002,baseline,coefficient,twfe,,-3,0.0094206356879612749,0.074485782940710385,False
19,S19-B01,S19-B01-C0014,13,S19-P002,baseline,coefficient,twfe,,-2,-0.05757338899555519,0.06458158616951673,False
19,S19-B01,S19-B01-C0015,14,S19-P002,baseline,coefficient,twfe,,0,0.58289019140098763,0.093118910755066911,False
19,S19-B01,S19-B01-C0016,15,S19-P002,baseline,coefficient,twfe,,1,0.7230459010020146,0.12703765938943953,False
19,S19-B01,S19-B01-C0017,16,S19-P002,baseline,coefficient,twfe,,2,0.8001274066424362,0.11513589133074015,False
19,S19-B01,S19-B01-C0018,17,S19-P002,baseline,coefficient,twfe,,3,0.8360860662294296,0.13577216307026382,False
19,S19-B01,S19-B01-C0019,18,S19-P002,baseline,coefficient,twfe,,4,0.74847687768789772,0.14843198882949168,False
19,S19-B01,S19-B01-C0020,19,S19-P002,baseline,coefficient,twfe,,5,0.7657891525265782,0.15317822070291326,False
19,S19-B01,S19-B01-C0021,20,S19-P002,baseline,coefficient,twfe,,6,0.97736687981681214,0.17536612754081538,False
19,S19-B01,S19-B01-C0022,21,S19-P002,baseline,coefficient,twfe,,7,1.0106644316327,0.16715861362997969,False
19,S19-B01,S19-B01-C0023,22,S19-P002,baseline,coefficient,twfe,,8,0.93116634714753588,0.17732744342820722,False
19,S19-B01,S19-B01-C0024,23,S19-P002,baseline,coefficient,twfe,,9,1.1205744192237446,0.19100051089551226,False
19,S19-B01,S19-B01-C0025,24,S19-P002,baseline,coefficient,csa,,-5,0.87242601837363953,0.20977453360623372,False
19,S19-B01,S19-B01-C0026,25,S19-P002,baseline,coefficient,csa,,-4,0.22652692753377277,0.18237233153463925,False
19,S19-B01,S19-B01-C0027,26,S19-P002,baseline,coefficient,csa,,-3,0.055532053532672231,0.10499332769122105,False
19,S19-B01,S19-B01-C0028,27,S19-P002,baseline,coefficient,csa,,-2,-0.10051000660035707,0.077374262940958949,False
19,S19-B01,S19-B01-C0029,28,S19-P002,baseline,coefficient,csa,,0,0.43292267655936501,0.15203110864631172,False
19,S19-B01,S19-B01-C0030,29,S19-P002,baseline,coefficient,csa,,1,0.56648973597045182,0.18961804217379644,False
19,S19-B01,S19-B01-C0031,30,S19-P002,baseline,coefficient,csa,,2,0.65058268129335939,0.17399956137205938,False
19,S19-B01,S19-B01-C0032,31,S19-P002,baseline,coefficient,csa,,3,0.72112727786264075,0.20391315263397955,False
19,S19-B01,S19-B01-C0033,32,S19-P002,baseline,coefficient,csa,,4,0.57274054631029769,0.23815973439229202,False
19,S19-B01,S19-B01-C0034,33,S19-P002,baseline,coefficient,csa,,5,0.57961276804668038,0.22062713655108501,False
19,S19-B01,S19-B01-C0035,34,S19-P002,baseline,coefficient,csa,,6,0.61225589508458855,0.35496569104100217,False
19,S19-B01,S19-B01-C0036,35,S19-P002,baseline,coefficient,csa,,7,0.61434650933339086,0.35331319161042302,False
19,S19-B01,S19-B01-C0037,36,S19-P002,baseline,coefficient,csa,,8,0.48417689231596683,0.38103275653749596,False
19,S19-B01,S19-B01-C0038,37,S19-P002,baseline,coefficient,csa,,9,0.43929973132523892,0.35051524805377321,False
19,S19-B01,S19-B01-C0039,38,S19-P002,baseline,coefficient,bjs,,-5,0.50198848581139532,0.13135435652401545,False
19,S19-B01,S19-B01-C0040,39,S19-P002,baseline,coefficient,bjs,,-4,0.1229132378402608,0.12147884198873776,False
19,S19-B01,S19-B01-C0041,40,S19-P002,baseline,coefficient,bjs,,-3,-0.012445995771653695,0.071408628348823999,False
19,S19-B01,S19-B01-C0042,41,S19-P002,baseline,coefficient,bjs,,-2,-0.062155675844689721,0.063443890927321639,False
19,S19-B01,S19-B01-C0043,42,S19-P002,baseline,coefficient,bjs,,0,0.42164571216833674,0.11848347207755323,False
19,S19-B01,S19-B01-C0044,43,S19-P002,baseline,coefficient,bjs,,1,0.60684044665273018,0.14689412783391623,False
19,S19-B01,S19-B01-C0045,44,S19-P002,baseline,coefficient,bjs,,2,0.62361373805184117,0.13582474743012526,False
19,S19-B01,S19-B01-C0046,45,S19-P002,baseline,coefficient,bjs,,3,0.77454587575206002,0.16351701187957637,False
19,S19-B01,S19-B01-C0047,46,S19-P002,baseline,coefficient,bjs,,4,0.71939449816409395,0.18603816948577334,False
19,S19-B01,S19-B01-C0048,47,S19-P002,baseline,coefficient,bjs,,5,0.62702447362908764,0.196317351410217,False
19,S19-B01,S19-B01-C0049,48,S19-P002,baseline,coefficient,bjs,,6,1.1597635276155787,0.25214658468276252,False
19,S19-B01,S19-B01-C0050,49,S19-P002,baseline,coefficient,bjs,,7,1.1395376303135849,0.19537274701415358,False
19,S19-B01,S19-B01-C0051,50,S19-P002,baseline,coefficient,bjs,,8,1.1151617984801487,0.2365587564038576,False
19,S19-B01,S19-B01-C0052,51,S19-P002,baseline,coefficient,bjs,,9,0.99344026438371358,0.18823769192083936,False
19,S19-B01,S19-B01-C0053,52,S19-P002,aligned_samples,post,twfe,csa,-5,0.57934760164281629,0.12601688333448016,False
19,S19-B01,S19-B01-C0054,53,S19-P002,aligned_samples,post,twfe,csa,-4,0.062606079809358242,0.13848962529939712,False
19,S19-B01,S19-B01-C0055,54,S19-P002,aligned_samples,post,twfe,csa,-3,0.0040906321455145105,0.07585285491680184,False
19,S19-B01,S19-B01-C0056,55,S19-P002,aligned_samples,post,twfe,csa,-2,0.0015313573738371703,0.068691166866786807,False
19,S19-B01,S19-B01-C0057,56,S19-P002,aligned_samples,post,twfe,csa,0,0.60229881621100667,0.095836523247194286,False
19,S19-B01,S19-B01-C0058,57,S19-P002,aligned_samples,post,twfe,csa,1,0.74905089669594538,0.12797549758169247,False
19,S19-B01,S19-B01-C0059,58,S19-P002,aligned_samples,post,twfe,csa,2,0.81753902870572237,0.11696860692783946,False
19,S19-B01,S19-B01-C0060,59,S19-P002,aligned_samples,post,twfe,csa,3,0.8652014536925734,0.13656381038943857,False
19,S19-B01,S19-B01-C0061,60,S19-P002,aligned_samples,post,twfe,csa,4,0.78829563998280106,0.14937064404128675,False
19,S19-B01,S19-B01-C0062,61,S19-P002,aligned_samples,post,twfe,csa,5,0.81354069827163888,0.15635311476686095,False
19,S19-B01,S19-B01-C0063,62,S19-P002,aligned_samples,post,twfe,csa,6,1.0278656691783337,0.18296801055102718,False
19,S19-B01,S19-B01-C0064,63,S19-P002,aligned_samples,post,twfe,csa,7,1.0736432729110224,0.17779165093766086,False
19,S19-B01,S19-B01-C0065,64,S19-P002,aligned_samples,post,twfe,csa,8,1.0008016290236439,0.18240648388973746,False
19,S19-B01,S19-B01-C0066,65,S19-P002,aligned_samples,post,twfe,bjs,-5,0.65866995803519413,0.12213216817357461,False
19,S19-B01,S19-B01-C0067,66,S19-P002,aligned_samples,post,twfe,bjs,-4,0.16475209252072218,0.12925576979222148,False
19,S19-B01,S19-B01-C0068,67,S19-P002,aligned_samples,post,twfe,bjs,-3,0.0030251581581002018,0.074333393423114583,False
19,S19-B01,S19-B01-C0069,68,S19-P002,aligned_samples,post,twfe,bjs,-2,-0.053664587782261637,0.066112547141658276,False
19,S19-B01,S19-B01-C0070,69,S19-P002,aligned_samples,post,twfe,bjs,0,0.56703437075926577,0.089580585432366452,False
19,S19-B01,S19-B01-C0071,70,S19-P002,aligned_samples,post,twfe,bjs,1,0.75663018913970337,0.128268959231887,False
19,S19-B01,S19-B01-C0072,71,S19-P002,aligned_samples,post,twfe,bjs,2,0.77613267121115237,0.11445327392608856,False
19,S19-B01,S19-B01-C0073,72,S19-P002,aligned_samples,post,twfe,bjs,3,0.9124859014515776,0.13208191091944468,False
19,S19-B01,S19-B01-C0074,73,S19-P002,aligned_samples,post,twfe,bjs,4,0.8344542385363225,0.14795291167572741,False
19,S19-B01,S19-B01-C0075,74,S19-P002,aligned_samples,post,twfe,bjs,5,0.7635339049737111,0.15840227409961827,False
19,S19-B01,S19-B01-C0076,75,S19-P002,aligned_samples,post,twfe,bjs,6,0.93672552272371978,0.19085064102046148,False
19,S19-B01,S19-B01-C0077,76,S19-P002,aligned_samples,post,twfe,bjs,7,0.94503171460945223,0.15145396810091294,False
19,S19-B01,S19-B01-C0078,77,S19-P002,aligned_samples,post,twfe,bjs,8,0.92021019532993475,0.18189728990342427,False
19,S19-B01,S19-B01-C0079,78,S19-P002,aligned_samples,pre,twfe,csa,-5,0.4885756631079351,0.12942957489053869,False
19,S19-B01,S19-B01-C0080,79,S19-P002,aligned_samples,pre,twfe,csa,-4,0.10441623877359801,0.1196818376050338,False
19,S19-B01,S19-B01-C0081,80,S19-P002,aligned_samples,pre,twfe,csa,-3,-0.016068740292643161,0.071141372913207879,False
19,S19-B01,S19-B01-C0082,81,S19-P002,aligned_samples,pre,twfe,csa,-2,-0.066275204057474502,0.063244611081584551,False
19,S19-B01,S19-B01-C0083,82,S19-P002,aligned_samples,pre,twfe,bjs,-5,0.50198848581139532,0.13135435652401545,False
19,S19-B01,S19-B01-C0084,83,S19-P002,aligned_samples,pre,twfe,bjs,-4,0.1229132378402608,0.12147884198873776,False
19,S19-B01,S19-B01-C0085,84,S19-P002,aligned_samples,pre,twfe,bjs,-3,-0.012445995771653695,0.071408628348823999,False
19,S19-B01,S19-B01-C0086,85,S19-P002,aligned_samples,pre,twfe,bjs,-2,-0.062155675844689721,0.063443890927321639,False
19,S19-B01,S19-B01-C0087,86,S19-P003,baseline,post,twfe,,,1.1300249091536758,0.28557955487340558,False
19,S19-B01,S19-B01-C0088,87,S19-P003,baseline,pre,twfe,,,0.022561240863560664,0.16154403551783392,False
19,S19-B01,S19-B01-C0089,88,S19-P003,baseline,coefficient,twfe,,-5,0.12907541844591794,0.2849300077221667,False
19,S19-B01,S19-B01-C0090,89,S19-P003,baseline,coefficient,twfe,,-4,-0.14127181565820807,0.21452238662830053,False
19,S19-B01,S19-B01-C0091,90,S19-P003,baseline,coefficient,twfe,,-3,0.15653613083940859,0.16630207352304732,False
19,S19-B01,S19-B01-C0092,91,S19-P003,baseline,coefficient,twfe,,-2,-0.054094770172875811,0.13692179841059521,False
19,S19-B01,S19-B01-C0093,92,S19-P003,baseline,coefficient,twfe,,0,0.72301725323393995,0.17468911993475655,False
19,S19-B01,S19-B01-C0094,93,S19-P003,baseline,coefficient,twfe,,1,0.81032073922864045,0.23322549102050896,False
19,S19-B01,S19-B01-C0095,94,S19-P003,baseline,coefficient,twfe,,2,1.1151752621885367,0.25235175036302815,False
19,S19-B01,S19-B01-C0096,95,S19-P003,baseline,coefficient,twfe,,3,1.1624358528491356,0.30329521611100885,False
19,S19-B01,S19-B01-C0097,96,S19-P003,baseline,coefficient,twfe,,4,1.2953799487036119,0.35263980305583165,False
19,S19-B01,S19-B01-C0098,97,S19-P003,baseline,coefficient,twfe,,5,1.1635605089839658,0.32421159176976783,False
19,S19-B01,S19-B01-C0099,98,S19-P003,baseline,coefficient,twfe,,6,1.3619724223881897,0.30750305424270979,False
19,S19-B01,S19-B01-C0100,99,S19-P003,baseline,coefficient,twfe,,7,1.4081171977410165,0.39511626374310571,False
19,S19-B01,S19-B01-C0101,100,S19-P003,baseline,coefficient,twfe,,8,1.1302449970660475,0.46996997432376558,False
19,S19-B01,S19-B01-C0102,101,S19-P003,baseline,coefficient,twfe,,9,1.4414466133874404,0.51488001339995604,False
19,S19-B01,S19-B01-C0103,102,S19-P003,baseline,coefficient,csa,,-3,0.36978572538720828,0.2607609661009313,False
19,S19-B01,S19-B01-C0104,103,S19-P003,baseline,coefficient,csa,,-2,-0.21608001544240696,0.1569592786211885,False
19,S19-B01,S19-B01-C0105,104,S19-P003,baseline,coefficient,csa,,0,0.94136380009234688,0.25585377281470545,False
19,S19-B01,S19-B01-C0106,105,S19-P003,baseline,coefficient,csa,,1,1.0708095846581889,0.27186348328799775,False
19,S19-B01,S19-B01-C0107,106,S19-P003,baseline,coefficient,csa,,2,1.5499970602957081,0.29836302674255716,False
19,S19-B01,S19-B01-C0108,107,S19-P003,baseline,coefficient,csa,,3,1.8521561623037601,0.41646207104492178,False
19,S19-B01,S19-B01-C0109,108,S19-P003,baseline,coefficient,csa,,4,1.9119894513547993,0.37133736927445687,False
19,S19-B01,S19-B01-C0110,109,S19-P003,baseline,coefficient,csa,,5,1.7414333386029777,0.36310882977533021,False
19,S19-B01,S19-B01-C0111,110,S19-P003,baseline,coefficient,csa,,6,1.9399813883568002,0.39336054443616747,False
19,S19-B01,S19-B01-C0112,111,S19-P003,baseline,coefficient,bjs,,-3,0.20710678030501803,0.23108194046528524,False
19,S19-B01,S19-B01-C0113,112,S19-P003,baseline,coefficient,bjs,,-2,-0.27478856520315614,0.15584924416783716,False
19,S19-B01,S19-B01-C0114,113,S19-P003,baseline,coefficient,bjs,,0,0.42457768733839152,0.13917807596560153,False
19,S19-B01,S19-B01-C0115,114,S19-P003,baseline,coefficient,bjs,,1,0.53798987586749203,0.22551005965788501,False
19,S19-B01,S19-B01-C0116,115,S19-P003,baseline,coefficient,bjs,,2,0.68617666644543318,0.16107168110104111,False
19,S19-B01,S19-B01-C0117,116,S19-P003,baseline,coefficient,bjs,,3,1.2422853175339204,0.29213819582834705,False
19,S19-B01,S19-B01-C0118,117,S19-P003,baseline,coefficient,bjs,,4,1.1914035474076701,0.30725098158400371,False
19,S19-B01,S19-B01-C0119,118,S19-P003,baseline,coefficient,bjs,,5,0.99679441326120155,0.30103102851394775,False
19,S19-B01,S19-B01-C0120,119,S19-P003,baseline,coefficient,bjs,,6,1.3004650740451276,0.32233078330170772,False
19,S19-B01,S19-B01-C0121,120,S19-P003,aligned_samples,post,twfe,csa,-3,-0.030848567690848087,0.16216860581353917,False
19,S19-B01,S19-B01-C0122,121,S19-P003,aligned_samples,post,twfe,csa,-2,-0.64472645970633502,0.34467715538289784,False
19,S19-B01,S19-B01-C0123,122,S19-P003,aligned_samples,post,twfe,csa,0,0.43904492380280064,0.12725714621550388,False
19,S19-B01,S19-B01-C0124,123,S19-P003,aligned_samples,post,twfe,csa,1,0.55511828448461753,0.19642083819108447,False
19,S19-B01,S19-B01-C0125,124,S19-P003,aligned_samples,post,twfe,csa,2,0.74496901650636915,0.20420982938505719,False
19,S19-B01,S19-B01-C0126,125,S19-P003,aligned_samples,post,twfe,bjs,-3,0.41524787843532696,0.23420593089134367,False
19,S19-B01,S19-B01-C0127,126,S19-P003,aligned_samples,post,twfe,bjs,-2,-0.25619972899747484,0.153460618923105,False
19,S19-B01,S19-B01-C0128,127,S19-P003,aligned_samples,post,twfe,bjs,0,0.45945597383534198,0.13165571440994728,False
19,S19-B01,S19-B01-C0129,128,S19-P003,aligned_samples,post,twfe,bjs,1,0.57870122401297086,0.19920136651631959,False
19,S19-B01,S19-B01-C0130,129,S19-P003,aligned_samples,post,twfe,bjs,2,0.72666789011429045,0.20669853182396278,False
19,S19-B01,S19-B01-C0131,130,S19-P003,aligned_samples,pre,twfe,csa,-3,0.26182383931815134,0.22265783491699398,False
19,S19-B01,S19-B01-C0132,131,S19-P003,aligned_samples,pre,twfe,csa,-2,-0.23896505592163106,0.14796812913434465,False
19,S19-B01,S19-B01-C0133,132,S19-P003,aligned_samples,pre,twfe,bjs,-3,0.20710678030501803,0.23108194046528524,False
19,S19-B01,S19-B01-C0134,133,S19-P003,aligned_samples,pre,twfe,bjs,-2,-0.27478856520315614,0.15584924416783716,False
19,S19-B01,S19-B01-C0135,134,S19-P001,baseline,static,twfe,,,0.798291571483981,0.14721343647790694,True
19,S19-B01,S19-B01-C0136,135,S19-P001,baseline,static,csa,,,1.5725329693806547,0.29280748573388099,True
19,S19-B01,S19-B01-C0137,136,S19-P001,baseline,static,bjs,,,0.91138465455703366,0.22888487195846,True
19,S19-B01,S19-B01-C0138,137,S19-P001,aligned_samples,static,twfe,csa,,1.063033650873759,0.24686626791452337,True
19,S19-B01,S19-B01-C0139,138,S19-P001,aligned_samples,static,twfe,bjs,,0.890676685417777,0.19497780620915359,True
19,S19-B01,S19-B01-C0140,139,S19-P001,baseline,coefficient,twfe,,treatment,0.798291571483981,0.14721343647790694,False
19,S19-B01,S19-B01-C0141,140,S19-P001,baseline,coefficient,csa,,treatment,1.5725329693806547,0.29280748573388099,False
19,S19-B01,S19-B01-C0142,141,S19-P001,baseline,coefficient,bjs,,treatment,0.91138465455703366,0.22888487195846,False
19,S19-B01,S19-B01-C0143,142,S19-P001,aligned_samples,static,twfe,csa,treatment,1.063033650873759,0.24686626791452337,False
19,S19-B01,S19-B01-C0144,143,S19-P001,aligned_samples,static,twfe,bjs,treatment,0.890676685417777,0.19497780620915359,False
19,S19-B01,S19-B01-C0145,144,S19-P002,baseline,post,twfe,,,0.81951258378737679,0.12505934209698261,False
19,S19-B01,S19-B01-C0146,145,S19-P002,baseline,post,csa,,,0.58158388697519348,0.22866091622012305,False
19,S19-B01,S19-B01-C0147,146,S19-P002,baseline,post,bjs,,,0.79861418898082925,0.14534925418518591,False
19,S19-B01,S19-B01-C0148,147,S19-P002,aligned_samples,post,twfe,csa,,0.85980412274140994,0.13025961403188843,False
19,S19-B01,S19-B01-C0149,148,S19-P002,aligned_samples,post,csa,,,0.58158388697519348,0.22866091622012305,True
19,S19-B01,S19-B01-C0150,149,S19-P002,aligned_samples,post,twfe,bjs,,0.82358207874831557,0.12611931171485924,False
19,S19-B01,S19-B01-C0151,150,S19-P002,aligned_samples,post,bjs,,,0.79861418898082925,0.14534925418518591,True
19,S19-B01,S19-B01-C0152,151,S19-P002,baseline,pre,twfe,,,0.19244443966155414,0.073023866778384419,False
19,S19-B01,S19-B01-C0153,152,S19-P002,baseline,pre,csa,,,0.26349374820993188,0.098109161592671273,False
19,S19-B01,S19-B01-C0154,153,S19-P002,baseline,pre,bjs,,,0.13757501300882816,0.073576141702382053,False
19,S19-B01,S19-B01-C0155,154,S19-P002,aligned_samples,pre,twfe,csa,,0.12766198938285389,0.072807700584312088,False
19,S19-B01,S19-B01-C0156,155,S19-P002,aligned_samples,pre,csa,,,0.26349374820993188,0.098109161592671273,False
19,S19-B01,S19-B01-C0157,156,S19-P002,aligned_samples,pre,twfe,bjs,,0.13757501300882818,0.073576141702382053,False
19,S19-B01,S19-B01-C0158,157,S19-P002,aligned_samples,pre,bjs,,,0.13757501300882816,0.073576141702382053,False
19,S19-B01,S19-B01-C0159,158,S19-P003,baseline,post,twfe,,,1.0902659982251459,0.25189759569086695,True
19,S19-B01,S19-B01-C0160,159,S19-P003,baseline,post,csa,,,1.5725329693806545,0.29280748573388105,True
19,S19-B01,S19-B01-C0161,160,S19-P003,baseline,post,bjs,,,0.91138465455703377,0.22888487195846002,True
19,S19-B01,S19-B01-C0162,161,S19-P003,aligned_samples,post,twfe,csa,,0.55131637528376976,0.15121060018427981,True
19,S19-B01,S19-B01-C0163,162,S19-P003,aligned_samples,post,csa,,,1.1873901483487479,0.24755235560873276,True
19,S19-B01,S19-B01-C0164,163,S19-P003,aligned_samples,post,twfe,bjs,,0.54284029971585246,0.15561990040045356,True
19,S19-B01,S19-B01-C0165,164,S19-P003,aligned_samples,post,bjs,,,0.54958140988377224,0.16313583462433731,True
19,S19-B01,S19-B01-C0166,165,S19-P003,baseline,pre,twfe,,,0.051220680333266391,0.13412768233889891,False
19,S19-B01,S19-B01-C0167,166,S19-P003,baseline,pre,csa,,,0.076852854972400658,0.1739089931225771,False
19,S19-B01,S19-B01-C0168,167,S19-P003,baseline,pre,bjs,,,-0.033840892449069057,0.16178334413896681,False
19,S19-B01,S19-B01-C0169,168,S19-P003,aligned_samples,pre,twfe,csa,,0.011429391698260129,0.15523779441368549,False
19,S19-B01,S19-B01-C0170,169,S19-P003,aligned_samples,pre,csa,,,0.076852854972400658,0.1739089931225771,False
19,S19-B01,S19-B01-C0171,170,S19-P003,aligned_samples,pre,twfe,bjs,,-0.033840892449069064,0.16178334413896678,False
19,S19-B01,S19-B01-C0172,171,S19-P003,aligned_samples,pre,bjs,,,-0.033840892449069057,0.16178334413896681,False
20,S20-B01,S20-B01-C0001,0,S20-P012,baseline,static,twfe,,,0.5279614982562838,0.22992694098700533,True
20,S20-B01,S20-B01-C0002,1,S20-P012,baseline,static,csa,,,0.41794908325871322,0.40898030122196866,True
20,S20-B01,S20-B01-C0003,2,S20-P012,archived_alignment_A,static,twfe,csa,,0.44817386223755462,0.37027088223566718,False
20,S20-B01,S20-B01-C0004,3,S20-P012,aligned_samples,static,twfe,csa,,0.42368507911259939,0.32106924326713054,True
20,S20-B01,S20-B01-C0005,4,S20-P012,baseline,static,bjs,,,0.58619919118070851,0.47518135256376537,True
20,S20-B01,S20-B01-C0006,5,S20-P012,aligned_samples,static,twfe,bjs,,0.43544819154422543,0.33596118948520881,True
20,S20-B01,S20-B01-C0007,6,S20-P013,baseline,static,twfe,,,0.32489962633391328,0.22527481130124294,True
20,S20-B01,S20-B01-C0008,7,S20-P013,baseline,static,csa,,,0.18894943394142361,0.34542715441204702,True
20,S20-B01,S20-B01-C0009,8,S20-P013,archived_alignment_A,static,twfe,csa,,0.33051490065681144,0.34774059483768904,False
20,S20-B01,S20-B01-C0010,9,S20-P013,aligned_samples,static,twfe,csa,,0.23510123634223029,0.31640670783622138,True
20,S20-B01,S20-B01-C0011,10,S20-P013,baseline,static,bjs,,,0.63331913337986756,0.38369969166808998,True
20,S20-B01,S20-B01-C0012,11,S20-P013,aligned_samples,static,twfe,bjs,,0.25263019578353763,0.31039917140056617,True
20,S20-B01,S20-B01-C0013,12,S20-P005,baseline,static,twfe,,,-0.0400102833763398,0.0060055002895502627,True
20,S20-B01,S20-B01-C0014,13,S20-P005,baseline,static,csa,,,-0.019904524094146645,0.012712854647438094,True
20,S20-B01,S20-B01-C0015,14,S20-P005,archived_alignment_A,static,twfe,csa,,-0.040020484180435092,0.0060079842203604131,False
20,S20-B01,S20-B01-C0016,15,S20-P005,aligned_samples,static,twfe,csa,,-0.046637389434308847,0.0072396215959938375,True
20,S20-B01,S20-B01-C0017,16,S20-P005,baseline,static,bjs,,,-0.037229784024218102,0.0067837366519452255,True
20,S20-B01,S20-B01-C0018,17,S20-P005,aligned_samples,static,twfe,bjs,,-0.040030330074798344,0.0060099765213938198,True
20,S20-B01,S20-B01-C0019,18,S20-P006,baseline,static,twfe,,,-0.020412598800422802,0.0050488582283664913,True
20,S20-B01,S20-B01-C0020,19,S20-P006,baseline,static,csa,,,0.01983585652928322,0.028969316605918668,True
20,S20-B01,S20-B01-C0021,20,S20-P006,archived_alignment_A,static,twfe,csa,,-0.020492636223245965,0.005074143878575698,False
20,S20-B01,S20-B01-C0022,21,S20-P006,aligned_samples,static,twfe,csa,,-0.025087118070676182,0.0059270895032637145,True
20,S20-B01,S20-B01-C0023,22,S20-P006,baseline,static,bjs,,,-0.017818109771821401,0.0054399085637344977,True
20,S20-B01,S20-B01-C0024,23,S20-P006,aligned_samples,static,twfe,bjs,,-0.020511096412443478,0.0050805587726136499,True
20,S20-B01,S20-B01-C0025,24,S20-P007,baseline,static,twfe,,,0.015690466368820301,0.026849844911063625,True
20,S20-B01,S20-B01-C0026,25,S20-P007,baseline,static,csa,,,0.042114026897027458,0.028025745096275305,True
20,S20-B01,S20-B01-C0027,26,S20-P007,archived_alignment_A,static,twfe,csa,,0.01593076915459098,0.026819013516185396,False
20,S20-B01,S20-B01-C0028,27,S20-P007,aligned_samples,static,twfe,csa,,0.019215776273781991,0.032562462518859636,True
20,S20-B01,S20-B01-C0029,28,S20-P007,baseline,static,bjs,,,-0.0060344320135931996,0.016956345142547732,True
20,S20-B01,S20-B01-C0030,29,S20-P007,aligned_samples,static,twfe,bjs,,0.015932121803896027,0.026820795328304475,True
20,S20-B01,S20-B01-C0031,30,S20-P008,baseline,static,twfe,,,0.2290541652880351,0.059173826002731272,True
20,S20-B01,S20-B01-C0032,31,S20-P008,baseline,static,csa,,,0.11838343349030077,0.08859482236046215,True
20,S20-B01,S20-B01-C0033,32,S20-P008,archived_alignment_A,static,twfe,csa,,0.22937020439409714,0.059130009291073433,False
20,S20-B01,S20-B01-C0034,33,S20-P008,aligned_samples,static,twfe,csa,,0.1468659002451119,0.067734456771434956,True
20,S20-B01,S20-B01-C0035,34,S20-P008,baseline,static,bjs,,,0.31236384233275277,0.074554767957481866,True
20,S20-B01,S20-B01-C0036,35,S20-P008,aligned_samples,static,twfe,bjs,,0.22956916162891433,0.05911726858053909,True
20,S20-B01,S20-B01-C0037,36,S20-P009,baseline,static,twfe,,,0.1809202584498999,0.047811180217577486,True
20,S20-B01,S20-B01-C0038,37,S20-P009,baseline,static,csa,,,0.11119243876053025,0.080475184511522052,True
20,S20-B01,S20-B01-C0039,38,S20-P009,archived_alignment_A,static,twfe,csa,,0.18177456368107897,0.047744052295924766,False
20,S20-B01,S20-B01-C0040,39,S20-P009,aligned_samples,static,twfe,csa,,0.12875162213417837,0.058827461636772924,True
20,S20-B01,S20-B01-C0041,40,S20-P009,baseline,static,bjs,,,0.2747462923090388,0.064276708261403359,True
20,S20-B01,S20-B01-C0042,41,S20-P009,aligned_samples,static,twfe,bjs,,0.18194662574524351,0.047741287397880645,True
20,S20-B01,S20-B01-C0043,42,S20-P010,baseline,static,twfe,,,0.17030942877922201,0.048730878830891181,True
20,S20-B01,S20-B01-C0044,43,S20-P010,baseline,static,csa,,,0.1067193496471078,0.082719555652095642,True
20,S20-B01,S20-B01-C0045,44,S20-P010,archived_alignment_A,static,twfe,csa,,0.17070939509860183,0.048703229781531542,False
20,S20-B01,S20-B01-C0046,45,S20-P010,aligned_samples,static,twfe,csa,,0.12251025714296078,0.059756293111283422,True
20,S20-B01,S20-B01-C0047,46,S20-P010,baseline,static,bjs,,,0.25914881796536138,0.0698239320975578,True
20,S20-B01,S20-B01-C0048,47,S20-P010,aligned_samples,static,twfe,bjs,,0.17091075681133683,0.048699767708599774,True
20,S20-B01,S20-B01-C0049,48,S20-P011,baseline,static,twfe,,,0.17959627508121651,0.060179414407856097,True
20,S20-B01,S20-B01-C0050,49,S20-P011,baseline,static,csa,,,0.084648577519990498,0.085055304997986969,True
20,S20-B01,S20-B01-C0051,50,S20-P011,archived_alignment_A,static,twfe,csa,,0.18035070756524965,0.060119377027253881,False
20,S20-B01,S20-B01-C0052,51,S20-P011,aligned_samples,static,twfe,csa,,0.10210480903297532,0.050783282280731666,True
20,S20-B01,S20-B01-C0053,52,S20-P011,baseline,static,bjs,,,0.22937537166304539,0.071983675677299061,True
20,S20-B01,S20-B01-C0054,53,S20-P011,aligned_samples,static,twfe,bjs,,0.18023412055053314,0.060132894257751361,True
20,S20-B01,S20-B01-C0055,54,S20-P014,baseline,static,twfe,,,-0.044570526225918901,0.0060686357025745803,True
20,S20-B01,S20-B01-C0056,55,S20-P014,baseline,static,csa,,,-0.0052513158912066487,0.019116807326298568,True
20,S20-B01,S20-B01-C0057,56,S20-P014,archived_alignment_A,static,twfe,csa,,-0.044624113134845461,0.0060759648913272062,False
20,S20-B01,S20-B01-C0058,57,S20-P014,aligned_samples,static,twfe,csa,,-0.052682793011943931,0.007112473512317646,True
20,S20-B01,S20-B01-C0059,58,S20-P014,baseline,static,bjs,,,-0.040809617868097801,0.0069094562454410143,True
20,S20-B01,S20-B01-C0060,59,S20-P014,aligned_samples,static,twfe,bjs,,-0.044642662838523917,0.006078719937403932,True
20,S20-B01,S20-B01-C0061,60,S20-P001,baseline,post,twfe,,,0.1535470279525871,0.054763144217806883,True
20,S20-B01,S20-B01-C0062,61,S20-P001,baseline,post,csa,,,0.025233239395298899,0.092287347405005146,True
20,S20-B01,S20-B01-C0063,62,S20-P001,archived_alignment_A,post,twfe,csa,,0.15057916677999203,0.054178503197523799,False
20,S20-B01,S20-B01-C0064,63,S20-P001,aligned_samples,post,twfe,csa,,0.15107063425903655,0.05612239252964394,True
20,S20-B01,S20-B01-C0065,64,S20-P001,baseline,post,bjs,,,0.15703240051183889,0.057564013204867849,True
20,S20-B01,S20-B01-C0066,65,S20-P001,aligned_samples,post,twfe,bjs,,0.14932339910197678,0.054149048336892568,True
20,S20-B01,S20-B01-C0067,66,S20-P002,baseline,post,twfe,,,0.13363313733731799,0.046749358592789926,True
20,S20-B01,S20-B01-C0068,67,S20-P002,baseline,post,csa,,,0.013884515390735,0.083957477683064843,True
20,S20-B01,S20-B01-C0069,68,S20-P002,archived_alignment_A,post,twfe,csa,,0.13809595722698031,0.045607492378492535,False
20,S20-B01,S20-B01-C0070,69,S20-P002,aligned_samples,post,twfe,csa,,0.1328395842168717,0.046357332053041114,True
20,S20-B01,S20-B01-C0071,70,S20-P002,baseline,post,bjs,,,0.1411518405611428,0.047263390243129477,True
20,S20-B01,S20-B01-C0072,71,S20-P002,aligned_samples,post,twfe,bjs,,0.13761116532335549,0.045577170269464735,True
20,S20-B01,S20-B01-C0073,72,S20-P003,baseline,post,twfe,,,0.74600532560580723,0.27288554906070878,True
20,S20-B01,S20-B01-C0074,73,S20-P003,baseline,post,csa,,,0.3742047689471526,0.44991802445948964,True
20,S20-B01,S20-B01-C0075,74,S20-P003,archived_alignment_A,post,twfe,csa,,0.57187741959123006,0.62781932316459421,False
20,S20-B01,S20-B01-C0076,75,S20-P003,aligned_samples,post,twfe,csa,,-0.13836632236979893,0.42120391542805125,True
20,S20-B01,S20-B01-C0077,76,S20-P003,baseline,post,bjs,,,0.60711857668060532,0.4508018985935357,True
20,S20-B01,S20-B01-C0078,77,S20-P003,aligned_samples,post,twfe,bjs,,0.63770839220258047,0.54804270703856284,True
20,S20-B01,S20-B01-C0079,78,S20-P004,baseline,post,twfe,,,0.65779343592208606,0.28885099560386618,True
20,S20-B01,S20-B01-C0080,79,S20-P004,baseline,post,csa,,,-0.057087712650219197,0.42478032887851386,True
20,S20-B01,S20-B01-C0081,80,S20-P004,archived_alignment_A,post,twfe,csa,,0.70089160819955965,0.49059306216445031,False
20,S20-B01,S20-B01-C0082,81,S20-P004,aligned_samples,post,twfe,csa,,0.17782773584607636,0.30596772018678114,True
20,S20-B01,S20-B01-C0083,82,S20-P004,baseline,post,bjs,,,0.65143711167816476,0.35387579926653134,True
20,S20-B01,S20-B01-C0084,83,S20-P004,aligned_samples,post,twfe,bjs,,0.78870451073655035,0.48403056951993617,True
20,S20-B01,S20-B01-C0085,84,S20-P001,baseline,pre,twfe,,,-0.023125932007633666,0.038994698104570048,False
20,S20-B01,S20-B01-C0086,85,S20-P001,baseline,pre,csa,,,-0.022095342629448952,0.030202586406601378,False
20,S20-B01,S20-B01-C0087,86,S20-P001,baseline,pre,bjs,,,-0.048760623678166498,0.022849676579851423,False
20,S20-B01,S20-B01-C0088,87,S20-P001,archived_alignment_A,pre,twfe,csa,,-0.070714994169368467,0.029537729700147786,False
20,S20-B01,S20-B01-C0089,88,S20-P001,aligned_samples,pre,twfe,csa,,-0.06970409372305883,0.029559240255098877,False
20,S20-B01,S20-B01-C0090,89,S20-P001,aligned_samples,pre,twfe,bjs,,-0.070714994169368467,0.029537729700147786,False
20,S20-B01,S20-B01-C0091,90,S20-P002,baseline,pre,twfe,,,-0.0016793639926062415,0.042379850522299402,False
20,S20-B01,S20-B01-C0092,91,S20-P002,baseline,pre,csa,,,0.0088507486576641127,0.037651514547939073,False
20,S20-B01,S20-B01-C0093,92,S20-P002,baseline,pre,bjs,,,-0.0073264634139474389,0.029380554685070354,False
20,S20-B01,S20-B01-C0094,93,S20-P002,archived_alignment_A,pre,twfe,csa,,-0.017846185223144111,0.037194860772686134,False
20,S20-B01,S20-B01-C0095,94,S20-P002,aligned_samples,pre,twfe,csa,,-0.01745168849594592,0.037337631489455077,False
20,S20-B01,S20-B01-C0096,95,S20-P002,aligned_samples,pre,twfe,bjs,,-0.017846185223144111,0.037194860772686134,False
20,S20-B01,S20-B01-C0097,96,S20-P003,baseline,pre,twfe,,,-0.15304623826986954,0.34412127438557066,False
20,S20-B01,S20-B01-C0098,97,S20-P003,baseline,pre,csa,,,-0.2425333571042578,0.2896388111596882,False
20,S20-B01,S20-B01-C0099,98,S20-P003,baseline,pre,bjs,,,0.037611984884993836,0.11437173163049552,False
20,S20-B01,S20-B01-C0100,99,S20-P003,archived_alignment_A,pre,twfe,csa,,0.11580753095103408,0.69274557379440793,False
20,S20-B01,S20-B01-C0101,100,S20-P003,aligned_samples,pre,twfe,csa,,0.28314936469594948,0.67625294480058107,False
20,S20-B01,S20-B01-C0102,101,S20-P003,aligned_samples,pre,twfe,bjs,,0.11733996130009493,0.69194157831972203,False
20,S20-B01,S20-B01-C0103,102,S20-P004,baseline,pre,twfe,,,-0.22511850755878271,0.33224763359718518,False
20,S20-B01,S20-B01-C0104,103,S20-P004,baseline,pre,csa,,,-0.34180652827602054,0.28330804894239936,False
20,S20-B01,S20-B01-C0105,104,S20-P004,baseline,pre,bjs,,,0.035052259712197303,0.099421589701857618,False
20,S20-B01,S20-B01-C0106,105,S20-P004,archived_alignment_A,pre,twfe,csa,,-0.26625578570407626,0.60705603856717516,False
20,S20-B01,S20-B01-C0107,106,S20-P004,aligned_samples,pre,twfe,csa,,-0.16542660480546292,0.62331744067790007,False
20,S20-B01,S20-B01-C0108,107,S20-P004,aligned_samples,pre,twfe,bjs,,-0.26612304658814184,0.60668989362471926,False
21,S21-B01,S21-B01-C0001,0,S21-P001,baseline,static,twfe,,,-0.1446700392228551,0.20814888830279546,True
21,S21-B01,S21-B01-C0002,1,S21-P001,baseline,static,csa,,,0,0,True
21,S21-B01,S21-B01-C0003,2,S21-P001,archived_alignment_A,static,twfe,csa,,0.57471208447069266,0.19043084867650975,False
21,S21-B01,S21-B01-C0004,3,S21-P001,aligned_samples,static,twfe,csa,,0,0,True
21,S21-B01,S21-B01-C0005,4,S21-P001,baseline,static,bjs,,,0.52681941076480154,0.2024085033307309,True
21,S21-B01,S21-B01-C0006,5,S21-P001,aligned_samples,static,twfe,bjs,,0.57471208447069266,0.19043084867650975,True
21,S21-B01,S21-B01-C0007,6,S21-P002,baseline,static,twfe,,,-0.22969558324164821,0.27124958014323247,True
21,S21-B01,S21-B01-C0008,7,S21-P002,baseline,static,csa,,,0,0,True
21,S21-B01,S21-B01-C0009,8,S21-P002,archived_alignment_A,static,twfe,csa,,0.81919626616164531,0.27133391764416459,False
21,S21-B01,S21-B01-C0010,9,S21-P002,aligned_samples,static,twfe,csa,,0,0,True
21,S21-B01,S21-B01-C0011,10,S21-P002,baseline,static,bjs,,,0.75092991064817471,0.29147241517699957,True
21,S21-B01,S21-B01-C0012,11,S21-P002,aligned_samples,static,twfe,bjs,,0.81919626616164531,0.27133391764416459,True
21,S21-B01,S21-B01-C0013,12,S21-P003,baseline,static,twfe,,,-0.34968888044134661,0.28794123192256094,True
21,S21-B01,S21-B01-C0014,13,S21-P003,baseline,static,csa,,,3.550452905965229,0.36948457983243471,True
21,S21-B01,S21-B01-C0015,14,S21-P003,archived_alignment_A,static,twfe,csa,,3.2737942379679379,0.37254565486137381,False
21,S21-B01,S21-B01-C0016,15,S21-P003,aligned_samples,static,twfe,csa,,3.5504529059652294,0.36948457983243488,True
21,S21-B01,S21-B01-C0017,16,S21-P003,baseline,static,bjs,,,3.2968491269677127,0.37816205214187115,True
21,S21-B01,S21-B01-C0018,17,S21-P003,aligned_samples,static,twfe,bjs,,3.2737942379679379,0.37254565486137381,True
21,S21-B01,S21-B01-C0019,18,S21-P004,baseline,static,twfe,,,-0.12026093281163899,0.19264840438411632,True
21,S21-B01,S21-B01-C0020,19,S21-P004,baseline,static,csa,,,0.99894608660051043,0.57756009074961878,True
21,S21-B01,S21-B01-C0021,20,S21-P004,archived_alignment_A,static,twfe,csa,,1.2713859284006495,0.52090655755354243,False
21,S21-B01,S21-B01-C0022,21,S21-P004,aligned_samples,static,twfe,csa,,0.99894608660051032,0.57756009074961723,True
21,S21-B01,S21-B01-C0023,22,S21-P004,baseline,static,bjs,,,0.99894608660051043,0.57756009074961878,True
21,S21-B01,S21-B01-C0024,23,S21-P004,aligned_samples,static,twfe,bjs,,1.2713859284006495,0.52090655755354243,True
21,S21-B01,S21-B01-C0025,24,S21-P005,baseline,static,twfe,,,-0.60689398608801814,0.30641019870616665,True
21,S21-B01,S21-B01-C0026,25,S21-P005,baseline,static,csa,,,0.5406438405523174,0.62546134126098651,True
21,S21-B01,S21-B01-C0027,26,S21-P005,archived_alignment_A,static,twfe,csa,,1.3159366110417836,0.71453981486139384,False
21,S21-B01,S21-B01-C0028,27,S21-P005,aligned_samples,static,twfe,csa,,0.54064384055231773,0.62546134126098485,True
21,S21-B01,S21-B01-C0029,28,S21-P005,baseline,static,bjs,,,0.98536699287565843,0.77303246123220737,True
21,S21-B01,S21-B01-C0030,29,S21-P005,aligned_samples,static,twfe,bjs,,1.3159366110417836,0.71453981486139384,True
21,S21-B01,S21-B01-C0031,30,S21-P006,baseline,static,twfe,,,-0.14381281400482671,0.2540868477068482,True
21,S21-B01,S21-B01-C0032,31,S21-P006,baseline,static,csa,,,-2.5545870565817848,0.86200366010604057,True
21,S21-B01,S21-B01-C0033,32,S21-P006,archived_alignment_A,static,twfe,csa,,-2.6384012991636583,0.65060515065815727,False
21,S21-B01,S21-B01-C0034,33,S21-P006,aligned_samples,static,twfe,csa,,-2.5545870565817843,0.86200366010603668,True
21,S21-B01,S21-B01-C0035,34,S21-P006,baseline,static,bjs,,,-3.0011596550547508,0.74878514737356072,True
21,S21-B01,S21-B01-C0036,35,S21-P006,aligned_samples,static,twfe,bjs,,-2.6384012991636583,0.65060515065815727,True
21,S21-B01,S21-B01-C0037,36,S21-P007,baseline,static,twfe,,,-1.286695307431601,0.42833473911160574,True
21,S21-B01,S21-B01-C0038,37,S21-P007,baseline,static,csa,,,0.22132408943860729,0.67867006115267758,True
21,S21-B01,S21-B01-C0039,38,S21-P007,archived_alignment_A,static,twfe,csa,,-1.8391107382834628,0.44212430283176274,False
21,S21-B01,S21-B01-C0040,39,S21-P007,aligned_samples,static,twfe,csa,,0.22132408943860701,0.67867006115267525,True
21,S21-B01,S21-B01-C0041,40,S21-P007,baseline,static,bjs,,,-1.9530355459920337,0.56295925462933816,True
21,S21-B01,S21-B01-C0042,41,S21-P007,aligned_samples,static,twfe,bjs,,-1.8391107382834628,0.44212430283176274,True
21,S21-B01,S21-B01-C0043,42,S21-P008,baseline,static,twfe,,,0.5259491191682103,0.4753254424967821,True
21,S21-B01,S21-B01-C0044,43,S21-P008,baseline,static,csa,,,1.8775886803776307,0.14596136424082323,True
21,S21-B01,S21-B01-C0045,44,S21-P008,archived_alignment_A,static,twfe,csa,,2.7566415625544303,0.21713725321019323,False
21,S21-B01,S21-B01-C0046,45,S21-P008,aligned_samples,static,twfe,csa,,1.8775886803776309,0.14596136424082631,True
21,S21-B01,S21-B01-C0047,46,S21-P008,baseline,static,bjs,,,2.7566415625544312,0.21713725321019109,True
21,S21-B01,S21-B01-C0048,47,S21-P008,aligned_samples,static,twfe,bjs,,2.7566415625544303,0.21713725321019323,True
21,S21-B01,S21-B01-C0049,48,S21-P009,baseline,static,twfe,,,0.0150653309821909,0.16935569789212057,True
21,S21-B01,S21-B01-C0050,49,S21-P009,baseline,static,csa,,,-0.29975524713253182,0.067800376603802295,True
21,S21-B01,S21-B01-C0051,50,S21-P009,archived_alignment_A,static,twfe,csa,,0,8.5491406962314353e-15,False
21,S21-B01,S21-B01-C0052,51,S21-P009,aligned_samples,static,twfe,csa,,-0.29975524713253182,0.067800376603802365,True
21,S21-B01,S21-B01-C0053,52,S21-P009,baseline,static,bjs,,,3.3279517711874082e-17,1.3890543018426177e-16,True
21,S21-B01,S21-B01-C0054,53,S21-P009,aligned_samples,static,twfe,bjs,,0,8.5491406962314353e-15,True
21,S21-B01,S21-B01-C0055,54,S21-P010,baseline,static,twfe,,,0.9324109151579234,0.32205527533539652,True
21,S21-B01,S21-B01-C0056,55,S21-P010,baseline,static,csa,,,0,0,True
21,S21-B01,S21-B01-C0057,56,S21-P010,archived_alignment_A,static,twfe,csa,,0.98200778308777947,0.10964212468157147,False
21,S21-B01,S21-B01-C0058,57,S21-P010,aligned_samples,static,twfe,csa,,0,1.7951402643202269e-14,True
21,S21-B01,S21-B01-C0059,58,S21-P010,baseline,static,bjs,,,0.98200778308777958,0.10964212468157176,True
21,S21-B01,S21-B01-C0060,59,S21-P010,aligned_samples,static,twfe,bjs,,0.98200778308777947,0.10964212468157147,True
21,S21-B01,S21-B01-C0061,60,S21-P015,baseline,static,twfe,,,0.060785677835292901,0.15590533607978421,True
21,S21-B01,S21-B01-C0062,61,S21-P015,baseline,static,csa,,,-0.22056205515357491,0.050641922458007138,True
21,S21-B01,S21-B01-C0063,62,S21-P015,archived_alignment_A,static,twfe,csa,,0.22056205515357494,0.050641922458007249,False
21,S21-B01,S21-B01-C0064,63,S21-P015,aligned_samples,static,twfe,csa,,-0.22056205515357494,0.050641922458007367,True
21,S21-B01,S21-B01-C0065,64,S21-P015,baseline,static,bjs,,,0.2205620551535748,0.050641922458007138,True
21,S21-B01,S21-B01-C0066,65,S21-P015,aligned_samples,static,twfe,bjs,,0.22056205515357494,0.050641922458007249,True
21,S21-B01,S21-B01-C0067,66,S21-P016,baseline,static,twfe,,,-0.13059082069124911,0.17585582581106093,True
21,S21-B01,S21-B01-C0068,67,S21-P016,baseline,static,csa,,,0.36305706882278271,0.090656426082402472,True
21,S21-B01,S21-B01-C0069,68,S21-P016,archived_alignment_A,static,twfe,csa,,0.54458560323417393,0.13598463912360356,False
21,S21-B01,S21-B01-C0070,69,S21-P016,aligned_samples,static,twfe,csa,,0.36305706882278271,0.090656426082402333,True
21,S21-B01,S21-B01-C0071,70,S21-P016,baseline,static,bjs,,,0.54458560323417393,0.13598463912360373,True
21,S21-B01,S21-B01-C0072,71,S21-P016,aligned_samples,static,twfe,bjs,,0.54458560323417393,0.13598463912360356,True
21,S21-B01,S21-B01-C0073,72,S21-P017,baseline,static,twfe,,,-0.72157069233433213,0.2271615027657059,True
21,S21-B01,S21-B01-C0074,73,S21-P017,baseline,static,csa,,,0.84445657399598706,0.30636810793287178,True
21,S21-B01,S21-B01-C0075,74,S21-P017,archived_alignment_A,static,twfe,csa,,1.717478268103517,0.52374244050029983,False
21,S21-B01,S21-B01-C0076,75,S21-P017,aligned_samples,static,twfe,csa,,0.84445657399598728,0.30636810793287067,True
21,S21-B01,S21-B01-C0077,76,S21-P017,baseline,static,bjs,,,1.5219856781771617,0.55259896586554669,True
21,S21-B01,S21-B01-C0078,77,S21-P017,aligned_samples,static,twfe,bjs,,1.717478268103517,0.52374244050029983,True
21,S21-B01,S21-B01-C0079,78,S21-P018,baseline,static,twfe,,,0.010801273469023501,0.50887453827105711,True
21,S21-B01,S21-B01-C0080,79,S21-P018,baseline,static,csa,,,-0.57119959793765607,1.0149251567309108,True
21,S21-B01,S21-B01-C0081,80,S21-P018,archived_alignment_A,static,twfe,csa,,-0.57119959793765607,0.78621922280140266,False
21,S21-B01,S21-B01-C0082,81,S21-P018,aligned_samples,static,twfe,csa,,-0.57119959793765596,1.014925156730909,True
21,S21-B01,S21-B01-C0083,82,S21-P018,baseline,static,bjs,,,-0.99959929639089795,0.89095166919462321,True
21,S21-B01,S21-B01-C0084,83,S21-P018,aligned_samples,static,twfe,bjs,,-0.57119959793765607,0.78621922280140266,True
21,S21-B01,S21-B01-C0085,84,S21-P019,baseline,static,twfe,,,0.0010616131712299999,0.17994769303186631,True
21,S21-B01,S21-B01-C0086,85,S21-P019,baseline,static,csa,,,0.14845714440906571,0.60547979181428191,True
21,S21-B01,S21-B01-C0087,86,S21-P019,archived_alignment_A,static,twfe,csa,,0.067480534665685959,0.44658464649532126,False
21,S21-B01,S21-B01-C0088,87,S21-P019,aligned_samples,static,twfe,csa,,0.14845714440906591,0.6054797918142808,True
21,S21-B01,S21-B01-C0089,88,S21-P019,baseline,static,bjs,,,-0.1855713906920278,0.50730638515819237,True
21,S21-B01,S21-B01-C0090,89,S21-P019,aligned_samples,static,twfe,bjs,,0.067480534665685959,0.44658464649532126,True
21,S21-B01,S21-B01-C0091,90,S21-P020,baseline,static,twfe,,,-0.40623021799471171,0.3070495221126826,True
21,S21-B01,S21-B01-C0092,91,S21-P020,baseline,static,csa,,,0,0,True
21,S21-B01,S21-B01-C0093,92,S21-P020,archived_alignment_A,static,twfe,csa,,1.4327158546503929,0.4903746617422669,False
21,S21-B01,S21-B01-C0094,93,S21-P020,aligned_samples,static,twfe,csa,,0,0,True
21,S21-B01,S21-B01-C0095,94,S21-P020,baseline,static,bjs,,,1.049916694123737,0.56343020477048245,True
21,S21-B01,S21-B01-C0096,95,S21-P020,aligned_samples,static,twfe,bjs,,1.4327158546503929,0.4903746617422669,True
21,S21-B01,S21-B01-C0097,96,S21-P021,baseline,static,twfe,,,0.0078734309959495007,0.17956943980358378,True
21,S21-B01,S21-B01-C0098,97,S21-P021,baseline,static,csa,,,0.49673068805879722,0.19394983956116418,True
21,S21-B01,S21-B01-C0099,98,S21-P021,archived_alignment_A,static,twfe,csa,,0.36761293419817953,0.16678328133541936,False
21,S21-B01,S21-B01-C0100,99,S21-P021,aligned_samples,static,twfe,csa,,0.86702083733899438,0.039324701727500098,True
21,S21-B01,S21-B01-C0101,100,S21-P021,baseline,static,bjs,,,0.50104687747601806,0.1967299025237253,True
21,S21-B01,S21-B01-C0102,101,S21-P021,aligned_samples,static,twfe,bjs,,0.36761293419817953,0.16678328133541936,True
21,S21-B01,S21-B01-C0103,102,S21-P022,baseline,static,twfe,,,0.25181216784391391,0.23323127105661895,True
21,S21-B01,S21-B01-C0104,103,S21-P022,baseline,static,csa,,,-0.4448153916746036,0.17475196149498792,True
21,S21-B01,S21-B01-C0105,104,S21-P022,archived_alignment_A,static,twfe,csa,,-1.2363712358112315,0.15025913372903632,False
21,S21-B01,S21-B01-C0106,105,S21-P022,aligned_samples,static,twfe,csa,,-0.77640504728657866,0.021142358468732341,True
21,S21-B01,S21-B01-C0107,106,S21-P022,baseline,static,bjs,,,-1.1134754988328397,0.18090062396336209,True
21,S21-B01,S21-B01-C0108,107,S21-P022,aligned_samples,static,twfe,bjs,,-1.2363712358112315,0.15025913372903632,True
21,S21-B01,S21-B01-C0109,108,S21-P023,baseline,static,twfe,,,-0.1782944943815481,0.18392082147335817,True
21,S21-B01,S21-B01-C0110,109,S21-P023,baseline,static,csa,,,-0.2673037312932256,0.15801518196582001,True
21,S21-B01,S21-B01-C0111,110,S21-P023,archived_alignment_A,static,twfe,csa,,-0.4860067841695011,0.08701495185477956,False
21,S21-B01,S21-B01-C0112,111,S21-P023,aligned_samples,static,twfe,csa,,-0.26730373129322565,0.15801518196581998,True
21,S21-B01,S21-B01-C0113,112,S21-P023,baseline,static,bjs,,,-0.5346074625864512,0.10582017599120182,True
21,S21-B01,S21-B01-C0114,113,S21-P023,aligned_samples,static,twfe,bjs,,-0.4860067841695011,0.08701495185477956,True
21,S21-B01,S21-B01-C0115,114,S21-P024,baseline,static,twfe,,,0.035399940816586699,0.32945536072307013,True
21,S21-B01,S21-B01-C0116,115,S21-P024,baseline,static,csa,,,-0.91475377727699603,0.078087576908074122,True
21,S21-B01,S21-B01-C0117,116,S21-P024,archived_alignment_A,static,twfe,csa,,-0.91475377727699647,0.078087576908074538,False
21,S21-B01,S21-B01-C0118,117,S21-P024,aligned_samples,static,twfe,csa,,-0.91475377727699614,0.078087576908074843,True
21,S21-B01,S21-B01-C0119,118,S21-P024,baseline,static,bjs,,,-0.91475377727699636,0.078087576908074108,True
21,S21-B01,S21-B01-C0120,119,S21-P024,aligned_samples,static,twfe,bjs,,-0.91475377727699647,0.078087576908074538,False
21,S21-B01,S21-B01-C0121,120,S21-P025,baseline,static,twfe,,,0.042944293062696398,0.20625012979447566,True
21,S21-B01,S21-B01-C0122,121,S21-P025,baseline,static,csa,,,0.5453823866971611,0.16905279948928922,True
21,S21-B01,S21-B01-C0123,122,S21-P025,archived_alignment_A,static,twfe,csa,,0.82943571310193265,0.25710113255662703,False
21,S21-B01,S21-B01-C0124,123,S21-P025,aligned_samples,static,twfe,csa,,0.5453823866971611,0.16905279948928914,True
21,S21-B01,S21-B01-C0125,124,S21-P025,baseline,static,bjs,,,0.82943571310193254,0.25710113255662737,True
21,S21-B01,S21-B01-C0126,125,S21-P025,aligned_samples,static,twfe,bjs,,0.82943571310193265,0.25710113255662703,True
21,S21-B01,S21-B01-C0127,126,S21-P026,baseline,static,twfe,,,0.20266262845679811,0.33058818378581761,True
21,S21-B01,S21-B01-C0128,127,S21-P026,baseline,static,csa,,,0.22884489870857991,0.5417222785263025,True
21,S21-B01,S21-B01-C0129,128,S21-P026,archived_alignment_A,static,twfe,csa,,-0.12391990934376548,0.33255340270458178,False
21,S21-B01,S21-B01-C0130,129,S21-P026,aligned_samples,static,twfe,csa,,0.22884489870857991,0.54172227852630106,True
21,S21-B01,S21-B01-C0131,130,S21-P026,baseline,static,bjs,,,-0.32784514890077421,0.39596156861799908,True
21,S21-B01,S21-B01-C0132,131,S21-P026,aligned_samples,static,twfe,bjs,,-0.12391990934376548,0.33255340270458178,True
21,S21-B01,S21-B01-C0133,132,S21-P011,baseline,static,twfe,,,0.2816958674467876,0.18919793439041402,True
21,S21-B01,S21-B01-C0134,133,S21-P011,baseline,static,bjs,,,0.2921619119388939,0.064309796537214442,True
21,S21-B01,S21-B01-C0135,134,S21-P011,aligned_samples,static,twfe,bjs,,0.29216191193889418,0.064309796537214442,True
21,S21-B01,S21-B01-C0136,135,S21-P012,baseline,static,twfe,,,0.3008744344883631,0.22367812467875989,True
21,S21-B01,S21-B01-C0137,136,S21-P012,baseline,static,bjs,,,1.5659016839532145,0.21240501919812552,True
21,S21-B01,S21-B01-C0138,137,S21-P012,aligned_samples,static,twfe,bjs,,1.5659016839532149,0.21240501919812585,True
21,S21-B01,S21-B01-C0139,138,S21-P013,baseline,static,twfe,,,0.28601498843622442,0.27680977504769416,True
21,S21-B01,S21-B01-C0140,139,S21-P013,baseline,static,bjs,,,1.1173205445574397,0.15403171969381713,True
21,S21-B01,S21-B01-C0141,140,S21-P013,aligned_samples,static,twfe,bjs,,1.1173205445574399,0.1540317196938171,True
21,S21-B01,S21-B01-C0142,141,S21-P014,baseline,static,twfe,,,0.27730749894251672,0.16176721103391195,True
21,S21-B01,S21-B01-C0143,142,S21-P014,baseline,static,bjs,,,0.35890328267734911,0.12386193079279149,True
21,S21-B01,S21-B01-C0144,143,S21-P014,aligned_samples,static,twfe,bjs,,0.35890328267734906,0.1238619307927913,True
22,S22-B01,S22-B01-C0001,0,S22-P001,baseline,post,twfe,,,-0.30101327385862231,0.055938887061690222,True
22,S22-B01,S22-B01-C0002,1,S22-P001,baseline,post,csa,,,-0.2749585511273625,0.050778872697152429,True
22,S22-B01,S22-B01-C0003,2,S22-P001,archived_alignment_A,post,twfe,csa,,-0.29108583198399968,0.047568316615727586,False
22,S22-B01,S22-B01-C0004,3,S22-P001,aligned_samples,post,twfe,csa,,-0.31676324552402169,0.048620823862941046,True
22,S22-B01,S22-B01-C0005,4,S22-P001,baseline,post,bjs,,,-0.31161372460204922,0.057359197512039724,True
22,S22-B01,S22-B01-C0006,5,S22-P001,aligned_samples,post,twfe,bjs,,-0.29108583198399968,0.047568316615727586,True
22,S22-B01,S22-B01-C0007,6,S22-P001,baseline,pre,twfe,,,0.1034124048780428,0.044663270426452406,False
22,S22-B01,S22-B01-C0008,7,S22-P001,baseline,pre,csa,,,0.031743675591794418,0.039740297610852265,False
22,S22-B01,S22-B01-C0009,8,S22-P001,baseline,pre,bjs,,,0.054359192835704492,0.052034366717538257,False
22,S22-B01,S22-B01-C0010,9,S22-P001,archived_alignment_A,pre,twfe,csa,,0.054359192835753911,0.052034366717538062,False
22,S22-B01,S22-B01-C0011,10,S22-P001,aligned_samples,pre,twfe,csa,,0.054359192835752482,0.052034366717538152,False
22,S22-B01,S22-B01-C0012,11,S22-P001,aligned_samples,pre,twfe,bjs,,0.054359192835753911,0.052034366717538062,False
23,S23-B01,S23-B01-C0001,0,S23-P006,baseline,static,twfe,,,0.036896082709274511,0.026802824347174362,True
23,S23-B01,S23-B01-C0002,1,S23-P006,baseline,static,csa,,,0.12379549950763691,0.036936962569733382,True
23,S23-B01,S23-B01-C0003,2,S23-P006,archived_alignment_A,static,twfe,csa,,0.036896082709274532,0.026802824347174334,False
23,S23-B01,S23-B01-C0004,3,S23-P006,aligned_samples,static,twfe,csa,,0.036896082709274532,0.026802824347174334,True
23,S23-B01,S23-B01-C0005,4,S23-P006,baseline,static,bjs,,,0.13778927615553063,0.038970480146001858,True
23,S23-B01,S23-B01-C0006,5,S23-P006,aligned_samples,static,twfe,bjs,,0.036896082709274532,0.026802824347174334,False
23,S23-B01,S23-B01-C0007,6,S23-P007,baseline,static,twfe,,,0.14927629551400604,0.038452661152263083,True
23,S23-B01,S23-B01-C0008,7,S23-P007,baseline,static,csa,,,0.12368336266419595,0.064359074340222325,True
23,S23-B01,S23-B01-C0009,8,S23-P007,archived_alignment_A,static,twfe,csa,,0.1067515830262962,0.038975598465215186,False
23,S23-B01,S23-B01-C0010,9,S23-P007,aligned_samples,static,twfe,csa,,0.10744836096991278,0.038249177192511384,True
23,S23-B01,S23-B01-C0011,10,S23-P007,baseline,static,bjs,,,0.17407697594161073,0.052775374720478933,True
23,S23-B01,S23-B01-C0012,11,S23-P007,aligned_samples,static,twfe,bjs,,0.14927629551400576,0.038452661152263111,True
23,S23-B01,S23-B01-C0013,12,S23-P008,baseline,static,twfe,,,0.14215689481748772,0.037040626511389875,True
23,S23-B01,S23-B01-C0014,13,S23-P008,baseline,static,csa,,,0.13484454729840459,0.060231876123714535,True
23,S23-B01,S23-B01-C0015,14,S23-P008,archived_alignment_A,static,twfe,csa,,0.10132343212629075,0.037251011264400176,False
23,S23-B01,S23-B01-C0016,15,S23-P008,aligned_samples,static,twfe,csa,,0.10221620394827542,0.036962999950412835,True
23,S23-B01,S23-B01-C0017,16,S23-P008,baseline,static,bjs,,,0.16500306187656677,0.055570696958352678,True
23,S23-B01,S23-B01-C0018,17,S23-P008,aligned_samples,static,twfe,bjs,,0.14215689481748772,0.037040626511389889,True
23,S23-B01,S23-B01-C0019,18,S23-P009,baseline,static,twfe,,,0.15504498785612131,0.039300310309924757,True
23,S23-B01,S23-B01-C0020,19,S23-P009,baseline,static,csa,,,0.1407843671102546,0.06619859216045354,True
23,S23-B01,S23-B01-C0021,20,S23-P009,archived_alignment_A,static,twfe,csa,,0.11816061354853381,0.036310437793602032,False
23,S23-B01,S23-B01-C0022,21,S23-P009,aligned_samples,static,twfe,csa,,0.12030444413165657,0.035221826561576082,True
23,S23-B01,S23-B01-C0023,22,S23-P009,baseline,static,bjs,,,0.17469656687833254,0.045425177100890612,True
23,S23-B01,S23-B01-C0024,23,S23-P009,aligned_samples,static,twfe,bjs,,0.15504498785612131,0.039300310309924757,True
23,S23-B01,S23-B01-C0025,24,S23-P010,baseline,static,twfe,,,0.12303909496591749,0.028041837822070041,True
23,S23-B01,S23-B01-C0026,25,S23-P010,baseline,static,csa,,,0.15604853292350357,0.052600477349446451,True
23,S23-B01,S23-B01-C0027,26,S23-P010,archived_alignment_A,static,twfe,csa,,0.10873551485418824,0.030623867257679255,False
23,S23-B01,S23-B01-C0028,27,S23-P010,aligned_samples,static,twfe,csa,,0.10692962669259913,0.030360148173586714,True
23,S23-B01,S23-B01-C0029,28,S23-P010,baseline,static,bjs,,,0.12190697617265116,0.039397158406555791,True
23,S23-B01,S23-B01-C0030,29,S23-P010,aligned_samples,static,twfe,bjs,,0.12303909496591736,0.028041837822070037,True
23,S23-B01,S23-B01-C0031,30,S23-P011,baseline,static,twfe,,,0.16334892262196549,0.047457784861362824,True
23,S23-B01,S23-B01-C0032,31,S23-P011,baseline,static,csa,,,-0.050150770699553891,0.083502190091050643,True
23,S23-B01,S23-B01-C0033,32,S23-P011,archived_alignment_A,static,twfe,csa,,0.024750481324200817,0.053764692582902236,False
23,S23-B01,S23-B01-C0034,33,S23-P011,aligned_samples,static,twfe,csa,,0.021287138864244874,0.053606918576444784,True
23,S23-B01,S23-B01-C0035,34,S23-P011,baseline,static,bjs,,,0.19112457334600169,0.094365552198435509,True
23,S23-B01,S23-B01-C0036,35,S23-P011,aligned_samples,static,twfe,bjs,,0.16334892262196535,0.047457784861362783,True
23,S23-B01,S23-B01-C0037,36,S23-P003,baseline,post,twfe,,,0.071783929238784308,0.028215992265372931,True
23,S23-B01,S23-B01-C0038,37,S23-P003,baseline,post,csa,,,0.055146555093435357,0.022940551332183642,True
23,S23-B01,S23-B01-C0039,38,S23-P003,archived_alignment_A,post,twfe,csa,,0.07178392923878435,0.028215992265372938,False
23,S23-B01,S23-B01-C0040,39,S23-P003,aligned_samples,post,twfe,csa,,0.071732835898531772,0.026671200846100855,True
23,S23-B01,S23-B01-C0041,40,S23-P003,baseline,post,bjs,,,0.076667962718201851,0.026469035922582249,True
23,S23-B01,S23-B01-C0042,41,S23-P003,aligned_samples,post,twfe,bjs,,0.07178392923878435,0.028215992265372938,True
23,S23-B01,S23-B01-C0043,42,S23-P004,baseline,post,twfe,,,0.12333363890665107,0.040880833930066578,True
23,S23-B01,S23-B01-C0044,43,S23-P004,baseline,post,csa,,,0.10970298563721398,0.067618176289123491,True
23,S23-B01,S23-B01-C0045,44,S23-P004,archived_alignment_A,post,twfe,csa,,0.080067059656570697,0.041496397840028981,False
23,S23-B01,S23-B01-C0046,45,S23-P004,aligned_samples,post,twfe,csa,,0.068172647033663603,0.04195316232287527,True
23,S23-B01,S23-B01-C0047,46,S23-P004,baseline,post,bjs,,,0.15871398164271069,0.047357781037225738,True
23,S23-B01,S23-B01-C0048,47,S23-P004,aligned_samples,post,twfe,bjs,,0.12333363890665101,0.040880833930066585,True
23,S23-B01,S23-B01-C0049,48,S23-P001,baseline,post,twfe,,,0.099838380162658946,0.045747560603579748,True
23,S23-B01,S23-B01-C0050,49,S23-P001,baseline,post,csa,,,0.08192150631545439,0.039250235022929653,True
23,S23-B01,S23-B01-C0051,50,S23-P001,archived_alignment_A,post,twfe,csa,,0.099838380162658905,0.045747560603579755,False
23,S23-B01,S23-B01-C0052,51,S23-P001,aligned_samples,post,twfe,csa,,0.097873944616050632,0.046696399653026771,True
23,S23-B01,S23-B01-C0053,52,S23-P001,baseline,post,bjs,,,0.11009031301678625,0.038707827016504041,True
23,S23-B01,S23-B01-C0054,53,S23-P001,aligned_samples,post,twfe,bjs,,0.099838380162658905,0.045747560603579755,True
23,S23-B01,S23-B01-C0055,54,S23-P002,baseline,post,twfe,,,0.1833460295105486,0.057381435420708282,True
23,S23-B01,S23-B01-C0056,55,S23-P002,baseline,post,csa,,,-0.070098487377767194,0.11733059297518339,True
23,S23-B01,S23-B01-C0057,56,S23-P002,archived_alignment_A,post,twfe,csa,,0.1438311423681494,0.057000873939127512,False
23,S23-B01,S23-B01-C0058,57,S23-P002,aligned_samples,post,twfe,csa,,0.13387280417676994,0.060036124475048233,True
23,S23-B01,S23-B01-C0059,58,S23-P002,baseline,post,bjs,,,0.1863598399008215,0.055859462467416889,True
23,S23-B01,S23-B01-C0060,59,S23-P002,aligned_samples,post,twfe,bjs,,0.18334602951054857,0.057381435420708275,True
23,S23-B01,S23-B01-C0061,60,S23-P005,baseline,post,twfe,,,-0.035865804491405646,0.033361560182941452,True
23,S23-B01,S23-B01-C0062,61,S23-P005,baseline,post,csa,,,-0.0082327452870422421,0.033472234269485236,True
23,S23-B01,S23-B01-C0063,62,S23-P005,baseline,post,bjs,,,-0.021472204345604994,0.034801184750677068,True
23,S23-B01,S23-B01-C0064,63,S23-P005,aligned_samples,post,twfe,csa,,-0.087521389393975385,0.040251226736027691,True
23,S23-B01,S23-B01-C0065,64,S23-P005,aligned_samples,post,csa,,,-0.0082327452870422421,0.033472234269485236,True
23,S23-B01,S23-B01-C0066,65,S23-P005,aligned_samples,post,twfe,bjs,,-0.03586580449140566,0.033361560182941452,True
23,S23-B01,S23-B01-C0067,66,S23-P005,aligned_samples,post,bjs,,,-0.021472204345604994,0.034801184750677068,True
24,S24-B01,S24-B01-C0001,0,S24-P019,baseline,static,twfe,,,-0.094965797571658794,0.039656976068582615,True
24,S24-B01,S24-B01-C0002,1,S24-P019,baseline,static,csa,,,-0.1895064923768269,0.074897962777742841,True
24,S24-B01,S24-B01-C0003,2,S24-P019,archived_alignment_A,static,twfe,csa,,-0.096144722339190081,0.039631631453478401,False
24,S24-B01,S24-B01-C0004,3,S24-P019,aligned_samples,static,twfe,csa,,-0.20585200431996895,0.088462418504471521,True
24,S24-B01,S24-B01-C0005,4,S24-P019,baseline,static,bjs,,,-0.1054178291200023,0.041107527161569998,True
24,S24-B01,S24-B01-C0006,5,S24-P019,aligned_samples,static,twfe,bjs,,-0.096144722339190081,0.039631631453478401,True
24,S24-B01,S24-B01-C0007,6,S24-P020,baseline,static,twfe,,,-0.075415314470328704,0.043212571687709096,True
24,S24-B01,S24-B01-C0008,7,S24-P020,baseline,static,csa,,,-0.093837052033371102,0.068473627617814586,True
24,S24-B01,S24-B01-C0009,8,S24-P020,archived_alignment_A,static,twfe,csa,,-0.076293796277505294,0.043217467165753316,False
24,S24-B01,S24-B01-C0010,9,S24-P020,aligned_samples,static,twfe,csa,,-0.10654363839122664,0.089363076003007122,True
24,S24-B01,S24-B01-C0011,10,S24-P020,baseline,static,bjs,,,-0.068633504725607697,0.037916360525241603,True
24,S24-B01,S24-B01-C0012,11,S24-P020,aligned_samples,static,twfe,bjs,,-0.076293796277505294,0.043217467165753316,True
24,S24-B01,S24-B01-C0013,12,S24-P021,baseline,static,twfe,,,-0.16164425700519749,0.060949857483694837,True
24,S24-B01,S24-B01-C0014,13,S24-P021,baseline,static,csa,,,-0.21248534250307791,0.087493013447876425,True
24,S24-B01,S24-B01-C0015,14,S24-P021,archived_alignment_A,static,twfe,csa,,-0.16539262670959243,0.064930140519465995,False
24,S24-B01,S24-B01-C0016,15,S24-P021,aligned_samples,static,twfe,csa,,-0.24580900698502461,0.09638277079829341,True
24,S24-B01,S24-B01-C0017,16,S24-P021,baseline,static,bjs,,,-0.1450453006653078,0.0611670780621607,True
24,S24-B01,S24-B01-C0018,17,S24-P021,aligned_samples,static,twfe,bjs,,-0.16539262670959243,0.064930140519465995,True
24,S24-B01,S24-B01-C0019,18,S24-P022,baseline,static,twfe,,,-0.1561562068753079,0.071081296942543573,True
24,S24-B01,S24-B01-C0020,19,S24-P022,baseline,static,csa,,,-0.13748353617973369,0.086739227421083823,True
24,S24-B01,S24-B01-C0021,20,S24-P022,archived_alignment_A,static,twfe,csa,,-0.16046804175536183,0.07581806028886702,False
24,S24-B01,S24-B01-C0022,21,S24-P022,aligned_samples,static,twfe,csa,,-0.20572161456528407,0.11512084848579704,True
24,S24-B01,S24-B01-C0023,22,S24-P022,baseline,static,bjs,,,-0.12126546063073711,0.06607479159900681,True
24,S24-B01,S24-B01-C0024,23,S24-P022,aligned_samples,static,twfe,bjs,,-0.16046804175536183,0.07581806028886702,True
24,S24-B01,S24-B01-C0025,24,S24-P023,baseline,static,twfe,,,-0.16410706644466519,0.097047093864038342,True
24,S24-B01,S24-B01-C0026,25,S24-P023,baseline,static,csa,,,-0.17598840157274551,0.13795841021546104,True
24,S24-B01,S24-B01-C0027,26,S24-P023,archived_alignment_A,static,twfe,csa,,-0.1686470933550063,0.10355604269322503,False
24,S24-B01,S24-B01-C0028,27,S24-P023,aligned_samples,static,twfe,csa,,-0.18486653814993964,0.10353315405580249,True
24,S24-B01,S24-B01-C0029,28,S24-P023,baseline,static,bjs,,,-0.19842466011267981,0.13606450812671186,True
24,S24-B01,S24-B01-C0030,29,S24-P023,aligned_samples,static,twfe,bjs,,-0.1686470933550063,0.10355604269322503,True
24,S24-B01,S24-B01-C0031,30,S24-P024,baseline,static,twfe,,,-0.14400560708132851,0.10731788619070674,True
24,S24-B01,S24-B01-C0032,31,S24-P024,baseline,static,csa,,,-0.15009131061023359,0.14430379005228303,True
24,S24-B01,S24-B01-C0033,32,S24-P024,archived_alignment_A,static,twfe,csa,,-0.14886186739593049,0.11618085254845417,False
24,S24-B01,S24-B01-C0034,33,S24-P024,aligned_samples,static,twfe,csa,,-0.14133204564526824,0.11463510969342529,True
24,S24-B01,S24-B01-C0035,34,S24-P024,baseline,static,bjs,,,-0.16355747955145941,0.14258651352412993,True
24,S24-B01,S24-B01-C0036,35,S24-P024,aligned_samples,static,twfe,bjs,,-0.14886186739593049,0.11618085254845417,True
24,S24-B01,S24-B01-C0037,36,S24-P025,baseline,static,twfe,,,-0.2232833533140145,0.031045572068126678,True
24,S24-B01,S24-B01-C0038,37,S24-P025,baseline,static,csa,,,-0.1896157884951967,0.064601569051870908,True
24,S24-B01,S24-B01-C0039,38,S24-P025,archived_alignment_A,static,twfe,csa,,-0.22301288059949623,0.031044740775309766,False
24,S24-B01,S24-B01-C0040,39,S24-P025,aligned_samples,static,twfe,csa,,-0.19110874435757133,0.034446650855359522,True
24,S24-B01,S24-B01-C0041,40,S24-P025,baseline,static,bjs,,,-0.22677865161651781,0.030223785603288065,True
24,S24-B01,S24-B01-C0042,41,S24-P025,aligned_samples,static,twfe,bjs,,-0.22301288059949623,0.031044740775309766,True
24,S24-B01,S24-B01-C0043,42,S24-P026,baseline,static,twfe,,,-0.2923595353848546,0.034546638610961661,True
24,S24-B01,S24-B01-C0044,43,S24-P026,baseline,static,csa,,,-0.19986655147205321,0.060625247638486007,True
24,S24-B01,S24-B01-C0045,44,S24-P026,archived_alignment_A,static,twfe,csa,,-0.29195969909399849,0.034581921095990314,False
24,S24-B01,S24-B01-C0046,45,S24-P026,aligned_samples,static,twfe,csa,,-0.22645279162325785,0.039475318212314453,True
24,S24-B01,S24-B01-C0047,46,S24-P026,baseline,static,bjs,,,-0.29970191216306541,0.034080793169503319,True
24,S24-B01,S24-B01-C0048,47,S24-P026,aligned_samples,static,twfe,bjs,,-0.29195969909399849,0.034581921095990314,True
24,S24-B01,S24-B01-C0049,48,S24-P027,baseline,static,twfe,,,-0.15203009109642751,0.057133792656291899,True
24,S24-B01,S24-B01-C0050,49,S24-P027,baseline,static,csa,,,0.052031835494310903,0.070527628674958834,True
24,S24-B01,S24-B01-C0051,50,S24-P027,archived_alignment_A,static,twfe,csa,,-0.1591698232808291,0.05869258519075761,False
24,S24-B01,S24-B01-C0052,51,S24-P027,aligned_samples,static,twfe,csa,,-0.087232687437230783,0.091335621904028025,True
24,S24-B01,S24-B01-C0053,52,S24-P027,baseline,static,bjs,,,-0.1833323706892013,0.05658968128823693,True
24,S24-B01,S24-B01-C0054,53,S24-P027,aligned_samples,static,twfe,bjs,,-0.15603958989236122,0.058870239973778285,True
24,S24-B01,S24-B01-C0055,54,S24-P028,baseline,static,twfe,,,-0.15050216484690079,0.064920436171730586,True
24,S24-B01,S24-B01-C0056,55,S24-P028,baseline,static,csa,,,-0.011601039109777301,0.081858384381588475,True
24,S24-B01,S24-B01-C0057,56,S24-P028,archived_alignment_A,static,twfe,csa,,-0.15365925055700555,0.068066437454016637,False
24,S24-B01,S24-B01-C0058,57,S24-P028,aligned_samples,static,twfe,csa,,0.0059297724275626171,0.095437004999913144,True
24,S24-B01,S24-B01-C0059,58,S24-P028,baseline,static,bjs,,,-0.19901006078490549,0.06838026828471383,True
24,S24-B01,S24-B01-C0060,59,S24-P028,aligned_samples,static,twfe,bjs,,-0.15202870753885117,0.068303793515162789,True
24,S24-B01,S24-B01-C0061,60,S24-P029,baseline,static,twfe,,,-0.094698905677915099,0.039320439246427571,True
24,S24-B01,S24-B01-C0062,61,S24-P029,baseline,static,csa,,,-0.1073518263546771,0.069634113620546959,True
24,S24-B01,S24-B01-C0063,62,S24-P029,archived_alignment_A,static,twfe,csa,,-0.094961698986580106,0.039391821424612242,False
24,S24-B01,S24-B01-C0064,63,S24-P029,aligned_samples,static,twfe,csa,,-0.098585772728828666,0.086674924528715211,True
24,S24-B01,S24-B01-C0065,64,S24-P029,baseline,static,bjs,,,-0.091711670457267802,0.04065182474032121,True
24,S24-B01,S24-B01-C0066,65,S24-P029,aligned_samples,static,twfe,bjs,,-0.094961698986580106,0.039391821424612242,True
24,S24-B01,S24-B01-C0067,66,S24-P030,baseline,static,twfe,,,-0.090988860203628799,0.039720533890619095,True
24,S24-B01,S24-B01-C0068,67,S24-P030,baseline,static,csa,,,-0.063214987011073295,0.068399842871967584,True
24,S24-B01,S24-B01-C0069,68,S24-P030,archived_alignment_A,static,twfe,csa,,-0.091277642619060545,0.039794756552142069,False
24,S24-B01,S24-B01-C0070,69,S24-P030,aligned_samples,static,twfe,csa,,-0.031513411699220339,0.082735639067453806,True
24,S24-B01,S24-B01-C0071,70,S24-P030,baseline,static,bjs,,,-0.089721706259146897,0.040274617318211019,True
24,S24-B01,S24-B01-C0072,71,S24-P030,aligned_samples,static,twfe,bjs,,-0.091277642619060545,0.039794756552142069,True
24,S24-B01,S24-B01-C0073,72,S24-P031,baseline,static,twfe,,,-0.13564632987411659,0.043451663827611037,True
24,S24-B01,S24-B01-C0074,73,S24-P031,baseline,static,csa,,,-0.14244079414209709,0.074127771061405695,True
24,S24-B01,S24-B01-C0075,74,S24-P031,archived_alignment_A,static,twfe,csa,,-0.14725583217417504,0.04608585764382564,False
24,S24-B01,S24-B01-C0076,75,S24-P031,aligned_samples,static,twfe,csa,,-0.16793838713025988,0.089936448853188619,True
24,S24-B01,S24-B01-C0077,76,S24-P031,baseline,static,bjs,,,-0.13786533787293989,0.046681836923274801,True
24,S24-B01,S24-B01-C0078,77,S24-P031,aligned_samples,static,twfe,bjs,,-0.14726062856920058,0.046117923202736021,True
24,S24-B01,S24-B01-C0079,78,S24-P032,baseline,static,twfe,,,-0.11730117058914891,0.041919703233108868,True
24,S24-B01,S24-B01-C0080,79,S24-P032,baseline,static,csa,,,-0.089020543274923106,0.073989301918415878,True
24,S24-B01,S24-B01-C0081,80,S24-P032,archived_alignment_A,static,twfe,csa,,-0.12671286636048526,0.04437957875382733,False
24,S24-B01,S24-B01-C0082,81,S24-P032,aligned_samples,static,twfe,csa,,-0.071959875160816741,0.087885448770717162,True
24,S24-B01,S24-B01-C0083,82,S24-P032,baseline,static,bjs,,,-0.121706984063728,0.044744706378616335,True
24,S24-B01,S24-B01-C0084,83,S24-P032,aligned_samples,static,twfe,bjs,,-0.12649461371178791,0.044427952841937152,True
24,S24-B01,S24-B01-C0085,84,S24-P033,baseline,static,twfe,,,-0.13072046025500661,0.063686230150175521,True
24,S24-B01,S24-B01-C0086,85,S24-P033,baseline,static,csa,,,-0.0363352271455522,0.071997064897371982,True
24,S24-B01,S24-B01-C0087,86,S24-P033,archived_alignment_A,static,twfe,csa,,-0.13559094939922767,0.068329499555838752,False
24,S24-B01,S24-B01-C0088,87,S24-P033,aligned_samples,static,twfe,csa,,-0.10618817499819566,0.090394846659510947,True
24,S24-B01,S24-B01-C0089,88,S24-P033,baseline,static,bjs,,,-0.15577830671115389,0.079213207042168221,True
24,S24-B01,S24-B01-C0090,89,S24-P033,aligned_samples,static,twfe,bjs,,-0.13578390897860174,0.06842573058169614,True
24,S24-B01,S24-B01-C0091,90,S24-P034,baseline,static,twfe,,,-0.072718633374291006,0.058246928661691705,True
24,S24-B01,S24-B01-C0092,91,S24-P034,baseline,static,csa,,,-0.0216924655432888,0.078329024047279094,True
24,S24-B01,S24-B01-C0093,92,S24-P034,archived_alignment_A,static,twfe,csa,,-0.072822169440688922,0.062913992796548204,False
24,S24-B01,S24-B01-C0094,93,S24-P034,aligned_samples,static,twfe,csa,,0.011978205787512432,0.089144449259366099,True
24,S24-B01,S24-B01-C0095,94,S24-P034,baseline,static,bjs,,,-0.095108555121712096,0.075230578185665059,True
24,S24-B01,S24-B01-C0096,95,S24-P034,aligned_samples,static,twfe,bjs,,-0.072790153393052545,0.062972220382708249,True
24,S24-B01,S24-B01-C0097,96,S24-P049,baseline,static,twfe,,,0.1434106889973589,0.076303974785972034,True
24,S24-B01,S24-B01-C0098,97,S24-P049,baseline,static,csa,,,0.1692734768475378,0.044253020548201384,True
24,S24-B01,S24-B01-C0099,98,S24-P049,archived_alignment_A,static,twfe,csa,,0.16120034332168537,0.077481337731702848,False
24,S24-B01,S24-B01-C0100,99,S24-P049,aligned_samples,static,twfe,csa,,0.20151434229399223,0.071255722804816513,True
24,S24-B01,S24-B01-C0101,100,S24-P049,baseline,static,bjs,,,0.2178167269044203,0.077948366069294034,True
24,S24-B01,S24-B01-C0102,101,S24-P049,aligned_samples,static,twfe,bjs,,0.16257441691578403,0.077419688069284121,True
24,S24-B01,S24-B01-C0103,102,S24-P053,baseline,static,twfe,,,-0.2458454659144822,0.033825381439733487,True
24,S24-B01,S24-B01-C0104,103,S24-P053,baseline,static,csa,,,-0.1957893109785121,0.068302368375024611,True
24,S24-B01,S24-B01-C0105,104,S24-P053,archived_alignment_A,static,twfe,csa,,-0.26410921539976245,0.035154367236396832,False
24,S24-B01,S24-B01-C0106,105,S24-P053,aligned_samples,static,twfe,csa,,-0.23242018572886758,0.039952184129759157,True
24,S24-B01,S24-B01-C0107,106,S24-P053,baseline,static,bjs,,,-0.26259136161433477,0.033461744490142269,True
24,S24-B01,S24-B01-C0108,107,S24-P053,aligned_samples,static,twfe,bjs,,-0.26277336841551174,0.035079093885952345,True
24,S24-B01,S24-B01-C0109,108,S24-P057,baseline,static,twfe,,,-0.30931165236801861,0.036804843378812298,True
24,S24-B01,S24-B01-C0110,109,S24-P057,baseline,static,csa,,,-0.25397425832816328,0.067027118840705335,True
24,S24-B01,S24-B01-C0111,110,S24-P057,archived_alignment_A,static,twfe,csa,,-0.32963770342540905,0.038984512276159747,False
24,S24-B01,S24-B01-C0112,111,S24-P057,aligned_samples,static,twfe,csa,,-0.26023211117184414,0.046674019439352947,True
24,S24-B01,S24-B01-C0113,112,S24-P057,baseline,static,bjs,,,-0.33365921130906612,0.03803735911693603,True
24,S24-B01,S24-B01-C0114,113,S24-P057,aligned_samples,static,twfe,bjs,,-0.32957072812520816,0.038980398654080407,True
24,S24-B01,S24-B01-C0115,114,S24-P059,baseline,static,twfe,,,0.135794205354137,0.088613356853176409,True
24,S24-B01,S24-B01-C0116,115,S24-P059,baseline,static,csa,,,0.1878625668958096,0.053983139097546276,True
24,S24-B01,S24-B01-C0117,116,S24-P059,archived_alignment_A,static,twfe,csa,,0.16598344304387655,0.090425404040472654,False
24,S24-B01,S24-B01-C0118,117,S24-P059,aligned_samples,static,twfe,csa,,0.13058136803450673,0.061216043568018935,True
24,S24-B01,S24-B01-C0119,118,S24-P059,baseline,static,bjs,,,0.22672525337744939,0.094089000985671495,True
24,S24-B01,S24-B01-C0120,119,S24-P059,aligned_samples,static,twfe,bjs,,0.16653502820411764,0.090415798002652828,True
24,S24-B01,S24-B01-C0121,120,S24-P061,baseline,static,twfe,,,0.2044650559591186,0.12359224906539874,True
24,S24-B01,S24-B01-C0122,121,S24-P061,baseline,static,csa,,,0.014132923074429799,0.14500227938298477,True
24,S24-B01,S24-B01-C0123,122,S24-P061,archived_alignment_A,static,twfe,csa,,0.2298071818624032,0.10981359373759035,False
24,S24-B01,S24-B01-C0124,123,S24-P061,aligned_samples,static,twfe,csa,,0.30331643705841971,0.23848580701851263,True
24,S24-B01,S24-B01-C0125,124,S24-P061,baseline,static,bjs,,,0.16458036356868841,0.12257822815109279,True
24,S24-B01,S24-B01-C0126,125,S24-P061,aligned_samples,static,twfe,bjs,,0.23020919792562769,0.10966744177536368,True
24,S24-B01,S24-B01-C0127,126,S24-P063,baseline,static,twfe,,,0.25095482730210827,0.066896817189813287,True
24,S24-B01,S24-B01-C0128,127,S24-P063,baseline,static,csa,,,0.23204990427522421,0.20933052762985332,True
24,S24-B01,S24-B01-C0129,128,S24-P063,archived_alignment_A,static,twfe,csa,,0.24798319059548876,0.071512725964192239,False
24,S24-B01,S24-B01-C0130,129,S24-P063,aligned_samples,static,twfe,csa,,0.37666955709269329,0.13569113337971542,True
24,S24-B01,S24-B01-C0131,130,S24-P063,baseline,static,bjs,,,0.19693725956882149,0.087769425790150762,True
24,S24-B01,S24-B01-C0132,131,S24-P063,aligned_samples,static,twfe,bjs,,0.24837357233359017,0.071582766644698065,True
24,S24-B01,S24-B01-C0133,132,S24-P066,baseline,static,twfe,,,0.38556652147204251,0.1769849043872444,True
24,S24-B01,S24-B01-C0134,133,S24-P066,baseline,static,csa,,,0.32127369970909758,0.13537884456569529,True
24,S24-B01,S24-B01-C0135,134,S24-P066,archived_alignment_A,static,twfe,csa,,0.35384476040046881,0.17782147641172985,False
24,S24-B01,S24-B01-C0136,135,S24-P066,aligned_samples,static,twfe,csa,,0.40076639751096976,0.19247511558250902,True
24,S24-B01,S24-B01-C0137,136,S24-P066,baseline,static,bjs,,,0.22537011420267211,0.14019256311643208,True
24,S24-B01,S24-B01-C0138,137,S24-P066,aligned_samples,static,twfe,bjs,,0.35382506872240127,0.17782294527391879,True
24,S24-B01,S24-B01-C0139,138,S24-P068,baseline,static,twfe,,,0.46244682199063197,0.18962364479427937,True
24,S24-B01,S24-B01-C0140,139,S24-P068,baseline,static,csa,,,0.3748119862028641,0.14566730019286259,True
24,S24-B01,S24-B01-C0141,140,S24-P068,archived_alignment_A,static,twfe,csa,,0.43820907376748386,0.19048707308311444,False
24,S24-B01,S24-B01-C0142,141,S24-P068,aligned_samples,static,twfe,csa,,0.46020822106206571,0.21150408927132364,True
24,S24-B01,S24-B01-C0143,142,S24-P068,baseline,static,bjs,,,0.28616313320087938,0.14686465478167601,True
24,S24-B01,S24-B01-C0144,143,S24-P068,aligned_samples,static,twfe,bjs,,0.43795521480984789,0.19048562764203933,True
24,S24-B01,S24-B01-C0145,144,S24-P070,baseline,static,twfe,,,0.51036776311567933,0.18167805269794171,True
24,S24-B01,S24-B01-C0146,145,S24-P070,baseline,static,csa,,,0.45372520884174877,0.13667556236482692,True
24,S24-B01,S24-B01-C0147,146,S24-P070,archived_alignment_A,static,twfe,csa,,0.48198191227011677,0.18254320178302857,False
24,S24-B01,S24-B01-C0148,147,S24-P070,aligned_samples,static,twfe,csa,,0.51952870004737139,0.19487929569098764,True
24,S24-B01,S24-B01-C0149,148,S24-P070,baseline,static,bjs,,,0.35688098168638721,0.15240639341451998,True
24,S24-B01,S24-B01-C0150,149,S24-P070,aligned_samples,static,twfe,bjs,,0.48239598078762319,0.18255833775778407,True
24,S24-B01,S24-B01-C0151,150,S24-P072,baseline,static,twfe,,,0.3946213885266045,0.17896597054891664,True
24,S24-B01,S24-B01-C0152,151,S24-P072,baseline,static,csa,,,0.32998469543349962,0.13194827376922397,True
24,S24-B01,S24-B01-C0153,152,S24-P072,archived_alignment_A,static,twfe,csa,,0.37374123882418908,0.18026781083684373,False
24,S24-B01,S24-B01-C0154,153,S24-P072,aligned_samples,static,twfe,csa,,0.43088546628095414,0.20554952253479322,True
24,S24-B01,S24-B01-C0155,154,S24-P072,baseline,static,bjs,,,0.2084297891508603,0.14516763438267474,True
24,S24-B01,S24-B01-C0156,155,S24-P072,aligned_samples,static,twfe,bjs,,0.37458998104549251,0.18040594410379293,True
24,S24-B01,S24-B01-C0157,156,S24-P086,baseline,static,twfe,,,0.1602418002423768,0.054289268899300462,True
24,S24-B01,S24-B01-C0158,157,S24-P086,baseline,static,csa,,,0.097742064585279301,0.080258434847954502,True
24,S24-B01,S24-B01-C0159,158,S24-P086,archived_alignment_A,static,twfe,csa,,0.17293046126809672,0.05652373703074462,False
24,S24-B01,S24-B01-C0160,159,S24-P086,aligned_samples,static,twfe,csa,,0.15332406899634229,0.051154421893435928,True
24,S24-B01,S24-B01-C0161,160,S24-P086,baseline,static,bjs,,,0.21337565774396211,0.067327216063645209,True
24,S24-B01,S24-B01-C0162,161,S24-P086,aligned_samples,static,twfe,bjs,,0.17031029996394739,0.056612765771005644,True
24,S24-B01,S24-B01-C0163,162,S24-P087,baseline,static,twfe,,,0.17792822797505881,0.075404729921422581,True
24,S24-B01,S24-B01-C0164,163,S24-P087,baseline,static,csa,,,0.12741622807846029,0.090936622162538561,True
24,S24-B01,S24-B01-C0165,164,S24-P087,archived_alignment_A,static,twfe,csa,,0.19602650644859471,0.075649068300850747,False
24,S24-B01,S24-B01-C0166,165,S24-P087,aligned_samples,static,twfe,csa,,0.16760714133308255,0.067979355115043397,True
24,S24-B01,S24-B01-C0167,166,S24-P087,baseline,static,bjs,,,0.25746043026973681,0.090461990272370799,True
24,S24-B01,S24-B01-C0168,167,S24-P087,aligned_samples,static,twfe,bjs,,0.19680161905869312,0.075687690234152435,True
24,S24-B01,S24-B01-C0169,168,S24-P088,baseline,static,twfe,,,0.17050953680676309,0.060548807726558483,True
24,S24-B01,S24-B01-C0170,169,S24-P088,baseline,static,csa,,,0.10873533155478721,0.080434832118134056,True
24,S24-B01,S24-B01-C0171,170,S24-P088,archived_alignment_A,static,twfe,csa,,0.185015390230587,0.062184903846673384,False
24,S24-B01,S24-B01-C0172,171,S24-P088,aligned_samples,static,twfe,csa,,0.16248735757236565,0.05609814444176546,True
24,S24-B01,S24-B01-C0173,172,S24-P088,baseline,static,bjs,,,0.23219102665794719,0.074166429264627923,True
24,S24-B01,S24-B01-C0174,173,S24-P088,aligned_samples,static,twfe,bjs,,0.18315016992757671,0.06228066283520238,True
24,S24-B01,S24-B01-C0175,174,S24-P089,baseline,static,twfe,,,0.15542443280402929,0.038681740654270214,True
24,S24-B01,S24-B01-C0176,175,S24-P089,baseline,static,csa,,,0.17065249563839521,0.072322654059731789,True
24,S24-B01,S24-B01-C0177,176,S24-P089,archived_alignment_A,static,twfe,csa,,0.16101102445682094,0.039979597877423077,False
24,S24-B01,S24-B01-C0178,177,S24-P089,aligned_samples,static,twfe,csa,,0.16379702397002199,0.035243875811924542,True
24,S24-B01,S24-B01-C0179,178,S24-P089,baseline,static,bjs,,,0.17544864631762611,0.050972804953916998,True
24,S24-B01,S24-B01-C0180,179,S24-P089,aligned_samples,static,twfe,bjs,,0.16039616404944124,0.039874662583976497,True
24,S24-B01,S24-B01-C0181,180,S24-P090,baseline,static,twfe,,,0.14405739542181811,0.047111743822436367,True
24,S24-B01,S24-B01-C0182,181,S24-P090,baseline,static,csa,,,0.15816172367256229,0.089134457298365125,True
24,S24-B01,S24-B01-C0183,182,S24-P090,archived_alignment_A,static,twfe,csa,,0.15683182577424598,0.048104490883572069,False
24,S24-B01,S24-B01-C0184,183,S24-P090,aligned_samples,static,twfe,csa,,0.15548209330864299,0.043259695388574437,True
24,S24-B01,S24-B01-C0185,184,S24-P090,baseline,static,bjs,,,0.1826853954849742,0.05887065366718823,True
24,S24-B01,S24-B01-C0186,185,S24-P090,aligned_samples,static,twfe,bjs,,0.1574539896800328,0.048132462274427225,True
24,S24-B01,S24-B01-C0187,186,S24-P001,baseline,static,twfe,,,-0.10905718028501372,0.047233650319353948,True
24,S24-B01,S24-B01-C0188,187,S24-P001,baseline,static,csa,,,-0.068153457433147033,0.078897101533053904,True
24,S24-B01,S24-B01-C0189,188,S24-P001,archived_alignment_A,static,twfe,csa,,-0.11054940029834098,0.047246978766386137,False
24,S24-B01,S24-B01-C0190,189,S24-P001,aligned_samples,static,twfe,csa,,-0.11016730295008373,0.048414831225289071,True
24,S24-B01,S24-B01-C0191,190,S24-P001,baseline,static,bjs,,,-0.11369526482774563,0.049039696517973033,True
24,S24-B01,S24-B01-C0192,191,S24-P001,aligned_samples,static,twfe,bjs,,-0.11054940029834098,0.047246978766386137,True
24,S24-B01,S24-B01-C0193,192,S24-P002,baseline,static,twfe,,,-0.080188359937242201,0.052331301828829876,True
24,S24-B01,S24-B01-C0194,193,S24-P002,baseline,static,csa,,,-0.053631892381695898,0.077871692346409574,True
24,S24-B01,S24-B01-C0195,194,S24-P002,archived_alignment_A,static,twfe,csa,,-0.07810519321165596,0.052730978323175019,False
24,S24-B01,S24-B01-C0196,195,S24-P002,aligned_samples,static,twfe,csa,,-0.049538265079158116,0.054228318518247866,True
24,S24-B01,S24-B01-C0197,196,S24-P002,baseline,static,bjs,,,-0.07996066173559413,0.063077988525330086,True
24,S24-B01,S24-B01-C0198,197,S24-P002,aligned_samples,static,twfe,bjs,,-0.07810519321165596,0.052730978323175019,True
24,S24-B01,S24-B01-C0199,198,S24-P003,baseline,static,twfe,,,-0.16341236435376877,0.067252608953169202,True
24,S24-B01,S24-B01-C0200,199,S24-P003,baseline,static,csa,,,-0.11086471687905441,0.095279608362258628,True
24,S24-B01,S24-B01-C0201,200,S24-P003,archived_alignment_A,static,twfe,csa,,-0.16730687676649092,0.071667689486539107,False
24,S24-B01,S24-B01-C0202,201,S24-P003,aligned_samples,static,twfe,csa,,-0.15972570828774502,0.066820438086805434,True
24,S24-B01,S24-B01-C0203,202,S24-P003,baseline,static,bjs,,,-0.15047758817961332,0.069796949744705419,True
24,S24-B01,S24-B01-C0204,203,S24-P003,aligned_samples,static,twfe,bjs,,-0.16730687676649092,0.071667689486539107,True
24,S24-B01,S24-B01-C0205,204,S24-P004,baseline,static,twfe,,,-0.16187558600562482,0.076329237755682108,True
24,S24-B01,S24-B01-C0206,205,S24-P004,baseline,static,csa,,,-0.09046195860449921,0.10195819543792312,True
24,S24-B01,S24-B01-C0207,206,S24-P004,archived_alignment_A,static,twfe,csa,,-0.16113646299655482,0.083983395851816023,False
24,S24-B01,S24-B01-C0208,207,S24-P004,aligned_samples,static,twfe,csa,,-0.13074906824526922,0.080175027558455875,True
24,S24-B01,S24-B01-C0209,208,S24-P004,baseline,static,bjs,,,-0.13381635280319187,0.089712220272580009,True
24,S24-B01,S24-B01-C0210,209,S24-P004,aligned_samples,static,twfe,bjs,,-0.16113646299655482,0.083983395851816023,True
24,S24-B01,S24-B01-C0211,210,S24-P005,baseline,static,twfe,,,-0.13284053665129633,0.10480679770457142,True
24,S24-B01,S24-B01-C0212,211,S24-P005,baseline,static,csa,,,-0.1024400703665434,0.14398316332030109,True
24,S24-B01,S24-B01-C0213,212,S24-P005,archived_alignment_A,static,twfe,csa,,-0.13597311925483063,0.11216078957249553,False
24,S24-B01,S24-B01-C0214,213,S24-P005,aligned_samples,static,twfe,csa,,-0.10560434703467449,0.093823554375506601,True
24,S24-B01,S24-B01-C0215,214,S24-P005,baseline,static,bjs,,,-0.15544166736112208,0.13686736777116401,True
24,S24-B01,S24-B01-C0216,215,S24-P005,aligned_samples,static,twfe,bjs,,-0.13597311925483063,0.11216078957249553,True
24,S24-B01,S24-B01-C0217,216,S24-P006,baseline,static,twfe,,,-0.14208275230392126,0.11392364462893823,True
24,S24-B01,S24-B01-C0218,217,S24-P006,baseline,static,csa,,,-0.12315022238043957,0.14649359889862387,True
24,S24-B01,S24-B01-C0219,218,S24-P006,archived_alignment_A,static,twfe,csa,,-0.13802766313053144,0.12131088047707406,False
24,S24-B01,S24-B01-C0220,219,S24-P006,aligned_samples,static,twfe,csa,,-0.087414293052524294,0.10555827855865607,True
24,S24-B01,S24-B01-C0221,220,S24-P006,baseline,static,bjs,,,-0.14494669253629694,0.14312811893746039,True
24,S24-B01,S24-B01-C0222,221,S24-P006,aligned_samples,static,twfe,bjs,,-0.13802766313053144,0.12131088047707406,True
24,S24-B01,S24-B01-C0223,222,S24-P007,baseline,static,twfe,,,-0.32945271869189641,0.041265127791538424,True
24,S24-B01,S24-B01-C0224,223,S24-P007,baseline,static,csa,,,-0.17091004966165799,0.065575921025132308,True
24,S24-B01,S24-B01-C0225,224,S24-P007,archived_alignment_A,static,twfe,csa,,-0.32897707689592154,0.041286941052142229,False
24,S24-B01,S24-B01-C0226,225,S24-P007,aligned_samples,static,twfe,csa,,-0.26364657664848157,0.042585173094423195,True
24,S24-B01,S24-B01-C0227,226,S24-P007,baseline,static,bjs,,,-0.32483423353612639,0.042973070727244392,True
24,S24-B01,S24-B01-C0228,227,S24-P007,aligned_samples,static,twfe,bjs,,-0.32897707689592154,0.041286941052142229,True
24,S24-B01,S24-B01-C0229,228,S24-P008,baseline,static,twfe,,,-0.32246750212730091,0.039858638748376897,True
24,S24-B01,S24-B01-C0230,229,S24-P008,baseline,static,csa,,,-0.16158842662816852,0.064878697379403924,True
24,S24-B01,S24-B01-C0231,230,S24-P008,archived_alignment_A,static,twfe,csa,,-0.32203757918852444,0.039882693646707067,False
24,S24-B01,S24-B01-C0232,231,S24-P008,aligned_samples,static,twfe,csa,,-0.24072435113311294,0.044507740651359658,True
24,S24-B01,S24-B01-C0233,232,S24-P008,baseline,static,bjs,,,-0.32820715594010019,0.040800208287727839,True
24,S24-B01,S24-B01-C0234,233,S24-P008,aligned_samples,static,twfe,bjs,,-0.32203757918852444,0.039882693646707067,True
24,S24-B01,S24-B01-C0235,234,S24-P009,baseline,static,twfe,,,-0.34282566701117134,0.043565362436747503,True
24,S24-B01,S24-B01-C0236,235,S24-P009,baseline,static,csa,,,-0.17232396258124691,0.068875957890061207,True
24,S24-B01,S24-B01-C0237,236,S24-P009,archived_alignment_A,static,twfe,csa,,-0.36066058695097686,0.045079008298185043,False
24,S24-B01,S24-B01-C0238,237,S24-P009,aligned_samples,static,twfe,csa,,-0.29576885290488192,0.04790725081992462,True
24,S24-B01,S24-B01-C0239,238,S24-P009,baseline,static,bjs,,,-0.3563437270502644,0.045897515096273656,True
24,S24-B01,S24-B01-C0240,239,S24-P009,aligned_samples,static,twfe,bjs,,-0.35833962095106814,0.044985877305665861,True
24,S24-B01,S24-B01-C0241,240,S24-P010,baseline,static,twfe,,,-0.33868669299481491,0.042460985072067539,True
24,S24-B01,S24-B01-C0242,241,S24-P010,baseline,static,csa,,,-0.21177406577403529,0.070239590289482928,True
24,S24-B01,S24-B01-C0243,242,S24-P010,archived_alignment_A,static,twfe,csa,,-0.3509894042850481,0.043698615526457096,False
24,S24-B01,S24-B01-C0244,243,S24-P010,aligned_samples,static,twfe,csa,,-0.26896350094837301,0.051648342052913,True
24,S24-B01,S24-B01-C0245,244,S24-P010,baseline,static,bjs,,,-0.35564505213890441,0.044598553698394945,True
24,S24-B01,S24-B01-C0246,245,S24-P010,aligned_samples,static,twfe,bjs,,-0.35081773093726054,0.043727882356470543,True
24,S24-B01,S24-B01-C0247,246,S24-P011,baseline,static,twfe,,,-0.16133902760406421,0.07376054814953166,True
24,S24-B01,S24-B01-C0248,247,S24-P011,baseline,static,csa,,,0.047246125214371104,0.086235024891195222,True
24,S24-B01,S24-B01-C0249,248,S24-P011,archived_alignment_A,static,twfe,csa,,-0.16544254618857457,0.075273145951412934,False
24,S24-B01,S24-B01-C0250,249,S24-P011,aligned_samples,static,twfe,csa,,0.015337757604641017,0.096873339862810492,True
24,S24-B01,S24-B01-C0251,250,S24-P011,baseline,static,bjs,,,-0.21203368248284188,0.078611355039126196,True
24,S24-B01,S24-B01-C0252,251,S24-P011,aligned_samples,static,twfe,bjs,,-0.16119112258269136,0.075603442530309692,True
24,S24-B01,S24-B01-C0253,252,S24-P012,baseline,static,twfe,,,-0.15682369993867692,0.077375124671864512,True
24,S24-B01,S24-B01-C0254,253,S24-P012,baseline,static,csa,,,-0.026085575592619335,0.086760912240720439,True
24,S24-B01,S24-B01-C0255,254,S24-P012,archived_alignment_A,static,twfe,csa,,-0.15543411704009316,0.078251788626855404,False
24,S24-B01,S24-B01-C0256,255,S24-P012,aligned_samples,static,twfe,csa,,0.035998014443847801,0.098262359336545466,True
24,S24-B01,S24-B01-C0257,256,S24-P012,baseline,static,bjs,,,-0.2106696936596946,0.086453746353253355,True
24,S24-B01,S24-B01-C0258,257,S24-P012,aligned_samples,static,twfe,bjs,,-0.15476250719068521,0.078310996403574418,True
24,S24-B01,S24-B01-C0259,258,S24-P013,baseline,static,twfe,,,-0.11912034800244153,0.045807442512521584,True
24,S24-B01,S24-B01-C0260,259,S24-P013,baseline,static,csa,,,-0.06484696988860128,0.072457484862393437,True
24,S24-B01,S24-B01-C0261,260,S24-P013,archived_alignment_A,static,twfe,csa,,-0.11940914926593703,0.045858386568691768,False
24,S24-B01,S24-B01-C0262,261,S24-P013,aligned_samples,static,twfe,csa,,-0.088913026020005018,0.050897030453036216,True
24,S24-B01,S24-B01-C0263,262,S24-P013,baseline,static,bjs,,,-0.11524889080138584,0.048142344940505025,True
24,S24-B01,S24-B01-C0264,263,S24-P013,aligned_samples,static,twfe,bjs,,-0.11940914926593703,0.045858386568691768,True
24,S24-B01,S24-B01-C0265,264,S24-P014,baseline,static,twfe,,,-0.09401070444133805,0.044837724418954915,True
24,S24-B01,S24-B01-C0266,265,S24-P014,baseline,static,csa,,,-0.03993714346832835,0.073175113844019563,True
24,S24-B01,S24-B01-C0267,266,S24-P014,archived_alignment_A,static,twfe,csa,,-0.094294221037080433,0.044872157252252923,False
24,S24-B01,S24-B01-C0268,267,S24-P014,aligned_samples,static,twfe,csa,,-0.058600378390956331,0.05618171249787425,True
24,S24-B01,S24-B01-C0269,268,S24-P014,baseline,static,bjs,,,-0.092308032967902826,0.048674794274378812,True
24,S24-B01,S24-B01-C0270,269,S24-P014,aligned_samples,static,twfe,bjs,,-0.094294221037080433,0.044872157252252923,True
24,S24-B01,S24-B01-C0271,270,S24-P015,baseline,static,twfe,,,-0.15253475344387879,0.047661763718601244,True
24,S24-B01,S24-B01-C0272,271,S24-P015,baseline,static,csa,,,-0.084081366042667235,0.078295257956354641,True
24,S24-B01,S24-B01-C0273,272,S24-P015,archived_alignment_A,static,twfe,csa,,-0.15223563383474595,0.050413747148907534,False
24,S24-B01,S24-B01-C0274,273,S24-P015,aligned_samples,static,twfe,csa,,-0.12033675429196976,0.054893078159898467,True
24,S24-B01,S24-B01-C0275,274,S24-P015,baseline,static,bjs,,,-0.14436617862583104,0.053574061132391632,True
24,S24-B01,S24-B01-C0276,275,S24-P015,aligned_samples,static,twfe,bjs,,-0.15206681515171538,0.050489115990377219,True
24,S24-B01,S24-B01-C0277,276,S24-P016,baseline,static,twfe,,,-0.12441635098896679,0.046829901748826258,True
24,S24-B01,S24-B01-C0278,277,S24-P016,baseline,static,csa,,,-0.067085652000855547,0.078203472470952023,True
24,S24-B01,S24-B01-C0279,278,S24-P016,archived_alignment_A,static,twfe,csa,,-0.12505485281715131,0.049994154461493551,False
24,S24-B01,S24-B01-C0280,279,S24-P016,aligned_samples,static,twfe,csa,,-0.090748698648680792,0.060550527463269811,True
24,S24-B01,S24-B01-C0281,280,S24-P016,baseline,static,bjs,,,-0.12172221467386528,0.054039930421302881,True
24,S24-B01,S24-B01-C0282,281,S24-P016,aligned_samples,static,twfe,bjs,,-0.12489817206410346,0.050091146062229391,True
24,S24-B01,S24-B01-C0283,282,S24-P017,baseline,static,twfe,,,-0.10844879307525923,0.062363252789339983,True
24,S24-B01,S24-B01-C0284,283,S24-P017,baseline,static,csa,,,0.020488492013792374,0.083769175254561346,True
24,S24-B01,S24-B01-C0285,284,S24-P017,archived_alignment_A,static,twfe,csa,,-0.10534932556213308,0.065925384097783299,False
24,S24-B01,S24-B01-C0286,285,S24-P017,aligned_samples,static,twfe,csa,,-0.023531846551347848,0.080213122656689229,True
24,S24-B01,S24-B01-C0287,286,S24-P017,baseline,static,bjs,,,-0.13482722885543741,0.078397198436268925,True
24,S24-B01,S24-B01-C0288,287,S24-P017,aligned_samples,static,twfe,bjs,,-0.10543600511569799,0.066099259079782452,True
24,S24-B01,S24-B01-C0289,288,S24-P018,baseline,static,twfe,,,-0.095148129443039201,0.064813192506568168,True
24,S24-B01,S24-B01-C0290,289,S24-P018,baseline,static,csa,,,-0.029373867487336298,0.0815605678066844,True
24,S24-B01,S24-B01-C0291,290,S24-P018,archived_alignment_A,static,twfe,csa,,-0.088679944745718539,0.068323575270359094,False
24,S24-B01,S24-B01-C0292,291,S24-P018,aligned_samples,static,twfe,csa,,-0.020547294566247005,0.081321675259685089,True
24,S24-B01,S24-B01-C0293,292,S24-P018,baseline,static,bjs,,,-0.11755189591695549,0.080847635543054991,True
24,S24-B01,S24-B01-C0294,293,S24-P018,aligned_samples,static,twfe,bjs,,-0.089088794007456187,0.06833961609831897,True
24,S24-B01,S24-B01-C0295,294,S24-P035,baseline,static,twfe,,,-0.1198565777499014,0.050365014879574302,True
24,S24-B01,S24-B01-C0296,295,S24-P035,baseline,static,csa,,,-0.1868420027507654,0.079562105862156257,True
24,S24-B01,S24-B01-C0297,296,S24-P035,archived_alignment_A,static,twfe,csa,,-0.12280508525990502,0.050864003402247317,False
24,S24-B01,S24-B01-C0298,297,S24-P035,aligned_samples,static,twfe,csa,,-0.13069657803160453,0.051505704314012878,True
24,S24-B01,S24-B01-C0299,298,S24-P035,baseline,static,bjs,,,-0.12502851999817849,0.051025531585927701,True
24,S24-B01,S24-B01-C0300,299,S24-P035,aligned_samples,static,twfe,bjs,,-0.12280508525990502,0.050864003402247317,True
24,S24-B01,S24-B01-C0301,300,S24-P036,baseline,static,twfe,,,-0.039977336631018101,0.060413406117569596,True
24,S24-B01,S24-B01-C0302,301,S24-P036,baseline,static,csa,,,-0.047571700180065603,0.092933486234559923,True
24,S24-B01,S24-B01-C0303,302,S24-P036,archived_alignment_A,static,twfe,csa,,-0.039037755526876453,0.061398377927905673,False
24,S24-B01,S24-B01-C0304,303,S24-P036,aligned_samples,static,twfe,csa,,-0.042053744323481482,0.057094093470734859,True
24,S24-B01,S24-B01-C0305,304,S24-P036,baseline,static,bjs,,,-0.019536965532099201,0.069709400430135071,True
24,S24-B01,S24-B01-C0306,305,S24-P036,aligned_samples,static,twfe,bjs,,-0.039037755526876453,0.061398377927905673,True
24,S24-B01,S24-B01-C0307,306,S24-P037,baseline,static,twfe,,,-0.1503690682993645,0.099194953257407278,True
24,S24-B01,S24-B01-C0308,307,S24-P037,baseline,static,csa,,,-0.081245024768419799,0.12115490407966352,True
24,S24-B01,S24-B01-C0309,308,S24-P037,archived_alignment_A,static,twfe,csa,,-0.15249239141449489,0.10774858394499595,False
24,S24-B01,S24-B01-C0310,309,S24-P037,aligned_samples,static,twfe,csa,,-0.13647409032682697,0.094701958299925101,True
24,S24-B01,S24-B01-C0311,310,S24-P037,baseline,static,bjs,,,-0.078129852324597404,0.1135022561430937,True
24,S24-B01,S24-B01-C0312,311,S24-P037,aligned_samples,static,twfe,bjs,,-0.15249239141449489,0.10774858394499595,True
24,S24-B01,S24-B01-C0313,312,S24-P038,baseline,static,twfe,,,-0.16927356223440321,0.10190908632155742,True
24,S24-B01,S24-B01-C0314,313,S24-P038,baseline,static,csa,,,-0.18801969072341099,0.15745417199314893,True
24,S24-B01,S24-B01-C0315,314,S24-P038,archived_alignment_A,static,twfe,csa,,-0.18069635334660977,0.10887335992299438,False
24,S24-B01,S24-B01-C0316,315,S24-P038,aligned_samples,static,twfe,csa,,-0.14954766074725898,0.083175943270563935,True
24,S24-B01,S24-B01-C0317,316,S24-P038,baseline,static,bjs,,,-0.21922513521503509,0.1595214183611334,True
24,S24-B01,S24-B01-C0318,317,S24-P038,aligned_samples,static,twfe,bjs,,-0.18069635334660977,0.10887335992299438,True
24,S24-B01,S24-B01-C0319,318,S24-P039,baseline,static,twfe,,,-0.15960262892488289,0.13126923363042434,True
24,S24-B01,S24-B01-C0320,319,S24-P039,baseline,static,csa,,,-0.19470079015328839,0.1867846462731505,True
24,S24-B01,S24-B01-C0321,320,S24-P039,archived_alignment_A,static,twfe,csa,,-0.17937399616368768,0.1417340517574886,False
24,S24-B01,S24-B01-C0322,321,S24-P039,aligned_samples,static,twfe,csa,,-0.14299566940934511,0.10060493022365245,True
24,S24-B01,S24-B01-C0323,322,S24-P039,baseline,static,bjs,,,-0.21633328425089571,0.20657317590374583,True
24,S24-B01,S24-B01-C0324,323,S24-P039,aligned_samples,static,twfe,bjs,,-0.17937399616368768,0.1417340517574886,True
24,S24-B01,S24-B01-C0325,324,S24-P040,baseline,static,twfe,,,-0.2603783052100378,0.040733228269638364,True
24,S24-B01,S24-B01-C0326,325,S24-P040,baseline,static,csa,,,-0.184579974404012,0.080526861965073776,True
24,S24-B01,S24-B01-C0327,326,S24-P040,archived_alignment_A,static,twfe,csa,,-0.26058903381841364,0.040782427876344805,False
24,S24-B01,S24-B01-C0328,327,S24-P040,aligned_samples,static,twfe,csa,,-0.22626938739967878,0.042218920212852715,True
24,S24-B01,S24-B01-C0329,328,S24-P040,baseline,static,bjs,,,-0.2641024165359882,0.043074940519757618,True
24,S24-B01,S24-B01-C0330,329,S24-P040,aligned_samples,static,twfe,bjs,,-0.26058903381841364,0.040782427876344805,True
24,S24-B01,S24-B01-C0331,330,S24-P041,baseline,static,twfe,,,-0.27937880941087367,0.04343916915596259,True
24,S24-B01,S24-B01-C0332,331,S24-P041,baseline,static,csa,,,-0.18432196786594879,0.081852481484128395,True
24,S24-B01,S24-B01-C0333,332,S24-P041,archived_alignment_A,static,twfe,csa,,-0.27992479239217882,0.043529415051440173,False
24,S24-B01,S24-B01-C0334,333,S24-P041,aligned_samples,static,twfe,csa,,-0.23741037140536944,0.050724469246777731,True
24,S24-B01,S24-B01-C0335,334,S24-P041,baseline,static,bjs,,,-0.2812644003493675,0.04555686578830348,True
24,S24-B01,S24-B01-C0336,335,S24-P041,aligned_samples,static,twfe,bjs,,-0.27992479239217882,0.043529415051440173,True
24,S24-B01,S24-B01-C0337,336,S24-P042,baseline,static,twfe,,,-0.18805819007476571,0.067910295532921508,True
24,S24-B01,S24-B01-C0338,337,S24-P042,baseline,static,csa,,,-0.010041581531157501,0.092660680244548252,True
24,S24-B01,S24-B01-C0339,338,S24-P042,archived_alignment_A,static,twfe,csa,,-0.20015532408147343,0.071770302637682332,False
24,S24-B01,S24-B01-C0340,339,S24-P042,aligned_samples,static,twfe,csa,,-0.071787634646065593,0.085833161322120155,True
24,S24-B01,S24-B01-C0341,340,S24-P042,baseline,static,bjs,,,-0.24614868966704509,0.07411160421182969,True
24,S24-B01,S24-B01-C0342,341,S24-P042,aligned_samples,static,twfe,bjs,,-0.19627524350392689,0.071895468533790599,True
24,S24-B01,S24-B01-C0343,342,S24-P043,baseline,static,twfe,,,-0.1145078010016034,0.066734565656308933,True
24,S24-B01,S24-B01-C0344,343,S24-P043,baseline,static,csa,,,-0.035903285104083603,0.082605873101189484,True
24,S24-B01,S24-B01-C0345,344,S24-P043,archived_alignment_A,static,twfe,csa,,-0.10178951584761139,0.069559269279618363,False
24,S24-B01,S24-B01-C0346,345,S24-P043,aligned_samples,static,twfe,csa,,0.02951797743221159,0.088093902761865184,True
24,S24-B01,S24-B01-C0347,346,S24-P043,baseline,static,bjs,,,-0.1395053411016037,0.077269711554555962,True
24,S24-B01,S24-B01-C0348,347,S24-P043,aligned_samples,static,twfe,bjs,,-0.10113344233100804,0.069770154755591007,True
24,S24-B01,S24-B01-C0349,348,S24-P044,baseline,static,twfe,,,-0.1081005736258883,0.041586579845486575,True
24,S24-B01,S24-B01-C0350,349,S24-P044,baseline,static,csa,,,-0.1038036812822402,0.081982663474935297,True
24,S24-B01,S24-B01-C0351,350,S24-P044,archived_alignment_A,static,twfe,csa,,-0.10837223305188411,0.041630224154387413,False
24,S24-B01,S24-B01-C0352,351,S24-P044,aligned_samples,static,twfe,csa,,-0.12033339572751228,0.047849212608097408,True
24,S24-B01,S24-B01-C0353,352,S24-P044,baseline,static,bjs,,,-0.083961636500268499,0.044629888984248002,True
24,S24-B01,S24-B01-C0354,353,S24-P044,aligned_samples,static,twfe,bjs,,-0.10837223305188411,0.041630224154387413,True
24,S24-B01,S24-B01-C0355,354,S24-P045,baseline,static,twfe,,,-0.10502696303966461,0.044295278062858157,True
24,S24-B01,S24-B01-C0356,355,S24-P045,baseline,static,csa,,,-0.0725402335852878,0.087594222490695678,True
24,S24-B01,S24-B01-C0357,356,S24-P045,archived_alignment_A,static,twfe,csa,,-0.1056671452097353,0.044433507357583148,False
24,S24-B01,S24-B01-C0358,357,S24-P045,aligned_samples,static,twfe,csa,,-0.11049426477657606,0.055923594458878484,True
24,S24-B01,S24-B01-C0359,358,S24-P045,baseline,static,bjs,,,-0.086991332150713196,0.049898547133656698,True
24,S24-B01,S24-B01-C0360,359,S24-P045,aligned_samples,static,twfe,bjs,,-0.1056671452097353,0.044433507357583148,True
24,S24-B01,S24-B01-C0361,360,S24-P046,baseline,static,twfe,,,-0.13717591636882709,0.046803219653416279,True
24,S24-B01,S24-B01-C0362,361,S24-P046,baseline,static,csa,,,-0.1095521787269315,0.096399635806822384,True
24,S24-B01,S24-B01-C0363,362,S24-P046,archived_alignment_A,static,twfe,csa,,-0.14619263777684754,0.050150624965887493,False
24,S24-B01,S24-B01-C0364,363,S24-P046,aligned_samples,static,twfe,csa,,-0.15240837755202619,0.060672752403698009,True
24,S24-B01,S24-B01-C0365,364,S24-P046,baseline,static,bjs,,,-0.12901445347046511,0.056791951557014678,True
24,S24-B01,S24-B01-C0366,365,S24-P046,aligned_samples,static,twfe,bjs,,-0.14629841804187563,0.050118023084781894,True
24,S24-B01,S24-B01-C0367,366,S24-P047,baseline,static,twfe,,,-0.13339307802291209,0.061106594777539124,True
24,S24-B01,S24-B01-C0368,367,S24-P047,baseline,static,csa,,,0.002552662097525,0.083431121691174642,True
24,S24-B01,S24-B01-C0369,368,S24-P047,archived_alignment_A,static,twfe,csa,,-0.14353229559089986,0.066444997673681075,False
24,S24-B01,S24-B01-C0370,369,S24-P047,aligned_samples,static,twfe,csa,,-0.14266386571149139,0.07930690412416555,True
24,S24-B01,S24-B01-C0371,370,S24-P047,baseline,static,bjs,,,-0.1477020436434254,0.076245210044507114,True
24,S24-B01,S24-B01-C0372,371,S24-P047,aligned_samples,static,twfe,bjs,,-0.14318991549748392,0.066924316863419334,True
24,S24-B01,S24-B01-C0373,372,S24-P048,baseline,static,twfe,,,-0.087392639953536896,0.055666871134530671,True
24,S24-B01,S24-B01-C0374,373,S24-P048,baseline,static,csa,,,-0.059552770391338501,0.081064915501014481,True
24,S24-B01,S24-B01-C0375,374,S24-P048,archived_alignment_A,static,twfe,csa,,-0.08355675139984424,0.060247499144250802,False
24,S24-B01,S24-B01-C0376,375,S24-P048,aligned_samples,static,twfe,csa,,-0.085581520621300256,0.078201115291808454,True
24,S24-B01,S24-B01-C0377,376,S24-P048,baseline,static,bjs,,,-0.081565453990445805,0.070786833544129235,True
24,S24-B01,S24-B01-C0378,377,S24-P048,aligned_samples,static,twfe,bjs,,-0.082145154520423688,0.060481848080231188,True
24,S24-B01,S24-B01-C0379,378,S24-P050,baseline,static,twfe,,,0.081827125499413303,0.083114267554773358,True
24,S24-B01,S24-B01-C0380,379,S24-P050,baseline,static,csa,,,0.19742364926552741,0.065500799180458563,True
24,S24-B01,S24-B01-C0381,380,S24-P050,archived_alignment_A,static,twfe,csa,,0.10824347210969892,0.082663657441911745,False
24,S24-B01,S24-B01-C0382,381,S24-P050,aligned_samples,static,twfe,csa,,0.1159642909639142,0.071875001928743479,True
24,S24-B01,S24-B01-C0383,382,S24-P050,baseline,static,bjs,,,0.1680601799469689,0.08590032465126092,True
24,S24-B01,S24-B01-C0384,383,S24-P050,aligned_samples,static,twfe,bjs,,0.10605275104343617,0.082996911377948221,True
24,S24-B01,S24-B01-C0385,384,S24-P051,baseline,static,twfe,,,0.153824333530482,0.098892002395210135,True
24,S24-B01,S24-B01-C0386,385,S24-P051,baseline,static,csa,,,0.15872305767436129,0.087383104035156922,True
24,S24-B01,S24-B01-C0387,386,S24-P051,archived_alignment_A,static,twfe,csa,,0.17888398703665542,0.10439175541671937,False
24,S24-B01,S24-B01-C0388,387,S24-P051,aligned_samples,static,twfe,csa,,0.17715065790262086,0.087622696025556862,True
24,S24-B01,S24-B01-C0389,388,S24-P051,baseline,static,bjs,,,0.28852851767537607,0.11446408859809175,True
24,S24-B01,S24-B01-C0390,389,S24-P051,aligned_samples,static,twfe,bjs,,0.17910644140138907,0.10446618127519046,True
24,S24-B01,S24-B01-C0391,390,S24-P052,baseline,static,twfe,,,0.26958225505892602,0.16385705057738664,True
24,S24-B01,S24-B01-C0392,391,S24-P052,baseline,static,csa,,,0.39281109960830352,0.14589263452202653,True
24,S24-B01,S24-B01-C0393,392,S24-P052,archived_alignment_A,static,twfe,csa,,0.29111018879577522,0.17489324477078735,False
24,S24-B01,S24-B01-C0394,393,S24-P052,aligned_samples,static,twfe,csa,,0.29058171022634838,0.15261567543409787,True
24,S24-B01,S24-B01-C0395,394,S24-P052,baseline,static,bjs,,,0.34600662109447788,0.19107829261702541,True
24,S24-B01,S24-B01-C0396,395,S24-P052,aligned_samples,static,twfe,bjs,,0.29111018879577522,0.17489324477078735,True
24,S24-B01,S24-B01-C0397,396,S24-P054,baseline,static,twfe,,,-0.29178648971836091,0.042725793659299204,True
24,S24-B01,S24-B01-C0398,397,S24-P054,baseline,static,csa,,,-0.22436861986344431,0.085883414673799258,True
24,S24-B01,S24-B01-C0399,398,S24-P054,archived_alignment_A,static,twfe,csa,,-0.31612349281077362,0.045057463344448719,False
24,S24-B01,S24-B01-C0400,399,S24-P054,aligned_samples,static,twfe,csa,,-0.27532738731046952,0.047538812545665471,True
24,S24-B01,S24-B01-C0401,400,S24-P054,baseline,static,bjs,,,-0.31783095672050338,0.046843056748452336,True
24,S24-B01,S24-B01-C0402,401,S24-P054,aligned_samples,static,twfe,bjs,,-0.31697833977316892,0.045122625016619768,True
24,S24-B01,S24-B01-C0403,402,S24-P055,baseline,static,twfe,,,-0.15002112894008979,0.046798553432829501,True
24,S24-B01,S24-B01-C0404,403,S24-P055,baseline,static,csa,,,-0.15752745214385069,0.087980876778048028,True
24,S24-B01,S24-B01-C0405,404,S24-P055,archived_alignment_A,static,twfe,csa,,-0.16799775131137529,0.05009844025529378,False
24,S24-B01,S24-B01-C0406,405,S24-P055,aligned_samples,static,twfe,csa,,-0.17816288843734171,0.054244777507782796,True
24,S24-B01,S24-B01-C0407,406,S24-P055,baseline,static,bjs,,,-0.13497814639081909,0.052227056907036683,True
24,S24-B01,S24-B01-C0408,407,S24-P055,aligned_samples,static,twfe,bjs,,-0.16877963230247184,0.050078985695077884,True
24,S24-B01,S24-B01-C0409,408,S24-P056,baseline,static,twfe,,,-0.1967049691355795,0.074682228864923664,True
24,S24-B01,S24-B01-C0410,409,S24-P056,baseline,static,csa,,,-0.22933805625362799,0.09604339794764534,True
24,S24-B01,S24-B01-C0411,410,S24-P056,archived_alignment_A,static,twfe,csa,,-0.21287090814469789,0.079613635473032615,False
24,S24-B01,S24-B01-C0412,411,S24-P056,aligned_samples,static,twfe,csa,,-0.20782812973895046,0.074052130334671146,True
24,S24-B01,S24-B01-C0413,412,S24-P056,baseline,static,bjs,,,-0.1786257949370019,0.075996930208026434,True
24,S24-B01,S24-B01-C0414,413,S24-P056,aligned_samples,static,twfe,bjs,,-0.21287090814469789,0.079613635473032615,True
24,S24-B01,S24-B01-C0415,414,S24-P058,baseline,static,twfe,,,-0.29440006789650652,0.043614435976599537,True
24,S24-B01,S24-B01-C0416,415,S24-P058,baseline,static,csa,,,-0.2472032004937717,0.090386864419247717,True
24,S24-B01,S24-B01-C0417,416,S24-P058,archived_alignment_A,static,twfe,csa,,-0.30451828472557818,0.047139510915169901,False
24,S24-B01,S24-B01-C0418,417,S24-P058,aligned_samples,static,twfe,csa,,-0.26395303416305044,0.055397506670129777,True
24,S24-B01,S24-B01-C0419,418,S24-P058,baseline,static,bjs,,,-0.29999317565133421,0.050510610957369077,True
24,S24-B01,S24-B01-C0420,419,S24-P058,aligned_samples,static,twfe,bjs,,-0.30454921697923476,0.047106778776633045,True
24,S24-B01,S24-B01-C0421,420,S24-P060,baseline,static,twfe,,,0.073653866153869693,0.087889642848827401,True
24,S24-B01,S24-B01-C0422,421,S24-P060,baseline,static,csa,,,0.15287549875009199,0.085538840927779997,True
24,S24-B01,S24-B01-C0423,422,S24-P060,archived_alignment_A,static,twfe,csa,,0.094941038163248892,0.095106622722314446,False
24,S24-B01,S24-B01-C0424,423,S24-P060,aligned_samples,static,twfe,csa,,0.050374137986516819,0.073475828898240406,True
24,S24-B01,S24-B01-C0425,424,S24-P060,baseline,static,bjs,,,0.16125321639558909,0.11032457645168939,True
24,S24-B01,S24-B01-C0426,425,S24-P060,aligned_samples,static,twfe,bjs,,0.095402912919026792,0.095193649870255373,True
24,S24-B01,S24-B01-C0427,426,S24-P062,baseline,static,twfe,,,0.30166241695037738,0.3817380762051234,True
24,S24-B01,S24-B01-C0428,427,S24-P062,baseline,static,csa,,,-0.042843729714697,0.12148018566780741,True
24,S24-B01,S24-B01-C0429,428,S24-P062,archived_alignment_A,static,twfe,csa,,0.30887841373847263,0.33338162897561241,False
24,S24-B01,S24-B01-C0430,429,S24-P062,aligned_samples,static,twfe,csa,,0.039953083006486589,0.16760583931537631,True
24,S24-B01,S24-B01-C0431,430,S24-P062,baseline,static,bjs,,,0.49315581356069699,0.42424272982013922,True
24,S24-B01,S24-B01-C0432,431,S24-P062,aligned_samples,static,twfe,bjs,,0.30677046832250926,0.33393261016303355,True
24,S24-B01,S24-B01-C0433,432,S24-P064,baseline,static,twfe,,,0.38704950159857571,0.12967362764025994,True
24,S24-B01,S24-B01-C0434,433,S24-P064,baseline,static,csa,,,0.71396220063255711,0.56629022324126932,True
24,S24-B01,S24-B01-C0435,434,S24-P064,archived_alignment_A,static,twfe,csa,,0.42352975864879505,0.16759860726052711,False
24,S24-B01,S24-B01-C0436,435,S24-P064,aligned_samples,static,twfe,csa,,0.59693603077156054,0.33457083850929314,True
24,S24-B01,S24-B01-C0437,436,S24-P064,baseline,static,bjs,,,0.4573937891878268,0.22911191268212333,True
24,S24-B01,S24-B01-C0438,437,S24-P064,aligned_samples,static,twfe,bjs,,0.42258684614203879,0.16745021172120189,True
24,S24-B01,S24-B01-C0439,438,S24-P067,baseline,static,twfe,,,0.2714434161050529,0.16108352922478059,True
24,S24-B01,S24-B01-C0440,439,S24-P067,baseline,static,csa,,,0.36195704438717768,0.13967368945752975,True
24,S24-B01,S24-B01-C0441,440,S24-P067,archived_alignment_A,static,twfe,csa,,0.2100061419883128,0.15790819188273802,False
24,S24-B01,S24-B01-C0442,441,S24-P067,aligned_samples,static,twfe,csa,,0.2634519877668603,0.16980128308964909,True
24,S24-B01,S24-B01-C0443,442,S24-P067,baseline,static,bjs,,,0.18288050214552171,0.13984168570671174,True
24,S24-B01,S24-B01-C0444,443,S24-P067,aligned_samples,static,twfe,bjs,,0.20669876701357653,0.15687031213959954,True
24,S24-B01,S24-B01-C0445,444,S24-P069,baseline,static,twfe,,,0.32556377505558881,0.17054615852971738,True
24,S24-B01,S24-B01-C0446,445,S24-P069,baseline,static,csa,,,0.39687544360290938,0.14696883725135784,True
24,S24-B01,S24-B01-C0447,446,S24-P069,archived_alignment_A,static,twfe,csa,,0.26744732445239255,0.16785541805997597,False
24,S24-B01,S24-B01-C0448,447,S24-P069,aligned_samples,static,twfe,csa,,0.29068745719426048,0.18481150629687343,True
24,S24-B01,S24-B01-C0449,448,S24-P069,baseline,static,bjs,,,0.22653779940183849,0.14358976169883747,True
24,S24-B01,S24-B01-C0450,449,S24-P069,aligned_samples,static,twfe,bjs,,0.26158224184016499,0.16661750698770075,True
24,S24-B01,S24-B01-C0451,450,S24-P071,baseline,static,twfe,,,0.35001048233020549,0.16692643210099475,True
24,S24-B01,S24-B01-C0452,451,S24-P071,baseline,static,csa,,,0.4114439848336861,0.14172034616284598,True
24,S24-B01,S24-B01-C0453,452,S24-P071,archived_alignment_A,static,twfe,csa,,0.29334911324480012,0.16512644902285709,False
24,S24-B01,S24-B01-C0454,453,S24-P071,aligned_samples,static,twfe,csa,,0.33594332184796394,0.17449038268071082,True
24,S24-B01,S24-B01-C0455,454,S24-P071,baseline,static,bjs,,,0.25223767294571398,0.1568587508888479,True
24,S24-B01,S24-B01-C0456,455,S24-P071,aligned_samples,static,twfe,bjs,,0.29110684440100781,0.16416656619471845,True
24,S24-B01,S24-B01-C0457,456,S24-P073,baseline,static,twfe,,,0.39528475052590228,0.15492274214996515,True
24,S24-B01,S24-B01-C0458,457,S24-P073,baseline,static,csa,,,0.44867511825286199,0.12991235449845917,True
24,S24-B01,S24-B01-C0459,458,S24-P073,archived_alignment_A,static,twfe,csa,,0.33915895227450316,0.15536142282670179,False
24,S24-B01,S24-B01-C0460,459,S24-P073,aligned_samples,static,twfe,csa,,0.41376239474816634,0.17776549403991956,True
24,S24-B01,S24-B01-C0461,460,S24-P073,baseline,static,bjs,,,0.31148372993495471,0.13504482206161547,True
24,S24-B01,S24-B01-C0462,461,S24-P073,aligned_samples,static,twfe,bjs,,0.33394441883176595,0.15494174642515379,True
24,S24-B01,S24-B01-C0463,462,S24-P065,baseline,static,twfe,,,-0.085792508451120894,0.1106078027612744,True
24,S24-B01,S24-B01-C0464,463,S24-P065,baseline,static,csa,,,-0.1674352202450812,0.11572795822140176,True
24,S24-B01,S24-B01-C0465,464,S24-P065,archived_alignment_A,static,twfe,csa,,-0.085792508451120977,0.11060780276127441,False
24,S24-B01,S24-B01-C0466,465,S24-P065,aligned_samples,static,twfe,csa,,-0.038206732886866594,0.11187051390372769,True
24,S24-B01,S24-B01-C0467,466,S24-P065,baseline,static,bjs,,,-0.0773123730167464,0.1093312399049139,True
24,S24-B01,S24-B01-C0468,467,S24-P065,aligned_samples,static,twfe,bjs,,-0.085792508451120977,0.11060780276127441,True
24,S24-B01,S24-B01-C0469,468,S24-P074,baseline,static,twfe,,,-0.20301087716405711,0.071802929413253669,True
24,S24-B01,S24-B01-C0470,469,S24-P074,baseline,static,csa,,,-0.1618997883803176,0.066057419448165303,True
24,S24-B01,S24-B01-C0471,470,S24-P074,archived_alignment_A,static,twfe,csa,,-0.20603147048783083,0.072253750088006982,False
24,S24-B01,S24-B01-C0472,471,S24-P074,aligned_samples,static,twfe,csa,,-0.20603147048783083,0.072253750088006982,True
24,S24-B01,S24-B01-C0473,472,S24-P074,baseline,static,bjs,,,-0.2705446805708337,0.054676451355943567,True
24,S24-B01,S24-B01-C0474,473,S24-P074,aligned_samples,static,twfe,bjs,,-0.2059307430671633,0.072263436259992486,True
24,S24-B01,S24-B01-C0475,474,S24-P075,baseline,static,twfe,,,-0.22837292036028531,0.075376123670642739,True
24,S24-B01,S24-B01-C0476,475,S24-P075,baseline,static,csa,,,-0.2465094297225946,0.082536172819350578,True
24,S24-B01,S24-B01-C0477,476,S24-P075,archived_alignment_A,static,twfe,csa,,-0.23777507457886027,0.077284251029657247,False
24,S24-B01,S24-B01-C0478,477,S24-P075,aligned_samples,static,twfe,csa,,-0.23777507457886027,0.077284251029657247,True
24,S24-B01,S24-B01-C0479,478,S24-P075,baseline,static,bjs,,,-0.3393400078282931,0.080531806842915818,True
24,S24-B01,S24-B01-C0480,479,S24-P075,aligned_samples,static,twfe,bjs,,-0.23781249193423043,0.077280781767115586,True
24,S24-B01,S24-B01-C0481,480,S24-P076,baseline,static,twfe,,,0.27759600406660601,0.22546144491454453,True
24,S24-B01,S24-B01-C0482,481,S24-P076,baseline,static,csa,,,0.1563815409871766,0.16487925211445106,True
24,S24-B01,S24-B01-C0483,482,S24-P076,archived_alignment_A,static,twfe,csa,,0.26762290188911303,0.22580323529197655,False
24,S24-B01,S24-B01-C0484,483,S24-P076,aligned_samples,static,twfe,csa,,0.26762290188911303,0.22580323529197655,True
24,S24-B01,S24-B01-C0485,484,S24-P076,baseline,static,bjs,,,0.091583886604104103,0.16229252958780521,True
24,S24-B01,S24-B01-C0486,485,S24-P076,aligned_samples,static,twfe,bjs,,0.26753927334268007,0.22580012839075098,True
24,S24-B01,S24-B01-C0487,486,S24-P077,baseline,static,twfe,,,0.33857648833753978,0.18831149622679183,True
24,S24-B01,S24-B01-C0488,487,S24-P077,baseline,static,csa,,,0.038890685604570902,0.1717406591960135,True
24,S24-B01,S24-B01-C0489,488,S24-P077,archived_alignment_A,static,twfe,csa,,0.3099793522022089,0.19165993445277762,False
24,S24-B01,S24-B01-C0490,489,S24-P077,aligned_samples,static,twfe,csa,,0.3099793522022089,0.19165993445277762,True
24,S24-B01,S24-B01-C0491,490,S24-P077,baseline,static,bjs,,,0.018758423153238099,0.18664853384530519,True
24,S24-B01,S24-B01-C0492,491,S24-P077,aligned_samples,static,twfe,bjs,,0.30975317884199977,0.19163350981484642,True
24,S24-B01,S24-B01-C0493,492,S24-P078,baseline,static,twfe,,,0.3335960930331206,0.066764629591938032,True
24,S24-B01,S24-B01-C0494,493,S24-P078,baseline,static,csa,,,0.089710539431972103,0.06110221715736066,True
24,S24-B01,S24-B01-C0495,494,S24-P078,archived_alignment_A,static,twfe,csa,,0.34300473147261451,0.067503103673525244,False
24,S24-B01,S24-B01-C0496,495,S24-P078,aligned_samples,static,twfe,csa,,0.34300473147261451,0.067503103673525244,True
24,S24-B01,S24-B01-C0497,496,S24-P078,baseline,static,bjs,,,0.25181196104417097,0.092718438710834294,True
24,S24-B01,S24-B01-C0498,497,S24-P078,aligned_samples,static,twfe,bjs,,0.34310318340733942,0.067498389331407699,True
24,S24-B01,S24-B01-C0499,498,S24-P079,baseline,static,twfe,,,0.31085774893396889,0.065858866317860323,True
24,S24-B01,S24-B01-C0500,499,S24-P079,baseline,static,csa,,,0.16787202026321349,0.062716037102524977,True
24,S24-B01,S24-B01-C0501,500,S24-P079,archived_alignment_A,static,twfe,csa,,0.32572821381674993,0.065572763487665983,False
24,S24-B01,S24-B01-C0502,501,S24-P079,aligned_samples,static,twfe,csa,,0.32572821381674993,0.065572763487665983,True
24,S24-B01,S24-B01-C0503,502,S24-P079,baseline,static,bjs,,,0.30773469081508859,0.064753196734462878,True
24,S24-B01,S24-B01-C0504,503,S24-P079,aligned_samples,static,twfe,bjs,,0.32567663571636718,0.065575376344566824,True
24,S24-B01,S24-B01-C0505,504,S24-P080,baseline,static,twfe,,,-0.10714311922082299,0.18701232191745376,True
24,S24-B01,S24-B01-C0506,505,S24-P080,baseline,static,csa,,,-0.019770445864900201,0.17602718829393832,True
24,S24-B01,S24-B01-C0507,506,S24-P080,archived_alignment_A,static,twfe,csa,,0.011529014562908292,0.3499753268983492,False
24,S24-B01,S24-B01-C0508,507,S24-P080,aligned_samples,static,twfe,csa,,0.20329745222212456,0.32841568677797334,True
24,S24-B01,S24-B01-C0509,508,S24-P080,baseline,static,bjs,,,-0.099814346683890304,0.29839253269493005,True
24,S24-B01,S24-B01-C0510,509,S24-P080,aligned_samples,static,twfe,bjs,,0.051679612389616436,0.3653063372875015,True
24,S24-B01,S24-B01-C0511,510,S24-P081,baseline,static,twfe,,,0.3065872077631846,0.25424343222237461,True
24,S24-B01,S24-B01-C0512,511,S24-P081,baseline,static,csa,,,0.57483921911013736,0.48607014215176908,True
24,S24-B01,S24-B01-C0513,512,S24-P081,archived_alignment_A,static,twfe,csa,,0.42038718636928141,0.3558655666074389,False
24,S24-B01,S24-B01-C0514,513,S24-P081,aligned_samples,static,twfe,csa,,0.63710440105413413,0.35905392986050455,True
24,S24-B01,S24-B01-C0515,514,S24-P081,baseline,static,bjs,,,0.43672863163814851,0.48439927556181689,True
24,S24-B01,S24-B01-C0516,515,S24-P081,aligned_samples,static,twfe,bjs,,0.50401789573850053,0.41028370818416804,True
24,S24-B01,S24-B01-C0517,516,S24-P082,baseline,static,twfe,,,-0.49810707576068469,0.16966374106651255,True
24,S24-B01,S24-B01-C0518,517,S24-P082,baseline,static,csa,,,0.40816915190427999,0.27903917097617703,True
24,S24-B01,S24-B01-C0519,518,S24-P082,archived_alignment_A,static,twfe,csa,,-0.18725002111118039,0.067395172240227647,False
24,S24-B01,S24-B01-C0520,519,S24-P082,aligned_samples,static,twfe,csa,,-0.17478413217583863,0.069482462161104416,True
24,S24-B01,S24-B01-C0521,520,S24-P082,baseline,static,bjs,,,-0.1490526208096947,0.07721685451020753,True
24,S24-B01,S24-B01-C0522,521,S24-P082,aligned_samples,static,twfe,bjs,,-0.17742316023675775,0.071110194316467992,True
24,S24-B01,S24-B01-C0523,522,S24-P083,baseline,static,twfe,,,0.5339690025225714,0.53185169717198666,True
24,S24-B01,S24-B01-C0524,523,S24-P083,baseline,static,csa,,,0.37507815948603129,0.28523431318863235,True
24,S24-B01,S24-B01-C0525,524,S24-P083,archived_alignment_A,static,twfe,csa,,-0.11541556069024539,0.17975041319633708,False
24,S24-B01,S24-B01-C0526,525,S24-P083,aligned_samples,static,twfe,csa,,-0.11684186274120405,0.18923917638010299,True
24,S24-B01,S24-B01-C0527,526,S24-P083,baseline,static,bjs,,,-0.1437332972605892,0.27941406271204083,True
24,S24-B01,S24-B01-C0528,527,S24-P083,aligned_samples,static,twfe,bjs,,-0.16077064822409409,0.22052390389266105,True
24,S24-B01,S24-B01-C0529,528,S24-P084,baseline,static,twfe,,,0.021940864111532201,0.21725553659439489,True
24,S24-B01,S24-B01-C0530,529,S24-P084,baseline,static,csa,,,0.41247944520457092,0.10019525146212017,True
24,S24-B01,S24-B01-C0531,530,S24-P084,archived_alignment_A,static,twfe,csa,,0.21476706316946992,0.2191532146427522,False
24,S24-B01,S24-B01-C0532,531,S24-P084,aligned_samples,static,twfe,csa,,0.31748783969768068,0.22348288682039549,True
24,S24-B01,S24-B01-C0533,532,S24-P084,baseline,static,bjs,,,0.16776534634942181,0.18493155315827725,True
24,S24-B01,S24-B01-C0534,533,S24-P084,aligned_samples,static,twfe,bjs,,0.2685818337099185,0.23031319562193292,True
24,S24-B01,S24-B01-C0535,534,S24-P085,baseline,static,twfe,,,0.40777003438453341,0.2605147494344523,True
24,S24-B01,S24-B01-C0536,535,S24-P085,baseline,static,csa,,,0.69495523306144369,0.38149254333713839,True
24,S24-B01,S24-B01-C0537,536,S24-P085,archived_alignment_A,static,twfe,csa,,0.51966562748235934,0.36340227769682543,False
24,S24-B01,S24-B01-C0538,537,S24-P085,aligned_samples,static,twfe,csa,,0.67667326378146153,0.37650609992710066,True
24,S24-B01,S24-B01-C0539,538,S24-P085,baseline,static,bjs,,,0.52568820616160372,0.57442099444892902,True
24,S24-B01,S24-B01-C0540,539,S24-P085,aligned_samples,static,twfe,bjs,,0.63523217948187827,0.43662301182715463,True
