coordinate_id,source_coordinate_label
S01-B01-C0001,CI-F5-A01-STD::baseline::static::published_native
S01-B01-C0002,CI-F5-A01-STD::baseline::static::twfe
S01-B01-C0003,CI-F5-A01-STD::baseline::static::csa
S01-B01-C0004,CI-F5-A01-STD::baseline::static::bjs
S01-B01-C0005,CI-F5-A01-STD::B::static::twfe_csa
S01-B01-C0006,CI-F5-A01-STD::B::static::twfe_bjs
S01-B01-C0007,CI-F5-A02-STD::baseline::static::published_native
S01-B01-C0008,CI-F5-A02-STD::baseline::static::twfe
S01-B01-C0009,CI-F5-A02-STD::baseline::static::csa
S01-B01-C0010,CI-F5-A02-STD::baseline::static::bjs
S01-B01-C0011,CI-F5-A02-STD::B::static::twfe_csa
S01-B01-C0012,CI-F5-A02-STD::B::static::twfe_bjs
S01-B01-C0013,CI-F5-A03-STD::baseline::static::published_native
S01-B01-C0014,CI-F5-A03-STD::baseline::static::twfe
S01-B01-C0015,CI-F5-A03-STD::baseline::static::csa
S01-B01-C0016,CI-F5-A03-STD::baseline::static::bjs
S01-B01-C0017,CI-F5-A03-STD::B::static::twfe_csa
S01-B01-C0018,CI-F5-A03-STD::B::static::twfe_bjs
S01-B01-C0019,CI-F5-A04-STD::baseline::static::published_native
S01-B01-C0020,CI-F5-A04-STD::baseline::static::twfe
S01-B01-C0021,CI-F5-A04-STD::baseline::static::csa
S01-B01-C0022,CI-F5-A04-STD::baseline::static::bjs
S01-B01-C0023,CI-F5-A04-STD::B::static::twfe_csa
S01-B01-C0024,CI-F5-A04-STD::B::static::twfe_bjs
S01-B01-C0025,CI-F5-A05-STD::baseline::static::published_native
S01-B01-C0026,CI-F5-A05-STD::baseline::static::twfe
S01-B01-C0027,CI-F5-A05-STD::baseline::static::csa
S01-B01-C0028,CI-F5-A05-STD::baseline::static::bjs
S01-B01-C0029,CI-F5-A05-STD::B::static::twfe_csa
S01-B01-C0030,CI-F5-A05-STD::B::static::twfe_bjs
S01-B01-C0031,CI-F5-A06-STD::baseline::static::published_native
S01-B01-C0032,CI-F5-A06-STD::baseline::static::twfe
S01-B01-C0033,CI-F5-A06-STD::baseline::static::csa
S01-B01-C0034,CI-F5-A06-STD::baseline::static::bjs
S01-B01-C0035,CI-F5-A06-STD::B::static::twfe_csa
S01-B01-C0036,CI-F5-A06-STD::B::static::twfe_bjs
S01-B01-C0037,CI-F5-A07-STD::baseline::static::published_native
S01-B01-C0038,CI-F5-A07-STD::baseline::static::twfe
S01-B01-C0039,CI-F5-A07-STD::baseline::static::csa
S01-B01-C0040,CI-F5-A07-STD::baseline::static::bjs
S01-B01-C0041,CI-F5-A07-STD::B::static::twfe_csa
S01-B01-C0042,CI-F5-A07-STD::B::static::twfe_bjs
S01-B01-C0043,CI-F5-B01-STD::baseline::static::published_native
S01-B01-C0044,CI-F5-B01-STD::baseline::static::twfe
S01-B01-C0045,CI-F5-B01-STD::baseline::static::csa
S01-B01-C0046,CI-F5-B01-STD::baseline::static::bjs
S01-B01-C0047,CI-F5-B01-STD::B::static::twfe_csa
S01-B01-C0048,CI-F5-B01-STD::B::static::twfe_bjs
S01-B01-C0049,CI-F5-B02-STD::baseline::static::published_native
S01-B01-C0050,CI-F5-B02-STD::baseline::static::twfe
S01-B01-C0051,CI-F5-B02-STD::baseline::static::csa
S01-B01-C0052,CI-F5-B02-STD::baseline::static::bjs
S01-B01-C0053,CI-F5-B02-STD::B::static::twfe_csa
S01-B01-C0054,CI-F5-B02-STD::B::static::twfe_bjs
S01-B01-C0055,CI-F5-B03-STD::baseline::static::published_native
S01-B01-C0056,CI-F5-B03-STD::baseline::static::twfe
S01-B01-C0057,CI-F5-B03-STD::baseline::static::csa
S01-B01-C0058,CI-F5-B03-STD::baseline::static::bjs
S01-B01-C0059,CI-F5-B03-STD::B::static::twfe_csa
S01-B01-C0060,CI-F5-B03-STD::B::static::twfe_bjs
S01-B01-C0061,CI-F5-B04-STD::baseline::static::published_native
S01-B01-C0062,CI-F5-B04-STD::baseline::static::twfe
S01-B01-C0063,CI-F5-B04-STD::baseline::static::csa
S01-B01-C0064,CI-F5-B04-STD::baseline::static::bjs
S01-B01-C0065,CI-F5-B04-STD::B::static::twfe_csa
S01-B01-C0066,CI-F5-B04-STD::B::static::twfe_bjs
S01-B01-C0067,CI-F5-B05-STD::baseline::static::published_native
S01-B01-C0068,CI-F5-B05-STD::baseline::static::twfe
S01-B01-C0069,CI-F5-B05-STD::baseline::static::csa
S01-B01-C0070,CI-F5-B05-STD::baseline::static::bjs
S01-B01-C0071,CI-F5-B05-STD::B::static::twfe_csa
S01-B01-C0072,CI-F5-B05-STD::B::static::twfe_bjs
S01-B01-C0073,CI-F5-B06-STD::baseline::static::published_native
S01-B01-C0074,CI-F5-B06-STD::baseline::static::twfe
S01-B01-C0075,CI-F5-B06-STD::baseline::static::csa
S01-B01-C0076,CI-F5-B06-STD::baseline::static::bjs
S01-B01-C0077,CI-F5-B06-STD::B::static::twfe_csa
S01-B01-C0078,CI-F5-B06-STD::B::static::twfe_bjs
S01-B01-C0079,CI-F5-B07-STD::baseline::static::published_native
S01-B01-C0080,CI-F5-B07-STD::baseline::static::twfe
S01-B01-C0081,CI-F5-B07-STD::baseline::static::csa
S01-B01-C0082,CI-F5-B07-STD::baseline::static::bjs
S01-B01-C0083,CI-F5-B07-STD::B::static::twfe_csa
S01-B01-C0084,CI-F5-B07-STD::B::static::twfe_bjs
S01-B01-C0085,CI-F5-B08-STD::baseline::static::published_native
S01-B01-C0086,CI-F5-B08-STD::baseline::static::twfe
S01-B01-C0087,CI-F5-B08-STD::baseline::static::csa
S01-B01-C0088,CI-F5-B08-STD::baseline::static::bjs
S01-B01-C0089,CI-F5-B08-STD::B::static::twfe_csa
S01-B01-C0090,CI-F5-B08-STD::B::static::twfe_bjs
S01-B01-C0091,CI-F5-B09-STD::baseline::static::published_native
S01-B01-C0092,CI-F5-B09-STD::baseline::static::twfe
S01-B01-C0093,CI-F5-B09-STD::baseline::static::csa
S01-B01-C0094,CI-F5-B09-STD::baseline::static::bjs
S01-B01-C0095,CI-F5-B09-STD::B::static::twfe_csa
S01-B01-C0096,CI-F5-B09-STD::B::static::twfe_bjs
S01-B01-C0097,CI-F5-B10-STD::baseline::static::published_native
S01-B01-C0098,CI-F5-B10-STD::baseline::static::twfe
S01-B01-C0099,CI-F5-B10-STD::baseline::static::csa
S01-B01-C0100,CI-F5-B10-STD::baseline::static::bjs
S01-B01-C0101,CI-F5-B10-STD::B::static::twfe_csa
S01-B01-C0102,CI-F5-B10-STD::B::static::twfe_bjs
S01-B01-C0103,CI-F5-B11-STD::baseline::static::published_native
S01-B01-C0104,CI-F5-B11-STD::baseline::static::twfe
S01-B01-C0105,CI-F5-B11-STD::baseline::static::csa
S01-B01-C0106,CI-F5-B11-STD::baseline::static::bjs
S01-B01-C0107,CI-F5-B11-STD::B::static::twfe_csa
S01-B01-C0108,CI-F5-B11-STD::B::static::twfe_bjs
S01-B01-C0109,CI-F5-C01-STD::baseline::static::published_native
S01-B01-C0110,CI-F5-C01-STD::baseline::static::twfe
S01-B01-C0111,CI-F5-C01-STD::baseline::static::csa
S01-B01-C0112,CI-F5-C01-STD::baseline::static::bjs
S01-B01-C0113,CI-F5-C01-STD::B::static::twfe_csa
S01-B01-C0114,CI-F5-C01-STD::B::static::twfe_bjs
S01-B01-C0115,CI-F5-C02-STD::baseline::static::published_native
S01-B01-C0116,CI-F5-C02-STD::baseline::static::twfe
S01-B01-C0117,CI-F5-C02-STD::baseline::static::csa
S01-B01-C0118,CI-F5-C02-STD::baseline::static::bjs
S01-B01-C0119,CI-F5-C02-STD::B::static::twfe_csa
S01-B01-C0120,CI-F5-C02-STD::B::static::twfe_bjs
S01-B01-C0121,CI-F5-C03-STD::baseline::static::published_native
S01-B01-C0122,CI-F5-C03-STD::baseline::static::twfe
S01-B01-C0123,CI-F5-C03-STD::baseline::static::csa
S01-B01-C0124,CI-F5-C03-STD::baseline::static::bjs
S01-B01-C0125,CI-F5-C03-STD::B::static::twfe_csa
S01-B01-C0126,CI-F5-C03-STD::B::static::twfe_bjs
S01-B01-C0127,CI-F5-D01-STD::baseline::static::published_native
S01-B01-C0128,CI-F5-D01-STD::baseline::static::twfe
S01-B01-C0129,CI-F5-D01-STD::baseline::static::csa
S01-B01-C0130,CI-F5-D01-STD::baseline::static::bjs
S01-B01-C0131,CI-F5-D01-STD::B::static::twfe_csa
S01-B01-C0132,CI-F5-D01-STD::B::static::twfe_bjs
S01-B01-C0133,CI-F5-D02-STD::baseline::static::published_native
S01-B01-C0134,CI-F5-D02-STD::baseline::static::twfe
S01-B01-C0135,CI-F5-D02-STD::baseline::static::csa
S01-B01-C0136,CI-F5-D02-STD::baseline::static::bjs
S01-B01-C0137,CI-F5-D02-STD::B::static::twfe_csa
S01-B01-C0138,CI-F5-D02-STD::B::static::twfe_bjs
S01-B01-C0139,CI-F5-D03-STD::baseline::static::published_native
S01-B01-C0140,CI-F5-D03-STD::baseline::static::twfe
S01-B01-C0141,CI-F5-D03-STD::baseline::static::csa
S01-B01-C0142,CI-F5-D03-STD::baseline::static::bjs
S01-B01-C0143,CI-F5-D03-STD::B::static::twfe_csa
S01-B01-C0144,CI-F5-D03-STD::B::static::twfe_bjs
S01-B01-C0145,CI-F5-D04-STD::baseline::static::published_native
S01-B01-C0146,CI-F5-D04-STD::baseline::static::twfe
S01-B01-C0147,CI-F5-D04-STD::baseline::static::csa
S01-B01-C0148,CI-F5-D04-STD::baseline::static::bjs
S01-B01-C0149,CI-F5-D04-STD::B::static::twfe_csa
S01-B01-C0150,CI-F5-D04-STD::B::static::twfe_bjs
S01-B01-C0151,CI-F5-D05-STD::baseline::static::published_native
S01-B01-C0152,CI-F5-D05-STD::baseline::static::twfe
S01-B01-C0153,CI-F5-D05-STD::baseline::static::csa
S01-B01-C0154,CI-F5-D05-STD::baseline::static::bjs
S01-B01-C0155,CI-F5-D05-STD::B::static::twfe_csa
S01-B01-C0156,CI-F5-D05-STD::B::static::twfe_bjs
S01-B01-C0157,CI-F5-D06-STD::baseline::static::published_native
S01-B01-C0158,CI-F5-D06-STD::baseline::static::twfe
S01-B01-C0159,CI-F5-D06-STD::baseline::static::csa
S01-B01-C0160,CI-F5-D06-STD::baseline::static::bjs
S01-B01-C0161,CI-F5-D06-STD::B::static::twfe_csa
S01-B01-C0162,CI-F5-D06-STD::B::static::twfe_bjs
S01-B01-C0163,CI-F5-E01-STD::baseline::static::published_native
S01-B01-C0164,CI-F5-E01-STD::baseline::static::twfe
S01-B01-C0165,CI-F5-E01-STD::baseline::static::csa
S01-B01-C0166,CI-F5-E01-STD::baseline::static::bjs
S01-B01-C0167,CI-F5-E01-STD::B::static::twfe_csa
S01-B01-C0168,CI-F5-E01-STD::B::static::twfe_bjs
S01-B01-C0169,CI-F5-F01-STD::baseline::static::published_native
S01-B01-C0170,CI-F5-F01-STD::baseline::static::twfe
S01-B01-C0171,CI-F5-F01-STD::baseline::static::csa
S01-B01-C0172,CI-F5-F01-STD::baseline::static::bjs
S01-B01-C0173,CI-F5-F01-STD::B::static::twfe_csa
S01-B01-C0174,CI-F5-F01-STD::B::static::twfe_bjs
S01-B01-C0175,CI-F5-G01-STD::baseline::static::published_native
S01-B01-C0176,CI-F5-G01-STD::baseline::static::twfe
S01-B01-C0177,CI-F5-G01-STD::baseline::static::csa
S01-B01-C0178,CI-F5-G01-STD::baseline::static::bjs
S01-B01-C0179,CI-F5-G01-STD::B::static::twfe_csa
S01-B01-C0180,CI-F5-G01-STD::B::static::twfe_bjs
S01-B01-C0181,CI-F5-G02-STD::baseline::static::published_native
S01-B01-C0182,CI-F5-G02-STD::baseline::static::twfe
S01-B01-C0183,CI-F5-G02-STD::baseline::static::csa
S01-B01-C0184,CI-F5-G02-STD::baseline::static::bjs
S01-B01-C0185,CI-F5-G02-STD::B::static::twfe_csa
S01-B01-C0186,CI-F5-G02-STD::B::static::twfe_bjs
S01-B01-C0187,CI-F5-G03-STD::baseline::static::published_native
S01-B01-C0188,CI-F5-G03-STD::baseline::static::twfe
S01-B01-C0189,CI-F5-G03-STD::baseline::static::csa
S01-B01-C0190,CI-F5-G03-STD::baseline::static::bjs
S01-B01-C0191,CI-F5-G03-STD::B::static::twfe_csa
S01-B01-C0192,CI-F5-G03-STD::B::static::twfe_bjs
S01-B01-C0193,CI-F5-G04-STD::baseline::static::published_native
S01-B01-C0194,CI-F5-G04-STD::baseline::static::twfe
S01-B01-C0195,CI-F5-G04-STD::baseline::static::csa
S01-B01-C0196,CI-F5-G04-STD::baseline::static::bjs
S01-B01-C0197,CI-F5-G04-STD::B::static::twfe_csa
S01-B01-C0198,CI-F5-G04-STD::B::static::twfe_bjs
S01-B01-C0199,CI-F5-G05-STD::baseline::static::published_native
S01-B01-C0200,CI-F5-G05-STD::baseline::static::twfe
S01-B01-C0201,CI-F5-G05-STD::baseline::static::csa
S01-B01-C0202,CI-F5-G05-STD::baseline::static::bjs
S01-B01-C0203,CI-F5-G05-STD::B::static::twfe_csa
S01-B01-C0204,CI-F5-G05-STD::B::static::twfe_bjs
S01-B01-C0205,CI-F5-H01-STD::baseline::static::published_native
S01-B01-C0206,CI-F5-H01-STD::baseline::static::twfe
S01-B01-C0207,CI-F5-H01-STD::baseline::static::csa
S01-B01-C0208,CI-F5-H01-STD::baseline::static::bjs
S01-B01-C0209,CI-F5-H01-STD::B::static::twfe_csa
S01-B01-C0210,CI-F5-H01-STD::B::static::twfe_bjs
S01-B01-C0211,CI-F5-I01-STD::baseline::static::published_native
S01-B01-C0212,CI-F5-I01-STD::baseline::static::twfe
S01-B01-C0213,CI-F5-I01-STD::baseline::static::csa
S01-B01-C0214,CI-F5-I01-STD::baseline::static::bjs
S01-B01-C0215,CI-F5-I01-STD::B::static::twfe_csa
S01-B01-C0216,CI-F5-I01-STD::B::static::twfe_bjs
S01-B01-C0217,CI-F5-I02-STD::baseline::static::published_native
S01-B01-C0218,CI-F5-I02-STD::baseline::static::twfe
S01-B01-C0219,CI-F5-I02-STD::baseline::static::csa
S01-B01-C0220,CI-F5-I02-STD::baseline::static::bjs
S01-B01-C0221,CI-F5-I02-STD::B::static::twfe_csa
S01-B01-C0222,CI-F5-I02-STD::B::static::twfe_bjs
S01-B01-C0223,CI-F5-I03-STD::baseline::static::published_native
S01-B01-C0224,CI-F5-I03-STD::baseline::static::twfe
S01-B01-C0225,CI-F5-I03-STD::baseline::static::csa
S01-B01-C0226,CI-F5-I03-STD::baseline::static::bjs
S01-B01-C0227,CI-F5-I03-STD::B::static::twfe_csa
S01-B01-C0228,CI-F5-I03-STD::B::static::twfe_bjs
S01-B01-C0229,CI-F5-I04-STD::baseline::static::published_native
S01-B01-C0230,CI-F5-I04-STD::baseline::static::twfe
S01-B01-C0231,CI-F5-I04-STD::baseline::static::csa
S01-B01-C0232,CI-F5-I04-STD::baseline::static::bjs
S01-B01-C0233,CI-F5-I04-STD::B::static::twfe_csa
S01-B01-C0234,CI-F5-I04-STD::B::static::twfe_bjs
S01-B01-C0235,CI-F5-J01-STD::baseline::static::published_native
S01-B01-C0236,CI-F5-J01-STD::baseline::static::twfe
S01-B01-C0237,CI-F5-J01-STD::baseline::static::csa
S01-B01-C0238,CI-F5-J01-STD::baseline::static::bjs
S01-B01-C0239,CI-F5-J01-STD::B::static::twfe_csa
S01-B01-C0240,CI-F5-J01-STD::B::static::twfe_bjs
S01-B01-C0241,CI-F5-J02-STD::baseline::static::published_native
S01-B01-C0242,CI-F5-J02-STD::baseline::static::twfe
S01-B01-C0243,CI-F5-J02-STD::baseline::static::csa
S01-B01-C0244,CI-F5-J02-STD::baseline::static::bjs
S01-B01-C0245,CI-F5-J02-STD::B::static::twfe_csa
S01-B01-C0246,CI-F5-J02-STD::B::static::twfe_bjs
S01-B01-C0247,CI-F5-J03-STD::baseline::static::published_native
S01-B01-C0248,CI-F5-J03-STD::baseline::static::twfe
S01-B01-C0249,CI-F5-J03-STD::baseline::static::csa
S01-B01-C0250,CI-F5-J03-STD::baseline::static::bjs
S01-B01-C0251,CI-F5-J03-STD::B::static::twfe_csa
S01-B01-C0252,CI-F5-J03-STD::B::static::twfe_bjs
S01-B01-C0253,CI-F5-J04-STD::baseline::static::published_native
S01-B01-C0254,CI-F5-J04-STD::baseline::static::twfe
S01-B01-C0255,CI-F5-J04-STD::baseline::static::csa
S01-B01-C0256,CI-F5-J04-STD::baseline::static::bjs
S01-B01-C0257,CI-F5-J04-STD::B::static::twfe_csa
S01-B01-C0258,CI-F5-J04-STD::B::static::twfe_bjs
S01-B01-C0259,CI-F5-J05-STD::baseline::static::published_native
S01-B01-C0260,CI-F5-J05-STD::baseline::static::twfe
S01-B01-C0261,CI-F5-J05-STD::baseline::static::csa
S01-B01-C0262,CI-F5-J05-STD::baseline::static::bjs
S01-B01-C0263,CI-F5-J05-STD::B::static::twfe_csa
S01-B01-C0264,CI-F5-J05-STD::B::static::twfe_bjs
S01-B01-C0265,CI-F5-K01-STD::baseline::static::published_native
S01-B01-C0266,CI-F5-K01-STD::baseline::static::twfe
S01-B01-C0267,CI-F5-K01-STD::baseline::static::csa
S01-B01-C0268,CI-F5-K01-STD::baseline::static::bjs
S01-B01-C0269,CI-F5-K01-STD::B::static::twfe_csa
S01-B01-C0270,CI-F5-K01-STD::B::static::twfe_bjs
S01-B01-C0271,CI-F5-K02-STD::baseline::static::published_native
S01-B01-C0272,CI-F5-K02-STD::baseline::static::twfe
S01-B01-C0273,CI-F5-K02-STD::baseline::static::csa
S01-B01-C0274,CI-F5-K02-STD::baseline::static::bjs
S01-B01-C0275,CI-F5-K02-STD::B::static::twfe_csa
S01-B01-C0276,CI-F5-K02-STD::B::static::twfe_bjs
S01-B01-C0277,CI-F5-K03-STD::baseline::static::published_native
S01-B01-C0278,CI-F5-K03-STD::baseline::static::twfe
S01-B01-C0279,CI-F5-K03-STD::baseline::static::csa
S01-B01-C0280,CI-F5-K03-STD::baseline::static::bjs
S01-B01-C0281,CI-F5-K03-STD::B::static::twfe_csa
S01-B01-C0282,CI-F5-K03-STD::B::static::twfe_bjs
S01-B01-C0283,CI-F5-L01-STD::baseline::static::published_native
S01-B01-C0284,CI-F5-L01-STD::baseline::static::twfe
S01-B01-C0285,CI-F5-L01-STD::baseline::static::csa
S01-B01-C0286,CI-F5-L01-STD::baseline::static::bjs
S01-B01-C0287,CI-F5-L01-STD::B::static::twfe_csa
S01-B01-C0288,CI-F5-L01-STD::B::static::twfe_bjs
S01-B01-C0289,CI-T3-A01-ORIG::baseline::static::published_native
S01-B01-C0290,CI-T3-A01-ORIG::baseline::static::twfe
S01-B01-C0291,CI-T3-A01-ORIG::baseline::static::csa
S01-B01-C0292,CI-T3-A01-ORIG::baseline::static::bjs
S01-B01-C0293,CI-T3-A01-ORIG::B::static::twfe_csa
S01-B01-C0294,CI-T3-A01-ORIG::B::static::twfe_bjs
S01-B01-C0295,CI-T3-A02-ORIG::baseline::static::published_native
S01-B01-C0296,CI-T3-A02-ORIG::baseline::static::twfe
S01-B01-C0297,CI-T3-A02-ORIG::baseline::static::csa
S01-B01-C0298,CI-T3-A02-ORIG::baseline::static::bjs
S01-B01-C0299,CI-T3-A02-ORIG::B::static::twfe_csa
S01-B01-C0300,CI-T3-A02-ORIG::B::static::twfe_bjs
S01-B01-C0301,CI-T3-A03-ORIG::baseline::static::published_native
S01-B01-C0302,CI-T3-A03-ORIG::baseline::static::twfe
S01-B01-C0303,CI-T3-A03-ORIG::baseline::static::csa
S01-B01-C0304,CI-T3-A03-ORIG::baseline::static::bjs
S01-B01-C0305,CI-T3-A03-ORIG::B::static::twfe_csa
S01-B01-C0306,CI-T3-A03-ORIG::B::static::twfe_bjs
S01-B01-C0307,CI-T3-A04-ORIG::baseline::static::published_native
S01-B01-C0308,CI-T3-A04-ORIG::baseline::static::twfe
S01-B01-C0309,CI-T3-A04-ORIG::baseline::static::csa
S01-B01-C0310,CI-T3-A04-ORIG::baseline::static::bjs
S01-B01-C0311,CI-T3-A04-ORIG::B::static::twfe_csa
S01-B01-C0312,CI-T3-A04-ORIG::B::static::twfe_bjs
S01-B01-C0313,CI-T3-A05-ORIG::baseline::static::published_native
S01-B01-C0314,CI-T3-A05-ORIG::baseline::static::twfe
S01-B01-C0315,CI-T3-A05-ORIG::baseline::static::csa
S01-B01-C0316,CI-T3-A05-ORIG::baseline::static::bjs
S01-B01-C0317,CI-T3-A05-ORIG::B::static::twfe_csa
S01-B01-C0318,CI-T3-A05-ORIG::B::static::twfe_bjs
S01-B01-C0319,CI-T3-A06-ORIG::baseline::static::published_native
S01-B01-C0320,CI-T3-A06-ORIG::baseline::static::twfe
S01-B01-C0321,CI-T3-A06-ORIG::baseline::static::csa
S01-B01-C0322,CI-T3-A06-ORIG::baseline::static::bjs
S01-B01-C0323,CI-T3-A06-ORIG::B::static::twfe_csa
S01-B01-C0324,CI-T3-A06-ORIG::B::static::twfe_bjs
S01-B01-C0325,CI-T3-A07-ORIG::baseline::static::published_native
S01-B01-C0326,CI-T3-A07-ORIG::baseline::static::twfe
S01-B01-C0327,CI-T3-A07-ORIG::baseline::static::csa
S01-B01-C0328,CI-T3-A07-ORIG::baseline::static::bjs
S01-B01-C0329,CI-T3-A07-ORIG::B::static::twfe_csa
S01-B01-C0330,CI-T3-A07-ORIG::B::static::twfe_bjs
S01-B01-C0331,CI-T3-A08-ORIG::baseline::static::published_native
S01-B01-C0332,CI-T3-A08-ORIG::baseline::static::twfe
S01-B01-C0333,CI-T3-A08-ORIG::baseline::static::csa
S01-B01-C0334,CI-T3-A08-ORIG::baseline::static::bjs
S01-B01-C0335,CI-T3-A08-ORIG::B::static::twfe_csa
S01-B01-C0336,CI-T3-A08-ORIG::B::static::twfe_bjs
S01-B01-C0337,CI-T3-B01-ORIG::baseline::static::published_native
S01-B01-C0338,CI-T3-B01-ORIG::baseline::static::twfe
S01-B01-C0339,CI-T3-B01-ORIG::baseline::static::csa
S01-B01-C0340,CI-T3-B01-ORIG::baseline::static::bjs
S01-B01-C0341,CI-T3-B01-ORIG::B::static::twfe_csa
S01-B01-C0342,CI-T3-B01-ORIG::B::static::twfe_bjs
S01-B01-C0343,CI-T3-B02-ORIG::baseline::static::published_native
S01-B01-C0344,CI-T3-B02-ORIG::baseline::static::twfe
S01-B01-C0345,CI-T3-B02-ORIG::baseline::static::csa
S01-B01-C0346,CI-T3-B02-ORIG::baseline::static::bjs
S01-B01-C0347,CI-T3-B02-ORIG::B::static::twfe_csa
S01-B01-C0348,CI-T3-B02-ORIG::B::static::twfe_bjs
S01-B01-C0349,CI-T3-B03-ORIG::baseline::static::published_native
S01-B01-C0350,CI-T3-B03-ORIG::baseline::static::twfe
S01-B01-C0351,CI-T3-B03-ORIG::baseline::static::csa
S01-B01-C0352,CI-T3-B03-ORIG::baseline::static::bjs
S01-B01-C0353,CI-T3-B03-ORIG::B::static::twfe_csa
S01-B01-C0354,CI-T3-B03-ORIG::B::static::twfe_bjs
S01-B01-C0355,CI-T3-B04-ORIG::baseline::static::published_native
S01-B01-C0356,CI-T3-B04-ORIG::baseline::static::twfe
S01-B01-C0357,CI-T3-B04-ORIG::baseline::static::csa
S01-B01-C0358,CI-T3-B04-ORIG::baseline::static::bjs
S01-B01-C0359,CI-T3-B04-ORIG::B::static::twfe_csa
S01-B01-C0360,CI-T3-B04-ORIG::B::static::twfe_bjs
S01-B01-C0361,CI-T3-B05-ORIG::baseline::static::published_native
S01-B01-C0362,CI-T3-B05-ORIG::baseline::static::twfe
S01-B01-C0363,CI-T3-B05-ORIG::baseline::static::csa
S01-B01-C0364,CI-T3-B05-ORIG::baseline::static::bjs
S01-B01-C0365,CI-T3-B05-ORIG::B::static::twfe_csa
S01-B01-C0366,CI-T3-B05-ORIG::B::static::twfe_bjs
S01-B01-C0367,CI-T3-B06-ORIG::baseline::static::published_native
S01-B01-C0368,CI-T3-B06-ORIG::baseline::static::twfe
S01-B01-C0369,CI-T3-B06-ORIG::baseline::static::csa
S01-B01-C0370,CI-T3-B06-ORIG::baseline::static::bjs
S01-B01-C0371,CI-T3-B06-ORIG::B::static::twfe_csa
S01-B01-C0372,CI-T3-B06-ORIG::B::static::twfe_bjs
S01-B01-C0373,CI-T3-B07-ORIG::baseline::static::published_native
S01-B01-C0374,CI-T3-B07-ORIG::baseline::static::twfe
S01-B01-C0375,CI-T3-B07-ORIG::baseline::static::csa
S01-B01-C0376,CI-T3-B07-ORIG::baseline::static::bjs
S01-B01-C0377,CI-T3-B07-ORIG::B::static::twfe_csa
S01-B01-C0378,CI-T3-B07-ORIG::B::static::twfe_bjs
S01-B01-C0379,CI-T3-B08-ORIG::baseline::static::published_native
S01-B01-C0380,CI-T3-B08-ORIG::baseline::static::twfe
S01-B01-C0381,CI-T3-B08-ORIG::baseline::static::csa
S01-B01-C0382,CI-T3-B08-ORIG::baseline::static::bjs
S01-B01-C0383,CI-T3-B08-ORIG::B::static::twfe_csa
S01-B01-C0384,CI-T3-B08-ORIG::B::static::twfe_bjs
S01-B01-C0385,CI-T3-B09-ORIG::baseline::static::published_native
S01-B01-C0386,CI-T3-B09-ORIG::baseline::static::twfe
S01-B01-C0387,CI-T3-B09-ORIG::baseline::static::csa
S01-B01-C0388,CI-T3-B09-ORIG::baseline::static::bjs
S01-B01-C0389,CI-T3-B09-ORIG::B::static::twfe_csa
S01-B01-C0390,CI-T3-B09-ORIG::B::static::twfe_bjs
S01-B01-C0391,CI-T3-B10-ORIG::baseline::static::published_native
S01-B01-C0392,CI-T3-B10-ORIG::baseline::static::twfe
S01-B01-C0393,CI-T3-B10-ORIG::baseline::static::csa
S01-B01-C0394,CI-T3-B10-ORIG::baseline::static::bjs
S01-B01-C0395,CI-T3-B10-ORIG::B::static::twfe_csa
S01-B01-C0396,CI-T3-B10-ORIG::B::static::twfe_bjs
S01-B01-C0397,CI-T3-B11-ORIG::baseline::static::published_native
S01-B01-C0398,CI-T3-B11-ORIG::baseline::static::twfe
S01-B01-C0399,CI-T3-B11-ORIG::baseline::static::csa
S01-B01-C0400,CI-T3-B11-ORIG::baseline::static::bjs
S01-B01-C0401,CI-T3-B11-ORIG::B::static::twfe_csa
S01-B01-C0402,CI-T3-B11-ORIG::B::static::twfe_bjs
S01-B01-C0403,CI-T3-C01-ORIG::baseline::static::published_native
S01-B01-C0404,CI-T3-C01-ORIG::baseline::static::twfe
S01-B01-C0405,CI-T3-C01-ORIG::baseline::static::csa
S01-B01-C0406,CI-T3-C01-ORIG::baseline::static::bjs
S01-B01-C0407,CI-T3-C01-ORIG::B::static::twfe_csa
S01-B01-C0408,CI-T3-C01-ORIG::B::static::twfe_bjs
S01-B01-C0409,CI-T3-C02-ORIG::baseline::static::published_native
S01-B01-C0410,CI-T3-C02-ORIG::baseline::static::twfe
S01-B01-C0411,CI-T3-C02-ORIG::baseline::static::csa
S01-B01-C0412,CI-T3-C02-ORIG::baseline::static::bjs
S01-B01-C0413,CI-T3-C02-ORIG::B::static::twfe_csa
S01-B01-C0414,CI-T3-C02-ORIG::B::static::twfe_bjs
S01-B01-C0415,CI-T3-C03-ORIG::baseline::static::published_native
S01-B01-C0416,CI-T3-C03-ORIG::baseline::static::twfe
S01-B01-C0417,CI-T3-C03-ORIG::baseline::static::csa
S01-B01-C0418,CI-T3-C03-ORIG::baseline::static::bjs
S01-B01-C0419,CI-T3-C03-ORIG::B::static::twfe_csa
S01-B01-C0420,CI-T3-C03-ORIG::B::static::twfe_bjs
S01-B01-C0421,CI-T3-D01-ORIG::baseline::static::published_native
S01-B01-C0422,CI-T3-D01-ORIG::baseline::static::twfe
S01-B01-C0423,CI-T3-D01-ORIG::baseline::static::csa
S01-B01-C0424,CI-T3-D01-ORIG::baseline::static::bjs
S01-B01-C0425,CI-T3-D01-ORIG::B::static::twfe_csa
S01-B01-C0426,CI-T3-D01-ORIG::B::static::twfe_bjs
S01-B01-C0427,CI-T3-D02-ORIG::baseline::static::published_native
S01-B01-C0428,CI-T3-D02-ORIG::baseline::static::twfe
S01-B01-C0429,CI-T3-D02-ORIG::baseline::static::csa
S01-B01-C0430,CI-T3-D02-ORIG::baseline::static::bjs
S01-B01-C0431,CI-T3-D02-ORIG::B::static::twfe_csa
S01-B01-C0432,CI-T3-D02-ORIG::B::static::twfe_bjs
S01-B01-C0433,CI-T3-D03-ORIG::baseline::static::published_native
S01-B01-C0434,CI-T3-D03-ORIG::baseline::static::twfe
S01-B01-C0435,CI-T3-D03-ORIG::baseline::static::csa
S01-B01-C0436,CI-T3-D03-ORIG::baseline::static::bjs
S01-B01-C0437,CI-T3-D03-ORIG::B::static::twfe_csa
S01-B01-C0438,CI-T3-D03-ORIG::B::static::twfe_bjs
S01-B01-C0439,CI-T3-D04-ORIG::baseline::static::published_native
S01-B01-C0440,CI-T3-D04-ORIG::baseline::static::twfe
S01-B01-C0441,CI-T3-D04-ORIG::baseline::static::csa
S01-B01-C0442,CI-T3-D04-ORIG::baseline::static::bjs
S01-B01-C0443,CI-T3-D04-ORIG::B::static::twfe_csa
S01-B01-C0444,CI-T3-D04-ORIG::B::static::twfe_bjs
S01-B01-C0445,CI-T3-D05-ORIG::baseline::static::published_native
S01-B01-C0446,CI-T3-D05-ORIG::baseline::static::twfe
S01-B01-C0447,CI-T3-D05-ORIG::baseline::static::csa
S01-B01-C0448,CI-T3-D05-ORIG::baseline::static::bjs
S01-B01-C0449,CI-T3-D05-ORIG::B::static::twfe_csa
S01-B01-C0450,CI-T3-D05-ORIG::B::static::twfe_bjs
S01-B01-C0451,CI-T3-D06-ORIG::baseline::static::published_native
S01-B01-C0452,CI-T3-D06-ORIG::baseline::static::twfe
S01-B01-C0453,CI-T3-D06-ORIG::baseline::static::csa
S01-B01-C0454,CI-T3-D06-ORIG::baseline::static::bjs
S01-B01-C0455,CI-T3-D06-ORIG::B::static::twfe_csa
S01-B01-C0456,CI-T3-D06-ORIG::B::static::twfe_bjs
S01-B01-C0457,CI-T3-E01-ORIG::baseline::static::published_native
S01-B01-C0458,CI-T3-E01-ORIG::baseline::static::twfe
S01-B01-C0459,CI-T3-E01-ORIG::baseline::static::csa
S01-B01-C0460,CI-T3-E01-ORIG::baseline::static::bjs
S01-B01-C0461,CI-T3-E01-ORIG::B::static::twfe_csa
S01-B01-C0462,CI-T3-E01-ORIG::B::static::twfe_bjs
S01-B01-C0463,CI-T3-F01-ORIG::baseline::static::published_native
S01-B01-C0464,CI-T3-F01-ORIG::baseline::static::twfe
S01-B01-C0465,CI-T3-F01-ORIG::baseline::static::csa
S01-B01-C0466,CI-T3-F01-ORIG::baseline::static::bjs
S01-B01-C0467,CI-T3-F01-ORIG::B::static::twfe_csa
S01-B01-C0468,CI-T3-F01-ORIG::B::static::twfe_bjs
S01-B01-C0469,CI-T3-G01-ORIG::baseline::static::published_native
S01-B01-C0470,CI-T3-G01-ORIG::baseline::static::twfe
S01-B01-C0471,CI-T3-G01-ORIG::baseline::static::csa
S01-B01-C0472,CI-T3-G01-ORIG::baseline::static::bjs
S01-B01-C0473,CI-T3-G01-ORIG::B::static::twfe_csa
S01-B01-C0474,CI-T3-G01-ORIG::B::static::twfe_bjs
S01-B01-C0475,CI-T3-G02-ORIG::baseline::static::published_native
S01-B01-C0476,CI-T3-G02-ORIG::baseline::static::twfe
S01-B01-C0477,CI-T3-G02-ORIG::baseline::static::csa
S01-B01-C0478,CI-T3-G02-ORIG::baseline::static::bjs
S01-B01-C0479,CI-T3-G02-ORIG::B::static::twfe_csa
S01-B01-C0480,CI-T3-G02-ORIG::B::static::twfe_bjs
S01-B01-C0481,CI-T3-G03-ORIG::baseline::static::published_native
S01-B01-C0482,CI-T3-G03-ORIG::baseline::static::twfe
S01-B01-C0483,CI-T3-G03-ORIG::baseline::static::csa
S01-B01-C0484,CI-T3-G03-ORIG::baseline::static::bjs
S01-B01-C0485,CI-T3-G03-ORIG::B::static::twfe_csa
S01-B01-C0486,CI-T3-G03-ORIG::B::static::twfe_bjs
S01-B01-C0487,CI-T3-G04-ORIG::baseline::static::published_native
S01-B01-C0488,CI-T3-G04-ORIG::baseline::static::twfe
S01-B01-C0489,CI-T3-G04-ORIG::baseline::static::csa
S01-B01-C0490,CI-T3-G04-ORIG::baseline::static::bjs
S01-B01-C0491,CI-T3-G04-ORIG::B::static::twfe_csa
S01-B01-C0492,CI-T3-G04-ORIG::B::static::twfe_bjs
S01-B01-C0493,CI-T3-G05-ORIG::baseline::static::published_native
S01-B01-C0494,CI-T3-G05-ORIG::baseline::static::twfe
S01-B01-C0495,CI-T3-G05-ORIG::baseline::static::csa
S01-B01-C0496,CI-T3-G05-ORIG::baseline::static::bjs
S01-B01-C0497,CI-T3-G05-ORIG::B::static::twfe_csa
S01-B01-C0498,CI-T3-G05-ORIG::B::static::twfe_bjs
S01-B01-C0499,CI-T3-H01-ORIG::baseline::static::published_native
S01-B01-C0500,CI-T3-H01-ORIG::baseline::static::twfe
S01-B01-C0501,CI-T3-H01-ORIG::baseline::static::csa
S01-B01-C0502,CI-T3-H01-ORIG::baseline::static::bjs
S01-B01-C0503,CI-T3-H01-ORIG::B::static::twfe_csa
S01-B01-C0504,CI-T3-H01-ORIG::B::static::twfe_bjs
S01-B01-C0505,CI-T3-I01-ORIG::baseline::static::published_native
S01-B01-C0506,CI-T3-I01-ORIG::baseline::static::twfe
S01-B01-C0507,CI-T3-I01-ORIG::baseline::static::csa
S01-B01-C0508,CI-T3-I01-ORIG::baseline::static::bjs
S01-B01-C0509,CI-T3-I01-ORIG::B::static::twfe_csa
S01-B01-C0510,CI-T3-I01-ORIG::B::static::twfe_bjs
S01-B01-C0511,CI-T3-I02-ORIG::baseline::static::published_native
S01-B01-C0512,CI-T3-I02-ORIG::baseline::static::twfe
S01-B01-C0513,CI-T3-I02-ORIG::baseline::static::csa
S01-B01-C0514,CI-T3-I02-ORIG::baseline::static::bjs
S01-B01-C0515,CI-T3-I02-ORIG::B::static::twfe_csa
S01-B01-C0516,CI-T3-I02-ORIG::B::static::twfe_bjs
S01-B01-C0517,CI-T3-I03-ORIG::baseline::static::published_native
S01-B01-C0518,CI-T3-I03-ORIG::baseline::static::twfe
S01-B01-C0519,CI-T3-I03-ORIG::baseline::static::csa
S01-B01-C0520,CI-T3-I03-ORIG::baseline::static::bjs
S01-B01-C0521,CI-T3-I03-ORIG::B::static::twfe_csa
S01-B01-C0522,CI-T3-I03-ORIG::B::static::twfe_bjs
S01-B01-C0523,CI-T3-I04-ORIG::baseline::static::published_native
S01-B01-C0524,CI-T3-I04-ORIG::baseline::static::twfe
S01-B01-C0525,CI-T3-I04-ORIG::baseline::static::csa
S01-B01-C0526,CI-T3-I04-ORIG::baseline::static::bjs
S01-B01-C0527,CI-T3-I04-ORIG::B::static::twfe_csa
S01-B01-C0528,CI-T3-I04-ORIG::B::static::twfe_bjs
S01-B01-C0529,CI-T3-J01-ORIG::baseline::static::published_native
S01-B01-C0530,CI-T3-J01-ORIG::baseline::static::twfe
S01-B01-C0531,CI-T3-J01-ORIG::baseline::static::csa
S01-B01-C0532,CI-T3-J01-ORIG::baseline::static::bjs
S01-B01-C0533,CI-T3-J01-ORIG::B::static::twfe_csa
S01-B01-C0534,CI-T3-J01-ORIG::B::static::twfe_bjs
S01-B01-C0535,CI-T3-J02-ORIG::baseline::static::published_native
S01-B01-C0536,CI-T3-J02-ORIG::baseline::static::twfe
S01-B01-C0537,CI-T3-J02-ORIG::baseline::static::csa
S01-B01-C0538,CI-T3-J02-ORIG::baseline::static::bjs
S01-B01-C0539,CI-T3-J02-ORIG::B::static::twfe_csa
S01-B01-C0540,CI-T3-J02-ORIG::B::static::twfe_bjs
S01-B01-C0541,CI-T3-J03-ORIG::baseline::static::published_native
S01-B01-C0542,CI-T3-J03-ORIG::baseline::static::twfe
S01-B01-C0543,CI-T3-J03-ORIG::baseline::static::csa
S01-B01-C0544,CI-T3-J03-ORIG::baseline::static::bjs
S01-B01-C0545,CI-T3-J03-ORIG::B::static::twfe_csa
S01-B01-C0546,CI-T3-J03-ORIG::B::static::twfe_bjs
S01-B01-C0547,CI-T3-J04-ORIG::baseline::static::published_native
S01-B01-C0548,CI-T3-J04-ORIG::baseline::static::twfe
S01-B01-C0549,CI-T3-J04-ORIG::baseline::static::csa
S01-B01-C0550,CI-T3-J04-ORIG::baseline::static::bjs
S01-B01-C0551,CI-T3-J04-ORIG::B::static::twfe_csa
S01-B01-C0552,CI-T3-J04-ORIG::B::static::twfe_bjs
S01-B01-C0553,CI-T3-J05-ORIG::baseline::static::published_native
S01-B01-C0554,CI-T3-J05-ORIG::baseline::static::twfe
S01-B01-C0555,CI-T3-J05-ORIG::baseline::static::csa
S01-B01-C0556,CI-T3-J05-ORIG::baseline::static::bjs
S01-B01-C0557,CI-T3-J05-ORIG::B::static::twfe_csa
S01-B01-C0558,CI-T3-J05-ORIG::B::static::twfe_bjs
S01-B01-C0559,CI-T3-K01-ORIG::baseline::static::published_native
S01-B01-C0560,CI-T3-K01-ORIG::baseline::static::twfe
S01-B01-C0561,CI-T3-K01-ORIG::baseline::static::csa
S01-B01-C0562,CI-T3-K01-ORIG::baseline::static::bjs
S01-B01-C0563,CI-T3-K01-ORIG::B::static::twfe_csa
S01-B01-C0564,CI-T3-K01-ORIG::B::static::twfe_bjs
S01-B01-C0565,CI-T3-K02-ORIG::baseline::static::published_native
S01-B01-C0566,CI-T3-K02-ORIG::baseline::static::twfe
S01-B01-C0567,CI-T3-K02-ORIG::baseline::static::csa
S01-B01-C0568,CI-T3-K02-ORIG::baseline::static::bjs
S01-B01-C0569,CI-T3-K02-ORIG::B::static::twfe_csa
S01-B01-C0570,CI-T3-K02-ORIG::B::static::twfe_bjs
S01-B01-C0571,CI-T3-K03-ORIG::baseline::static::published_native
S01-B01-C0572,CI-T3-K03-ORIG::baseline::static::twfe
S01-B01-C0573,CI-T3-K03-ORIG::baseline::static::csa
S01-B01-C0574,CI-T3-K03-ORIG::baseline::static::bjs
S01-B01-C0575,CI-T3-K03-ORIG::B::static::twfe_csa
S01-B01-C0576,CI-T3-K03-ORIG::B::static::twfe_bjs
S01-B01-C0577,CI-T3-L01-ORIG::baseline::static::published_native
S01-B01-C0578,CI-T3-L01-ORIG::baseline::static::twfe
S01-B01-C0579,CI-T3-L01-ORIG::baseline::static::csa
S01-B01-C0580,CI-T3-L01-ORIG::baseline::static::bjs
S01-B01-C0581,CI-T3-L01-ORIG::B::static::twfe_csa
S01-B01-C0582,CI-T3-L01-ORIG::B::static::twfe_bjs
S01-B01-C0583,CI-T5-B-C01::baseline::static::published_native
S01-B01-C0584,CI-T5-B-C01::baseline::static::twfe
S01-B01-C0585,CI-T5-B-C01::baseline::static::csa
S01-B01-C0586,CI-T5-B-C01::baseline::static::bjs
S01-B01-C0587,CI-T5-B-C01::B::static::twfe_csa
S01-B01-C0588,CI-T5-B-C01::B::static::twfe_bjs
S01-B01-C0589,CI-T5-B-C02::baseline::static::published_native
S01-B01-C0590,CI-T5-B-C02::baseline::static::twfe
S01-B01-C0591,CI-T5-B-C02::baseline::static::csa
S01-B01-C0592,CI-T5-B-C02::baseline::static::bjs
S01-B01-C0593,CI-T5-B-C02::B::static::twfe_csa
S01-B01-C0594,CI-T5-B-C02::B::static::twfe_bjs
S01-B01-C0595,CI-T5-B-C03::baseline::static::published_native
S01-B01-C0596,CI-T5-B-C03::baseline::static::twfe
S01-B01-C0597,CI-T5-B-C03::baseline::static::csa
S01-B01-C0598,CI-T5-B-C03::baseline::static::bjs
S01-B01-C0599,CI-T5-B-C03::B::static::twfe_csa
S01-B01-C0600,CI-T5-B-C03::B::static::twfe_bjs
S01-B01-C0601,CI-T5-B-C04::baseline::static::published_native
S01-B01-C0602,CI-T5-B-C04::baseline::static::twfe
S01-B01-C0603,CI-T5-B-C04::baseline::static::csa
S01-B01-C0604,CI-T5-B-C04::baseline::static::bjs
S01-B01-C0605,CI-T5-B-C04::B::static::twfe_csa
S01-B01-C0606,CI-T5-B-C04::B::static::twfe_bjs
S01-B01-C0607,CI-T5-B-C05::baseline::static::published_native
S01-B01-C0608,CI-T5-B-C05::baseline::static::twfe
S01-B01-C0609,CI-T5-B-C05::baseline::static::csa
S01-B01-C0610,CI-T5-B-C05::baseline::static::bjs
S01-B01-C0611,CI-T5-B-C05::B::static::twfe_csa
S01-B01-C0612,CI-T5-B-C05::B::static::twfe_bjs
S01-B01-C0613,CI-T5-B-C06::baseline::static::published_native
S01-B01-C0614,CI-T5-B-C06::baseline::static::twfe
S01-B01-C0615,CI-T5-B-C06::baseline::static::csa
S01-B01-C0616,CI-T5-B-C06::baseline::static::bjs
S01-B01-C0617,CI-T5-B-C06::B::static::twfe_csa
S01-B01-C0618,CI-T5-B-C06::B::static::twfe_bjs
S01-B01-C0619,CI-T5-B-C07::baseline::static::published_native
S01-B01-C0620,CI-T5-B-C07::baseline::static::twfe
S01-B01-C0621,CI-T5-B-C07::baseline::static::csa
S01-B01-C0622,CI-T5-B-C07::baseline::static::bjs
S01-B01-C0623,CI-T5-B-C07::B::static::twfe_csa
S01-B01-C0624,CI-T5-B-C07::B::static::twfe_bjs
S01-B01-C0625,CI-T5-B-C08::baseline::static::published_native
S01-B01-C0626,CI-T5-B-C08::baseline::static::twfe
S01-B01-C0627,CI-T5-B-C08::baseline::static::csa
S01-B01-C0628,CI-T5-B-C08::baseline::static::bjs
S01-B01-C0629,CI-T5-B-C08::B::static::twfe_csa
S01-B01-C0630,CI-T5-B-C08::B::static::twfe_bjs
S01-B01-C0631,CI-T5-B-C09::baseline::static::published_native
S01-B01-C0632,CI-T5-B-C09::baseline::static::twfe
S01-B01-C0633,CI-T5-B-C09::baseline::static::csa
S01-B01-C0634,CI-T5-B-C09::baseline::static::bjs
S01-B01-C0635,CI-T5-B-C09::B::static::twfe_csa
S01-B01-C0636,CI-T5-B-C09::B::static::twfe_bjs
S01-B01-C0637,CI-T5-B-C10::baseline::static::published_native
S01-B01-C0638,CI-T5-B-C10::baseline::static::twfe
S01-B01-C0639,CI-T5-B-C10::baseline::static::csa
S01-B01-C0640,CI-T5-B-C10::baseline::static::bjs
S01-B01-C0641,CI-T5-B-C10::B::static::twfe_csa
S01-B01-C0642,CI-T5-B-C10::B::static::twfe_bjs
S01-B01-C0643,CI-T5-B-C11::baseline::static::published_native
S01-B01-C0644,CI-T5-B-C11::baseline::static::twfe
S01-B01-C0645,CI-T5-B-C11::baseline::static::csa
S01-B01-C0646,CI-T5-B-C11::baseline::static::bjs
S01-B01-C0647,CI-T5-B-C11::B::static::twfe_csa
S01-B01-C0648,CI-T5-B-C11::B::static::twfe_bjs
S01-B01-C0649,CI-T5-B-C12::baseline::static::published_native
S01-B01-C0650,CI-T5-B-C12::baseline::static::twfe
S01-B01-C0651,CI-T5-B-C12::baseline::static::csa
S01-B01-C0652,CI-T5-B-C12::baseline::static::bjs
S01-B01-C0653,CI-T5-B-C12::B::static::twfe_csa
S01-B01-C0654,CI-T5-B-C12::B::static::twfe_bjs
S01-B01-C0655,CI-T5-C-C01::baseline::static::published_native
S01-B01-C0656,CI-T5-C-C01::baseline::static::twfe
S01-B01-C0657,CI-T5-C-C01::baseline::static::csa
S01-B01-C0658,CI-T5-C-C01::baseline::static::bjs
S01-B01-C0659,CI-T5-C-C01::B::static::twfe_csa
S01-B01-C0660,CI-T5-C-C01::B::static::twfe_bjs
S01-B01-C0661,CI-T5-C-C02::baseline::static::published_native
S01-B01-C0662,CI-T5-C-C02::baseline::static::twfe
S01-B01-C0663,CI-T5-C-C02::baseline::static::csa
S01-B01-C0664,CI-T5-C-C02::baseline::static::bjs
S01-B01-C0665,CI-T5-C-C02::B::static::twfe_csa
S01-B01-C0666,CI-T5-C-C02::B::static::twfe_bjs
S01-B01-C0667,CI-T5-C-C03::baseline::static::published_native
S01-B01-C0668,CI-T5-C-C03::baseline::static::twfe
S01-B01-C0669,CI-T5-C-C03::baseline::static::csa
S01-B01-C0670,CI-T5-C-C03::baseline::static::bjs
S01-B01-C0671,CI-T5-C-C03::B::static::twfe_csa
S01-B01-C0672,CI-T5-C-C03::B::static::twfe_bjs
S01-B01-C0673,CI-T5-C-C04::baseline::static::published_native
S01-B01-C0674,CI-T5-C-C04::baseline::static::twfe
S01-B01-C0675,CI-T5-C-C04::baseline::static::csa
S01-B01-C0676,CI-T5-C-C04::baseline::static::bjs
S01-B01-C0677,CI-T5-C-C04::B::static::twfe_csa
S01-B01-C0678,CI-T5-C-C04::B::static::twfe_bjs
S01-B01-C0679,CI-T5-C-C05::baseline::static::published_native
S01-B01-C0680,CI-T5-C-C05::baseline::static::twfe
S01-B01-C0681,CI-T5-C-C05::baseline::static::csa
S01-B01-C0682,CI-T5-C-C05::baseline::static::bjs
S01-B01-C0683,CI-T5-C-C05::B::static::twfe_csa
S01-B01-C0684,CI-T5-C-C05::B::static::twfe_bjs
S01-B01-C0685,CI-T5-C-C06::baseline::static::published_native
S01-B01-C0686,CI-T5-C-C06::baseline::static::twfe
S01-B01-C0687,CI-T5-C-C06::baseline::static::csa
S01-B01-C0688,CI-T5-C-C06::baseline::static::bjs
S01-B01-C0689,CI-T5-C-C06::B::static::twfe_csa
S01-B01-C0690,CI-T5-C-C06::B::static::twfe_bjs
S01-B01-C0691,CI-T5-C-C07::baseline::static::published_native
S01-B01-C0692,CI-T5-C-C07::baseline::static::twfe
S01-B01-C0693,CI-T5-C-C07::baseline::static::csa
S01-B01-C0694,CI-T5-C-C07::baseline::static::bjs
S01-B01-C0695,CI-T5-C-C07::B::static::twfe_csa
S01-B01-C0696,CI-T5-C-C07::B::static::twfe_bjs
S01-B01-C0697,CI-T5-C-C08::baseline::static::published_native
S01-B01-C0698,CI-T5-C-C08::baseline::static::twfe
S01-B01-C0699,CI-T5-C-C08::baseline::static::csa
S01-B01-C0700,CI-T5-C-C08::baseline::static::bjs
S01-B01-C0701,CI-T5-C-C08::B::static::twfe_csa
S01-B01-C0702,CI-T5-C-C08::B::static::twfe_bjs
S01-B01-C0703,CI-T5-C-C09::baseline::static::published_native
S01-B01-C0704,CI-T5-C-C09::baseline::static::twfe
S01-B01-C0705,CI-T5-C-C09::baseline::static::csa
S01-B01-C0706,CI-T5-C-C09::baseline::static::bjs
S01-B01-C0707,CI-T5-C-C09::B::static::twfe_csa
S01-B01-C0708,CI-T5-C-C09::B::static::twfe_bjs
S01-B01-C0709,CI-T5-C-C10::baseline::static::published_native
S01-B01-C0710,CI-T5-C-C10::baseline::static::twfe
S01-B01-C0711,CI-T5-C-C10::baseline::static::csa
S01-B01-C0712,CI-T5-C-C10::baseline::static::bjs
S01-B01-C0713,CI-T5-C-C10::B::static::twfe_csa
S01-B01-C0714,CI-T5-C-C10::B::static::twfe_bjs
S01-B01-C0715,CI-T5-C-C11::baseline::static::published_native
S01-B01-C0716,CI-T5-C-C11::baseline::static::twfe
S01-B01-C0717,CI-T5-C-C11::baseline::static::csa
S01-B01-C0718,CI-T5-C-C11::baseline::static::bjs
S01-B01-C0719,CI-T5-C-C11::B::static::twfe_csa
S01-B01-C0720,CI-T5-C-C11::B::static::twfe_bjs
S01-B01-C0721,CI-T5-C-C12::baseline::static::published_native
S01-B01-C0722,CI-T5-C-C12::baseline::static::twfe
S01-B01-C0723,CI-T5-C-C12::baseline::static::csa
S01-B01-C0724,CI-T5-C-C12::baseline::static::bjs
S01-B01-C0725,CI-T5-C-C12::B::static::twfe_csa
S01-B01-C0726,CI-T5-C-C12::B::static::twfe_bjs
S01-B01-C0727,CI-T5-D-C01::baseline::static::published_native
S01-B01-C0728,CI-T5-D-C01::baseline::static::twfe
S01-B01-C0729,CI-T5-D-C01::baseline::static::csa
S01-B01-C0730,CI-T5-D-C01::baseline::static::bjs
S01-B01-C0731,CI-T5-D-C01::B::static::twfe_csa
S01-B01-C0732,CI-T5-D-C01::B::static::twfe_bjs
S01-B01-C0733,CI-T5-D-C02::baseline::static::published_native
S01-B01-C0734,CI-T5-D-C02::baseline::static::twfe
S01-B01-C0735,CI-T5-D-C02::baseline::static::csa
S01-B01-C0736,CI-T5-D-C02::baseline::static::bjs
S01-B01-C0737,CI-T5-D-C02::B::static::twfe_csa
S01-B01-C0738,CI-T5-D-C02::B::static::twfe_bjs
S01-B01-C0739,CI-T5-D-C03::baseline::static::published_native
S01-B01-C0740,CI-T5-D-C03::baseline::static::twfe
S01-B01-C0741,CI-T5-D-C03::baseline::static::csa
S01-B01-C0742,CI-T5-D-C03::baseline::static::bjs
S01-B01-C0743,CI-T5-D-C03::B::static::twfe_csa
S01-B01-C0744,CI-T5-D-C03::B::static::twfe_bjs
S01-B01-C0745,CI-T5-D-C04::baseline::static::published_native
S01-B01-C0746,CI-T5-D-C04::baseline::static::twfe
S01-B01-C0747,CI-T5-D-C04::baseline::static::csa
S01-B01-C0748,CI-T5-D-C04::baseline::static::bjs
S01-B01-C0749,CI-T5-D-C04::B::static::twfe_csa
S01-B01-C0750,CI-T5-D-C04::B::static::twfe_bjs
S01-B01-C0751,CI-T5-D-C05::baseline::static::published_native
S01-B01-C0752,CI-T5-D-C05::baseline::static::twfe
S01-B01-C0753,CI-T5-D-C05::baseline::static::csa
S01-B01-C0754,CI-T5-D-C05::baseline::static::bjs
S01-B01-C0755,CI-T5-D-C05::B::static::twfe_csa
S01-B01-C0756,CI-T5-D-C05::B::static::twfe_bjs
S01-B01-C0757,CI-T5-D-C06::baseline::static::published_native
S01-B01-C0758,CI-T5-D-C06::baseline::static::twfe
S01-B01-C0759,CI-T5-D-C06::baseline::static::csa
S01-B01-C0760,CI-T5-D-C06::baseline::static::bjs
S01-B01-C0761,CI-T5-D-C06::B::static::twfe_csa
S01-B01-C0762,CI-T5-D-C06::B::static::twfe_bjs
S01-B01-C0763,CI-T5-D-C07::baseline::static::published_native
S01-B01-C0764,CI-T5-D-C07::baseline::static::twfe
S01-B01-C0765,CI-T5-D-C07::baseline::static::csa
S01-B01-C0766,CI-T5-D-C07::baseline::static::bjs
S01-B01-C0767,CI-T5-D-C07::B::static::twfe_csa
S01-B01-C0768,CI-T5-D-C07::B::static::twfe_bjs
S01-B01-C0769,CI-T5-D-C08::baseline::static::published_native
S01-B01-C0770,CI-T5-D-C08::baseline::static::twfe
S01-B01-C0771,CI-T5-D-C08::baseline::static::csa
S01-B01-C0772,CI-T5-D-C08::baseline::static::bjs
S01-B01-C0773,CI-T5-D-C08::B::static::twfe_csa
S01-B01-C0774,CI-T5-D-C08::B::static::twfe_bjs
S01-B01-C0775,CI-T5-D-C09::baseline::static::published_native
S01-B01-C0776,CI-T5-D-C09::baseline::static::twfe
S01-B01-C0777,CI-T5-D-C09::baseline::static::csa
S01-B01-C0778,CI-T5-D-C09::baseline::static::bjs
S01-B01-C0779,CI-T5-D-C09::B::static::twfe_csa
S01-B01-C0780,CI-T5-D-C09::B::static::twfe_bjs
S01-B01-C0781,CI-T5-D-C10::baseline::static::published_native
S01-B01-C0782,CI-T5-D-C10::baseline::static::twfe
S01-B01-C0783,CI-T5-D-C10::baseline::static::csa
S01-B01-C0784,CI-T5-D-C10::baseline::static::bjs
S01-B01-C0785,CI-T5-D-C10::B::static::twfe_csa
S01-B01-C0786,CI-T5-D-C10::B::static::twfe_bjs
S01-B01-C0787,CI-T5-D-C11::baseline::static::published_native
S01-B01-C0788,CI-T5-D-C11::baseline::static::twfe
S01-B01-C0789,CI-T5-D-C11::baseline::static::csa
S01-B01-C0790,CI-T5-D-C11::baseline::static::bjs
S01-B01-C0791,CI-T5-D-C11::B::static::twfe_csa
S01-B01-C0792,CI-T5-D-C11::B::static::twfe_bjs
S01-B01-C0793,CI-T5-D-C12::baseline::static::published_native
S01-B01-C0794,CI-T5-D-C12::baseline::static::twfe
S01-B01-C0795,CI-T5-D-C12::baseline::static::csa
S01-B01-C0796,CI-T5-D-C12::baseline::static::bjs
S01-B01-C0797,CI-T5-D-C12::B::static::twfe_csa
S01-B01-C0798,CI-T5-D-C12::B::static::twfe_bjs
S01-B01-C0799,CI-T6-C01::baseline::static::published_native
S01-B01-C0800,CI-T6-C01::baseline::static::twfe
S01-B01-C0801,CI-T6-C01::baseline::static::csa
S01-B01-C0802,CI-T6-C01::baseline::static::bjs
S01-B01-C0803,CI-T6-C01::B::static::twfe_csa
S01-B01-C0804,CI-T6-C01::B::static::twfe_bjs
S01-B01-C0805,CI-T6-C02::baseline::static::published_native
S01-B01-C0806,CI-T6-C02::baseline::static::twfe
S01-B01-C0807,CI-T6-C02::baseline::static::csa
S01-B01-C0808,CI-T6-C02::baseline::static::bjs
S01-B01-C0809,CI-T6-C02::B::static::twfe_csa
S01-B01-C0810,CI-T6-C02::B::static::twfe_bjs
S01-B01-C0811,CI-T6-C03::baseline::static::published_native
S01-B01-C0812,CI-T6-C03::baseline::static::twfe
S01-B01-C0813,CI-T6-C03::baseline::static::csa
S01-B01-C0814,CI-T6-C03::baseline::static::bjs
S01-B01-C0815,CI-T6-C03::B::static::twfe_csa
S01-B01-C0816,CI-T6-C03::B::static::twfe_bjs
S01-B01-C0817,CI-T6-C04::baseline::static::published_native
S01-B01-C0818,CI-T6-C04::baseline::static::twfe
S01-B01-C0819,CI-T6-C04::baseline::static::csa
S01-B01-C0820,CI-T6-C04::baseline::static::bjs
S01-B01-C0821,CI-T6-C04::B::static::twfe_csa
S01-B01-C0822,CI-T6-C04::B::static::twfe_bjs
S01-B01-C0823,CI-T6-C05::baseline::static::published_native
S01-B01-C0824,CI-T6-C05::baseline::static::twfe
S01-B01-C0825,CI-T6-C05::baseline::static::csa
S01-B01-C0826,CI-T6-C05::baseline::static::bjs
S01-B01-C0827,CI-T6-C05::B::static::twfe_csa
S01-B01-C0828,CI-T6-C05::B::static::twfe_bjs
S01-B01-C0829,CI-T6-C06::baseline::static::published_native
S01-B01-C0830,CI-T6-C06::baseline::static::twfe
S01-B01-C0831,CI-T6-C06::baseline::static::csa
S01-B01-C0832,CI-T6-C06::baseline::static::bjs
S01-B01-C0833,CI-T6-C06::B::static::twfe_csa
S01-B01-C0834,CI-T6-C06::B::static::twfe_bjs
S01-B01-C0835,CI-F4-A-DYNAMIC::baseline::le_m2::published_native
S01-B01-C0836,CI-F4-A-DYNAMIC::baseline::e0::published_native
S01-B01-C0837,CI-F4-A-DYNAMIC::baseline::ge_p1::published_native
S01-B01-C0838,CI-F4-A-DYNAMIC::baseline::m1_reference::published_native
S01-B01-C0839,CI-F4-A-DYNAMIC::baseline::post::published_native
S01-B01-C0840,CI-F4-A-DYNAMIC::baseline::pre::published_native
S01-B01-C0841,CI-F4-A-DYNAMIC::baseline::le_m2::twfe
S01-B01-C0842,CI-F4-A-DYNAMIC::baseline::e0::twfe
S01-B01-C0843,CI-F4-A-DYNAMIC::baseline::ge_p1::twfe
S01-B01-C0844,CI-F4-A-DYNAMIC::baseline::m1_reference::twfe
S01-B01-C0845,CI-F4-A-DYNAMIC::baseline::post::twfe
S01-B01-C0846,CI-F4-A-DYNAMIC::baseline::pre::twfe
S01-B01-C0847,CI-F4-A-DYNAMIC::baseline::le_m2::csa
S01-B01-C0848,CI-F4-A-DYNAMIC::baseline::e0::csa
S01-B01-C0849,CI-F4-A-DYNAMIC::baseline::ge_p1::csa
S01-B01-C0850,CI-F4-A-DYNAMIC::baseline::m1_reference::csa
S01-B01-C0851,CI-F4-A-DYNAMIC::baseline::post::csa
S01-B01-C0852,CI-F4-A-DYNAMIC::baseline::pre::csa
S01-B01-C0853,CI-F4-A-DYNAMIC::baseline::le_m2::bjs
S01-B01-C0854,CI-F4-A-DYNAMIC::baseline::e0::bjs
S01-B01-C0855,CI-F4-A-DYNAMIC::baseline::ge_p1::bjs
S01-B01-C0856,CI-F4-A-DYNAMIC::baseline::m1_reference::bjs
S01-B01-C0857,CI-F4-A-DYNAMIC::baseline::post::bjs
S01-B01-C0858,CI-F4-A-DYNAMIC::baseline::pre::bjs
S01-B01-C0859,CI-F4-A-DYNAMIC::B::post::twfe_csa
S01-B01-C0860,CI-F4-A-DYNAMIC::B::post::twfe_bjs
S01-B01-C0861,CI-F4-A-DYNAMIC::A::post::twfe_csa_A
S01-B01-C0862,CI-F4-A-DYNAMIC::B::pre::twfe_csa
S01-B01-C0863,CI-F4-A-DYNAMIC::B::pre::twfe_bjs
S01-B01-C0864,CI-F4-A-DYNAMIC::A::pre::twfe_csa_A
S01-B01-C0865,CI-F4-B-DYNAMIC::baseline::le_m2::published_native
S01-B01-C0866,CI-F4-B-DYNAMIC::baseline::e0::published_native
S01-B01-C0867,CI-F4-B-DYNAMIC::baseline::ge_p1::published_native
S01-B01-C0868,CI-F4-B-DYNAMIC::baseline::m1_reference::published_native
S01-B01-C0869,CI-F4-B-DYNAMIC::baseline::post::published_native
S01-B01-C0870,CI-F4-B-DYNAMIC::baseline::pre::published_native
S01-B01-C0871,CI-F4-B-DYNAMIC::baseline::le_m2::twfe
S01-B01-C0872,CI-F4-B-DYNAMIC::baseline::e0::twfe
S01-B01-C0873,CI-F4-B-DYNAMIC::baseline::ge_p1::twfe
S01-B01-C0874,CI-F4-B-DYNAMIC::baseline::m1_reference::twfe
S01-B01-C0875,CI-F4-B-DYNAMIC::baseline::post::twfe
S01-B01-C0876,CI-F4-B-DYNAMIC::baseline::pre::twfe
S01-B01-C0877,CI-F4-B-DYNAMIC::baseline::le_m2::csa
S01-B01-C0878,CI-F4-B-DYNAMIC::baseline::e0::csa
S01-B01-C0879,CI-F4-B-DYNAMIC::baseline::ge_p1::csa
S01-B01-C0880,CI-F4-B-DYNAMIC::baseline::m1_reference::csa
S01-B01-C0881,CI-F4-B-DYNAMIC::baseline::post::csa
S01-B01-C0882,CI-F4-B-DYNAMIC::baseline::pre::csa
S01-B01-C0883,CI-F4-B-DYNAMIC::baseline::le_m2::bjs
S01-B01-C0884,CI-F4-B-DYNAMIC::baseline::e0::bjs
S01-B01-C0885,CI-F4-B-DYNAMIC::baseline::ge_p1::bjs
S01-B01-C0886,CI-F4-B-DYNAMIC::baseline::m1_reference::bjs
S01-B01-C0887,CI-F4-B-DYNAMIC::baseline::post::bjs
S01-B01-C0888,CI-F4-B-DYNAMIC::baseline::pre::bjs
S01-B01-C0889,CI-F4-B-DYNAMIC::B::post::twfe_csa
S01-B01-C0890,CI-F4-B-DYNAMIC::B::post::twfe_bjs
S01-B01-C0891,CI-F4-B-DYNAMIC::A::post::twfe_csa_A
S01-B01-C0892,CI-F4-B-DYNAMIC::B::pre::twfe_csa
S01-B01-C0893,CI-F4-B-DYNAMIC::B::pre::twfe_bjs
S01-B01-C0894,CI-F4-B-DYNAMIC::A::pre::twfe_csa_A
S01-B01-C0895,CI-F4-C-DYNAMIC::baseline::le_m2::published_native
S01-B01-C0896,CI-F4-C-DYNAMIC::baseline::e0::published_native
S01-B01-C0897,CI-F4-C-DYNAMIC::baseline::ge_p1::published_native
S01-B01-C0898,CI-F4-C-DYNAMIC::baseline::m1_reference::published_native
S01-B01-C0899,CI-F4-C-DYNAMIC::baseline::post::published_native
S01-B01-C0900,CI-F4-C-DYNAMIC::baseline::pre::published_native
S01-B01-C0901,CI-F4-C-DYNAMIC::baseline::le_m2::twfe
S01-B01-C0902,CI-F4-C-DYNAMIC::baseline::e0::twfe
S01-B01-C0903,CI-F4-C-DYNAMIC::baseline::ge_p1::twfe
S01-B01-C0904,CI-F4-C-DYNAMIC::baseline::m1_reference::twfe
S01-B01-C0905,CI-F4-C-DYNAMIC::baseline::post::twfe
S01-B01-C0906,CI-F4-C-DYNAMIC::baseline::pre::twfe
S01-B01-C0907,CI-F4-C-DYNAMIC::baseline::le_m2::csa
S01-B01-C0908,CI-F4-C-DYNAMIC::baseline::e0::csa
S01-B01-C0909,CI-F4-C-DYNAMIC::baseline::ge_p1::csa
S01-B01-C0910,CI-F4-C-DYNAMIC::baseline::m1_reference::csa
S01-B01-C0911,CI-F4-C-DYNAMIC::baseline::post::csa
S01-B01-C0912,CI-F4-C-DYNAMIC::baseline::pre::csa
S01-B01-C0913,CI-F4-C-DYNAMIC::baseline::le_m2::bjs
S01-B01-C0914,CI-F4-C-DYNAMIC::baseline::e0::bjs
S01-B01-C0915,CI-F4-C-DYNAMIC::baseline::ge_p1::bjs
S01-B01-C0916,CI-F4-C-DYNAMIC::baseline::m1_reference::bjs
S01-B01-C0917,CI-F4-C-DYNAMIC::baseline::post::bjs
S01-B01-C0918,CI-F4-C-DYNAMIC::baseline::pre::bjs
S01-B01-C0919,CI-F4-C-DYNAMIC::B::post::twfe_csa
S01-B01-C0920,CI-F4-C-DYNAMIC::B::post::twfe_bjs
S01-B01-C0921,CI-F4-C-DYNAMIC::A::post::twfe_csa_A
S01-B01-C0922,CI-F4-C-DYNAMIC::B::pre::twfe_csa
S01-B01-C0923,CI-F4-C-DYNAMIC::B::pre::twfe_bjs
S01-B01-C0924,CI-F4-C-DYNAMIC::A::pre::twfe_csa_A
S01-B01-C0925,CI-F4-D-DYNAMIC::baseline::le_m2::published_native
S01-B01-C0926,CI-F4-D-DYNAMIC::baseline::e0::published_native
S01-B01-C0927,CI-F4-D-DYNAMIC::baseline::ge_p1::published_native
S01-B01-C0928,CI-F4-D-DYNAMIC::baseline::m1_reference::published_native
S01-B01-C0929,CI-F4-D-DYNAMIC::baseline::post::published_native
S01-B01-C0930,CI-F4-D-DYNAMIC::baseline::pre::published_native
S01-B01-C0931,CI-F4-D-DYNAMIC::baseline::le_m2::twfe
S01-B01-C0932,CI-F4-D-DYNAMIC::baseline::e0::twfe
S01-B01-C0933,CI-F4-D-DYNAMIC::baseline::ge_p1::twfe
S01-B01-C0934,CI-F4-D-DYNAMIC::baseline::m1_reference::twfe
S01-B01-C0935,CI-F4-D-DYNAMIC::baseline::post::twfe
S01-B01-C0936,CI-F4-D-DYNAMIC::baseline::pre::twfe
S01-B01-C0937,CI-F4-D-DYNAMIC::baseline::le_m2::csa
S01-B01-C0938,CI-F4-D-DYNAMIC::baseline::e0::csa
S01-B01-C0939,CI-F4-D-DYNAMIC::baseline::ge_p1::csa
S01-B01-C0940,CI-F4-D-DYNAMIC::baseline::m1_reference::csa
S01-B01-C0941,CI-F4-D-DYNAMIC::baseline::post::csa
S01-B01-C0942,CI-F4-D-DYNAMIC::baseline::pre::csa
S01-B01-C0943,CI-F4-D-DYNAMIC::baseline::le_m2::bjs
S01-B01-C0944,CI-F4-D-DYNAMIC::baseline::e0::bjs
S01-B01-C0945,CI-F4-D-DYNAMIC::baseline::ge_p1::bjs
S01-B01-C0946,CI-F4-D-DYNAMIC::baseline::m1_reference::bjs
S01-B01-C0947,CI-F4-D-DYNAMIC::baseline::post::bjs
S01-B01-C0948,CI-F4-D-DYNAMIC::baseline::pre::bjs
S01-B01-C0949,CI-F4-D-DYNAMIC::B::post::twfe_csa
S01-B01-C0950,CI-F4-D-DYNAMIC::B::post::twfe_bjs
S01-B01-C0951,CI-F4-D-DYNAMIC::A::post::twfe_csa_A
S01-B01-C0952,CI-F4-D-DYNAMIC::B::pre::twfe_csa
S01-B01-C0953,CI-F4-D-DYNAMIC::B::pre::twfe_bjs
S01-B01-C0954,CI-F4-D-DYNAMIC::A::pre::twfe_csa_A
S01-B01-C0955,CI-F4-E-DYNAMIC::baseline::le_m2::published_native
S01-B01-C0956,CI-F4-E-DYNAMIC::baseline::e0::published_native
S01-B01-C0957,CI-F4-E-DYNAMIC::baseline::ge_p1::published_native
S01-B01-C0958,CI-F4-E-DYNAMIC::baseline::m1_reference::published_native
S01-B01-C0959,CI-F4-E-DYNAMIC::baseline::post::published_native
S01-B01-C0960,CI-F4-E-DYNAMIC::baseline::pre::published_native
S01-B01-C0961,CI-F4-E-DYNAMIC::baseline::le_m2::twfe
S01-B01-C0962,CI-F4-E-DYNAMIC::baseline::e0::twfe
S01-B01-C0963,CI-F4-E-DYNAMIC::baseline::ge_p1::twfe
S01-B01-C0964,CI-F4-E-DYNAMIC::baseline::m1_reference::twfe
S01-B01-C0965,CI-F4-E-DYNAMIC::baseline::post::twfe
S01-B01-C0966,CI-F4-E-DYNAMIC::baseline::pre::twfe
S01-B01-C0967,CI-F4-E-DYNAMIC::baseline::le_m2::csa
S01-B01-C0968,CI-F4-E-DYNAMIC::baseline::e0::csa
S01-B01-C0969,CI-F4-E-DYNAMIC::baseline::ge_p1::csa
S01-B01-C0970,CI-F4-E-DYNAMIC::baseline::m1_reference::csa
S01-B01-C0971,CI-F4-E-DYNAMIC::baseline::post::csa
S01-B01-C0972,CI-F4-E-DYNAMIC::baseline::pre::csa
S01-B01-C0973,CI-F4-E-DYNAMIC::baseline::le_m2::bjs
S01-B01-C0974,CI-F4-E-DYNAMIC::baseline::e0::bjs
S01-B01-C0975,CI-F4-E-DYNAMIC::baseline::ge_p1::bjs
S01-B01-C0976,CI-F4-E-DYNAMIC::baseline::m1_reference::bjs
S01-B01-C0977,CI-F4-E-DYNAMIC::baseline::post::bjs
S01-B01-C0978,CI-F4-E-DYNAMIC::baseline::pre::bjs
S01-B01-C0979,CI-F4-E-DYNAMIC::B::post::twfe_csa
S01-B01-C0980,CI-F4-E-DYNAMIC::B::post::twfe_bjs
S01-B01-C0981,CI-F4-E-DYNAMIC::A::post::twfe_csa_A
S01-B01-C0982,CI-F4-E-DYNAMIC::B::pre::twfe_csa
S01-B01-C0983,CI-F4-E-DYNAMIC::B::pre::twfe_bjs
S01-B01-C0984,CI-F4-E-DYNAMIC::A::pre::twfe_csa_A
S01-B01-C0985,CI-F4-F-DYNAMIC::baseline::le_m2::published_native
S01-B01-C0986,CI-F4-F-DYNAMIC::baseline::e0::published_native
S01-B01-C0987,CI-F4-F-DYNAMIC::baseline::ge_p1::published_native
S01-B01-C0988,CI-F4-F-DYNAMIC::baseline::m1_reference::published_native
S01-B01-C0989,CI-F4-F-DYNAMIC::baseline::post::published_native
S01-B01-C0990,CI-F4-F-DYNAMIC::baseline::pre::published_native
S01-B01-C0991,CI-F4-F-DYNAMIC::baseline::le_m2::twfe
S01-B01-C0992,CI-F4-F-DYNAMIC::baseline::e0::twfe
S01-B01-C0993,CI-F4-F-DYNAMIC::baseline::ge_p1::twfe
S01-B01-C0994,CI-F4-F-DYNAMIC::baseline::m1_reference::twfe
S01-B01-C0995,CI-F4-F-DYNAMIC::baseline::post::twfe
S01-B01-C0996,CI-F4-F-DYNAMIC::baseline::pre::twfe
S01-B01-C0997,CI-F4-F-DYNAMIC::baseline::le_m2::csa
S01-B01-C0998,CI-F4-F-DYNAMIC::baseline::e0::csa
S01-B01-C0999,CI-F4-F-DYNAMIC::baseline::ge_p1::csa
S01-B01-C1000,CI-F4-F-DYNAMIC::baseline::m1_reference::csa
S01-B01-C1001,CI-F4-F-DYNAMIC::baseline::post::csa
S01-B01-C1002,CI-F4-F-DYNAMIC::baseline::pre::csa
S01-B01-C1003,CI-F4-F-DYNAMIC::baseline::le_m2::bjs
S01-B01-C1004,CI-F4-F-DYNAMIC::baseline::e0::bjs
S01-B01-C1005,CI-F4-F-DYNAMIC::baseline::ge_p1::bjs
S01-B01-C1006,CI-F4-F-DYNAMIC::baseline::m1_reference::bjs
S01-B01-C1007,CI-F4-F-DYNAMIC::baseline::post::bjs
S01-B01-C1008,CI-F4-F-DYNAMIC::baseline::pre::bjs
S01-B01-C1009,CI-F4-F-DYNAMIC::B::post::twfe_csa
S01-B01-C1010,CI-F4-F-DYNAMIC::B::post::twfe_bjs
S01-B01-C1011,CI-F4-F-DYNAMIC::A::post::twfe_csa_A
S01-B01-C1012,CI-F4-F-DYNAMIC::B::pre::twfe_csa
S01-B01-C1013,CI-F4-F-DYNAMIC::B::pre::twfe_bjs
S01-B01-C1014,CI-F4-F-DYNAMIC::A::pre::twfe_csa_A
S01-B01-C1015,CI-F4-G-DYNAMIC::baseline::le_m2::published_native
S01-B01-C1016,CI-F4-G-DYNAMIC::baseline::e0::published_native
S01-B01-C1017,CI-F4-G-DYNAMIC::baseline::ge_p1::published_native
S01-B01-C1018,CI-F4-G-DYNAMIC::baseline::m1_reference::published_native
S01-B01-C1019,CI-F4-G-DYNAMIC::baseline::post::published_native
S01-B01-C1020,CI-F4-G-DYNAMIC::baseline::pre::published_native
S01-B01-C1021,CI-F4-G-DYNAMIC::baseline::le_m2::twfe
S01-B01-C1022,CI-F4-G-DYNAMIC::baseline::e0::twfe
S01-B01-C1023,CI-F4-G-DYNAMIC::baseline::ge_p1::twfe
S01-B01-C1024,CI-F4-G-DYNAMIC::baseline::m1_reference::twfe
S01-B01-C1025,CI-F4-G-DYNAMIC::baseline::post::twfe
S01-B01-C1026,CI-F4-G-DYNAMIC::baseline::pre::twfe
S01-B01-C1027,CI-F4-G-DYNAMIC::baseline::le_m2::csa
S01-B01-C1028,CI-F4-G-DYNAMIC::baseline::e0::csa
S01-B01-C1029,CI-F4-G-DYNAMIC::baseline::ge_p1::csa
S01-B01-C1030,CI-F4-G-DYNAMIC::baseline::m1_reference::csa
S01-B01-C1031,CI-F4-G-DYNAMIC::baseline::post::csa
S01-B01-C1032,CI-F4-G-DYNAMIC::baseline::pre::csa
S01-B01-C1033,CI-F4-G-DYNAMIC::baseline::le_m2::bjs
S01-B01-C1034,CI-F4-G-DYNAMIC::baseline::e0::bjs
S01-B01-C1035,CI-F4-G-DYNAMIC::baseline::ge_p1::bjs
S01-B01-C1036,CI-F4-G-DYNAMIC::baseline::m1_reference::bjs
S01-B01-C1037,CI-F4-G-DYNAMIC::baseline::post::bjs
S01-B01-C1038,CI-F4-G-DYNAMIC::baseline::pre::bjs
S01-B01-C1039,CI-F4-G-DYNAMIC::B::post::twfe_csa
S01-B01-C1040,CI-F4-G-DYNAMIC::B::post::twfe_bjs
S01-B01-C1041,CI-F4-G-DYNAMIC::A::post::twfe_csa_A
S01-B01-C1042,CI-F4-G-DYNAMIC::B::pre::twfe_csa
S01-B01-C1043,CI-F4-G-DYNAMIC::B::pre::twfe_bjs
S01-B01-C1044,CI-F4-G-DYNAMIC::A::pre::twfe_csa_A
S01-B01-C1045,CI-F4-H-DYNAMIC::baseline::le_m2::published_native
S01-B01-C1046,CI-F4-H-DYNAMIC::baseline::e0::published_native
S01-B01-C1047,CI-F4-H-DYNAMIC::baseline::ge_p1::published_native
S01-B01-C1048,CI-F4-H-DYNAMIC::baseline::m1_reference::published_native
S01-B01-C1049,CI-F4-H-DYNAMIC::baseline::post::published_native
S01-B01-C1050,CI-F4-H-DYNAMIC::baseline::pre::published_native
S01-B01-C1051,CI-F4-H-DYNAMIC::baseline::le_m2::twfe
S01-B01-C1052,CI-F4-H-DYNAMIC::baseline::e0::twfe
S01-B01-C1053,CI-F4-H-DYNAMIC::baseline::ge_p1::twfe
S01-B01-C1054,CI-F4-H-DYNAMIC::baseline::m1_reference::twfe
S01-B01-C1055,CI-F4-H-DYNAMIC::baseline::post::twfe
S01-B01-C1056,CI-F4-H-DYNAMIC::baseline::pre::twfe
S01-B01-C1057,CI-F4-H-DYNAMIC::baseline::le_m2::csa
S01-B01-C1058,CI-F4-H-DYNAMIC::baseline::e0::csa
S01-B01-C1059,CI-F4-H-DYNAMIC::baseline::ge_p1::csa
S01-B01-C1060,CI-F4-H-DYNAMIC::baseline::m1_reference::csa
S01-B01-C1061,CI-F4-H-DYNAMIC::baseline::post::csa
S01-B01-C1062,CI-F4-H-DYNAMIC::baseline::pre::csa
S01-B01-C1063,CI-F4-H-DYNAMIC::baseline::le_m2::bjs
S01-B01-C1064,CI-F4-H-DYNAMIC::baseline::e0::bjs
S01-B01-C1065,CI-F4-H-DYNAMIC::baseline::ge_p1::bjs
S01-B01-C1066,CI-F4-H-DYNAMIC::baseline::m1_reference::bjs
S01-B01-C1067,CI-F4-H-DYNAMIC::baseline::post::bjs
S01-B01-C1068,CI-F4-H-DYNAMIC::baseline::pre::bjs
S01-B01-C1069,CI-F4-H-DYNAMIC::B::post::twfe_csa
S01-B01-C1070,CI-F4-H-DYNAMIC::B::post::twfe_bjs
S01-B01-C1071,CI-F4-H-DYNAMIC::A::post::twfe_csa_A
S01-B01-C1072,CI-F4-H-DYNAMIC::B::pre::twfe_csa
S01-B01-C1073,CI-F4-H-DYNAMIC::B::pre::twfe_bjs
S01-B01-C1074,CI-F4-H-DYNAMIC::A::pre::twfe_csa_A
S01-B01-C1075,CI-F4-I-DYNAMIC::baseline::le_m2::published_native
S01-B01-C1076,CI-F4-I-DYNAMIC::baseline::e0::published_native
S01-B01-C1077,CI-F4-I-DYNAMIC::baseline::ge_p1::published_native
S01-B01-C1078,CI-F4-I-DYNAMIC::baseline::m1_reference::published_native
S01-B01-C1079,CI-F4-I-DYNAMIC::baseline::post::published_native
S01-B01-C1080,CI-F4-I-DYNAMIC::baseline::pre::published_native
S01-B01-C1081,CI-F4-I-DYNAMIC::baseline::le_m2::twfe
S01-B01-C1082,CI-F4-I-DYNAMIC::baseline::e0::twfe
S01-B01-C1083,CI-F4-I-DYNAMIC::baseline::ge_p1::twfe
S01-B01-C1084,CI-F4-I-DYNAMIC::baseline::m1_reference::twfe
S01-B01-C1085,CI-F4-I-DYNAMIC::baseline::post::twfe
S01-B01-C1086,CI-F4-I-DYNAMIC::baseline::pre::twfe
S01-B01-C1087,CI-F4-I-DYNAMIC::baseline::le_m2::csa
S01-B01-C1088,CI-F4-I-DYNAMIC::baseline::e0::csa
S01-B01-C1089,CI-F4-I-DYNAMIC::baseline::ge_p1::csa
S01-B01-C1090,CI-F4-I-DYNAMIC::baseline::m1_reference::csa
S01-B01-C1091,CI-F4-I-DYNAMIC::baseline::post::csa
S01-B01-C1092,CI-F4-I-DYNAMIC::baseline::pre::csa
S01-B01-C1093,CI-F4-I-DYNAMIC::baseline::le_m2::bjs
S01-B01-C1094,CI-F4-I-DYNAMIC::baseline::e0::bjs
S01-B01-C1095,CI-F4-I-DYNAMIC::baseline::ge_p1::bjs
S01-B01-C1096,CI-F4-I-DYNAMIC::baseline::m1_reference::bjs
S01-B01-C1097,CI-F4-I-DYNAMIC::baseline::post::bjs
S01-B01-C1098,CI-F4-I-DYNAMIC::baseline::pre::bjs
S01-B01-C1099,CI-F4-I-DYNAMIC::B::post::twfe_csa
S01-B01-C1100,CI-F4-I-DYNAMIC::B::post::twfe_bjs
S01-B01-C1101,CI-F4-I-DYNAMIC::A::post::twfe_csa_A
S01-B01-C1102,CI-F4-I-DYNAMIC::B::pre::twfe_csa
S01-B01-C1103,CI-F4-I-DYNAMIC::B::pre::twfe_bjs
S01-B01-C1104,CI-F4-I-DYNAMIC::A::pre::twfe_csa_A
S01-B01-C1105,CI-F4-J-DYNAMIC::baseline::le_m2::published_native
S01-B01-C1106,CI-F4-J-DYNAMIC::baseline::e0::published_native
S01-B01-C1107,CI-F4-J-DYNAMIC::baseline::ge_p1::published_native
S01-B01-C1108,CI-F4-J-DYNAMIC::baseline::m1_reference::published_native
S01-B01-C1109,CI-F4-J-DYNAMIC::baseline::post::published_native
S01-B01-C1110,CI-F4-J-DYNAMIC::baseline::pre::published_native
S01-B01-C1111,CI-F4-J-DYNAMIC::baseline::le_m2::twfe
S01-B01-C1112,CI-F4-J-DYNAMIC::baseline::e0::twfe
S01-B01-C1113,CI-F4-J-DYNAMIC::baseline::ge_p1::twfe
S01-B01-C1114,CI-F4-J-DYNAMIC::baseline::m1_reference::twfe
S01-B01-C1115,CI-F4-J-DYNAMIC::baseline::post::twfe
S01-B01-C1116,CI-F4-J-DYNAMIC::baseline::pre::twfe
S01-B01-C1117,CI-F4-J-DYNAMIC::baseline::le_m2::csa
S01-B01-C1118,CI-F4-J-DYNAMIC::baseline::e0::csa
S01-B01-C1119,CI-F4-J-DYNAMIC::baseline::ge_p1::csa
S01-B01-C1120,CI-F4-J-DYNAMIC::baseline::m1_reference::csa
S01-B01-C1121,CI-F4-J-DYNAMIC::baseline::post::csa
S01-B01-C1122,CI-F4-J-DYNAMIC::baseline::pre::csa
S01-B01-C1123,CI-F4-J-DYNAMIC::baseline::le_m2::bjs
S01-B01-C1124,CI-F4-J-DYNAMIC::baseline::e0::bjs
S01-B01-C1125,CI-F4-J-DYNAMIC::baseline::ge_p1::bjs
S01-B01-C1126,CI-F4-J-DYNAMIC::baseline::m1_reference::bjs
S01-B01-C1127,CI-F4-J-DYNAMIC::baseline::post::bjs
S01-B01-C1128,CI-F4-J-DYNAMIC::baseline::pre::bjs
S01-B01-C1129,CI-F4-J-DYNAMIC::B::post::twfe_csa
S01-B01-C1130,CI-F4-J-DYNAMIC::B::post::twfe_bjs
S01-B01-C1131,CI-F4-J-DYNAMIC::A::post::twfe_csa_A
S01-B01-C1132,CI-F4-J-DYNAMIC::B::pre::twfe_csa
S01-B01-C1133,CI-F4-J-DYNAMIC::B::pre::twfe_bjs
S01-B01-C1134,CI-F4-J-DYNAMIC::A::pre::twfe_csa_A
S01-B01-C1135,CI-F4-K-DYNAMIC::baseline::le_m2::published_native
S01-B01-C1136,CI-F4-K-DYNAMIC::baseline::e0::published_native
S01-B01-C1137,CI-F4-K-DYNAMIC::baseline::ge_p1::published_native
S01-B01-C1138,CI-F4-K-DYNAMIC::baseline::m1_reference::published_native
S01-B01-C1139,CI-F4-K-DYNAMIC::baseline::post::published_native
S01-B01-C1140,CI-F4-K-DYNAMIC::baseline::pre::published_native
S01-B01-C1141,CI-F4-K-DYNAMIC::baseline::le_m2::twfe
S01-B01-C1142,CI-F4-K-DYNAMIC::baseline::e0::twfe
S01-B01-C1143,CI-F4-K-DYNAMIC::baseline::ge_p1::twfe
S01-B01-C1144,CI-F4-K-DYNAMIC::baseline::m1_reference::twfe
S01-B01-C1145,CI-F4-K-DYNAMIC::baseline::post::twfe
S01-B01-C1146,CI-F4-K-DYNAMIC::baseline::pre::twfe
S01-B01-C1147,CI-F4-K-DYNAMIC::baseline::le_m2::csa
S01-B01-C1148,CI-F4-K-DYNAMIC::baseline::e0::csa
S01-B01-C1149,CI-F4-K-DYNAMIC::baseline::ge_p1::csa
S01-B01-C1150,CI-F4-K-DYNAMIC::baseline::m1_reference::csa
S01-B01-C1151,CI-F4-K-DYNAMIC::baseline::post::csa
S01-B01-C1152,CI-F4-K-DYNAMIC::baseline::pre::csa
S01-B01-C1153,CI-F4-K-DYNAMIC::baseline::le_m2::bjs
S01-B01-C1154,CI-F4-K-DYNAMIC::baseline::e0::bjs
S01-B01-C1155,CI-F4-K-DYNAMIC::baseline::ge_p1::bjs
S01-B01-C1156,CI-F4-K-DYNAMIC::baseline::m1_reference::bjs
S01-B01-C1157,CI-F4-K-DYNAMIC::baseline::post::bjs
S01-B01-C1158,CI-F4-K-DYNAMIC::baseline::pre::bjs
S01-B01-C1159,CI-F4-K-DYNAMIC::B::post::twfe_csa
S01-B01-C1160,CI-F4-K-DYNAMIC::B::post::twfe_bjs
S01-B01-C1161,CI-F4-K-DYNAMIC::A::post::twfe_csa_A
S01-B01-C1162,CI-F4-K-DYNAMIC::B::pre::twfe_csa
S01-B01-C1163,CI-F4-K-DYNAMIC::B::pre::twfe_bjs
S01-B01-C1164,CI-F4-K-DYNAMIC::A::pre::twfe_csa_A
S01-B01-C1165,CI-F4-L-DYNAMIC::baseline::le_m2::published_native
S01-B01-C1166,CI-F4-L-DYNAMIC::baseline::e0::published_native
S01-B01-C1167,CI-F4-L-DYNAMIC::baseline::ge_p1::published_native
S01-B01-C1168,CI-F4-L-DYNAMIC::baseline::m1_reference::published_native
S01-B01-C1169,CI-F4-L-DYNAMIC::baseline::post::published_native
S01-B01-C1170,CI-F4-L-DYNAMIC::baseline::pre::published_native
S01-B01-C1171,CI-F4-L-DYNAMIC::baseline::le_m2::twfe
S01-B01-C1172,CI-F4-L-DYNAMIC::baseline::e0::twfe
S01-B01-C1173,CI-F4-L-DYNAMIC::baseline::ge_p1::twfe
S01-B01-C1174,CI-F4-L-DYNAMIC::baseline::m1_reference::twfe
S01-B01-C1175,CI-F4-L-DYNAMIC::baseline::post::twfe
S01-B01-C1176,CI-F4-L-DYNAMIC::baseline::pre::twfe
S01-B01-C1177,CI-F4-L-DYNAMIC::baseline::le_m2::csa
S01-B01-C1178,CI-F4-L-DYNAMIC::baseline::e0::csa
S01-B01-C1179,CI-F4-L-DYNAMIC::baseline::ge_p1::csa
S01-B01-C1180,CI-F4-L-DYNAMIC::baseline::m1_reference::csa
S01-B01-C1181,CI-F4-L-DYNAMIC::baseline::post::csa
S01-B01-C1182,CI-F4-L-DYNAMIC::baseline::pre::csa
S01-B01-C1183,CI-F4-L-DYNAMIC::baseline::le_m2::bjs
S01-B01-C1184,CI-F4-L-DYNAMIC::baseline::e0::bjs
S01-B01-C1185,CI-F4-L-DYNAMIC::baseline::ge_p1::bjs
S01-B01-C1186,CI-F4-L-DYNAMIC::baseline::m1_reference::bjs
S01-B01-C1187,CI-F4-L-DYNAMIC::baseline::post::bjs
S01-B01-C1188,CI-F4-L-DYNAMIC::baseline::pre::bjs
S01-B01-C1189,CI-F4-L-DYNAMIC::B::post::twfe_csa
S01-B01-C1190,CI-F4-L-DYNAMIC::B::post::twfe_bjs
S01-B01-C1191,CI-F4-L-DYNAMIC::A::post::twfe_csa_A
S01-B01-C1192,CI-F4-L-DYNAMIC::B::pre::twfe_csa
S01-B01-C1193,CI-F4-L-DYNAMIC::B::pre::twfe_bjs
S01-B01-C1194,CI-F4-L-DYNAMIC::A::pre::twfe_csa_A
S02-B01-C0001,static::AM005-P2587-T3-R3-NOTEXAS::source_estimator::twfe
S02-B01-C0002,static::AM005-P2587-T3-R3-NOTEXAS::source_estimator::csa
S02-B01-C0003,static::AM005-P2587-T3-R3-NOTEXAS::matched_sample_twfe::csa_A
S02-B01-C0004,static::AM005-P2587-T3-R3-NOTEXAS::matched_sample_twfe::csa_B
S02-B01-C0005,static::AM005-P2587-T3-R3-NOTEXAS::source_estimator::bjs
S02-B01-C0006,static::AM005-P2587-T3-R3-NOTEXAS::matched_sample_twfe::bjs
S02-B02-C0001,static::AM005-P2587-T2-CAPEX-QP-M4::source_estimator::twfe
S02-B02-C0002,static::AM005-P2587-T2-CAPEX-QP-M4::source_estimator::csa
S02-B02-C0003,static::AM005-P2587-T2-CAPEX-QP-M4::matched_sample_twfe::csa_A
S02-B02-C0004,static::AM005-P2587-T2-CAPEX-QP-M4::matched_sample_twfe::csa_B
S02-B02-C0005,static::AM005-P2587-T2-CAPEX-QP-M4::source_estimator::bjs
S02-B02-C0006,static::AM005-P2587-T2-CAPEX-QP-M4::matched_sample_twfe::bjs
S02-B02-C0007,static::AM005-P2587-T2-CAPEX-QP-M1::source_estimator::twfe
S02-B02-C0008,static::AM005-P2587-T2-CAPEX-QP-M1::source_estimator::csa
S02-B02-C0009,static::AM005-P2587-T2-CAPEX-QP-M1::matched_sample_twfe::csa_A
S02-B02-C0010,static::AM005-P2587-T2-CAPEX-QP-M1::matched_sample_twfe::csa_B
S02-B02-C0011,static::AM005-P2587-T2-CAPEX-QP-M1::source_estimator::bjs
S02-B02-C0012,static::AM005-P2587-T2-CAPEX-QP-M1::matched_sample_twfe::bjs
S02-B02-C0013,static::AM005-P2587-T2-CAPEX-ACTUAL::source_estimator::twfe
S02-B02-C0014,static::AM005-P2587-T2-CAPEX-ACTUAL::source_estimator::csa
S02-B02-C0015,static::AM005-P2587-T2-CAPEX-ACTUAL::matched_sample_twfe::csa_A
S02-B02-C0016,static::AM005-P2587-T2-CAPEX-ACTUAL::matched_sample_twfe::csa_B
S02-B02-C0017,static::AM005-P2587-T2-CAPEX-ACTUAL::source_estimator::bjs
S02-B02-C0018,static::AM005-P2587-T2-CAPEX-ACTUAL::matched_sample_twfe::bjs
S02-B02-C0019,static::AM005-P2587-T2-CAPEX-NOOV-M1::source_estimator::twfe
S02-B02-C0020,static::AM005-P2587-T2-CAPEX-NOOV-M1::source_estimator::csa
S02-B02-C0021,static::AM005-P2587-T2-CAPEX-NOOV-M1::matched_sample_twfe::csa_A
S02-B02-C0022,static::AM005-P2587-T2-CAPEX-NOOV-M1::matched_sample_twfe::csa_B
S02-B02-C0023,static::AM005-P2587-T2-CAPEX-NOOV-M1::source_estimator::bjs
S02-B02-C0024,static::AM005-P2587-T2-CAPEX-NOOV-M1::matched_sample_twfe::bjs
S02-B02-C0025,static::AM005-P2587-T2-CAPEX-NOOV-M4M1::source_estimator::twfe
S02-B02-C0026,static::AM005-P2587-T2-CAPEX-NOOV-M4M1::source_estimator::csa
S02-B02-C0027,static::AM005-P2587-T2-CAPEX-NOOV-M4M1::matched_sample_twfe::csa_A
S02-B02-C0028,static::AM005-P2587-T2-CAPEX-NOOV-M4M1::matched_sample_twfe::csa_B
S02-B02-C0029,static::AM005-P2587-T2-CAPEX-NOOV-M4M1::source_estimator::bjs
S02-B02-C0030,static::AM005-P2587-T2-CAPEX-NOOV-M4M1::matched_sample_twfe::bjs
S02-B02-C0031,static::AM005-P2587-T2-RD-QP-M4::source_estimator::twfe
S02-B02-C0032,static::AM005-P2587-T2-RD-QP-M4::source_estimator::csa
S02-B02-C0033,static::AM005-P2587-T2-RD-QP-M4::matched_sample_twfe::csa_A
S02-B02-C0034,static::AM005-P2587-T2-RD-QP-M4::matched_sample_twfe::csa_B
S02-B02-C0035,static::AM005-P2587-T2-RD-QP-M4::source_estimator::bjs
S02-B02-C0036,static::AM005-P2587-T2-RD-QP-M4::matched_sample_twfe::bjs
S02-B02-C0037,static::AM005-P2587-T2-RD-QP-M1::source_estimator::twfe
S02-B02-C0038,static::AM005-P2587-T2-RD-QP-M1::source_estimator::csa
S02-B02-C0039,static::AM005-P2587-T2-RD-QP-M1::matched_sample_twfe::csa_A
S02-B02-C0040,static::AM005-P2587-T2-RD-QP-M1::matched_sample_twfe::csa_B
S02-B02-C0041,static::AM005-P2587-T2-RD-QP-M1::source_estimator::bjs
S02-B02-C0042,static::AM005-P2587-T2-RD-QP-M1::matched_sample_twfe::bjs
S02-B02-C0043,static::AM005-P2587-T2-RD-ACTUAL::source_estimator::twfe
S02-B02-C0044,static::AM005-P2587-T2-RD-ACTUAL::source_estimator::csa
S02-B02-C0045,static::AM005-P2587-T2-RD-ACTUAL::matched_sample_twfe::csa_A
S02-B02-C0046,static::AM005-P2587-T2-RD-ACTUAL::matched_sample_twfe::csa_B
S02-B02-C0047,static::AM005-P2587-T2-RD-ACTUAL::source_estimator::bjs
S02-B02-C0048,static::AM005-P2587-T2-RD-ACTUAL::matched_sample_twfe::bjs
S02-B02-C0049,static::AM005-P2587-T2-RD-NOOV-M1::source_estimator::twfe
S02-B02-C0050,static::AM005-P2587-T2-RD-NOOV-M1::source_estimator::csa
S02-B02-C0051,static::AM005-P2587-T2-RD-NOOV-M1::matched_sample_twfe::csa_A
S02-B02-C0052,static::AM005-P2587-T2-RD-NOOV-M1::matched_sample_twfe::csa_B
S02-B02-C0053,static::AM005-P2587-T2-RD-NOOV-M1::source_estimator::bjs
S02-B02-C0054,static::AM005-P2587-T2-RD-NOOV-M1::matched_sample_twfe::bjs
S02-B02-C0055,static::AM005-P2587-T2-RD-NOOV-M4M1::source_estimator::twfe
S02-B02-C0056,static::AM005-P2587-T2-RD-NOOV-M4M1::source_estimator::csa
S02-B02-C0057,static::AM005-P2587-T2-RD-NOOV-M4M1::matched_sample_twfe::csa_A
S02-B02-C0058,static::AM005-P2587-T2-RD-NOOV-M4M1::matched_sample_twfe::csa_B
S02-B02-C0059,static::AM005-P2587-T2-RD-NOOV-M4M1::source_estimator::bjs
S02-B02-C0060,static::AM005-P2587-T2-RD-NOOV-M4M1::matched_sample_twfe::bjs
S02-B02-C0061,static::AM005-P2587-T2-DEMP-QP-M4::source_estimator::twfe
S02-B02-C0062,static::AM005-P2587-T2-DEMP-QP-M4::source_estimator::csa
S02-B02-C0063,static::AM005-P2587-T2-DEMP-QP-M4::matched_sample_twfe::csa_A
S02-B02-C0064,static::AM005-P2587-T2-DEMP-QP-M4::matched_sample_twfe::csa_B
S02-B02-C0065,static::AM005-P2587-T2-DEMP-QP-M4::source_estimator::bjs
S02-B02-C0066,static::AM005-P2587-T2-DEMP-QP-M4::matched_sample_twfe::bjs
S02-B02-C0067,static::AM005-P2587-T2-DEMP-QP-M1::source_estimator::twfe
S02-B02-C0068,static::AM005-P2587-T2-DEMP-QP-M1::source_estimator::csa
S02-B02-C0069,static::AM005-P2587-T2-DEMP-QP-M1::matched_sample_twfe::csa_A
S02-B02-C0070,static::AM005-P2587-T2-DEMP-QP-M1::matched_sample_twfe::csa_B
S02-B02-C0071,static::AM005-P2587-T2-DEMP-QP-M1::source_estimator::bjs
S02-B02-C0072,static::AM005-P2587-T2-DEMP-QP-M1::matched_sample_twfe::bjs
S02-B02-C0073,static::AM005-P2587-T2-DEMP-ACTUAL::source_estimator::twfe
S02-B02-C0074,static::AM005-P2587-T2-DEMP-ACTUAL::source_estimator::csa
S02-B02-C0075,static::AM005-P2587-T2-DEMP-ACTUAL::matched_sample_twfe::csa_A
S02-B02-C0076,static::AM005-P2587-T2-DEMP-ACTUAL::matched_sample_twfe::csa_B
S02-B02-C0077,static::AM005-P2587-T2-DEMP-ACTUAL::source_estimator::bjs
S02-B02-C0078,static::AM005-P2587-T2-DEMP-ACTUAL::matched_sample_twfe::bjs
S02-B02-C0079,static::AM005-P2587-T2-DEMP-NOOV-M1::source_estimator::twfe
S02-B02-C0080,static::AM005-P2587-T2-DEMP-NOOV-M1::source_estimator::csa
S02-B02-C0081,static::AM005-P2587-T2-DEMP-NOOV-M1::matched_sample_twfe::csa_A
S02-B02-C0082,static::AM005-P2587-T2-DEMP-NOOV-M1::matched_sample_twfe::csa_B
S02-B02-C0083,static::AM005-P2587-T2-DEMP-NOOV-M1::source_estimator::bjs
S02-B02-C0084,static::AM005-P2587-T2-DEMP-NOOV-M1::matched_sample_twfe::bjs
S02-B02-C0085,static::AM005-P2587-T2-DEMP-NOOV-M4M1::source_estimator::twfe
S02-B02-C0086,static::AM005-P2587-T2-DEMP-NOOV-M4M1::source_estimator::csa
S02-B02-C0087,static::AM005-P2587-T2-DEMP-NOOV-M4M1::matched_sample_twfe::csa_A
S02-B02-C0088,static::AM005-P2587-T2-DEMP-NOOV-M4M1::matched_sample_twfe::csa_B
S02-B02-C0089,static::AM005-P2587-T2-DEMP-NOOV-M4M1::source_estimator::bjs
S02-B02-C0090,static::AM005-P2587-T2-DEMP-NOOV-M4M1::matched_sample_twfe::bjs
S02-B02-C0091,static::AM005-P2587-T2-DSALES-QP-M4::source_estimator::twfe
S02-B02-C0092,static::AM005-P2587-T2-DSALES-QP-M4::source_estimator::csa
S02-B02-C0093,static::AM005-P2587-T2-DSALES-QP-M4::matched_sample_twfe::csa_A
S02-B02-C0094,static::AM005-P2587-T2-DSALES-QP-M4::matched_sample_twfe::csa_B
S02-B02-C0095,static::AM005-P2587-T2-DSALES-QP-M4::source_estimator::bjs
S02-B02-C0096,static::AM005-P2587-T2-DSALES-QP-M4::matched_sample_twfe::bjs
S02-B02-C0097,static::AM005-P2587-T2-DSALES-QP-M1::source_estimator::twfe
S02-B02-C0098,static::AM005-P2587-T2-DSALES-QP-M1::source_estimator::csa
S02-B02-C0099,static::AM005-P2587-T2-DSALES-QP-M1::matched_sample_twfe::csa_A
S02-B02-C0100,static::AM005-P2587-T2-DSALES-QP-M1::matched_sample_twfe::csa_B
S02-B02-C0101,static::AM005-P2587-T2-DSALES-QP-M1::source_estimator::bjs
S02-B02-C0102,static::AM005-P2587-T2-DSALES-QP-M1::matched_sample_twfe::bjs
S02-B02-C0103,static::AM005-P2587-T2-DSALES-ACTUAL::source_estimator::twfe
S02-B02-C0104,static::AM005-P2587-T2-DSALES-ACTUAL::source_estimator::csa
S02-B02-C0105,static::AM005-P2587-T2-DSALES-ACTUAL::matched_sample_twfe::csa_A
S02-B02-C0106,static::AM005-P2587-T2-DSALES-ACTUAL::matched_sample_twfe::csa_B
S02-B02-C0107,static::AM005-P2587-T2-DSALES-ACTUAL::source_estimator::bjs
S02-B02-C0108,static::AM005-P2587-T2-DSALES-ACTUAL::matched_sample_twfe::bjs
S02-B02-C0109,static::AM005-P2587-T2-DSALES-NOOV-M1::source_estimator::twfe
S02-B02-C0110,static::AM005-P2587-T2-DSALES-NOOV-M1::source_estimator::csa
S02-B02-C0111,static::AM005-P2587-T2-DSALES-NOOV-M1::matched_sample_twfe::csa_A
S02-B02-C0112,static::AM005-P2587-T2-DSALES-NOOV-M1::matched_sample_twfe::csa_B
S02-B02-C0113,static::AM005-P2587-T2-DSALES-NOOV-M1::source_estimator::bjs
S02-B02-C0114,static::AM005-P2587-T2-DSALES-NOOV-M1::matched_sample_twfe::bjs
S02-B02-C0115,static::AM005-P2587-T2-DSALES-NOOV-M4M1::source_estimator::twfe
S02-B02-C0116,static::AM005-P2587-T2-DSALES-NOOV-M4M1::source_estimator::csa
S02-B02-C0117,static::AM005-P2587-T2-DSALES-NOOV-M4M1::matched_sample_twfe::csa_A
S02-B02-C0118,static::AM005-P2587-T2-DSALES-NOOV-M4M1::matched_sample_twfe::csa_B
S02-B02-C0119,static::AM005-P2587-T2-DSALES-NOOV-M4M1::source_estimator::bjs
S02-B02-C0120,static::AM005-P2587-T2-DSALES-NOOV-M4M1::matched_sample_twfe::bjs
S03-B01-C0001,static::PP-REPLY-T1-PA-ALL-CHGEMP::source_estimator::twfe
S03-B01-C0002,static::PP-REPLY-T1-PA-ALL-CHGEMP::source_estimator::csa
S03-B01-C0003,static::PP-REPLY-T1-PA-ALL-CHGEMP::matched_sample_twfe::csa_A
S03-B01-C0004,static::PP-REPLY-T1-PA-ALL-CHGEMP::matched_sample_twfe::csa_B
S03-B01-C0005,static::PP-REPLY-T1-PA-ALL-CHGEMP::source_estimator::bjs
S03-B01-C0006,static::PP-REPLY-T1-PA-ALL-CHGEMP::matched_sample_twfe::bjs
S03-B01-C0007,static::PP-REPLY-T1-PA-ALL-SALESGR::source_estimator::twfe
S03-B01-C0008,static::PP-REPLY-T1-PA-ALL-SALESGR::source_estimator::csa
S03-B01-C0009,static::PP-REPLY-T1-PA-ALL-SALESGR::matched_sample_twfe::csa_A
S03-B01-C0010,static::PP-REPLY-T1-PA-ALL-SALESGR::matched_sample_twfe::csa_B
S03-B01-C0011,static::PP-REPLY-T1-PA-ALL-SALESGR::source_estimator::bjs
S03-B01-C0012,static::PP-REPLY-T1-PA-ALL-SALESGR::matched_sample_twfe::bjs
S03-B01-C0013,static::PP-REPLY-T1-PA-NOOIL-CHGEMP::source_estimator::twfe
S03-B01-C0014,static::PP-REPLY-T1-PA-NOOIL-CHGEMP::source_estimator::csa
S03-B01-C0015,static::PP-REPLY-T1-PA-NOOIL-CHGEMP::matched_sample_twfe::csa_A
S03-B01-C0016,static::PP-REPLY-T1-PA-NOOIL-CHGEMP::matched_sample_twfe::csa_B
S03-B01-C0017,static::PP-REPLY-T1-PA-NOOIL-CHGEMP::source_estimator::bjs
S03-B01-C0018,static::PP-REPLY-T1-PA-NOOIL-CHGEMP::matched_sample_twfe::bjs
S03-B01-C0019,static::PP-REPLY-T1-PA-NOOIL-SALESGR::source_estimator::twfe
S03-B01-C0020,static::PP-REPLY-T1-PA-NOOIL-SALESGR::source_estimator::csa
S03-B01-C0021,static::PP-REPLY-T1-PA-NOOIL-SALESGR::matched_sample_twfe::csa_A
S03-B01-C0022,static::PP-REPLY-T1-PA-NOOIL-SALESGR::matched_sample_twfe::csa_B
S03-B01-C0023,static::PP-REPLY-T1-PA-NOOIL-SALESGR::source_estimator::bjs
S03-B01-C0024,static::PP-REPLY-T1-PA-NOOIL-SALESGR::matched_sample_twfe::bjs
S03-B01-C0025,static::PP-REPLY-T1-PA-NOTXOIL-CHGEMP::source_estimator::twfe
S03-B01-C0026,static::PP-REPLY-T1-PA-NOTXOIL-CHGEMP::source_estimator::csa
S03-B01-C0027,static::PP-REPLY-T1-PA-NOTXOIL-CHGEMP::matched_sample_twfe::csa_A
S03-B01-C0028,static::PP-REPLY-T1-PA-NOTXOIL-CHGEMP::matched_sample_twfe::csa_B
S03-B01-C0029,static::PP-REPLY-T1-PA-NOTXOIL-CHGEMP::source_estimator::bjs
S03-B01-C0030,static::PP-REPLY-T1-PA-NOTXOIL-CHGEMP::matched_sample_twfe::bjs
S03-B01-C0031,static::PP-REPLY-T1-PA-NOTXOIL-SALESGR::source_estimator::twfe
S03-B01-C0032,static::PP-REPLY-T1-PA-NOTXOIL-SALESGR::source_estimator::csa
S03-B01-C0033,static::PP-REPLY-T1-PA-NOTXOIL-SALESGR::matched_sample_twfe::csa_A
S03-B01-C0034,static::PP-REPLY-T1-PA-NOTXOIL-SALESGR::matched_sample_twfe::csa_B
S03-B01-C0035,static::PP-REPLY-T1-PA-NOTXOIL-SALESGR::source_estimator::bjs
S03-B01-C0036,static::PP-REPLY-T1-PA-NOTXOIL-SALESGR::matched_sample_twfe::bjs
S03-B01-C0037,static::PP-REPLY-T1-PA-NOTX-CHGEMP::source_estimator::twfe
S03-B01-C0038,static::PP-REPLY-T1-PA-NOTX-CHGEMP::source_estimator::csa
S03-B01-C0039,static::PP-REPLY-T1-PA-NOTX-CHGEMP::matched_sample_twfe::csa_A
S03-B01-C0040,static::PP-REPLY-T1-PA-NOTX-CHGEMP::matched_sample_twfe::csa_B
S03-B01-C0041,static::PP-REPLY-T1-PA-NOTX-CHGEMP::source_estimator::bjs
S03-B01-C0042,static::PP-REPLY-T1-PA-NOTX-CHGEMP::matched_sample_twfe::bjs
S03-B01-C0043,static::PP-REPLY-T1-PA-NOTX-SALESGR::source_estimator::twfe
S03-B01-C0044,static::PP-REPLY-T1-PA-NOTX-SALESGR::source_estimator::csa
S03-B01-C0045,static::PP-REPLY-T1-PA-NOTX-SALESGR::matched_sample_twfe::csa_A
S03-B01-C0046,static::PP-REPLY-T1-PA-NOTX-SALESGR::matched_sample_twfe::csa_B
S03-B01-C0047,static::PP-REPLY-T1-PA-NOTX-SALESGR::source_estimator::bjs
S03-B01-C0048,static::PP-REPLY-T1-PA-NOTX-SALESGR::matched_sample_twfe::bjs
S03-B01-C0049,static::PP-REPLY-T1-PB-ALL-CHGEMP::source_estimator::twfe
S03-B01-C0050,static::PP-REPLY-T1-PB-ALL-CHGEMP::source_estimator::csa
S03-B01-C0051,static::PP-REPLY-T1-PB-ALL-CHGEMP::matched_sample_twfe::csa_A
S03-B01-C0052,static::PP-REPLY-T1-PB-ALL-CHGEMP::matched_sample_twfe::csa_B
S03-B01-C0053,static::PP-REPLY-T1-PB-ALL-CHGEMP::source_estimator::bjs
S03-B01-C0054,static::PP-REPLY-T1-PB-ALL-CHGEMP::matched_sample_twfe::bjs
S03-B01-C0055,static::PP-REPLY-T1-PB-ALL-SALESGR::source_estimator::twfe
S03-B01-C0056,static::PP-REPLY-T1-PB-ALL-SALESGR::source_estimator::csa
S03-B01-C0057,static::PP-REPLY-T1-PB-ALL-SALESGR::matched_sample_twfe::csa_A
S03-B01-C0058,static::PP-REPLY-T1-PB-ALL-SALESGR::matched_sample_twfe::csa_B
S03-B01-C0059,static::PP-REPLY-T1-PB-ALL-SALESGR::source_estimator::bjs
S03-B01-C0060,static::PP-REPLY-T1-PB-ALL-SALESGR::matched_sample_twfe::bjs
S03-B01-C0061,static::PP-REPLY-T1-PB-NOOIL-CHGEMP::source_estimator::twfe
S03-B01-C0062,static::PP-REPLY-T1-PB-NOOIL-CHGEMP::source_estimator::csa
S03-B01-C0063,static::PP-REPLY-T1-PB-NOOIL-CHGEMP::matched_sample_twfe::csa_A
S03-B01-C0064,static::PP-REPLY-T1-PB-NOOIL-CHGEMP::matched_sample_twfe::csa_B
S03-B01-C0065,static::PP-REPLY-T1-PB-NOOIL-CHGEMP::source_estimator::bjs
S03-B01-C0066,static::PP-REPLY-T1-PB-NOOIL-CHGEMP::matched_sample_twfe::bjs
S03-B01-C0067,static::PP-REPLY-T1-PB-NOOIL-SALESGR::source_estimator::twfe
S03-B01-C0068,static::PP-REPLY-T1-PB-NOOIL-SALESGR::source_estimator::csa
S03-B01-C0069,static::PP-REPLY-T1-PB-NOOIL-SALESGR::matched_sample_twfe::csa_A
S03-B01-C0070,static::PP-REPLY-T1-PB-NOOIL-SALESGR::matched_sample_twfe::csa_B
S03-B01-C0071,static::PP-REPLY-T1-PB-NOOIL-SALESGR::source_estimator::bjs
S03-B01-C0072,static::PP-REPLY-T1-PB-NOOIL-SALESGR::matched_sample_twfe::bjs
S03-B01-C0073,static::PP-REPLY-T1-PB-NOTXOIL-CHGEMP::source_estimator::twfe
S03-B01-C0074,static::PP-REPLY-T1-PB-NOTXOIL-CHGEMP::source_estimator::csa
S03-B01-C0075,static::PP-REPLY-T1-PB-NOTXOIL-CHGEMP::matched_sample_twfe::csa_A
S03-B01-C0076,static::PP-REPLY-T1-PB-NOTXOIL-CHGEMP::matched_sample_twfe::csa_B
S03-B01-C0077,static::PP-REPLY-T1-PB-NOTXOIL-CHGEMP::source_estimator::bjs
S03-B01-C0078,static::PP-REPLY-T1-PB-NOTXOIL-CHGEMP::matched_sample_twfe::bjs
S03-B01-C0079,static::PP-REPLY-T1-PB-NOTXOIL-SALESGR::source_estimator::twfe
S03-B01-C0080,static::PP-REPLY-T1-PB-NOTXOIL-SALESGR::source_estimator::csa
S03-B01-C0081,static::PP-REPLY-T1-PB-NOTXOIL-SALESGR::matched_sample_twfe::csa_A
S03-B01-C0082,static::PP-REPLY-T1-PB-NOTXOIL-SALESGR::matched_sample_twfe::csa_B
S03-B01-C0083,static::PP-REPLY-T1-PB-NOTXOIL-SALESGR::source_estimator::bjs
S03-B01-C0084,static::PP-REPLY-T1-PB-NOTXOIL-SALESGR::matched_sample_twfe::bjs
S03-B01-C0085,static::PP-REPLY-T1-PB-NOTX-CHGEMP::source_estimator::twfe
S03-B01-C0086,static::PP-REPLY-T1-PB-NOTX-CHGEMP::source_estimator::csa
S03-B01-C0087,static::PP-REPLY-T1-PB-NOTX-CHGEMP::matched_sample_twfe::csa_A
S03-B01-C0088,static::PP-REPLY-T1-PB-NOTX-CHGEMP::matched_sample_twfe::csa_B
S03-B01-C0089,static::PP-REPLY-T1-PB-NOTX-CHGEMP::source_estimator::bjs
S03-B01-C0090,static::PP-REPLY-T1-PB-NOTX-CHGEMP::matched_sample_twfe::bjs
S03-B01-C0091,static::PP-REPLY-T1-PB-NOTX-SALESGR::source_estimator::twfe
S03-B01-C0092,static::PP-REPLY-T1-PB-NOTX-SALESGR::source_estimator::csa
S03-B01-C0093,static::PP-REPLY-T1-PB-NOTX-SALESGR::matched_sample_twfe::csa_A
S03-B01-C0094,static::PP-REPLY-T1-PB-NOTX-SALESGR::matched_sample_twfe::csa_B
S03-B01-C0095,static::PP-REPLY-T1-PB-NOTX-SALESGR::source_estimator::bjs
S03-B01-C0096,static::PP-REPLY-T1-PB-NOTX-SALESGR::matched_sample_twfe::bjs
S04-B01-C0001,MI-T4-C1::baseline::static::published_native
S04-B01-C0002,MI-T4-C1::baseline::static::twfe
S04-B01-C0003,MI-T4-C1::baseline::static::csa
S04-B01-C0004,MI-T4-C1::baseline::static::bjs
S04-B01-C0005,MI-T4-C1::B::static::twfe_csa
S04-B01-C0006,MI-T4-C1::B::static::csa
S04-B01-C0007,MI-T4-C1::B::static::twfe_bjs
S04-B01-C0008,MI-T4-C1::B::static::bjs
S04-B01-C0009,MI-T4-C2::baseline::static::published_native
S04-B01-C0010,MI-T4-C2::baseline::static::twfe
S04-B01-C0011,MI-T4-C2::baseline::static::csa
S04-B01-C0012,MI-T4-C2::baseline::static::bjs
S04-B01-C0013,MI-T4-C2::B::static::twfe_csa
S04-B01-C0014,MI-T4-C2::B::static::csa
S04-B01-C0015,MI-T4-C2::B::static::twfe_bjs
S04-B01-C0016,MI-T4-C2::B::static::bjs
S04-B01-C0017,MI-T4-C3::baseline::static::published_native
S04-B01-C0018,MI-T4-C3::baseline::static::twfe
S04-B01-C0019,MI-T4-C3::baseline::static::csa
S04-B01-C0020,MI-T4-C3::baseline::static::bjs
S04-B01-C0021,MI-T4-C3::B::static::twfe_csa
S04-B01-C0022,MI-T4-C3::B::static::csa
S04-B01-C0023,MI-T4-C3::B::static::twfe_bjs
S04-B01-C0024,MI-T4-C3::B::static::bjs
S04-B01-C0025,MI-T4-C4::baseline::static::published_native
S04-B01-C0026,MI-T4-C4::baseline::static::twfe
S04-B01-C0027,MI-T4-C4::baseline::static::csa
S04-B01-C0028,MI-T4-C4::baseline::static::bjs
S04-B01-C0029,MI-T4-C4::B::static::twfe_csa
S04-B01-C0030,MI-T4-C4::B::static::csa
S04-B01-C0031,MI-T4-C4::B::static::twfe_bjs
S04-B01-C0032,MI-T4-C4::B::static::bjs
S04-B01-C0033,MI-T4-C5::baseline::static::published_native
S04-B01-C0034,MI-T4-C5::baseline::static::twfe
S04-B01-C0035,MI-T4-C5::baseline::static::csa
S04-B01-C0036,MI-T4-C5::baseline::static::bjs
S04-B01-C0037,MI-T4-C5::B::static::twfe_csa
S04-B01-C0038,MI-T4-C5::B::static::csa
S04-B01-C0039,MI-T4-C5::B::static::twfe_bjs
S04-B01-C0040,MI-T4-C5::B::static::bjs
S04-B01-C0041,MI-T4-C6::baseline::static::published_native
S04-B01-C0042,MI-T4-C6::baseline::static::twfe
S04-B01-C0043,MI-T4-C6::baseline::static::csa
S04-B01-C0044,MI-T4-C6::baseline::static::bjs
S04-B01-C0045,MI-T4-C6::B::static::twfe_csa
S04-B01-C0046,MI-T4-C6::B::static::csa
S04-B01-C0047,MI-T4-C6::B::static::twfe_bjs
S04-B01-C0048,MI-T4-C6::B::static::bjs
S04-B01-C0049,MI-T4-C7::baseline::static::published_native
S04-B01-C0050,MI-T4-C7::baseline::static::twfe
S04-B01-C0051,MI-T4-C7::baseline::static::csa
S04-B01-C0052,MI-T4-C7::baseline::static::bjs
S04-B01-C0053,MI-T4-C7::B::static::twfe_csa
S04-B01-C0054,MI-T4-C7::B::static::csa
S04-B01-C0055,MI-T4-C7::B::static::twfe_bjs
S04-B01-C0056,MI-T4-C7::B::static::bjs
S05-B01-C0001,static::AUDITS-T4-C1-CRACKDOWN::source_estimator::twfe
S05-B01-C0002,static::AUDITS-T4-C1-CRACKDOWN::source_estimator::csa
S05-B01-C0003,static::AUDITS-T4-C1-CRACKDOWN::matched_sample_twfe::csa_A
S05-B01-C0004,static::AUDITS-T4-C1-CRACKDOWN::matched_sample_twfe::csa_B
S05-B01-C0005,static::AUDITS-T4-C1-CRACKDOWN::source_estimator::bjs
S05-B01-C0006,static::AUDITS-T4-C1-CRACKDOWN::matched_sample_twfe::bjs
S05-B01-C0007,static::AUDITS-T4-C3-CONVICTION::source_estimator::twfe
S05-B01-C0008,static::AUDITS-T4-C3-CONVICTION::source_estimator::csa
S05-B01-C0009,static::AUDITS-T4-C3-CONVICTION::matched_sample_twfe::csa_A
S05-B01-C0010,static::AUDITS-T4-C3-CONVICTION::matched_sample_twfe::csa_B
S05-B01-C0011,static::AUDITS-T4-C3-CONVICTION::source_estimator::bjs
S05-B01-C0012,static::AUDITS-T4-C3-CONVICTION::matched_sample_twfe::bjs
S05-B01-C0013,static::AUDITS-T4-C5-LEGAL-ACTION::source_estimator::twfe
S05-B01-C0014,static::AUDITS-T4-C5-LEGAL-ACTION::source_estimator::csa
S05-B01-C0015,static::AUDITS-T4-C5-LEGAL-ACTION::matched_sample_twfe::csa_A
S05-B01-C0016,static::AUDITS-T4-C5-LEGAL-ACTION::matched_sample_twfe::csa_B
S05-B01-C0017,static::AUDITS-T4-C5-LEGAL-ACTION::source_estimator::bjs
S05-B01-C0018,static::AUDITS-T4-C5-LEGAL-ACTION::matched_sample_twfe::bjs
S06-B01-C0001,static::RRR-T4-C1-REAL-INCOME::source_estimator::twfe
S06-B01-C0002,static::RRR-T4-C1-REAL-INCOME::source_estimator::csa
S06-B01-C0003,static::RRR-T4-C1-REAL-INCOME::matched_sample_twfe::csa_A
S06-B01-C0004,static::RRR-T4-C1-REAL-INCOME::matched_sample_twfe::csa_B
S06-B01-C0005,static::RRR-T4-C1-REAL-INCOME::source_estimator::bjs
S06-B01-C0006,static::RRR-T4-C1-REAL-INCOME::matched_sample_twfe::bjs
S07-B01-C0001,static::FIA-T2-C1::source_estimator::twfe
S07-B01-C0002,static::FIA-T2-C1::source_estimator::csa
S07-B01-C0003,static::FIA-T2-C1::matched_sample_twfe::csa_A
S07-B01-C0004,static::FIA-T2-C1::matched_sample_twfe::csa_B
S07-B01-C0005,static::FIA-T2-C1::source_estimator::bjs
S07-B01-C0006,static::FIA-T2-C1::matched_sample_twfe::bjs
S07-B01-C0007,static::FIA-T2-C2::source_estimator::twfe
S07-B01-C0008,static::FIA-T2-C2::source_estimator::csa
S07-B01-C0009,static::FIA-T2-C2::matched_sample_twfe::csa_A
S07-B01-C0010,static::FIA-T2-C2::matched_sample_twfe::csa_B
S07-B01-C0011,static::FIA-T2-C2::source_estimator::bjs
S07-B01-C0012,static::FIA-T2-C2::matched_sample_twfe::bjs
S07-B01-C0013,static::FIA-T2-C3::source_estimator::twfe
S07-B01-C0014,static::FIA-T2-C3::source_estimator::csa
S07-B01-C0015,static::FIA-T2-C3::matched_sample_twfe::csa_A
S07-B01-C0016,static::FIA-T2-C3::matched_sample_twfe::csa_B
S07-B01-C0017,static::FIA-T2-C3::source_estimator::bjs
S07-B01-C0018,static::FIA-T2-C3::matched_sample_twfe::bjs
S08-B01-C0001,C95FF064-T6-C1-ALL-OPERAS-OLS::baseline::static::twfe
S08-B01-C0002,C95FF064-T6-C1-ALL-OPERAS-OLS::baseline::static::csa
S08-B01-C0003,C95FF064-T6-C1-ALL-OPERAS-OLS::baseline::static::bjs
S08-B01-C0004,C95FF064-T6-C1-ALL-OPERAS-OLS::baseline::static::published_native
S08-B01-C0005,C95FF064-T6-C1-ALL-OPERAS-OLS::B::static::twfe_csa
S08-B01-C0006,C95FF064-T6-C1-ALL-OPERAS-OLS::B::static::csa
S08-B01-C0007,C95FF064-T6-C1-ALL-OPERAS-OLS::B::static::twfe_bjs
S08-B01-C0008,C95FF064-T6-C1-ALL-OPERAS-OLS::B::static::bjs
S08-B01-C0009,C95FF064-T6-C3-HISTORICALLY-POPULAR-OLS::baseline::static::twfe
S08-B01-C0010,C95FF064-T6-C3-HISTORICALLY-POPULAR-OLS::baseline::static::csa
S08-B01-C0011,C95FF064-T6-C3-HISTORICALLY-POPULAR-OLS::baseline::static::bjs
S08-B01-C0012,C95FF064-T6-C3-HISTORICALLY-POPULAR-OLS::baseline::static::published_native
S08-B01-C0013,C95FF064-T6-C3-HISTORICALLY-POPULAR-OLS::B::static::twfe_csa
S08-B01-C0014,C95FF064-T6-C3-HISTORICALLY-POPULAR-OLS::B::static::csa
S08-B01-C0015,C95FF064-T6-C3-HISTORICALLY-POPULAR-OLS::B::static::twfe_bjs
S08-B01-C0016,C95FF064-T6-C3-HISTORICALLY-POPULAR-OLS::B::static::bjs
S08-B01-C0017,C95FF064-T6-C4-METROPOLITAN-OLS::baseline::static::twfe
S08-B01-C0018,C95FF064-T6-C4-METROPOLITAN-OLS::baseline::static::csa
S08-B01-C0019,C95FF064-T6-C4-METROPOLITAN-OLS::baseline::static::bjs
S08-B01-C0020,C95FF064-T6-C4-METROPOLITAN-OLS::baseline::static::published_native
S08-B01-C0021,C95FF064-T6-C4-METROPOLITAN-OLS::B::static::twfe_csa
S08-B01-C0022,C95FF064-T6-C4-METROPOLITAN-OLS::B::static::csa
S08-B01-C0023,C95FF064-T6-C4-METROPOLITAN-OLS::B::static::twfe_bjs
S08-B01-C0024,C95FF064-T6-C4-METROPOLITAN-OLS::B::static::bjs
S08-B01-C0025,C95FF064-T6-C5-AMAZON-DURABLE-OLS::baseline::static::twfe
S08-B01-C0026,C95FF064-T6-C5-AMAZON-DURABLE-OLS::baseline::static::csa
S08-B01-C0027,C95FF064-T6-C5-AMAZON-DURABLE-OLS::baseline::static::bjs
S08-B01-C0028,C95FF064-T6-C5-AMAZON-DURABLE-OLS::baseline::static::published_native
S08-B01-C0029,C95FF064-T6-C5-AMAZON-DURABLE-OLS::B::static::twfe_csa
S08-B01-C0030,C95FF064-T6-C5-AMAZON-DURABLE-OLS::B::static::csa
S08-B01-C0031,C95FF064-T6-C5-AMAZON-DURABLE-OLS::B::static::twfe_bjs
S08-B01-C0032,C95FF064-T6-C5-AMAZON-DURABLE-OLS::B::static::bjs
S09-B01-C0001,static::HHLT-T5-PC-C1-TRIPS::source_estimator::twfe
S09-B01-C0002,static::HHLT-T5-PC-C1-TRIPS::source_estimator::csa
S09-B01-C0003,static::HHLT-T5-PC-C1-TRIPS::matched_sample_twfe::csa_A
S09-B01-C0004,static::HHLT-T5-PC-C1-TRIPS::matched_sample_twfe::csa_B
S09-B01-C0005,static::HHLT-T5-PC-C1-TRIPS::source_estimator::bjs
S09-B01-C0006,static::HHLT-T5-PC-C1-TRIPS::matched_sample_twfe::bjs
S09-B01-C0007,static::HHLT-T5-PA-C1-QUANTITY::source_estimator::twfe
S09-B01-C0008,static::HHLT-T5-PA-C1-QUANTITY::source_estimator::csa
S09-B01-C0009,static::HHLT-T5-PA-C1-QUANTITY::matched_sample_twfe::csa_A
S09-B01-C0010,static::HHLT-T5-PA-C1-QUANTITY::matched_sample_twfe::csa_B
S09-B01-C0011,static::HHLT-T5-PA-C1-QUANTITY::source_estimator::bjs
S09-B01-C0012,static::HHLT-T5-PA-C1-QUANTITY::matched_sample_twfe::bjs
S09-B01-C0013,static::HHLT-T5-PA-C2-DISTANCE::source_estimator::twfe
S09-B01-C0014,static::HHLT-T5-PA-C2-DISTANCE::source_estimator::csa
S09-B01-C0015,static::HHLT-T5-PA-C2-DISTANCE::matched_sample_twfe::csa_A
S09-B01-C0016,static::HHLT-T5-PA-C2-DISTANCE::matched_sample_twfe::csa_B
S09-B01-C0017,static::HHLT-T5-PA-C2-DISTANCE::source_estimator::bjs
S09-B01-C0018,static::HHLT-T5-PA-C2-DISTANCE::matched_sample_twfe::bjs
S09-B01-C0019,static::HHLT-T5-PA-C3-TIMESEA::source_estimator::twfe
S09-B01-C0020,static::HHLT-T5-PA-C3-TIMESEA::source_estimator::csa
S09-B01-C0021,static::HHLT-T5-PA-C3-TIMESEA::matched_sample_twfe::csa_A
S09-B01-C0022,static::HHLT-T5-PA-C3-TIMESEA::matched_sample_twfe::csa_B
S09-B01-C0023,static::HHLT-T5-PA-C3-TIMESEA::source_estimator::bjs
S09-B01-C0024,static::HHLT-T5-PA-C3-TIMESEA::matched_sample_twfe::bjs
S09-B01-C0025,static::HHLT-T5-PB-C1-QUANTITY::source_estimator::twfe
S09-B01-C0026,static::HHLT-T5-PB-C1-QUANTITY::source_estimator::csa
S09-B01-C0027,static::HHLT-T5-PB-C1-QUANTITY::matched_sample_twfe::csa_A
S09-B01-C0028,static::HHLT-T5-PB-C1-QUANTITY::matched_sample_twfe::csa_B
S09-B01-C0029,static::HHLT-T5-PB-C1-QUANTITY::source_estimator::bjs
S09-B01-C0030,static::HHLT-T5-PB-C1-QUANTITY::matched_sample_twfe::bjs
S09-B01-C0031,static::HHLT-T5-PB-C2-DISTANCE::source_estimator::twfe
S09-B01-C0032,static::HHLT-T5-PB-C2-DISTANCE::source_estimator::csa
S09-B01-C0033,static::HHLT-T5-PB-C2-DISTANCE::matched_sample_twfe::csa_A
S09-B01-C0034,static::HHLT-T5-PB-C2-DISTANCE::matched_sample_twfe::csa_B
S09-B01-C0035,static::HHLT-T5-PB-C2-DISTANCE::source_estimator::bjs
S09-B01-C0036,static::HHLT-T5-PB-C2-DISTANCE::matched_sample_twfe::bjs
S09-B01-C0037,static::HHLT-T5-PB-C3-TIMESEA::source_estimator::twfe
S09-B01-C0038,static::HHLT-T5-PB-C3-TIMESEA::source_estimator::csa
S09-B01-C0039,static::HHLT-T5-PB-C3-TIMESEA::matched_sample_twfe::csa_A
S09-B01-C0040,static::HHLT-T5-PB-C3-TIMESEA::matched_sample_twfe::csa_B
S09-B01-C0041,static::HHLT-T5-PB-C3-TIMESEA::source_estimator::bjs
S09-B01-C0042,static::HHLT-T5-PB-C3-TIMESEA::matched_sample_twfe::bjs
S10-B01-C0001,static::paper_c1d607ca2b0f194bccaf989b_table4_col2::source_estimator::twfe
S10-B01-C0002,static::paper_c1d607ca2b0f194bccaf989b_table4_col2::source_estimator::csa
S10-B01-C0003,static::paper_c1d607ca2b0f194bccaf989b_table4_col2::matched_sample_twfe::csa_A
S10-B01-C0004,static::paper_c1d607ca2b0f194bccaf989b_table4_col2::matched_sample_twfe::csa_B
S10-B01-C0005,static::paper_c1d607ca2b0f194bccaf989b_table4_col2::source_estimator::bjs
S10-B01-C0006,static::paper_c1d607ca2b0f194bccaf989b_table4_col2::matched_sample_twfe::bjs
S10-B01-C0007,static::paper_c1d607ca2b0f194bccaf989b_table4_col4::source_estimator::twfe
S10-B01-C0008,static::paper_c1d607ca2b0f194bccaf989b_table4_col4::source_estimator::csa
S10-B01-C0009,static::paper_c1d607ca2b0f194bccaf989b_table4_col4::matched_sample_twfe::csa_A
S10-B01-C0010,static::paper_c1d607ca2b0f194bccaf989b_table4_col4::matched_sample_twfe::csa_B
S10-B01-C0011,static::paper_c1d607ca2b0f194bccaf989b_table4_col4::source_estimator::bjs
S10-B01-C0012,static::paper_c1d607ca2b0f194bccaf989b_table4_col4::matched_sample_twfe::bjs
S11-B01-C0001,post::HALL-MIRRORS-F1-COCOMMENT::source_estimator::twfe
S11-B01-C0002,post::HALL-MIRRORS-F1-COCOMMENT::source_estimator::csa
S11-B01-C0003,post::HALL-MIRRORS-F1-COCOMMENT::matched_sample_twfe::csa_A
S11-B01-C0004,post::HALL-MIRRORS-F1-COCOMMENT::matched_sample_twfe::csa_B
S11-B01-C0005,post::HALL-MIRRORS-F1-COCOMMENT::source_estimator::bjs
S11-B01-C0006,post::HALL-MIRRORS-F1-COCOMMENT::matched_sample_twfe::bjs
S11-B01-C0007,pre::HALL-MIRRORS-F1-COCOMMENT::source_estimator::twfe
S12-B01-C0001,static::LOCAL-ELECTIONS-T5-C3-LAND-EXPROPRIATION::source_estimator::twfe
S12-B01-C0002,static::LOCAL-ELECTIONS-T5-C3-LAND-EXPROPRIATION::source_estimator::csa
S12-B01-C0003,static::LOCAL-ELECTIONS-T5-C3-LAND-EXPROPRIATION::matched_sample_twfe::csa_A
S12-B01-C0004,static::LOCAL-ELECTIONS-T5-C3-LAND-EXPROPRIATION::matched_sample_twfe::csa_B
S12-B01-C0005,static::LOCAL-ELECTIONS-T5-C3-LAND-EXPROPRIATION::source_estimator::bjs
S12-B01-C0006,static::LOCAL-ELECTIONS-T5-C3-LAND-EXPROPRIATION::matched_sample_twfe::bjs
S12-B01-C0007,static::LOCAL-ELECTIONS-T5-C3-ONE-CHILD::source_estimator::twfe
S12-B01-C0008,static::LOCAL-ELECTIONS-T5-C3-ONE-CHILD::source_estimator::csa
S12-B01-C0009,static::LOCAL-ELECTIONS-T5-C3-ONE-CHILD::matched_sample_twfe::csa_A
S12-B01-C0010,static::LOCAL-ELECTIONS-T5-C3-ONE-CHILD::matched_sample_twfe::csa_B
S12-B01-C0011,static::LOCAL-ELECTIONS-T5-C3-ONE-CHILD::source_estimator::bjs
S12-B01-C0012,static::LOCAL-ELECTIONS-T5-C3-ONE-CHILD::matched_sample_twfe::bjs
S12-B01-C0013,static::LOCAL-ELECTIONS-T5-C3-PUBLIC-GOODS::source_estimator::twfe
S12-B01-C0014,static::LOCAL-ELECTIONS-T5-C3-PUBLIC-GOODS::source_estimator::csa
S12-B01-C0015,static::LOCAL-ELECTIONS-T5-C3-PUBLIC-GOODS::matched_sample_twfe::csa_A
S12-B01-C0016,static::LOCAL-ELECTIONS-T5-C3-PUBLIC-GOODS::matched_sample_twfe::csa_B
S12-B01-C0017,static::LOCAL-ELECTIONS-T5-C3-PUBLIC-GOODS::source_estimator::bjs
S12-B01-C0018,static::LOCAL-ELECTIONS-T5-C3-PUBLIC-GOODS::matched_sample_twfe::bjs
S12-B01-C0019,static::LOCAL-ELECTIONS-T5-C3-VC-UNILATERAL::source_estimator::twfe
S12-B01-C0020,static::LOCAL-ELECTIONS-T5-C3-VC-UNILATERAL::source_estimator::csa
S12-B01-C0021,static::LOCAL-ELECTIONS-T5-C3-VC-UNILATERAL::matched_sample_twfe::csa_A
S12-B01-C0022,static::LOCAL-ELECTIONS-T5-C3-VC-UNILATERAL::matched_sample_twfe::csa_B
S12-B01-C0023,static::LOCAL-ELECTIONS-T5-C3-VC-UNILATERAL::source_estimator::bjs
S12-B01-C0024,static::LOCAL-ELECTIONS-T5-C3-VC-UNILATERAL::matched_sample_twfe::bjs
S13-B01-C0001,static::IPPO-T3-C3-TRANSFER-NONSES::source_estimator::twfe
S13-B01-C0002,static::IPPO-T3-C3-TRANSFER-NONSES::source_estimator::csa
S13-B01-C0003,static::IPPO-T3-C3-TRANSFER-NONSES::matched_sample_twfe::csa_A
S13-B01-C0004,static::IPPO-T3-C3-TRANSFER-NONSES::matched_sample_twfe::csa_B
S13-B01-C0005,static::IPPO-T3-C3-TRANSFER-NONSES::source_estimator::bjs
S13-B01-C0006,static::IPPO-T3-C3-TRANSFER-NONSES::matched_sample_twfe::bjs
S13-B01-C0007,static::IPPO-T3-C5-TRANSFER-SES::source_estimator::twfe
S13-B01-C0008,static::IPPO-T3-C5-TRANSFER-SES::source_estimator::csa
S13-B01-C0009,static::IPPO-T3-C5-TRANSFER-SES::matched_sample_twfe::csa_A
S13-B01-C0010,static::IPPO-T3-C5-TRANSFER-SES::matched_sample_twfe::csa_B
S13-B01-C0011,static::IPPO-T3-C5-TRANSFER-SES::source_estimator::bjs
S13-B01-C0012,static::IPPO-T3-C5-TRANSFER-SES::matched_sample_twfe::bjs
S13-B01-C0013,IPPO-T3-C3-TRANSFER-NONSES::baseline::static::published_native
S13-B01-C0014,IPPO-T3-C5-TRANSFER-SES::baseline::static::published_native
S13-B01-C0015,IPPO-T3-C1-LOGPAY::baseline::static::twfe
S13-B01-C0016,IPPO-T3-C1-LOGPAY::baseline::static::csa
S13-B01-C0017,IPPO-T3-C1-LOGPAY::baseline::static::bjs
S13-B01-C0018,IPPO-T3-C1-LOGPAY::baseline::static::published_native
S13-B01-C0019,IPPO-T3-C1-LOGPAY::B::static::twfe_csa
S13-B01-C0020,IPPO-T3-C1-LOGPAY::B::static::csa
S13-B01-C0021,IPPO-T3-C1-LOGPAY::B::static::twfe_bjs
S13-B01-C0022,IPPO-T3-C1-LOGPAY::B::static::bjs
S14-B01-C0001,static::BON-T4-PA-C1::source_estimator::twfe
S14-B01-C0002,static::BON-T4-PA-C1::source_estimator::csa
S14-B01-C0003,static::BON-T4-PA-C1::matched_sample_twfe::csa_A
S14-B01-C0004,static::BON-T4-PA-C1::matched_sample_twfe::csa_B
S14-B01-C0005,static::BON-T4-PA-C1::source_estimator::bjs
S14-B01-C0006,static::BON-T4-PA-C1::matched_sample_twfe::bjs
S14-B01-C0007,static::BON-T4-PA-C4::source_estimator::twfe
S14-B01-C0008,static::BON-T4-PA-C4::source_estimator::csa
S14-B01-C0009,static::BON-T4-PA-C4::matched_sample_twfe::csa_A
S14-B01-C0010,static::BON-T4-PA-C4::matched_sample_twfe::csa_B
S14-B01-C0011,static::BON-T4-PA-C4::source_estimator::bjs
S14-B01-C0012,static::BON-T4-PA-C4::matched_sample_twfe::bjs
S14-B01-C0013,static::BON-T4-PB-C1::source_estimator::twfe
S14-B01-C0014,static::BON-T4-PB-C1::source_estimator::csa
S14-B01-C0015,static::BON-T4-PB-C1::matched_sample_twfe::csa_A
S14-B01-C0016,static::BON-T4-PB-C1::matched_sample_twfe::csa_B
S14-B01-C0017,static::BON-T4-PB-C1::source_estimator::bjs
S14-B01-C0018,static::BON-T4-PB-C1::matched_sample_twfe::bjs
S14-B01-C0019,static::BON-T4-PB-C4::source_estimator::twfe
S14-B01-C0020,static::BON-T4-PB-C4::source_estimator::csa
S14-B01-C0021,static::BON-T4-PB-C4::matched_sample_twfe::csa_A
S14-B01-C0022,static::BON-T4-PB-C4::matched_sample_twfe::csa_B
S14-B01-C0023,static::BON-T4-PB-C4::source_estimator::bjs
S14-B01-C0024,static::BON-T4-PB-C4::matched_sample_twfe::bjs
S15-B01-C0001,RPD-T3-C4-ALL-OPIOIDS::baseline::static::twfe
S15-B01-C0002,RPD-T3-C4-ALL-OPIOIDS::baseline::static::csa
S15-B01-C0003,RPD-T3-C4-ALL-OPIOIDS::baseline::static::bjs
S15-B01-C0004,RPD-T3-C4-ALL-OPIOIDS::baseline::static::published_native
S15-B01-C0005,RPD-T3-C4-ALL-OPIOIDS::B::static::twfe_csa
S15-B01-C0006,RPD-T3-C4-ALL-OPIOIDS::B::static::csa
S15-B01-C0007,RPD-T3-C4-ALL-OPIOIDS::B::static::twfe_bjs
S15-B01-C0008,RPD-T3-C4-ALL-OPIOIDS::B::static::bjs
S15-B01-C0009,RPD-T3-C9-OXYCONTIN::baseline::static::twfe
S15-B01-C0010,RPD-T3-C9-OXYCONTIN::baseline::static::csa
S15-B01-C0011,RPD-T3-C9-OXYCONTIN::baseline::static::bjs
S15-B01-C0012,RPD-T3-C9-OXYCONTIN::baseline::static::published_native
S15-B01-C0013,RPD-T3-C9-OXYCONTIN::B::static::twfe_csa
S15-B01-C0014,RPD-T3-C9-OXYCONTIN::B::static::csa
S15-B01-C0015,RPD-T3-C9-OXYCONTIN::B::static::twfe_bjs
S15-B01-C0016,RPD-T3-C9-OXYCONTIN::B::static::bjs
S16-B01-C0001,GIFT-F5A-POOL::baseline::static::twfe
S16-B01-C0002,GIFT-F5A-POOL::baseline::static::csa
S16-B01-C0003,GIFT-F5A-POOL::baseline::static::bjs
S16-B01-C0004,GIFT-F5A-POOL::B::static::twfe_csa
S16-B01-C0005,GIFT-F5A-POOL::B::static::csa
S16-B01-C0006,GIFT-F5A-POOL::B::static::twfe_bjs
S16-B01-C0007,GIFT-F5A-POOL::B::static::bjs
S16-B01-C0008,GIFT-F5A-BLACK::baseline::static::twfe
S16-B01-C0009,GIFT-F5A-BLACK::baseline::static::csa
S16-B01-C0010,GIFT-F5A-BLACK::baseline::static::bjs
S16-B01-C0011,GIFT-F5A-BLACK::B::static::twfe_csa
S16-B01-C0012,GIFT-F5A-BLACK::B::static::csa
S16-B01-C0013,GIFT-F5A-BLACK::B::static::twfe_bjs
S16-B01-C0014,GIFT-F5A-BLACK::B::static::bjs
S16-B01-C0015,GIFT-F5A-WHITE::baseline::static::twfe
S16-B01-C0016,GIFT-F5A-WHITE::baseline::static::csa
S16-B01-C0017,GIFT-F5A-WHITE::baseline::static::bjs
S16-B01-C0018,GIFT-F5A-WHITE::B::static::twfe_csa
S16-B01-C0019,GIFT-F5A-WHITE::B::static::csa
S16-B01-C0020,GIFT-F5A-WHITE::B::static::twfe_bjs
S16-B01-C0021,GIFT-F5A-WHITE::B::static::bjs
S16-B01-C0022,GIFT-F5A-LOGIMR-CSA-POOL::baseline::static::twfe
S16-B01-C0023,GIFT-F5A-LOGIMR-CSA-POOL::baseline::static::csa
S16-B01-C0024,GIFT-F5A-LOGIMR-CSA-POOL::baseline::static::bjs
S16-B01-C0025,GIFT-F5A-LOGIMR-CSA-POOL::B::static::twfe_csa
S16-B01-C0026,GIFT-F5A-LOGIMR-CSA-POOL::B::static::csa
S16-B01-C0027,GIFT-F5A-LOGIMR-CSA-POOL::B::static::twfe_bjs
S16-B01-C0028,GIFT-F5A-LOGIMR-CSA-POOL::B::static::bjs
S16-B01-C0029,GIFT-F5A-LOGIMR-CSA-BLACK::baseline::static::twfe
S16-B01-C0030,GIFT-F5A-LOGIMR-CSA-BLACK::baseline::static::csa
S16-B01-C0031,GIFT-F5A-LOGIMR-CSA-BLACK::baseline::static::bjs
S16-B01-C0032,GIFT-F5A-LOGIMR-CSA-BLACK::B::static::twfe_csa
S16-B01-C0033,GIFT-F5A-LOGIMR-CSA-BLACK::B::static::csa
S16-B01-C0034,GIFT-F5A-LOGIMR-CSA-BLACK::B::static::twfe_bjs
S16-B01-C0035,GIFT-F5A-LOGIMR-CSA-BLACK::B::static::bjs
S16-B01-C0036,GIFT-F5A-LOGIMR-CSA-WHITE::baseline::static::twfe
S16-B01-C0037,GIFT-F5A-LOGIMR-CSA-WHITE::baseline::static::csa
S16-B01-C0038,GIFT-F5A-LOGIMR-CSA-WHITE::baseline::static::bjs
S16-B01-C0039,GIFT-F5A-LOGIMR-CSA-WHITE::B::static::twfe_csa
S16-B01-C0040,GIFT-F5A-LOGIMR-CSA-WHITE::B::static::csa
S16-B01-C0041,GIFT-F5A-LOGIMR-CSA-WHITE::B::static::twfe_bjs
S16-B01-C0042,GIFT-F5A-LOGIMR-CSA-WHITE::B::static::bjs
S16-B01-C0043,GIFT-F4-LOGIMR-CSA-POOL::baseline::post::twfe
S16-B01-C0044,GIFT-F4-LOGIMR-CSA-POOL::baseline::post::csa
S16-B01-C0045,GIFT-F4-LOGIMR-CSA-POOL::baseline::post::bjs
S16-B01-C0046,GIFT-F4-LOGIMR-CSA-POOL::B::post::twfe_csa
S16-B01-C0047,GIFT-F4-LOGIMR-CSA-POOL::B::post::csa
S16-B01-C0048,GIFT-F4-LOGIMR-CSA-POOL::B::post::twfe_bjs
S16-B01-C0049,GIFT-F4-LOGIMR-CSA-POOL::B::post::bjs
S16-B01-C0050,GIFT-F4-LOGIMR-CSA-POOL::baseline::pre::twfe
S16-B01-C0051,GIFT-F4-LOGIMR-CSA-POOL::baseline::pre::csa
S16-B01-C0052,GIFT-F4-LOGIMR-CSA-POOL::baseline::pre::bjs
S16-B01-C0053,GIFT-F4-LOGIMR-CSA-POOL::B::pre::twfe_csa
S16-B01-C0054,GIFT-F4-LOGIMR-CSA-POOL::B::pre::csa
S16-B01-C0055,GIFT-F4-LOGIMR-CSA-POOL::B::pre::twfe_bjs
S16-B01-C0056,GIFT-F4-LOGIMR-CSA-POOL::B::pre::bjs
S16-B01-C0057,GIFT-F4-LOGIMR-CSA-BLACK::baseline::post::twfe
S16-B01-C0058,GIFT-F4-LOGIMR-CSA-BLACK::baseline::post::csa
S16-B01-C0059,GIFT-F4-LOGIMR-CSA-BLACK::baseline::post::bjs
S16-B01-C0060,GIFT-F4-LOGIMR-CSA-BLACK::B::post::twfe_csa
S16-B01-C0061,GIFT-F4-LOGIMR-CSA-BLACK::B::post::csa
S16-B01-C0062,GIFT-F4-LOGIMR-CSA-BLACK::B::post::twfe_bjs
S16-B01-C0063,GIFT-F4-LOGIMR-CSA-BLACK::B::post::bjs
S16-B01-C0064,GIFT-F4-LOGIMR-CSA-BLACK::baseline::pre::twfe
S16-B01-C0065,GIFT-F4-LOGIMR-CSA-BLACK::baseline::pre::csa
S16-B01-C0066,GIFT-F4-LOGIMR-CSA-BLACK::baseline::pre::bjs
S16-B01-C0067,GIFT-F4-LOGIMR-CSA-BLACK::B::pre::twfe_csa
S16-B01-C0068,GIFT-F4-LOGIMR-CSA-BLACK::B::pre::csa
S16-B01-C0069,GIFT-F4-LOGIMR-CSA-BLACK::B::pre::twfe_bjs
S16-B01-C0070,GIFT-F4-LOGIMR-CSA-BLACK::B::pre::bjs
S16-B01-C0071,GIFT-F4-LOGIMR-CSA-WHITE::baseline::post::twfe
S16-B01-C0072,GIFT-F4-LOGIMR-CSA-WHITE::baseline::post::csa
S16-B01-C0073,GIFT-F4-LOGIMR-CSA-WHITE::baseline::post::bjs
S16-B01-C0074,GIFT-F4-LOGIMR-CSA-WHITE::B::post::twfe_csa
S16-B01-C0075,GIFT-F4-LOGIMR-CSA-WHITE::B::post::csa
S16-B01-C0076,GIFT-F4-LOGIMR-CSA-WHITE::B::post::twfe_bjs
S16-B01-C0077,GIFT-F4-LOGIMR-CSA-WHITE::B::post::bjs
S16-B01-C0078,GIFT-F4-LOGIMR-CSA-WHITE::baseline::pre::twfe
S16-B01-C0079,GIFT-F4-LOGIMR-CSA-WHITE::baseline::pre::csa
S16-B01-C0080,GIFT-F4-LOGIMR-CSA-WHITE::baseline::pre::bjs
S16-B01-C0081,GIFT-F4-LOGIMR-CSA-WHITE::B::pre::twfe_csa
S16-B01-C0082,GIFT-F4-LOGIMR-CSA-WHITE::B::pre::csa
S16-B01-C0083,GIFT-F4-LOGIMR-CSA-WHITE::B::pre::twfe_bjs
S16-B01-C0084,GIFT-F4-LOGIMR-CSA-WHITE::B::pre::bjs
S16-B01-C0085,GIFT-F5A-LOGIMR-CSA-POOL::baseline::static::published_native
S16-B01-C0086,GIFT-F5A-LOGIMR-CSA-BLACK::baseline::static::published_native
S16-B01-C0087,GIFT-F5A-LOGIMR-CSA-WHITE::baseline::static::published_native
S16-B01-C0088,GIFT-F4-LOGIMR-CSA-POOL::baseline::post::published_native
S16-B01-C0089,GIFT-F4-LOGIMR-CSA-POOL::baseline::pre::published_native
S16-B01-C0090,GIFT-F4-LOGIMR-CSA-BLACK::baseline::post::published_native
S16-B01-C0091,GIFT-F4-LOGIMR-CSA-BLACK::baseline::pre::published_native
S16-B01-C0092,GIFT-F4-LOGIMR-CSA-WHITE::baseline::post::published_native
S16-B01-C0093,GIFT-F4-LOGIMR-CSA-WHITE::baseline::pre::published_native
S17-B01-C0001,TN-F2-BASELINE::post::twfe
S17-B01-C0002,TN-F2-BASELINE::post::csa
S17-B01-C0003,TN-F2-BASELINE::post::bjs
S17-B01-C0004,TN-F2-BASELINE::post::twfe_csa
S17-B01-C0005,TN-F2-BASELINE::post::twfe_bjs
S17-B01-C0006,TN-F2-BASELINE::pre::twfe
S17-B01-C0007,TN-F2-BASELINE::pre::csa
S17-B01-C0008,TN-F2-BASELINE::pre::bjs
S17-B01-C0009,TN-F2-BASELINE::pre::twfe_csa
S17-B01-C0010,TN-F2-BASELINE::pre::twfe_bjs
S17-B01-C0011,TN-F2-BASELINE::coefficient::twfe::-5
S17-B01-C0012,TN-F2-BASELINE::coefficient::twfe::-4
S17-B01-C0013,TN-F2-BASELINE::coefficient::twfe::-3
S17-B01-C0014,TN-F2-BASELINE::coefficient::twfe::-2
S17-B01-C0015,TN-F2-BASELINE::coefficient::twfe::0
S17-B01-C0016,TN-F2-BASELINE::coefficient::twfe::1
S17-B01-C0017,TN-F2-BASELINE::coefficient::twfe::2
S17-B01-C0018,TN-F2-BASELINE::coefficient::twfe::3
S17-B01-C0019,TN-F2-BASELINE::coefficient::twfe::4
S17-B01-C0020,TN-F2-BASELINE::coefficient::twfe::5
S17-B01-C0021,TN-F2-BASELINE::coefficient::twfe::6
S17-B01-C0022,TN-F2-BASELINE::coefficient::twfe::7
S17-B01-C0023,TN-F2-BASELINE::coefficient::twfe::8
S17-B01-C0024,TN-F2-BASELINE::coefficient::twfe::9
S17-B01-C0025,TN-F2-BASELINE::coefficient::csa::-5
S17-B01-C0026,TN-F2-BASELINE::coefficient::csa::-4
S17-B01-C0027,TN-F2-BASELINE::coefficient::csa::-3
S17-B01-C0028,TN-F2-BASELINE::coefficient::csa::-2
S17-B01-C0029,TN-F2-BASELINE::coefficient::csa::0
S17-B01-C0030,TN-F2-BASELINE::coefficient::csa::1
S17-B01-C0031,TN-F2-BASELINE::coefficient::csa::2
S17-B01-C0032,TN-F2-BASELINE::coefficient::csa::3
S17-B01-C0033,TN-F2-BASELINE::coefficient::csa::4
S17-B01-C0034,TN-F2-BASELINE::coefficient::csa::5
S17-B01-C0035,TN-F2-BASELINE::coefficient::csa::6
S17-B01-C0036,TN-F2-BASELINE::coefficient::csa::7
S17-B01-C0037,TN-F2-BASELINE::coefficient::csa::8
S17-B01-C0038,TN-F2-BASELINE::coefficient::csa::9
S17-B01-C0039,TN-F2-BASELINE::coefficient::bjs::-5
S17-B01-C0040,TN-F2-BASELINE::coefficient::bjs::-4
S17-B01-C0041,TN-F2-BASELINE::coefficient::bjs::-3
S17-B01-C0042,TN-F2-BASELINE::coefficient::bjs::-2
S17-B01-C0043,TN-F2-BASELINE::coefficient::bjs::0
S17-B01-C0044,TN-F2-BASELINE::coefficient::bjs::1
S17-B01-C0045,TN-F2-BASELINE::coefficient::bjs::2
S17-B01-C0046,TN-F2-BASELINE::coefficient::bjs::3
S17-B01-C0047,TN-F2-BASELINE::coefficient::bjs::4
S17-B01-C0048,TN-F2-BASELINE::coefficient::bjs::5
S17-B01-C0049,TN-F2-BASELINE::coefficient::bjs::6
S17-B01-C0050,TN-F2-BASELINE::coefficient::bjs::7
S17-B01-C0051,TN-F2-BASELINE::coefficient::bjs::8
S17-B01-C0052,TN-F2-BASELINE::coefficient::bjs::9
S17-B01-C0053,TN-F2-BASELINE::matched_coefficient::post::csa::-5
S17-B01-C0054,TN-F2-BASELINE::matched_coefficient::post::csa::-4
S17-B01-C0055,TN-F2-BASELINE::matched_coefficient::post::csa::-3
S17-B01-C0056,TN-F2-BASELINE::matched_coefficient::post::csa::-2
S17-B01-C0057,TN-F2-BASELINE::matched_coefficient::post::csa::0
S17-B01-C0058,TN-F2-BASELINE::matched_coefficient::post::csa::1
S17-B01-C0059,TN-F2-BASELINE::matched_coefficient::post::csa::2
S17-B01-C0060,TN-F2-BASELINE::matched_coefficient::post::csa::3
S17-B01-C0061,TN-F2-BASELINE::matched_coefficient::post::csa::4
S17-B01-C0062,TN-F2-BASELINE::matched_coefficient::post::csa::5
S17-B01-C0063,TN-F2-BASELINE::matched_coefficient::post::csa::6
S17-B01-C0064,TN-F2-BASELINE::matched_coefficient::post::csa::7
S17-B01-C0065,TN-F2-BASELINE::matched_coefficient::post::csa::8
S17-B01-C0066,TN-F2-BASELINE::matched_coefficient::post::bjs::-5
S17-B01-C0067,TN-F2-BASELINE::matched_coefficient::post::bjs::-4
S17-B01-C0068,TN-F2-BASELINE::matched_coefficient::post::bjs::-3
S17-B01-C0069,TN-F2-BASELINE::matched_coefficient::post::bjs::-2
S17-B01-C0070,TN-F2-BASELINE::matched_coefficient::post::bjs::0
S17-B01-C0071,TN-F2-BASELINE::matched_coefficient::post::bjs::1
S17-B01-C0072,TN-F2-BASELINE::matched_coefficient::post::bjs::2
S17-B01-C0073,TN-F2-BASELINE::matched_coefficient::post::bjs::3
S17-B01-C0074,TN-F2-BASELINE::matched_coefficient::post::bjs::4
S17-B01-C0075,TN-F2-BASELINE::matched_coefficient::post::bjs::5
S17-B01-C0076,TN-F2-BASELINE::matched_coefficient::post::bjs::6
S17-B01-C0077,TN-F2-BASELINE::matched_coefficient::post::bjs::7
S17-B01-C0078,TN-F2-BASELINE::matched_coefficient::post::bjs::8
S17-B01-C0079,TN-F2-BASELINE::matched_coefficient::pre::csa::-5
S17-B01-C0080,TN-F2-BASELINE::matched_coefficient::pre::csa::-4
S17-B01-C0081,TN-F2-BASELINE::matched_coefficient::pre::csa::-3
S17-B01-C0082,TN-F2-BASELINE::matched_coefficient::pre::csa::-2
S17-B01-C0083,TN-F2-BASELINE::matched_coefficient::pre::bjs::-5
S17-B01-C0084,TN-F2-BASELINE::matched_coefficient::pre::bjs::-4
S17-B01-C0085,TN-F2-BASELINE::matched_coefficient::pre::bjs::-3
S17-B01-C0086,TN-F2-BASELINE::matched_coefficient::pre::bjs::-2
S17-B01-C0087,TN-F2-ORIGINDESTYEAR::post::twfe
S17-B01-C0088,TN-F2-ORIGINDESTYEAR::pre::twfe
S17-B01-C0089,TN-F2-ORIGINDESTYEAR::coefficient::twfe::-5
S17-B01-C0090,TN-F2-ORIGINDESTYEAR::coefficient::twfe::-4
S17-B01-C0091,TN-F2-ORIGINDESTYEAR::coefficient::twfe::-3
S17-B01-C0092,TN-F2-ORIGINDESTYEAR::coefficient::twfe::-2
S17-B01-C0093,TN-F2-ORIGINDESTYEAR::coefficient::twfe::0
S17-B01-C0094,TN-F2-ORIGINDESTYEAR::coefficient::twfe::1
S17-B01-C0095,TN-F2-ORIGINDESTYEAR::coefficient::twfe::2
S17-B01-C0096,TN-F2-ORIGINDESTYEAR::coefficient::twfe::3
S17-B01-C0097,TN-F2-ORIGINDESTYEAR::coefficient::twfe::4
S17-B01-C0098,TN-F2-ORIGINDESTYEAR::coefficient::twfe::5
S17-B01-C0099,TN-F2-ORIGINDESTYEAR::coefficient::twfe::6
S17-B01-C0100,TN-F2-ORIGINDESTYEAR::coefficient::twfe::7
S17-B01-C0101,TN-F2-ORIGINDESTYEAR::coefficient::twfe::8
S17-B01-C0102,TN-F2-ORIGINDESTYEAR::coefficient::twfe::9
S17-B01-C0103,TN-F2-ORIGINDESTYEAR::coefficient::csa::-3
S17-B01-C0104,TN-F2-ORIGINDESTYEAR::coefficient::csa::-2
S17-B01-C0105,TN-F2-ORIGINDESTYEAR::coefficient::csa::0
S17-B01-C0106,TN-F2-ORIGINDESTYEAR::coefficient::csa::1
S17-B01-C0107,TN-F2-ORIGINDESTYEAR::coefficient::csa::2
S17-B01-C0108,TN-F2-ORIGINDESTYEAR::coefficient::csa::3
S17-B01-C0109,TN-F2-ORIGINDESTYEAR::coefficient::csa::4
S17-B01-C0110,TN-F2-ORIGINDESTYEAR::coefficient::csa::5
S17-B01-C0111,TN-F2-ORIGINDESTYEAR::coefficient::csa::6
S17-B01-C0112,TN-F2-ORIGINDESTYEAR::coefficient::bjs::-3
S17-B01-C0113,TN-F2-ORIGINDESTYEAR::coefficient::bjs::-2
S17-B01-C0114,TN-F2-ORIGINDESTYEAR::coefficient::bjs::0
S17-B01-C0115,TN-F2-ORIGINDESTYEAR::coefficient::bjs::1
S17-B01-C0116,TN-F2-ORIGINDESTYEAR::coefficient::bjs::2
S17-B01-C0117,TN-F2-ORIGINDESTYEAR::coefficient::bjs::3
S17-B01-C0118,TN-F2-ORIGINDESTYEAR::coefficient::bjs::4
S17-B01-C0119,TN-F2-ORIGINDESTYEAR::coefficient::bjs::5
S17-B01-C0120,TN-F2-ORIGINDESTYEAR::coefficient::bjs::6
S17-B01-C0121,TN-F2-ORIGINDESTYEAR::matched_coefficient::post::csa::-3
S17-B01-C0122,TN-F2-ORIGINDESTYEAR::matched_coefficient::post::csa::-2
S17-B01-C0123,TN-F2-ORIGINDESTYEAR::matched_coefficient::post::csa::0
S17-B01-C0124,TN-F2-ORIGINDESTYEAR::matched_coefficient::post::csa::1
S17-B01-C0125,TN-F2-ORIGINDESTYEAR::matched_coefficient::post::csa::2
S17-B01-C0126,TN-F2-ORIGINDESTYEAR::matched_coefficient::post::bjs::-3
S17-B01-C0127,TN-F2-ORIGINDESTYEAR::matched_coefficient::post::bjs::-2
S17-B01-C0128,TN-F2-ORIGINDESTYEAR::matched_coefficient::post::bjs::0
S17-B01-C0129,TN-F2-ORIGINDESTYEAR::matched_coefficient::post::bjs::1
S17-B01-C0130,TN-F2-ORIGINDESTYEAR::matched_coefficient::post::bjs::2
S17-B01-C0131,TN-F2-ORIGINDESTYEAR::matched_coefficient::pre::csa::-3
S17-B01-C0132,TN-F2-ORIGINDESTYEAR::matched_coefficient::pre::csa::-2
S17-B01-C0133,TN-F2-ORIGINDESTYEAR::matched_coefficient::pre::bjs::-3
S17-B01-C0134,TN-F2-ORIGINDESTYEAR::matched_coefficient::pre::bjs::-2
S17-B01-C0135,TN-F2-ANNOTATED-SCALAR::static::twfe
S17-B01-C0136,TN-F2-ANNOTATED-SCALAR::static::csa
S17-B01-C0137,TN-F2-ANNOTATED-SCALAR::static::bjs
S17-B01-C0138,TN-F2-ANNOTATED-SCALAR::static::twfe_csa
S17-B01-C0139,TN-F2-ANNOTATED-SCALAR::static::twfe_bjs
S17-B01-C0140,TN-F2-ANNOTATED-SCALAR::coefficient::twfe::treatment
S17-B01-C0141,TN-F2-ANNOTATED-SCALAR::coefficient::csa::treatment
S17-B01-C0142,TN-F2-ANNOTATED-SCALAR::coefficient::bjs::treatment
S17-B01-C0143,TN-F2-ANNOTATED-SCALAR::matched_coefficient::static::csa::treatment
S17-B01-C0144,TN-F2-ANNOTATED-SCALAR::matched_coefficient::static::bjs::treatment
S17-B01-C0145,TN-F2-BASELINE::baseline::post::twfe
S17-B01-C0146,TN-F2-BASELINE::baseline::post::csa
S17-B01-C0147,TN-F2-BASELINE::baseline::post::bjs
S17-B01-C0148,TN-F2-BASELINE::B::post::twfe_csa
S17-B01-C0149,TN-F2-BASELINE::B::post::csa
S17-B01-C0150,TN-F2-BASELINE::B::post::twfe_bjs
S17-B01-C0151,TN-F2-BASELINE::B::post::bjs
S17-B01-C0152,TN-F2-BASELINE::baseline::pre::twfe
S17-B01-C0153,TN-F2-BASELINE::baseline::pre::csa
S17-B01-C0154,TN-F2-BASELINE::baseline::pre::bjs
S17-B01-C0155,TN-F2-BASELINE::B::pre::twfe_csa
S17-B01-C0156,TN-F2-BASELINE::B::pre::csa
S17-B01-C0157,TN-F2-BASELINE::B::pre::twfe_bjs
S17-B01-C0158,TN-F2-BASELINE::B::pre::bjs
S17-B01-C0159,TN-F2-ORIGINDESTYEAR::baseline::post::twfe
S17-B01-C0160,TN-F2-ORIGINDESTYEAR::baseline::post::csa
S17-B01-C0161,TN-F2-ORIGINDESTYEAR::baseline::post::bjs
S17-B01-C0162,TN-F2-ORIGINDESTYEAR::B::post::twfe_csa
S17-B01-C0163,TN-F2-ORIGINDESTYEAR::B::post::csa
S17-B01-C0164,TN-F2-ORIGINDESTYEAR::B::post::twfe_bjs
S17-B01-C0165,TN-F2-ORIGINDESTYEAR::B::post::bjs
S17-B01-C0166,TN-F2-ORIGINDESTYEAR::baseline::pre::twfe
S17-B01-C0167,TN-F2-ORIGINDESTYEAR::baseline::pre::csa
S17-B01-C0168,TN-F2-ORIGINDESTYEAR::baseline::pre::bjs
S17-B01-C0169,TN-F2-ORIGINDESTYEAR::B::pre::twfe_csa
S17-B01-C0170,TN-F2-ORIGINDESTYEAR::B::pre::csa
S17-B01-C0171,TN-F2-ORIGINDESTYEAR::B::pre::twfe_bjs
S17-B01-C0172,TN-F2-ORIGINDESTYEAR::B::pre::bjs
S18-B01-C0001,static::FISCAL-T8-C1-MARRIAGE-RULERS::source_estimator::twfe
S18-B01-C0002,static::FISCAL-T8-C1-MARRIAGE-RULERS::source_estimator::csa
S18-B01-C0003,static::FISCAL-T8-C1-MARRIAGE-RULERS::matched_sample_twfe::csa_A
S18-B01-C0004,static::FISCAL-T8-C1-MARRIAGE-RULERS::matched_sample_twfe::csa_B
S18-B01-C0005,static::FISCAL-T8-C1-MARRIAGE-RULERS::source_estimator::bjs
S18-B01-C0006,static::FISCAL-T8-C1-MARRIAGE-RULERS::matched_sample_twfe::bjs
S18-B01-C0007,static::FISCAL-T8-C3-MARRIAGE-LAND::source_estimator::twfe
S18-B01-C0008,static::FISCAL-T8-C3-MARRIAGE-LAND::source_estimator::csa
S18-B01-C0009,static::FISCAL-T8-C3-MARRIAGE-LAND::matched_sample_twfe::csa_A
S18-B01-C0010,static::FISCAL-T8-C3-MARRIAGE-LAND::matched_sample_twfe::csa_B
S18-B01-C0011,static::FISCAL-T8-C3-MARRIAGE-LAND::source_estimator::bjs
S18-B01-C0012,static::FISCAL-T8-C3-MARRIAGE-LAND::matched_sample_twfe::bjs
S18-B01-C0013,static::FISCAL-T2-C1-VANISH-CONFLICT::source_estimator::twfe
S18-B01-C0014,static::FISCAL-T2-C1-VANISH-CONFLICT::source_estimator::csa
S18-B01-C0015,static::FISCAL-T2-C1-VANISH-CONFLICT::matched_sample_twfe::csa_A
S18-B01-C0016,static::FISCAL-T2-C1-VANISH-CONFLICT::matched_sample_twfe::csa_B
S18-B01-C0017,static::FISCAL-T2-C1-VANISH-CONFLICT::source_estimator::bjs
S18-B01-C0018,static::FISCAL-T2-C1-VANISH-CONFLICT::matched_sample_twfe::bjs
S18-B01-C0019,static::FISCAL-T2-C3-VANISH-PURCHASE::source_estimator::twfe
S18-B01-C0020,static::FISCAL-T2-C3-VANISH-PURCHASE::source_estimator::csa
S18-B01-C0021,static::FISCAL-T2-C3-VANISH-PURCHASE::matched_sample_twfe::csa_A
S18-B01-C0022,static::FISCAL-T2-C3-VANISH-PURCHASE::matched_sample_twfe::csa_B
S18-B01-C0023,static::FISCAL-T2-C3-VANISH-PURCHASE::source_estimator::bjs
S18-B01-C0024,static::FISCAL-T2-C3-VANISH-PURCHASE::matched_sample_twfe::bjs
S18-B01-C0025,static::FISCAL-T2-C5-VANISH-EXTINCTION::source_estimator::twfe
S18-B01-C0026,static::FISCAL-T2-C5-VANISH-EXTINCTION::source_estimator::csa
S18-B01-C0027,static::FISCAL-T2-C5-VANISH-EXTINCTION::matched_sample_twfe::csa_A
S18-B01-C0028,static::FISCAL-T2-C5-VANISH-EXTINCTION::matched_sample_twfe::csa_B
S18-B01-C0029,static::FISCAL-T2-C5-VANISH-EXTINCTION::source_estimator::bjs
S18-B01-C0030,static::FISCAL-T2-C5-VANISH-EXTINCTION::matched_sample_twfe::bjs
S18-B01-C0031,static::FISCAL-T3-C1-SIZE-SINGLE::source_estimator::twfe
S18-B01-C0032,static::FISCAL-T3-C1-SIZE-SINGLE::source_estimator::csa
S18-B01-C0033,static::FISCAL-T3-C1-SIZE-SINGLE::matched_sample_twfe::csa_A
S18-B01-C0034,static::FISCAL-T3-C1-SIZE-SINGLE::matched_sample_twfe::csa_B
S18-B01-C0035,static::FISCAL-T3-C1-SIZE-SINGLE::source_estimator::bjs
S18-B01-C0036,static::FISCAL-T3-C1-SIZE-SINGLE::matched_sample_twfe::bjs
S18-B01-C0037,static::FISCAL-T3-C3-SIZE-UNCONTESTED::source_estimator::twfe
S18-B01-C0038,static::FISCAL-T3-C3-SIZE-UNCONTESTED::source_estimator::csa
S18-B01-C0039,static::FISCAL-T3-C3-SIZE-UNCONTESTED::matched_sample_twfe::csa_A
S18-B01-C0040,static::FISCAL-T3-C3-SIZE-UNCONTESTED::matched_sample_twfe::csa_B
S18-B01-C0041,static::FISCAL-T3-C3-SIZE-UNCONTESTED::source_estimator::bjs
S18-B01-C0042,static::FISCAL-T3-C3-SIZE-UNCONTESTED::matched_sample_twfe::bjs
S18-B01-C0043,static::FISCAL-T3-C5-SIZE-ALL::source_estimator::twfe
S18-B01-C0044,static::FISCAL-T3-C5-SIZE-ALL::source_estimator::csa
S18-B01-C0045,static::FISCAL-T3-C5-SIZE-ALL::matched_sample_twfe::csa_A
S18-B01-C0046,static::FISCAL-T3-C5-SIZE-ALL::matched_sample_twfe::csa_B
S18-B01-C0047,static::FISCAL-T3-C5-SIZE-ALL::source_estimator::bjs
S18-B01-C0048,static::FISCAL-T3-C5-SIZE-ALL::matched_sample_twfe::bjs
S18-B01-C0049,static::FISCAL-T4-C1-COMPACT-TERRITORY::source_estimator::twfe
S18-B01-C0050,static::FISCAL-T4-C1-COMPACT-TERRITORY::source_estimator::csa
S18-B01-C0051,static::FISCAL-T4-C1-COMPACT-TERRITORY::matched_sample_twfe::csa_A
S18-B01-C0052,static::FISCAL-T4-C1-COMPACT-TERRITORY::matched_sample_twfe::csa_B
S18-B01-C0053,static::FISCAL-T4-C1-COMPACT-TERRITORY::source_estimator::bjs
S18-B01-C0054,static::FISCAL-T4-C1-COMPACT-TERRITORY::matched_sample_twfe::bjs
S18-B01-C0055,static::FISCAL-T9-C1-VANISH-NOEXT::source_estimator::twfe
S18-B01-C0056,static::FISCAL-T9-C1-VANISH-NOEXT::source_estimator::csa
S18-B01-C0057,static::FISCAL-T9-C1-VANISH-NOEXT::matched_sample_twfe::csa_A
S18-B01-C0058,static::FISCAL-T9-C1-VANISH-NOEXT::matched_sample_twfe::csa_B
S18-B01-C0059,static::FISCAL-T9-C1-VANISH-NOEXT::source_estimator::bjs
S18-B01-C0060,static::FISCAL-T9-C1-VANISH-NOEXT::matched_sample_twfe::bjs
S18-B01-C0061,post::FISCAL-F1B-SIZE::source_estimator::twfe
S18-B01-C0062,post::FISCAL-F1B-SIZE::source_estimator::csa
S18-B01-C0063,post::FISCAL-F1B-SIZE::matched_sample_twfe::csa_A
S18-B01-C0064,post::FISCAL-F1B-SIZE::matched_sample_twfe::csa_B
S18-B01-C0065,post::FISCAL-F1B-SIZE::source_estimator::bjs
S18-B01-C0066,post::FISCAL-F1B-SIZE::matched_sample_twfe::bjs
S18-B01-C0067,post::FISCAL-F2A-COMPACT-TERRITORY::source_estimator::twfe
S18-B01-C0068,post::FISCAL-F2A-COMPACT-TERRITORY::source_estimator::csa
S18-B01-C0069,post::FISCAL-F2A-COMPACT-TERRITORY::matched_sample_twfe::csa_A
S18-B01-C0070,post::FISCAL-F2A-COMPACT-TERRITORY::matched_sample_twfe::csa_B
S18-B01-C0071,post::FISCAL-F2A-COMPACT-TERRITORY::source_estimator::bjs
S18-B01-C0072,post::FISCAL-F2A-COMPACT-TERRITORY::matched_sample_twfe::bjs
S18-B01-C0073,post::FISCAL-F5A-MARRIAGE-RULERS::source_estimator::twfe
S18-B01-C0074,post::FISCAL-F5A-MARRIAGE-RULERS::source_estimator::csa
S18-B01-C0075,post::FISCAL-F5A-MARRIAGE-RULERS::matched_sample_twfe::csa_A
S18-B01-C0076,post::FISCAL-F5A-MARRIAGE-RULERS::matched_sample_twfe::csa_B
S18-B01-C0077,post::FISCAL-F5A-MARRIAGE-RULERS::source_estimator::bjs
S18-B01-C0078,post::FISCAL-F5A-MARRIAGE-RULERS::matched_sample_twfe::bjs
S18-B01-C0079,post::FISCAL-F5B-MARRIAGE-LAND::source_estimator::twfe
S18-B01-C0080,post::FISCAL-F5B-MARRIAGE-LAND::source_estimator::csa
S18-B01-C0081,post::FISCAL-F5B-MARRIAGE-LAND::matched_sample_twfe::csa_A
S18-B01-C0082,post::FISCAL-F5B-MARRIAGE-LAND::matched_sample_twfe::csa_B
S18-B01-C0083,post::FISCAL-F5B-MARRIAGE-LAND::source_estimator::bjs
S18-B01-C0084,post::FISCAL-F5B-MARRIAGE-LAND::matched_sample_twfe::bjs
S18-B01-C0085,pre::FISCAL-F1B-SIZE::source_estimator::twfe
S18-B01-C0086,pre::FISCAL-F1B-SIZE::source_estimator::csa
S18-B01-C0087,pre::FISCAL-F1B-SIZE::source_estimator::bjs
S18-B01-C0088,pre::FISCAL-F1B-SIZE::matched_sample_twfe::csa_A
S18-B01-C0089,pre::FISCAL-F1B-SIZE::matched_sample_twfe::csa_B
S18-B01-C0090,pre::FISCAL-F1B-SIZE::matched_sample_twfe::bjs
S18-B01-C0091,pre::FISCAL-F2A-COMPACT-TERRITORY::source_estimator::twfe
S18-B01-C0092,pre::FISCAL-F2A-COMPACT-TERRITORY::source_estimator::csa
S18-B01-C0093,pre::FISCAL-F2A-COMPACT-TERRITORY::source_estimator::bjs
S18-B01-C0094,pre::FISCAL-F2A-COMPACT-TERRITORY::matched_sample_twfe::csa_A
S18-B01-C0095,pre::FISCAL-F2A-COMPACT-TERRITORY::matched_sample_twfe::csa_B
S18-B01-C0096,pre::FISCAL-F2A-COMPACT-TERRITORY::matched_sample_twfe::bjs
S18-B01-C0097,pre::FISCAL-F5A-MARRIAGE-RULERS::source_estimator::twfe
S18-B01-C0098,pre::FISCAL-F5A-MARRIAGE-RULERS::source_estimator::csa
S18-B01-C0099,pre::FISCAL-F5A-MARRIAGE-RULERS::source_estimator::bjs
S18-B01-C0100,pre::FISCAL-F5A-MARRIAGE-RULERS::matched_sample_twfe::csa_A
S18-B01-C0101,pre::FISCAL-F5A-MARRIAGE-RULERS::matched_sample_twfe::csa_B
S18-B01-C0102,pre::FISCAL-F5A-MARRIAGE-RULERS::matched_sample_twfe::bjs
S18-B01-C0103,pre::FISCAL-F5B-MARRIAGE-LAND::source_estimator::twfe
S18-B01-C0104,pre::FISCAL-F5B-MARRIAGE-LAND::source_estimator::csa
S18-B01-C0105,pre::FISCAL-F5B-MARRIAGE-LAND::source_estimator::bjs
S18-B01-C0106,pre::FISCAL-F5B-MARRIAGE-LAND::matched_sample_twfe::csa_A
S18-B01-C0107,pre::FISCAL-F5B-MARRIAGE-LAND::matched_sample_twfe::csa_B
S18-B01-C0108,pre::FISCAL-F5B-MARRIAGE-LAND::matched_sample_twfe::bjs
S19-B01-C0001,static::AM005-P2882-T3C-C1::source_estimator::twfe
S19-B01-C0002,static::AM005-P2882-T3C-C1::source_estimator::csa
S19-B01-C0003,static::AM005-P2882-T3C-C1::matched_sample_twfe::csa_A
S19-B01-C0004,static::AM005-P2882-T3C-C1::matched_sample_twfe::csa_B
S19-B01-C0005,static::AM005-P2882-T3C-C1::source_estimator::bjs
S19-B01-C0006,static::AM005-P2882-T3C-C1::matched_sample_twfe::bjs
S19-B01-C0007,static::AM005-P2882-T3C-C2::source_estimator::twfe
S19-B01-C0008,static::AM005-P2882-T3C-C2::source_estimator::csa
S19-B01-C0009,static::AM005-P2882-T3C-C2::matched_sample_twfe::csa_A
S19-B01-C0010,static::AM005-P2882-T3C-C2::matched_sample_twfe::csa_B
S19-B01-C0011,static::AM005-P2882-T3C-C2::source_estimator::bjs
S19-B01-C0012,static::AM005-P2882-T3C-C2::matched_sample_twfe::bjs
S19-B01-C0013,static::AM005-P2882-T3C-C3::source_estimator::twfe
S19-B01-C0014,static::AM005-P2882-T3C-C3::source_estimator::csa
S19-B01-C0015,static::AM005-P2882-T3C-C3::matched_sample_twfe::csa_A
S19-B01-C0016,static::AM005-P2882-T3C-C3::matched_sample_twfe::csa_B
S19-B01-C0017,static::AM005-P2882-T3C-C3::source_estimator::bjs
S19-B01-C0018,static::AM005-P2882-T3C-C3::matched_sample_twfe::bjs
S19-B01-C0019,static::AM005-P2882-T3C-C4::source_estimator::twfe
S19-B01-C0020,static::AM005-P2882-T3C-C4::source_estimator::csa
S19-B01-C0021,static::AM005-P2882-T3C-C4::matched_sample_twfe::csa_A
S19-B01-C0022,static::AM005-P2882-T3C-C4::matched_sample_twfe::csa_B
S19-B01-C0023,static::AM005-P2882-T3C-C4::source_estimator::bjs
S19-B01-C0024,static::AM005-P2882-T3C-C4::matched_sample_twfe::bjs
S19-B01-C0025,static::AM005-P2882-T3C-C5::source_estimator::twfe
S19-B01-C0026,static::AM005-P2882-T3C-C5::source_estimator::csa
S19-B01-C0027,static::AM005-P2882-T3C-C5::matched_sample_twfe::csa_A
S19-B01-C0028,static::AM005-P2882-T3C-C5::matched_sample_twfe::csa_B
S19-B01-C0029,static::AM005-P2882-T3C-C5::source_estimator::bjs
S19-B01-C0030,static::AM005-P2882-T3C-C5::matched_sample_twfe::bjs
S19-B01-C0031,static::AM005-P2882-T3C-C6::source_estimator::twfe
S19-B01-C0032,static::AM005-P2882-T3C-C6::source_estimator::csa
S19-B01-C0033,static::AM005-P2882-T3C-C6::matched_sample_twfe::csa_A
S19-B01-C0034,static::AM005-P2882-T3C-C6::matched_sample_twfe::csa_B
S19-B01-C0035,static::AM005-P2882-T3C-C6::source_estimator::bjs
S19-B01-C0036,static::AM005-P2882-T3C-C6::matched_sample_twfe::bjs
S19-B01-C0037,static::AM005-P2882-T3C-C7::source_estimator::twfe
S19-B01-C0038,static::AM005-P2882-T3C-C7::source_estimator::csa
S19-B01-C0039,static::AM005-P2882-T3C-C7::matched_sample_twfe::csa_A
S19-B01-C0040,static::AM005-P2882-T3C-C7::matched_sample_twfe::csa_B
S19-B01-C0041,static::AM005-P2882-T3C-C7::source_estimator::bjs
S19-B01-C0042,static::AM005-P2882-T3C-C7::matched_sample_twfe::bjs
S19-B01-C0043,static::AM005-P2882-T3C-C8::source_estimator::twfe
S19-B01-C0044,static::AM005-P2882-T3C-C8::source_estimator::csa
S19-B01-C0045,static::AM005-P2882-T3C-C8::matched_sample_twfe::csa_A
S19-B01-C0046,static::AM005-P2882-T3C-C8::matched_sample_twfe::csa_B
S19-B01-C0047,static::AM005-P2882-T3C-C8::source_estimator::bjs
S19-B01-C0048,static::AM005-P2882-T3C-C8::matched_sample_twfe::bjs
S19-B01-C0049,static::AM005-P2882-T4-PA-B-C1::source_estimator::twfe
S19-B01-C0050,static::AM005-P2882-T4-PA-B-C1::source_estimator::csa
S19-B01-C0051,static::AM005-P2882-T4-PA-B-C1::matched_sample_twfe::csa_A
S19-B01-C0052,static::AM005-P2882-T4-PA-B-C1::matched_sample_twfe::csa_B
S19-B01-C0053,static::AM005-P2882-T4-PA-B-C1::source_estimator::bjs
S19-B01-C0054,static::AM005-P2882-T4-PA-B-C1::matched_sample_twfe::bjs
S19-B01-C0055,static::AM005-P2882-T4-PA-B-C2::source_estimator::twfe
S19-B01-C0056,static::AM005-P2882-T4-PA-B-C2::source_estimator::csa
S19-B01-C0057,static::AM005-P2882-T4-PA-B-C2::matched_sample_twfe::csa_A
S19-B01-C0058,static::AM005-P2882-T4-PA-B-C2::matched_sample_twfe::csa_B
S19-B01-C0059,static::AM005-P2882-T4-PA-B-C2::source_estimator::bjs
S19-B01-C0060,static::AM005-P2882-T4-PA-B-C2::matched_sample_twfe::bjs
S19-B01-C0061,static::AM005-P2882-T4-PA-B-C7::source_estimator::twfe
S19-B01-C0062,static::AM005-P2882-T4-PA-B-C7::source_estimator::csa
S19-B01-C0063,static::AM005-P2882-T4-PA-B-C7::matched_sample_twfe::csa_A
S19-B01-C0064,static::AM005-P2882-T4-PA-B-C7::matched_sample_twfe::csa_B
S19-B01-C0065,static::AM005-P2882-T4-PA-B-C7::source_estimator::bjs
S19-B01-C0066,static::AM005-P2882-T4-PA-B-C7::matched_sample_twfe::bjs
S19-B01-C0067,static::AM005-P2882-T4-PA-B-C8::source_estimator::twfe
S19-B01-C0068,static::AM005-P2882-T4-PA-B-C8::source_estimator::csa
S19-B01-C0069,static::AM005-P2882-T4-PA-B-C8::matched_sample_twfe::csa_A
S19-B01-C0070,static::AM005-P2882-T4-PA-B-C8::matched_sample_twfe::csa_B
S19-B01-C0071,static::AM005-P2882-T4-PA-B-C8::source_estimator::bjs
S19-B01-C0072,static::AM005-P2882-T4-PA-B-C8::matched_sample_twfe::bjs
S19-B01-C0073,static::AM005-P2882-T4-PB-B-C2::source_estimator::twfe
S19-B01-C0074,static::AM005-P2882-T4-PB-B-C2::source_estimator::csa
S19-B01-C0075,static::AM005-P2882-T4-PB-B-C2::matched_sample_twfe::csa_A
S19-B01-C0076,static::AM005-P2882-T4-PB-B-C2::matched_sample_twfe::csa_B
S19-B01-C0077,static::AM005-P2882-T4-PB-B-C2::source_estimator::bjs
S19-B01-C0078,static::AM005-P2882-T4-PB-B-C2::matched_sample_twfe::bjs
S19-B01-C0079,static::AM005-P2882-T4-PB-B-C3::source_estimator::twfe
S19-B01-C0080,static::AM005-P2882-T4-PB-B-C3::source_estimator::csa
S19-B01-C0081,static::AM005-P2882-T4-PB-B-C3::matched_sample_twfe::csa_A
S19-B01-C0082,static::AM005-P2882-T4-PB-B-C3::matched_sample_twfe::csa_B
S19-B01-C0083,static::AM005-P2882-T4-PB-B-C3::source_estimator::bjs
S19-B01-C0084,static::AM005-P2882-T4-PB-B-C3::matched_sample_twfe::bjs
S19-B01-C0085,static::AM005-P2882-T4-PB-B-C4::source_estimator::twfe
S19-B01-C0086,static::AM005-P2882-T4-PB-B-C4::source_estimator::csa
S19-B01-C0087,static::AM005-P2882-T4-PB-B-C4::matched_sample_twfe::csa_A
S19-B01-C0088,static::AM005-P2882-T4-PB-B-C4::matched_sample_twfe::csa_B
S19-B01-C0089,static::AM005-P2882-T4-PB-B-C4::source_estimator::bjs
S19-B01-C0090,static::AM005-P2882-T4-PB-B-C4::matched_sample_twfe::bjs
S19-B01-C0091,static::AM005-P2882-T4-PB-B-C5::source_estimator::twfe
S19-B01-C0092,static::AM005-P2882-T4-PB-B-C5::source_estimator::csa
S19-B01-C0093,static::AM005-P2882-T4-PB-B-C5::matched_sample_twfe::csa_A
S19-B01-C0094,static::AM005-P2882-T4-PB-B-C5::matched_sample_twfe::csa_B
S19-B01-C0095,static::AM005-P2882-T4-PB-B-C5::source_estimator::bjs
S19-B01-C0096,static::AM005-P2882-T4-PB-B-C5::matched_sample_twfe::bjs
S19-B01-C0097,static::AM005-P2882-T4-PB-B-C6::source_estimator::twfe
S19-B01-C0098,static::AM005-P2882-T4-PB-B-C6::source_estimator::csa
S19-B01-C0099,static::AM005-P2882-T4-PB-B-C6::matched_sample_twfe::csa_A
S19-B01-C0100,static::AM005-P2882-T4-PB-B-C6::matched_sample_twfe::csa_B
S19-B01-C0101,static::AM005-P2882-T4-PB-B-C6::source_estimator::bjs
S19-B01-C0102,static::AM005-P2882-T4-PB-B-C6::matched_sample_twfe::bjs
S19-B01-C0103,static::AM005-P2882-T4-PB-B-C7::source_estimator::twfe
S19-B01-C0104,static::AM005-P2882-T4-PB-B-C7::source_estimator::csa
S19-B01-C0105,static::AM005-P2882-T4-PB-B-C7::matched_sample_twfe::csa_A
S19-B01-C0106,static::AM005-P2882-T4-PB-B-C7::matched_sample_twfe::csa_B
S19-B01-C0107,static::AM005-P2882-T4-PB-B-C7::source_estimator::bjs
S19-B01-C0108,static::AM005-P2882-T4-PB-B-C7::matched_sample_twfe::bjs
S19-B01-C0109,static::AM005-P2882-T4-PB-B-C8::source_estimator::twfe
S19-B01-C0110,static::AM005-P2882-T4-PB-B-C8::source_estimator::csa
S19-B01-C0111,static::AM005-P2882-T4-PB-B-C8::matched_sample_twfe::csa_A
S19-B01-C0112,static::AM005-P2882-T4-PB-B-C8::matched_sample_twfe::csa_B
S19-B01-C0113,static::AM005-P2882-T4-PB-B-C8::source_estimator::bjs
S19-B01-C0114,static::AM005-P2882-T4-PB-B-C8::matched_sample_twfe::bjs
S19-B01-C0115,static::AM005-P2882-T5-B-C1::source_estimator::twfe
S19-B01-C0116,static::AM005-P2882-T5-B-C1::source_estimator::csa
S19-B01-C0117,static::AM005-P2882-T5-B-C1::matched_sample_twfe::csa_A
S19-B01-C0118,static::AM005-P2882-T5-B-C1::matched_sample_twfe::csa_B
S19-B01-C0119,static::AM005-P2882-T5-B-C1::source_estimator::bjs
S19-B01-C0120,static::AM005-P2882-T5-B-C1::matched_sample_twfe::bjs
S19-B01-C0121,static::AM005-P2882-T5-B-C3::source_estimator::twfe
S19-B01-C0122,static::AM005-P2882-T5-B-C3::source_estimator::csa
S19-B01-C0123,static::AM005-P2882-T5-B-C3::matched_sample_twfe::csa_A
S19-B01-C0124,static::AM005-P2882-T5-B-C3::matched_sample_twfe::csa_B
S19-B01-C0125,static::AM005-P2882-T5-B-C3::source_estimator::bjs
S19-B01-C0126,static::AM005-P2882-T5-B-C3::matched_sample_twfe::bjs
S19-B01-C0127,static::AM005-P2882-T5-B-C5::source_estimator::twfe
S19-B01-C0128,static::AM005-P2882-T5-B-C5::source_estimator::csa
S19-B01-C0129,static::AM005-P2882-T5-B-C5::matched_sample_twfe::csa_A
S19-B01-C0130,static::AM005-P2882-T5-B-C5::matched_sample_twfe::csa_B
S19-B01-C0131,static::AM005-P2882-T5-B-C5::source_estimator::bjs
S19-B01-C0132,static::AM005-P2882-T5-B-C5::matched_sample_twfe::bjs
S19-B01-C0133,static::AM005-P2882-T4-PA-B-C3::source_estimator::twfe
S19-B01-C0134,static::AM005-P2882-T4-PA-B-C3::source_estimator::bjs
S19-B01-C0135,static::AM005-P2882-T4-PA-B-C3::matched_sample_twfe::bjs
S19-B01-C0136,static::AM005-P2882-T4-PA-B-C4::source_estimator::twfe
S19-B01-C0137,static::AM005-P2882-T4-PA-B-C4::source_estimator::bjs
S19-B01-C0138,static::AM005-P2882-T4-PA-B-C4::matched_sample_twfe::bjs
S19-B01-C0139,static::AM005-P2882-T4-PA-B-C5::source_estimator::twfe
S19-B01-C0140,static::AM005-P2882-T4-PA-B-C5::source_estimator::bjs
S19-B01-C0141,static::AM005-P2882-T4-PA-B-C5::matched_sample_twfe::bjs
S19-B01-C0142,static::AM005-P2882-T4-PA-B-C6::source_estimator::twfe
S19-B01-C0143,static::AM005-P2882-T4-PA-B-C6::source_estimator::bjs
S19-B01-C0144,static::AM005-P2882-T4-PA-B-C6::matched_sample_twfe::bjs
S20-B01-C0001,post::CMPRC-CSA-NOTYET::source_estimator::twfe
S20-B01-C0002,post::CMPRC-CSA-NOTYET::source_estimator::csa
S20-B01-C0003,post::CMPRC-CSA-NOTYET::matched_sample_twfe::csa_A
S20-B01-C0004,post::CMPRC-CSA-NOTYET::matched_sample_twfe::csa_B
S20-B01-C0005,post::CMPRC-CSA-NOTYET::source_estimator::bjs
S20-B01-C0006,post::CMPRC-CSA-NOTYET::matched_sample_twfe::bjs
S20-B01-C0007,pre::CMPRC-CSA-NOTYET::source_estimator::twfe
S20-B01-C0008,pre::CMPRC-CSA-NOTYET::source_estimator::csa
S20-B01-C0009,pre::CMPRC-CSA-NOTYET::source_estimator::bjs
S20-B01-C0010,pre::CMPRC-CSA-NOTYET::matched_sample_twfe::csa_A
S20-B01-C0011,pre::CMPRC-CSA-NOTYET::matched_sample_twfe::csa_B
S20-B01-C0012,pre::CMPRC-CSA-NOTYET::matched_sample_twfe::bjs
S21-B01-C0001,static::LANDMINES-T2-C1-INITIAL::source_estimator::twfe
S21-B01-C0002,static::LANDMINES-T2-C1-INITIAL::source_estimator::csa
S21-B01-C0003,static::LANDMINES-T2-C1-INITIAL::matched_sample_twfe::csa_A
S21-B01-C0004,static::LANDMINES-T2-C1-INITIAL::matched_sample_twfe::csa_B
S21-B01-C0005,static::LANDMINES-T2-C1-INITIAL::source_estimator::bjs
S21-B01-C0006,static::LANDMINES-T2-C1-INITIAL::matched_sample_twfe::bjs
S21-B01-C0007,static::LANDMINES-T2-C2-FULL-EXCL-PARTIAL::source_estimator::twfe
S21-B01-C0008,static::LANDMINES-T2-C2-FULL-EXCL-PARTIAL::source_estimator::csa
S21-B01-C0009,static::LANDMINES-T2-C2-FULL-EXCL-PARTIAL::matched_sample_twfe::csa_A
S21-B01-C0010,static::LANDMINES-T2-C2-FULL-EXCL-PARTIAL::matched_sample_twfe::csa_B
S21-B01-C0011,static::LANDMINES-T2-C2-FULL-EXCL-PARTIAL::source_estimator::bjs
S21-B01-C0012,static::LANDMINES-T2-C2-FULL-EXCL-PARTIAL::matched_sample_twfe::bjs
S21-B01-C0013,static::LANDMINES-T2-C3-FULL-DROP-LIMITED::source_estimator::twfe
S21-B01-C0014,static::LANDMINES-T2-C3-FULL-DROP-LIMITED::source_estimator::csa
S21-B01-C0015,static::LANDMINES-T2-C3-FULL-DROP-LIMITED::matched_sample_twfe::csa_A
S21-B01-C0016,static::LANDMINES-T2-C3-FULL-DROP-LIMITED::matched_sample_twfe::csa_B
S21-B01-C0017,static::LANDMINES-T2-C3-FULL-DROP-LIMITED::source_estimator::bjs
S21-B01-C0018,static::LANDMINES-T2-C3-FULL-DROP-LIMITED::matched_sample_twfe::bjs
S21-B01-C0019,static::LANDMINES-T2-C4-FULL-DMSP-2013::source_estimator::twfe
S21-B01-C0020,static::LANDMINES-T2-C4-FULL-DMSP-2013::source_estimator::csa
S21-B01-C0021,static::LANDMINES-T2-C4-FULL-DMSP-2013::matched_sample_twfe::csa_A
S21-B01-C0022,static::LANDMINES-T2-C4-FULL-DMSP-2013::matched_sample_twfe::csa_B
S21-B01-C0023,static::LANDMINES-T2-C4-FULL-DMSP-2013::source_estimator::bjs
S21-B01-C0024,static::LANDMINES-T2-C4-FULL-DMSP-2013::matched_sample_twfe::bjs
S21-B01-C0025,static::LANDMINES-T2-C5-FULL-DMSP-RAW::source_estimator::twfe
S21-B01-C0026,static::LANDMINES-T2-C5-FULL-DMSP-RAW::source_estimator::csa
S21-B01-C0027,static::LANDMINES-T2-C5-FULL-DMSP-RAW::matched_sample_twfe::csa_A
S21-B01-C0028,static::LANDMINES-T2-C5-FULL-DMSP-RAW::matched_sample_twfe::csa_B
S21-B01-C0029,static::LANDMINES-T2-C5-FULL-DMSP-RAW::source_estimator::bjs
S21-B01-C0030,static::LANDMINES-T2-C5-FULL-DMSP-RAW::matched_sample_twfe::bjs
S21-B01-C0031,static::LANDMINES-T2-C7-FULL-DISTRICT-YEAR::source_estimator::twfe
S21-B01-C0032,static::LANDMINES-T2-C7-FULL-DISTRICT-YEAR::source_estimator::csa
S21-B01-C0033,static::LANDMINES-T2-C7-FULL-DISTRICT-YEAR::matched_sample_twfe::csa_A
S21-B01-C0034,static::LANDMINES-T2-C7-FULL-DISTRICT-YEAR::matched_sample_twfe::csa_B
S21-B01-C0035,static::LANDMINES-T2-C7-FULL-DISTRICT-YEAR::source_estimator::bjs
S21-B01-C0036,static::LANDMINES-T2-C7-FULL-DISTRICT-YEAR::matched_sample_twfe::bjs
S21-B01-C0037,post::LANDMINES-F8A-INITIAL::source_estimator::twfe
S21-B01-C0038,post::LANDMINES-F8A-INITIAL::source_estimator::csa
S21-B01-C0039,post::LANDMINES-F8A-INITIAL::matched_sample_twfe::csa_A
S21-B01-C0040,post::LANDMINES-F8A-INITIAL::matched_sample_twfe::csa_B
S21-B01-C0041,post::LANDMINES-F8A-INITIAL::source_estimator::bjs
S21-B01-C0042,post::LANDMINES-F8A-INITIAL::matched_sample_twfe::bjs
S21-B01-C0043,post::LANDMINES-F8B-FULL::source_estimator::twfe
S21-B01-C0044,post::LANDMINES-F8B-FULL::source_estimator::csa
S21-B01-C0045,post::LANDMINES-F8B-FULL::matched_sample_twfe::csa_A
S21-B01-C0046,post::LANDMINES-F8B-FULL::matched_sample_twfe::csa_B
S21-B01-C0047,post::LANDMINES-F8B-FULL::source_estimator::bjs
S21-B01-C0048,post::LANDMINES-F8B-FULL::matched_sample_twfe::bjs
S21-B01-C0049,post::LANDMINES-F10B-WB-INITIAL::source_estimator::twfe
S21-B01-C0050,post::LANDMINES-F10B-WB-INITIAL::source_estimator::csa
S21-B01-C0051,post::LANDMINES-F10B-WB-INITIAL::matched_sample_twfe::csa_A
S21-B01-C0052,post::LANDMINES-F10B-WB-INITIAL::matched_sample_twfe::csa_B
S21-B01-C0053,post::LANDMINES-F10B-WB-INITIAL::source_estimator::bjs
S21-B01-C0054,post::LANDMINES-F10B-WB-INITIAL::matched_sample_twfe::bjs
S21-B01-C0055,post::LANDMINES-F10C-WB-FULL::source_estimator::twfe
S21-B01-C0056,post::LANDMINES-F10C-WB-FULL::source_estimator::csa
S21-B01-C0057,post::LANDMINES-F10C-WB-FULL::matched_sample_twfe::csa_A
S21-B01-C0058,post::LANDMINES-F10C-WB-FULL::matched_sample_twfe::csa_B
S21-B01-C0059,post::LANDMINES-F10C-WB-FULL::source_estimator::bjs
S21-B01-C0060,post::LANDMINES-F10C-WB-FULL::matched_sample_twfe::bjs
S21-B01-C0061,LANDMINES-F9B-CANCELLATION::baseline::post::twfe
S21-B01-C0062,LANDMINES-F9B-CANCELLATION::baseline::post::csa
S21-B01-C0063,LANDMINES-F9B-CANCELLATION::baseline::post::bjs
S21-B01-C0064,LANDMINES-F9B-CANCELLATION::B::post::twfe_csa
S21-B01-C0065,LANDMINES-F9B-CANCELLATION::B::post::csa
S21-B01-C0066,LANDMINES-F9B-CANCELLATION::B::post::twfe_bjs
S21-B01-C0067,LANDMINES-F9B-CANCELLATION::B::post::bjs
S22-B01-C0001,static::REXER-F4-THEFT-CTRLNONE-SHNONE-FELGA-TRDI-SFULL::source_estimator::twfe
S22-B01-C0002,static::REXER-F4-THEFT-CTRLNONE-SHNONE-FELGA-TRDI-SFULL::source_estimator::csa
S22-B01-C0003,static::REXER-F4-THEFT-CTRLNONE-SHNONE-FELGA-TRDI-SFULL::matched_sample_twfe::csa_A
S22-B01-C0004,static::REXER-F4-THEFT-CTRLNONE-SHNONE-FELGA-TRDI-SFULL::matched_sample_twfe::csa_B
S22-B01-C0005,static::REXER-F4-THEFT-CTRLNONE-SHNONE-FELGA-TRDI-SFULL::source_estimator::bjs
S22-B01-C0006,static::REXER-F4-THEFT-CTRLNONE-SHNONE-FELGA-TRDI-SFULL::matched_sample_twfe::bjs
S22-B01-C0007,static::REXER-F4-THEFT-CTRLNONE-SHNONE-FELGA-TRDI-SONSHORE::source_estimator::twfe
S22-B01-C0008,static::REXER-F4-THEFT-CTRLNONE-SHNONE-FELGA-TRDI-SONSHORE::source_estimator::csa
S22-B01-C0009,static::REXER-F4-THEFT-CTRLNONE-SHNONE-FELGA-TRDI-SONSHORE::matched_sample_twfe::csa_A
S22-B01-C0010,static::REXER-F4-THEFT-CTRLNONE-SHNONE-FELGA-TRDI-SONSHORE::matched_sample_twfe::csa_B
S22-B01-C0011,static::REXER-F4-THEFT-CTRLNONE-SHNONE-FELGA-TRDI-SONSHORE::source_estimator::bjs
S22-B01-C0012,static::REXER-F4-THEFT-CTRLNONE-SHNONE-FELGA-TRDI-SONSHORE::matched_sample_twfe::bjs
S22-B01-C0013,static::REXER-F4-THEFT-CTRLNONE-SHNONE-FELGA-TRDINNPC-SFULL::source_estimator::twfe
S22-B01-C0014,static::REXER-F4-THEFT-CTRLNONE-SHNONE-FELGA-TRDINNPC-SFULL::source_estimator::csa
S22-B01-C0015,static::REXER-F4-THEFT-CTRLNONE-SHNONE-FELGA-TRDINNPC-SFULL::matched_sample_twfe::csa_A
S22-B01-C0016,static::REXER-F4-THEFT-CTRLNONE-SHNONE-FELGA-TRDINNPC-SFULL::matched_sample_twfe::csa_B
S22-B01-C0017,static::REXER-F4-THEFT-CTRLNONE-SHNONE-FELGA-TRDINNPC-SFULL::source_estimator::bjs
S22-B01-C0018,static::REXER-F4-THEFT-CTRLNONE-SHNONE-FELGA-TRDINNPC-SFULL::matched_sample_twfe::bjs
S22-B01-C0019,static::REXER-F4-THEFT-CTRLNONE-SHNONE-FELGA-TRDINNPC-SONSHORE::source_estimator::twfe
S22-B01-C0020,static::REXER-F4-THEFT-CTRLNONE-SHNONE-FELGA-TRDINNPC-SONSHORE::source_estimator::csa
S22-B01-C0021,static::REXER-F4-THEFT-CTRLNONE-SHNONE-FELGA-TRDINNPC-SONSHORE::matched_sample_twfe::csa_A
S22-B01-C0022,static::REXER-F4-THEFT-CTRLNONE-SHNONE-FELGA-TRDINNPC-SONSHORE::matched_sample_twfe::csa_B
S22-B01-C0023,static::REXER-F4-THEFT-CTRLNONE-SHNONE-FELGA-TRDINNPC-SONSHORE::source_estimator::bjs
S22-B01-C0024,static::REXER-F4-THEFT-CTRLNONE-SHNONE-FELGA-TRDINNPC-SONSHORE::matched_sample_twfe::bjs
S22-B01-C0025,static::REXER-F4-THEFT-CTRLNONE-SHNONE-FELGA-TRNNPC-SFULL::source_estimator::twfe
S22-B01-C0026,static::REXER-F4-THEFT-CTRLNONE-SHNONE-FELGA-TRNNPC-SFULL::source_estimator::csa
S22-B01-C0027,static::REXER-F4-THEFT-CTRLNONE-SHNONE-FELGA-TRNNPC-SFULL::matched_sample_twfe::csa_A
S22-B01-C0028,static::REXER-F4-THEFT-CTRLNONE-SHNONE-FELGA-TRNNPC-SFULL::matched_sample_twfe::csa_B
S22-B01-C0029,static::REXER-F4-THEFT-CTRLNONE-SHNONE-FELGA-TRNNPC-SFULL::source_estimator::bjs
S22-B01-C0030,static::REXER-F4-THEFT-CTRLNONE-SHNONE-FELGA-TRNNPC-SFULL::matched_sample_twfe::bjs
S22-B01-C0031,static::REXER-F4-THEFT-CTRLNONE-SHNONE-FELGA-TRNNPC-SONSHORE::source_estimator::twfe
S22-B01-C0032,static::REXER-F4-THEFT-CTRLNONE-SHNONE-FELGA-TRNNPC-SONSHORE::source_estimator::csa
S22-B01-C0033,static::REXER-F4-THEFT-CTRLNONE-SHNONE-FELGA-TRNNPC-SONSHORE::matched_sample_twfe::csa_A
S22-B01-C0034,static::REXER-F4-THEFT-CTRLNONE-SHNONE-FELGA-TRNNPC-SONSHORE::matched_sample_twfe::csa_B
S22-B01-C0035,static::REXER-F4-THEFT-CTRLNONE-SHNONE-FELGA-TRNNPC-SONSHORE::source_estimator::bjs
S22-B01-C0036,static::REXER-F4-THEFT-CTRLNONE-SHNONE-FELGA-TRNNPC-SONSHORE::matched_sample_twfe::bjs
S22-B01-C0037,static::REXER-F4-THEFT-CTRLNONE-SHNONE-FENONE-TRDI-SFULL::source_estimator::twfe
S22-B01-C0038,static::REXER-F4-THEFT-CTRLNONE-SHNONE-FENONE-TRDI-SFULL::source_estimator::csa
S22-B01-C0039,static::REXER-F4-THEFT-CTRLNONE-SHNONE-FENONE-TRDI-SFULL::matched_sample_twfe::csa_A
S22-B01-C0040,static::REXER-F4-THEFT-CTRLNONE-SHNONE-FENONE-TRDI-SFULL::matched_sample_twfe::csa_B
S22-B01-C0041,static::REXER-F4-THEFT-CTRLNONE-SHNONE-FENONE-TRDI-SFULL::source_estimator::bjs
S22-B01-C0042,static::REXER-F4-THEFT-CTRLNONE-SHNONE-FENONE-TRDI-SFULL::matched_sample_twfe::bjs
S22-B01-C0043,static::REXER-F4-THEFT-CTRLNONE-SHNONE-FENONE-TRDI-SONSHORE::source_estimator::twfe
S22-B01-C0044,static::REXER-F4-THEFT-CTRLNONE-SHNONE-FENONE-TRDI-SONSHORE::source_estimator::csa
S22-B01-C0045,static::REXER-F4-THEFT-CTRLNONE-SHNONE-FENONE-TRDI-SONSHORE::matched_sample_twfe::csa_A
S22-B01-C0046,static::REXER-F4-THEFT-CTRLNONE-SHNONE-FENONE-TRDI-SONSHORE::matched_sample_twfe::csa_B
S22-B01-C0047,static::REXER-F4-THEFT-CTRLNONE-SHNONE-FENONE-TRDI-SONSHORE::source_estimator::bjs
S22-B01-C0048,static::REXER-F4-THEFT-CTRLNONE-SHNONE-FENONE-TRDI-SONSHORE::matched_sample_twfe::bjs
S22-B01-C0049,static::REXER-F4-THEFT-CTRLNONE-SHNONE-FENONE-TRNNPC-SFULL::source_estimator::twfe
S22-B01-C0050,static::REXER-F4-THEFT-CTRLNONE-SHNONE-FENONE-TRNNPC-SFULL::source_estimator::csa
S22-B01-C0051,static::REXER-F4-THEFT-CTRLNONE-SHNONE-FENONE-TRNNPC-SFULL::matched_sample_twfe::csa_A
S22-B01-C0052,static::REXER-F4-THEFT-CTRLNONE-SHNONE-FENONE-TRNNPC-SFULL::matched_sample_twfe::csa_B
S22-B01-C0053,static::REXER-F4-THEFT-CTRLNONE-SHNONE-FENONE-TRNNPC-SFULL::source_estimator::bjs
S22-B01-C0054,static::REXER-F4-THEFT-CTRLNONE-SHNONE-FENONE-TRNNPC-SFULL::matched_sample_twfe::bjs
S22-B01-C0055,static::REXER-F4-THEFT-CTRLNONE-SHNONE-FENONE-TRNNPC-SONSHORE::source_estimator::twfe
S22-B01-C0056,static::REXER-F4-THEFT-CTRLNONE-SHNONE-FENONE-TRNNPC-SONSHORE::source_estimator::csa
S22-B01-C0057,static::REXER-F4-THEFT-CTRLNONE-SHNONE-FENONE-TRNNPC-SONSHORE::matched_sample_twfe::csa_A
S22-B01-C0058,static::REXER-F4-THEFT-CTRLNONE-SHNONE-FENONE-TRNNPC-SONSHORE::matched_sample_twfe::csa_B
S22-B01-C0059,static::REXER-F4-THEFT-CTRLNONE-SHNONE-FENONE-TRNNPC-SONSHORE::source_estimator::bjs
S22-B01-C0060,static::REXER-F4-THEFT-CTRLNONE-SHNONE-FENONE-TRNNPC-SONSHORE::matched_sample_twfe::bjs
S22-B01-C0061,static::REXER-F4-THEFT-CTRLNONE-SHNONE-FESTATE-TRDI-SFULL::source_estimator::twfe
S22-B01-C0062,static::REXER-F4-THEFT-CTRLNONE-SHNONE-FESTATE-TRDI-SFULL::source_estimator::csa
S22-B01-C0063,static::REXER-F4-THEFT-CTRLNONE-SHNONE-FESTATE-TRDI-SFULL::matched_sample_twfe::csa_A
S22-B01-C0064,static::REXER-F4-THEFT-CTRLNONE-SHNONE-FESTATE-TRDI-SFULL::matched_sample_twfe::csa_B
S22-B01-C0065,static::REXER-F4-THEFT-CTRLNONE-SHNONE-FESTATE-TRDI-SFULL::source_estimator::bjs
S22-B01-C0066,static::REXER-F4-THEFT-CTRLNONE-SHNONE-FESTATE-TRDI-SFULL::matched_sample_twfe::bjs
S22-B01-C0067,static::REXER-F4-THEFT-CTRLNONE-SHNONE-FESTATE-TRDI-SONSHORE::source_estimator::twfe
S22-B01-C0068,static::REXER-F4-THEFT-CTRLNONE-SHNONE-FESTATE-TRDI-SONSHORE::source_estimator::csa
S22-B01-C0069,static::REXER-F4-THEFT-CTRLNONE-SHNONE-FESTATE-TRDI-SONSHORE::matched_sample_twfe::csa_A
S22-B01-C0070,static::REXER-F4-THEFT-CTRLNONE-SHNONE-FESTATE-TRDI-SONSHORE::matched_sample_twfe::csa_B
S22-B01-C0071,static::REXER-F4-THEFT-CTRLNONE-SHNONE-FESTATE-TRDI-SONSHORE::source_estimator::bjs
S22-B01-C0072,static::REXER-F4-THEFT-CTRLNONE-SHNONE-FESTATE-TRDI-SONSHORE::matched_sample_twfe::bjs
S22-B01-C0073,static::REXER-F4-THEFT-CTRLNONE-SHNONE-FESTATE-TRDINNPC-SFULL::source_estimator::twfe
S22-B01-C0074,static::REXER-F4-THEFT-CTRLNONE-SHNONE-FESTATE-TRDINNPC-SFULL::source_estimator::csa
S22-B01-C0075,static::REXER-F4-THEFT-CTRLNONE-SHNONE-FESTATE-TRDINNPC-SFULL::matched_sample_twfe::csa_A
S22-B01-C0076,static::REXER-F4-THEFT-CTRLNONE-SHNONE-FESTATE-TRDINNPC-SFULL::matched_sample_twfe::csa_B
S22-B01-C0077,static::REXER-F4-THEFT-CTRLNONE-SHNONE-FESTATE-TRDINNPC-SFULL::source_estimator::bjs
S22-B01-C0078,static::REXER-F4-THEFT-CTRLNONE-SHNONE-FESTATE-TRDINNPC-SFULL::matched_sample_twfe::bjs
S22-B01-C0079,static::REXER-F4-THEFT-CTRLNONE-SHNONE-FESTATE-TRDINNPC-SONSHORE::source_estimator::twfe
S22-B01-C0080,static::REXER-F4-THEFT-CTRLNONE-SHNONE-FESTATE-TRDINNPC-SONSHORE::source_estimator::csa
S22-B01-C0081,static::REXER-F4-THEFT-CTRLNONE-SHNONE-FESTATE-TRDINNPC-SONSHORE::matched_sample_twfe::csa_A
S22-B01-C0082,static::REXER-F4-THEFT-CTRLNONE-SHNONE-FESTATE-TRDINNPC-SONSHORE::matched_sample_twfe::csa_B
S22-B01-C0083,static::REXER-F4-THEFT-CTRLNONE-SHNONE-FESTATE-TRDINNPC-SONSHORE::source_estimator::bjs
S22-B01-C0084,static::REXER-F4-THEFT-CTRLNONE-SHNONE-FESTATE-TRDINNPC-SONSHORE::matched_sample_twfe::bjs
S22-B01-C0085,static::REXER-F4-THEFT-CTRLNONE-SHNONE-FESTATE-TRNNPC-SFULL::source_estimator::twfe
S22-B01-C0086,static::REXER-F4-THEFT-CTRLNONE-SHNONE-FESTATE-TRNNPC-SFULL::source_estimator::csa
S22-B01-C0087,static::REXER-F4-THEFT-CTRLNONE-SHNONE-FESTATE-TRNNPC-SFULL::matched_sample_twfe::csa_A
S22-B01-C0088,static::REXER-F4-THEFT-CTRLNONE-SHNONE-FESTATE-TRNNPC-SFULL::matched_sample_twfe::csa_B
S22-B01-C0089,static::REXER-F4-THEFT-CTRLNONE-SHNONE-FESTATE-TRNNPC-SFULL::source_estimator::bjs
S22-B01-C0090,static::REXER-F4-THEFT-CTRLNONE-SHNONE-FESTATE-TRNNPC-SFULL::matched_sample_twfe::bjs
S22-B01-C0091,static::REXER-F4-THEFT-CTRLNONE-SHNONE-FESTATE-TRNNPC-SONSHORE::source_estimator::twfe
S22-B01-C0092,static::REXER-F4-THEFT-CTRLNONE-SHNONE-FESTATE-TRNNPC-SONSHORE::source_estimator::csa
S22-B01-C0093,static::REXER-F4-THEFT-CTRLNONE-SHNONE-FESTATE-TRNNPC-SONSHORE::matched_sample_twfe::csa_A
S22-B01-C0094,static::REXER-F4-THEFT-CTRLNONE-SHNONE-FESTATE-TRNNPC-SONSHORE::matched_sample_twfe::csa_B
S22-B01-C0095,static::REXER-F4-THEFT-CTRLNONE-SHNONE-FESTATE-TRNNPC-SONSHORE::source_estimator::bjs
S22-B01-C0096,static::REXER-F4-THEFT-CTRLNONE-SHNONE-FESTATE-TRNNPC-SONSHORE::matched_sample_twfe::bjs
S22-B01-C0097,static::REXER-T1-PB-SPILLS-C1::source_estimator::twfe
S22-B01-C0098,static::REXER-T1-PB-SPILLS-C1::source_estimator::csa
S22-B01-C0099,static::REXER-T1-PB-SPILLS-C1::matched_sample_twfe::csa_A
S22-B01-C0100,static::REXER-T1-PB-SPILLS-C1::matched_sample_twfe::csa_B
S22-B01-C0101,static::REXER-T1-PB-SPILLS-C1::source_estimator::bjs
S22-B01-C0102,static::REXER-T1-PB-SPILLS-C1::matched_sample_twfe::bjs
S22-B01-C0103,static::REXER-T1-PC-THEFT-C1::source_estimator::twfe
S22-B01-C0104,static::REXER-T1-PC-THEFT-C1::source_estimator::csa
S22-B01-C0105,static::REXER-T1-PC-THEFT-C1::matched_sample_twfe::csa_A
S22-B01-C0106,static::REXER-T1-PC-THEFT-C1::matched_sample_twfe::csa_B
S22-B01-C0107,static::REXER-T1-PC-THEFT-C1::source_estimator::bjs
S22-B01-C0108,static::REXER-T1-PC-THEFT-C1::matched_sample_twfe::bjs
S22-B01-C0109,static::REXER-T2-PA-ONSHORE-C3::source_estimator::twfe
S22-B01-C0110,static::REXER-T2-PA-ONSHORE-C3::source_estimator::csa
S22-B01-C0111,static::REXER-T2-PA-ONSHORE-C3::matched_sample_twfe::csa_A
S22-B01-C0112,static::REXER-T2-PA-ONSHORE-C3::matched_sample_twfe::csa_B
S22-B01-C0113,static::REXER-T2-PA-ONSHORE-C3::source_estimator::bjs
S22-B01-C0114,static::REXER-T2-PA-ONSHORE-C3::matched_sample_twfe::bjs
S22-B01-C0115,static::REXER-T2-PA-ONSHORE-C5::source_estimator::twfe
S22-B01-C0116,static::REXER-T2-PA-ONSHORE-C5::source_estimator::csa
S22-B01-C0117,static::REXER-T2-PA-ONSHORE-C5::matched_sample_twfe::csa_A
S22-B01-C0118,static::REXER-T2-PA-ONSHORE-C5::matched_sample_twfe::csa_B
S22-B01-C0119,static::REXER-T2-PA-ONSHORE-C5::source_estimator::bjs
S22-B01-C0120,static::REXER-T2-PA-ONSHORE-C5::matched_sample_twfe::bjs
S22-B01-C0121,static::REXER-T2-PB-OFFSHORE-C3::source_estimator::twfe
S22-B01-C0122,static::REXER-T2-PB-OFFSHORE-C3::source_estimator::csa
S22-B01-C0123,static::REXER-T2-PB-OFFSHORE-C3::matched_sample_twfe::csa_A
S22-B01-C0124,static::REXER-T2-PB-OFFSHORE-C3::matched_sample_twfe::csa_B
S22-B01-C0125,static::REXER-T2-PB-OFFSHORE-C3::source_estimator::bjs
S22-B01-C0126,static::REXER-T2-PB-OFFSHORE-C3::matched_sample_twfe::bjs
S22-B01-C0127,static::REXER-T2-PB-OFFSHORE-C5::source_estimator::twfe
S22-B01-C0128,static::REXER-T2-PB-OFFSHORE-C5::source_estimator::csa
S22-B01-C0129,static::REXER-T2-PB-OFFSHORE-C5::matched_sample_twfe::csa_A
S22-B01-C0130,static::REXER-T2-PB-OFFSHORE-C5::matched_sample_twfe::csa_B
S22-B01-C0131,static::REXER-T2-PB-OFFSHORE-C5::source_estimator::bjs
S22-B01-C0132,static::REXER-T2-PB-OFFSHORE-C5::matched_sample_twfe::bjs
S22-B01-C0133,static::REXER-T4-C1::source_estimator::twfe
S22-B01-C0134,static::REXER-T4-C1::source_estimator::csa
S22-B01-C0135,static::REXER-T4-C1::matched_sample_twfe::csa_A
S22-B01-C0136,static::REXER-T4-C1::matched_sample_twfe::csa_B
S22-B01-C0137,static::REXER-T4-C1::source_estimator::bjs
S22-B01-C0138,static::REXER-T4-C1::matched_sample_twfe::bjs
S22-B01-C0139,static::REXER-T4-C3::source_estimator::twfe
S22-B01-C0140,static::REXER-T4-C3::source_estimator::csa
S22-B01-C0141,static::REXER-T4-C3::matched_sample_twfe::csa_A
S22-B01-C0142,static::REXER-T4-C3::matched_sample_twfe::csa_B
S22-B01-C0143,static::REXER-T4-C3::source_estimator::bjs
S22-B01-C0144,static::REXER-T4-C3::matched_sample_twfe::bjs
S22-B01-C0145,static::REXER-T4-C5::source_estimator::twfe
S22-B01-C0146,static::REXER-T4-C5::source_estimator::csa
S22-B01-C0147,static::REXER-T4-C5::matched_sample_twfe::csa_A
S22-B01-C0148,static::REXER-T4-C5::matched_sample_twfe::csa_B
S22-B01-C0149,static::REXER-T4-C5::source_estimator::bjs
S22-B01-C0150,static::REXER-T4-C5::matched_sample_twfe::bjs
S22-B01-C0151,static::REXER-T4-C7::source_estimator::twfe
S22-B01-C0152,static::REXER-T4-C7::source_estimator::csa
S22-B01-C0153,static::REXER-T4-C7::matched_sample_twfe::csa_A
S22-B01-C0154,static::REXER-T4-C7::matched_sample_twfe::csa_B
S22-B01-C0155,static::REXER-T4-C7::source_estimator::bjs
S22-B01-C0156,static::REXER-T4-C7::matched_sample_twfe::bjs
S22-B01-C0157,static::REXER-T7-C1::source_estimator::twfe
S22-B01-C0158,static::REXER-T7-C1::source_estimator::csa
S22-B01-C0159,static::REXER-T7-C1::matched_sample_twfe::csa_A
S22-B01-C0160,static::REXER-T7-C1::matched_sample_twfe::csa_B
S22-B01-C0161,static::REXER-T7-C1::source_estimator::bjs
S22-B01-C0162,static::REXER-T7-C1::matched_sample_twfe::bjs
S22-B01-C0163,static::REXER-T7-C2::source_estimator::twfe
S22-B01-C0164,static::REXER-T7-C2::source_estimator::csa
S22-B01-C0165,static::REXER-T7-C2::matched_sample_twfe::csa_A
S22-B01-C0166,static::REXER-T7-C2::matched_sample_twfe::csa_B
S22-B01-C0167,static::REXER-T7-C2::source_estimator::bjs
S22-B01-C0168,static::REXER-T7-C2::matched_sample_twfe::bjs
S22-B01-C0169,static::REXER-T7-C3::source_estimator::twfe
S22-B01-C0170,static::REXER-T7-C3::source_estimator::csa
S22-B01-C0171,static::REXER-T7-C3::matched_sample_twfe::csa_A
S22-B01-C0172,static::REXER-T7-C3::matched_sample_twfe::csa_B
S22-B01-C0173,static::REXER-T7-C3::source_estimator::bjs
S22-B01-C0174,static::REXER-T7-C3::matched_sample_twfe::bjs
S22-B01-C0175,static::REXER-T7-C4::source_estimator::twfe
S22-B01-C0176,static::REXER-T7-C4::source_estimator::csa
S22-B01-C0177,static::REXER-T7-C4::matched_sample_twfe::csa_A
S22-B01-C0178,static::REXER-T7-C4::matched_sample_twfe::csa_B
S22-B01-C0179,static::REXER-T7-C4::source_estimator::bjs
S22-B01-C0180,static::REXER-T7-C4::matched_sample_twfe::bjs
S22-B01-C0181,static::REXER-T7-C5::source_estimator::twfe
S22-B01-C0182,static::REXER-T7-C5::source_estimator::csa
S22-B01-C0183,static::REXER-T7-C5::matched_sample_twfe::csa_A
S22-B01-C0184,static::REXER-T7-C5::matched_sample_twfe::csa_B
S22-B01-C0185,static::REXER-T7-C5::source_estimator::bjs
S22-B01-C0186,static::REXER-T7-C5::matched_sample_twfe::bjs
S22-B01-C0187,static::REXER-F4-THEFT-CTRLFIELD-SHNONE-FELGA-TRDI-SFULL::source_estimator::twfe
S22-B01-C0188,static::REXER-F4-THEFT-CTRLFIELD-SHNONE-FELGA-TRDI-SFULL::source_estimator::csa
S22-B01-C0189,static::REXER-F4-THEFT-CTRLFIELD-SHNONE-FELGA-TRDI-SFULL::matched_sample_twfe::csa_A
S22-B01-C0190,static::REXER-F4-THEFT-CTRLFIELD-SHNONE-FELGA-TRDI-SFULL::matched_sample_twfe::csa_B
S22-B01-C0191,static::REXER-F4-THEFT-CTRLFIELD-SHNONE-FELGA-TRDI-SFULL::source_estimator::bjs
S22-B01-C0192,static::REXER-F4-THEFT-CTRLFIELD-SHNONE-FELGA-TRDI-SFULL::matched_sample_twfe::bjs
S22-B01-C0193,static::REXER-F4-THEFT-CTRLFIELD-SHNONE-FELGA-TRDI-SONSHORE::source_estimator::twfe
S22-B01-C0194,static::REXER-F4-THEFT-CTRLFIELD-SHNONE-FELGA-TRDI-SONSHORE::source_estimator::csa
S22-B01-C0195,static::REXER-F4-THEFT-CTRLFIELD-SHNONE-FELGA-TRDI-SONSHORE::matched_sample_twfe::csa_A
S22-B01-C0196,static::REXER-F4-THEFT-CTRLFIELD-SHNONE-FELGA-TRDI-SONSHORE::matched_sample_twfe::csa_B
S22-B01-C0197,static::REXER-F4-THEFT-CTRLFIELD-SHNONE-FELGA-TRDI-SONSHORE::source_estimator::bjs
S22-B01-C0198,static::REXER-F4-THEFT-CTRLFIELD-SHNONE-FELGA-TRDI-SONSHORE::matched_sample_twfe::bjs
S22-B01-C0199,static::REXER-F4-THEFT-CTRLFIELD-SHNONE-FELGA-TRDINNPC-SFULL::source_estimator::twfe
S22-B01-C0200,static::REXER-F4-THEFT-CTRLFIELD-SHNONE-FELGA-TRDINNPC-SFULL::source_estimator::csa
S22-B01-C0201,static::REXER-F4-THEFT-CTRLFIELD-SHNONE-FELGA-TRDINNPC-SFULL::matched_sample_twfe::csa_A
S22-B01-C0202,static::REXER-F4-THEFT-CTRLFIELD-SHNONE-FELGA-TRDINNPC-SFULL::matched_sample_twfe::csa_B
S22-B01-C0203,static::REXER-F4-THEFT-CTRLFIELD-SHNONE-FELGA-TRDINNPC-SFULL::source_estimator::bjs
S22-B01-C0204,static::REXER-F4-THEFT-CTRLFIELD-SHNONE-FELGA-TRDINNPC-SFULL::matched_sample_twfe::bjs
S22-B01-C0205,static::REXER-F4-THEFT-CTRLFIELD-SHNONE-FELGA-TRDINNPC-SONSHORE::source_estimator::twfe
S22-B01-C0206,static::REXER-F4-THEFT-CTRLFIELD-SHNONE-FELGA-TRDINNPC-SONSHORE::source_estimator::csa
S22-B01-C0207,static::REXER-F4-THEFT-CTRLFIELD-SHNONE-FELGA-TRDINNPC-SONSHORE::matched_sample_twfe::csa_A
S22-B01-C0208,static::REXER-F4-THEFT-CTRLFIELD-SHNONE-FELGA-TRDINNPC-SONSHORE::matched_sample_twfe::csa_B
S22-B01-C0209,static::REXER-F4-THEFT-CTRLFIELD-SHNONE-FELGA-TRDINNPC-SONSHORE::source_estimator::bjs
S22-B01-C0210,static::REXER-F4-THEFT-CTRLFIELD-SHNONE-FELGA-TRDINNPC-SONSHORE::matched_sample_twfe::bjs
S22-B01-C0211,static::REXER-F4-THEFT-CTRLFIELD-SHNONE-FELGA-TRNNPC-SFULL::source_estimator::twfe
S22-B01-C0212,static::REXER-F4-THEFT-CTRLFIELD-SHNONE-FELGA-TRNNPC-SFULL::source_estimator::csa
S22-B01-C0213,static::REXER-F4-THEFT-CTRLFIELD-SHNONE-FELGA-TRNNPC-SFULL::matched_sample_twfe::csa_A
S22-B01-C0214,static::REXER-F4-THEFT-CTRLFIELD-SHNONE-FELGA-TRNNPC-SFULL::matched_sample_twfe::csa_B
S22-B01-C0215,static::REXER-F4-THEFT-CTRLFIELD-SHNONE-FELGA-TRNNPC-SFULL::source_estimator::bjs
S22-B01-C0216,static::REXER-F4-THEFT-CTRLFIELD-SHNONE-FELGA-TRNNPC-SFULL::matched_sample_twfe::bjs
S22-B01-C0217,static::REXER-F4-THEFT-CTRLFIELD-SHNONE-FELGA-TRNNPC-SONSHORE::source_estimator::twfe
S22-B01-C0218,static::REXER-F4-THEFT-CTRLFIELD-SHNONE-FELGA-TRNNPC-SONSHORE::source_estimator::csa
S22-B01-C0219,static::REXER-F4-THEFT-CTRLFIELD-SHNONE-FELGA-TRNNPC-SONSHORE::matched_sample_twfe::csa_A
S22-B01-C0220,static::REXER-F4-THEFT-CTRLFIELD-SHNONE-FELGA-TRNNPC-SONSHORE::matched_sample_twfe::csa_B
S22-B01-C0221,static::REXER-F4-THEFT-CTRLFIELD-SHNONE-FELGA-TRNNPC-SONSHORE::source_estimator::bjs
S22-B01-C0222,static::REXER-F4-THEFT-CTRLFIELD-SHNONE-FELGA-TRNNPC-SONSHORE::matched_sample_twfe::bjs
S22-B01-C0223,static::REXER-F4-THEFT-CTRLFIELD-SHNONE-FENONE-TRDI-SFULL::source_estimator::twfe
S22-B01-C0224,static::REXER-F4-THEFT-CTRLFIELD-SHNONE-FENONE-TRDI-SFULL::source_estimator::csa
S22-B01-C0225,static::REXER-F4-THEFT-CTRLFIELD-SHNONE-FENONE-TRDI-SFULL::matched_sample_twfe::csa_A
S22-B01-C0226,static::REXER-F4-THEFT-CTRLFIELD-SHNONE-FENONE-TRDI-SFULL::matched_sample_twfe::csa_B
S22-B01-C0227,static::REXER-F4-THEFT-CTRLFIELD-SHNONE-FENONE-TRDI-SFULL::source_estimator::bjs
S22-B01-C0228,static::REXER-F4-THEFT-CTRLFIELD-SHNONE-FENONE-TRDI-SFULL::matched_sample_twfe::bjs
S22-B01-C0229,static::REXER-F4-THEFT-CTRLFIELD-SHNONE-FENONE-TRDI-SONSHORE::source_estimator::twfe
S22-B01-C0230,static::REXER-F4-THEFT-CTRLFIELD-SHNONE-FENONE-TRDI-SONSHORE::source_estimator::csa
S22-B01-C0231,static::REXER-F4-THEFT-CTRLFIELD-SHNONE-FENONE-TRDI-SONSHORE::matched_sample_twfe::csa_A
S22-B01-C0232,static::REXER-F4-THEFT-CTRLFIELD-SHNONE-FENONE-TRDI-SONSHORE::matched_sample_twfe::csa_B
S22-B01-C0233,static::REXER-F4-THEFT-CTRLFIELD-SHNONE-FENONE-TRDI-SONSHORE::source_estimator::bjs
S22-B01-C0234,static::REXER-F4-THEFT-CTRLFIELD-SHNONE-FENONE-TRDI-SONSHORE::matched_sample_twfe::bjs
S22-B01-C0235,static::REXER-F4-THEFT-CTRLFIELD-SHNONE-FENONE-TRDINNPC-SFULL::source_estimator::twfe
S22-B01-C0236,static::REXER-F4-THEFT-CTRLFIELD-SHNONE-FENONE-TRDINNPC-SFULL::source_estimator::csa
S22-B01-C0237,static::REXER-F4-THEFT-CTRLFIELD-SHNONE-FENONE-TRDINNPC-SFULL::matched_sample_twfe::csa_A
S22-B01-C0238,static::REXER-F4-THEFT-CTRLFIELD-SHNONE-FENONE-TRDINNPC-SFULL::matched_sample_twfe::csa_B
S22-B01-C0239,static::REXER-F4-THEFT-CTRLFIELD-SHNONE-FENONE-TRDINNPC-SFULL::source_estimator::bjs
S22-B01-C0240,static::REXER-F4-THEFT-CTRLFIELD-SHNONE-FENONE-TRDINNPC-SFULL::matched_sample_twfe::bjs
S22-B01-C0241,static::REXER-F4-THEFT-CTRLFIELD-SHNONE-FENONE-TRDINNPC-SONSHORE::source_estimator::twfe
S22-B01-C0242,static::REXER-F4-THEFT-CTRLFIELD-SHNONE-FENONE-TRDINNPC-SONSHORE::source_estimator::csa
S22-B01-C0243,static::REXER-F4-THEFT-CTRLFIELD-SHNONE-FENONE-TRDINNPC-SONSHORE::matched_sample_twfe::csa_A
S22-B01-C0244,static::REXER-F4-THEFT-CTRLFIELD-SHNONE-FENONE-TRDINNPC-SONSHORE::matched_sample_twfe::csa_B
S22-B01-C0245,static::REXER-F4-THEFT-CTRLFIELD-SHNONE-FENONE-TRDINNPC-SONSHORE::source_estimator::bjs
S22-B01-C0246,static::REXER-F4-THEFT-CTRLFIELD-SHNONE-FENONE-TRDINNPC-SONSHORE::matched_sample_twfe::bjs
S22-B01-C0247,static::REXER-F4-THEFT-CTRLFIELD-SHNONE-FENONE-TRNNPC-SFULL::source_estimator::twfe
S22-B01-C0248,static::REXER-F4-THEFT-CTRLFIELD-SHNONE-FENONE-TRNNPC-SFULL::source_estimator::csa
S22-B01-C0249,static::REXER-F4-THEFT-CTRLFIELD-SHNONE-FENONE-TRNNPC-SFULL::matched_sample_twfe::csa_A
S22-B01-C0250,static::REXER-F4-THEFT-CTRLFIELD-SHNONE-FENONE-TRNNPC-SFULL::matched_sample_twfe::csa_B
S22-B01-C0251,static::REXER-F4-THEFT-CTRLFIELD-SHNONE-FENONE-TRNNPC-SFULL::source_estimator::bjs
S22-B01-C0252,static::REXER-F4-THEFT-CTRLFIELD-SHNONE-FENONE-TRNNPC-SFULL::matched_sample_twfe::bjs
S22-B01-C0253,static::REXER-F4-THEFT-CTRLFIELD-SHNONE-FENONE-TRNNPC-SONSHORE::source_estimator::twfe
S22-B01-C0254,static::REXER-F4-THEFT-CTRLFIELD-SHNONE-FENONE-TRNNPC-SONSHORE::source_estimator::csa
S22-B01-C0255,static::REXER-F4-THEFT-CTRLFIELD-SHNONE-FENONE-TRNNPC-SONSHORE::matched_sample_twfe::csa_A
S22-B01-C0256,static::REXER-F4-THEFT-CTRLFIELD-SHNONE-FENONE-TRNNPC-SONSHORE::matched_sample_twfe::csa_B
S22-B01-C0257,static::REXER-F4-THEFT-CTRLFIELD-SHNONE-FENONE-TRNNPC-SONSHORE::source_estimator::bjs
S22-B01-C0258,static::REXER-F4-THEFT-CTRLFIELD-SHNONE-FENONE-TRNNPC-SONSHORE::matched_sample_twfe::bjs
S22-B01-C0259,static::REXER-F4-THEFT-CTRLFIELD-SHNONE-FESTATE-TRDI-SFULL::source_estimator::twfe
S22-B01-C0260,static::REXER-F4-THEFT-CTRLFIELD-SHNONE-FESTATE-TRDI-SFULL::source_estimator::csa
S22-B01-C0261,static::REXER-F4-THEFT-CTRLFIELD-SHNONE-FESTATE-TRDI-SFULL::matched_sample_twfe::csa_A
S22-B01-C0262,static::REXER-F4-THEFT-CTRLFIELD-SHNONE-FESTATE-TRDI-SFULL::matched_sample_twfe::csa_B
S22-B01-C0263,static::REXER-F4-THEFT-CTRLFIELD-SHNONE-FESTATE-TRDI-SFULL::source_estimator::bjs
S22-B01-C0264,static::REXER-F4-THEFT-CTRLFIELD-SHNONE-FESTATE-TRDI-SFULL::matched_sample_twfe::bjs
S22-B01-C0265,static::REXER-F4-THEFT-CTRLFIELD-SHNONE-FESTATE-TRDI-SONSHORE::source_estimator::twfe
S22-B01-C0266,static::REXER-F4-THEFT-CTRLFIELD-SHNONE-FESTATE-TRDI-SONSHORE::source_estimator::csa
S22-B01-C0267,static::REXER-F4-THEFT-CTRLFIELD-SHNONE-FESTATE-TRDI-SONSHORE::matched_sample_twfe::csa_A
S22-B01-C0268,static::REXER-F4-THEFT-CTRLFIELD-SHNONE-FESTATE-TRDI-SONSHORE::matched_sample_twfe::csa_B
S22-B01-C0269,static::REXER-F4-THEFT-CTRLFIELD-SHNONE-FESTATE-TRDI-SONSHORE::source_estimator::bjs
S22-B01-C0270,static::REXER-F4-THEFT-CTRLFIELD-SHNONE-FESTATE-TRDI-SONSHORE::matched_sample_twfe::bjs
S22-B01-C0271,static::REXER-F4-THEFT-CTRLFIELD-SHNONE-FESTATE-TRDINNPC-SFULL::source_estimator::twfe
S22-B01-C0272,static::REXER-F4-THEFT-CTRLFIELD-SHNONE-FESTATE-TRDINNPC-SFULL::source_estimator::csa
S22-B01-C0273,static::REXER-F4-THEFT-CTRLFIELD-SHNONE-FESTATE-TRDINNPC-SFULL::matched_sample_twfe::csa_A
S22-B01-C0274,static::REXER-F4-THEFT-CTRLFIELD-SHNONE-FESTATE-TRDINNPC-SFULL::matched_sample_twfe::csa_B
S22-B01-C0275,static::REXER-F4-THEFT-CTRLFIELD-SHNONE-FESTATE-TRDINNPC-SFULL::source_estimator::bjs
S22-B01-C0276,static::REXER-F4-THEFT-CTRLFIELD-SHNONE-FESTATE-TRDINNPC-SFULL::matched_sample_twfe::bjs
S22-B01-C0277,static::REXER-F4-THEFT-CTRLFIELD-SHNONE-FESTATE-TRDINNPC-SONSHORE::source_estimator::twfe
S22-B01-C0278,static::REXER-F4-THEFT-CTRLFIELD-SHNONE-FESTATE-TRDINNPC-SONSHORE::source_estimator::csa
S22-B01-C0279,static::REXER-F4-THEFT-CTRLFIELD-SHNONE-FESTATE-TRDINNPC-SONSHORE::matched_sample_twfe::csa_A
S22-B01-C0280,static::REXER-F4-THEFT-CTRLFIELD-SHNONE-FESTATE-TRDINNPC-SONSHORE::matched_sample_twfe::csa_B
S22-B01-C0281,static::REXER-F4-THEFT-CTRLFIELD-SHNONE-FESTATE-TRDINNPC-SONSHORE::source_estimator::bjs
S22-B01-C0282,static::REXER-F4-THEFT-CTRLFIELD-SHNONE-FESTATE-TRDINNPC-SONSHORE::matched_sample_twfe::bjs
S22-B01-C0283,static::REXER-F4-THEFT-CTRLFIELD-SHNONE-FESTATE-TRNNPC-SFULL::source_estimator::twfe
S22-B01-C0284,static::REXER-F4-THEFT-CTRLFIELD-SHNONE-FESTATE-TRNNPC-SFULL::source_estimator::csa
S22-B01-C0285,static::REXER-F4-THEFT-CTRLFIELD-SHNONE-FESTATE-TRNNPC-SFULL::matched_sample_twfe::csa_A
S22-B01-C0286,static::REXER-F4-THEFT-CTRLFIELD-SHNONE-FESTATE-TRNNPC-SFULL::matched_sample_twfe::csa_B
S22-B01-C0287,static::REXER-F4-THEFT-CTRLFIELD-SHNONE-FESTATE-TRNNPC-SFULL::source_estimator::bjs
S22-B01-C0288,static::REXER-F4-THEFT-CTRLFIELD-SHNONE-FESTATE-TRNNPC-SFULL::matched_sample_twfe::bjs
S22-B01-C0289,static::REXER-F4-THEFT-CTRLFIELD-SHNONE-FESTATE-TRNNPC-SONSHORE::source_estimator::twfe
S22-B01-C0290,static::REXER-F4-THEFT-CTRLFIELD-SHNONE-FESTATE-TRNNPC-SONSHORE::source_estimator::csa
S22-B01-C0291,static::REXER-F4-THEFT-CTRLFIELD-SHNONE-FESTATE-TRNNPC-SONSHORE::matched_sample_twfe::csa_A
S22-B01-C0292,static::REXER-F4-THEFT-CTRLFIELD-SHNONE-FESTATE-TRNNPC-SONSHORE::matched_sample_twfe::csa_B
S22-B01-C0293,static::REXER-F4-THEFT-CTRLFIELD-SHNONE-FESTATE-TRNNPC-SONSHORE::source_estimator::bjs
S22-B01-C0294,static::REXER-F4-THEFT-CTRLFIELD-SHNONE-FESTATE-TRNNPC-SONSHORE::matched_sample_twfe::bjs
S22-B01-C0295,static::REXER-F4-THEFT-CTRLSPATIAL-SHNONE-FELGA-TRDI-SFULL::source_estimator::twfe
S22-B01-C0296,static::REXER-F4-THEFT-CTRLSPATIAL-SHNONE-FELGA-TRDI-SFULL::source_estimator::csa
S22-B01-C0297,static::REXER-F4-THEFT-CTRLSPATIAL-SHNONE-FELGA-TRDI-SFULL::matched_sample_twfe::csa_A
S22-B01-C0298,static::REXER-F4-THEFT-CTRLSPATIAL-SHNONE-FELGA-TRDI-SFULL::matched_sample_twfe::csa_B
S22-B01-C0299,static::REXER-F4-THEFT-CTRLSPATIAL-SHNONE-FELGA-TRDI-SFULL::source_estimator::bjs
S22-B01-C0300,static::REXER-F4-THEFT-CTRLSPATIAL-SHNONE-FELGA-TRDI-SFULL::matched_sample_twfe::bjs
S22-B01-C0301,static::REXER-F4-THEFT-CTRLSPATIAL-SHNONE-FELGA-TRDI-SONSHORE::source_estimator::twfe
S22-B01-C0302,static::REXER-F4-THEFT-CTRLSPATIAL-SHNONE-FELGA-TRDI-SONSHORE::source_estimator::csa
S22-B01-C0303,static::REXER-F4-THEFT-CTRLSPATIAL-SHNONE-FELGA-TRDI-SONSHORE::matched_sample_twfe::csa_A
S22-B01-C0304,static::REXER-F4-THEFT-CTRLSPATIAL-SHNONE-FELGA-TRDI-SONSHORE::matched_sample_twfe::csa_B
S22-B01-C0305,static::REXER-F4-THEFT-CTRLSPATIAL-SHNONE-FELGA-TRDI-SONSHORE::source_estimator::bjs
S22-B01-C0306,static::REXER-F4-THEFT-CTRLSPATIAL-SHNONE-FELGA-TRDI-SONSHORE::matched_sample_twfe::bjs
S22-B01-C0307,static::REXER-F4-THEFT-CTRLSPATIAL-SHNONE-FELGA-TRDINNPC-SONSHORE::source_estimator::twfe
S22-B01-C0308,static::REXER-F4-THEFT-CTRLSPATIAL-SHNONE-FELGA-TRDINNPC-SONSHORE::source_estimator::csa
S22-B01-C0309,static::REXER-F4-THEFT-CTRLSPATIAL-SHNONE-FELGA-TRDINNPC-SONSHORE::matched_sample_twfe::csa_A
S22-B01-C0310,static::REXER-F4-THEFT-CTRLSPATIAL-SHNONE-FELGA-TRDINNPC-SONSHORE::matched_sample_twfe::csa_B
S22-B01-C0311,static::REXER-F4-THEFT-CTRLSPATIAL-SHNONE-FELGA-TRDINNPC-SONSHORE::source_estimator::bjs
S22-B01-C0312,static::REXER-F4-THEFT-CTRLSPATIAL-SHNONE-FELGA-TRDINNPC-SONSHORE::matched_sample_twfe::bjs
S22-B01-C0313,static::REXER-F4-THEFT-CTRLSPATIAL-SHNONE-FELGA-TRNNPC-SFULL::source_estimator::twfe
S22-B01-C0314,static::REXER-F4-THEFT-CTRLSPATIAL-SHNONE-FELGA-TRNNPC-SFULL::source_estimator::csa
S22-B01-C0315,static::REXER-F4-THEFT-CTRLSPATIAL-SHNONE-FELGA-TRNNPC-SFULL::matched_sample_twfe::csa_A
S22-B01-C0316,static::REXER-F4-THEFT-CTRLSPATIAL-SHNONE-FELGA-TRNNPC-SFULL::matched_sample_twfe::csa_B
S22-B01-C0317,static::REXER-F4-THEFT-CTRLSPATIAL-SHNONE-FELGA-TRNNPC-SFULL::source_estimator::bjs
S22-B01-C0318,static::REXER-F4-THEFT-CTRLSPATIAL-SHNONE-FELGA-TRNNPC-SFULL::matched_sample_twfe::bjs
S22-B01-C0319,static::REXER-F4-THEFT-CTRLSPATIAL-SHNONE-FELGA-TRNNPC-SONSHORE::source_estimator::twfe
S22-B01-C0320,static::REXER-F4-THEFT-CTRLSPATIAL-SHNONE-FELGA-TRNNPC-SONSHORE::source_estimator::csa
S22-B01-C0321,static::REXER-F4-THEFT-CTRLSPATIAL-SHNONE-FELGA-TRNNPC-SONSHORE::matched_sample_twfe::csa_A
S22-B01-C0322,static::REXER-F4-THEFT-CTRLSPATIAL-SHNONE-FELGA-TRNNPC-SONSHORE::matched_sample_twfe::csa_B
S22-B01-C0323,static::REXER-F4-THEFT-CTRLSPATIAL-SHNONE-FELGA-TRNNPC-SONSHORE::source_estimator::bjs
S22-B01-C0324,static::REXER-F4-THEFT-CTRLSPATIAL-SHNONE-FELGA-TRNNPC-SONSHORE::matched_sample_twfe::bjs
S22-B01-C0325,static::REXER-F4-THEFT-CTRLSPATIAL-SHNONE-FENONE-TRDI-SFULL::source_estimator::twfe
S22-B01-C0326,static::REXER-F4-THEFT-CTRLSPATIAL-SHNONE-FENONE-TRDI-SFULL::source_estimator::csa
S22-B01-C0327,static::REXER-F4-THEFT-CTRLSPATIAL-SHNONE-FENONE-TRDI-SFULL::matched_sample_twfe::csa_A
S22-B01-C0328,static::REXER-F4-THEFT-CTRLSPATIAL-SHNONE-FENONE-TRDI-SFULL::matched_sample_twfe::csa_B
S22-B01-C0329,static::REXER-F4-THEFT-CTRLSPATIAL-SHNONE-FENONE-TRDI-SFULL::source_estimator::bjs
S22-B01-C0330,static::REXER-F4-THEFT-CTRLSPATIAL-SHNONE-FENONE-TRDI-SFULL::matched_sample_twfe::bjs
S22-B01-C0331,static::REXER-F4-THEFT-CTRLSPATIAL-SHNONE-FENONE-TRDI-SONSHORE::source_estimator::twfe
S22-B01-C0332,static::REXER-F4-THEFT-CTRLSPATIAL-SHNONE-FENONE-TRDI-SONSHORE::source_estimator::csa
S22-B01-C0333,static::REXER-F4-THEFT-CTRLSPATIAL-SHNONE-FENONE-TRDI-SONSHORE::matched_sample_twfe::csa_A
S22-B01-C0334,static::REXER-F4-THEFT-CTRLSPATIAL-SHNONE-FENONE-TRDI-SONSHORE::matched_sample_twfe::csa_B
S22-B01-C0335,static::REXER-F4-THEFT-CTRLSPATIAL-SHNONE-FENONE-TRDI-SONSHORE::source_estimator::bjs
S22-B01-C0336,static::REXER-F4-THEFT-CTRLSPATIAL-SHNONE-FENONE-TRDI-SONSHORE::matched_sample_twfe::bjs
S22-B01-C0337,static::REXER-F4-THEFT-CTRLSPATIAL-SHNONE-FENONE-TRNNPC-SFULL::source_estimator::twfe
S22-B01-C0338,static::REXER-F4-THEFT-CTRLSPATIAL-SHNONE-FENONE-TRNNPC-SFULL::source_estimator::csa
S22-B01-C0339,static::REXER-F4-THEFT-CTRLSPATIAL-SHNONE-FENONE-TRNNPC-SFULL::matched_sample_twfe::csa_A
S22-B01-C0340,static::REXER-F4-THEFT-CTRLSPATIAL-SHNONE-FENONE-TRNNPC-SFULL::matched_sample_twfe::csa_B
S22-B01-C0341,static::REXER-F4-THEFT-CTRLSPATIAL-SHNONE-FENONE-TRNNPC-SFULL::source_estimator::bjs
S22-B01-C0342,static::REXER-F4-THEFT-CTRLSPATIAL-SHNONE-FENONE-TRNNPC-SFULL::matched_sample_twfe::bjs
S22-B01-C0343,static::REXER-F4-THEFT-CTRLSPATIAL-SHNONE-FENONE-TRNNPC-SONSHORE::source_estimator::twfe
S22-B01-C0344,static::REXER-F4-THEFT-CTRLSPATIAL-SHNONE-FENONE-TRNNPC-SONSHORE::source_estimator::csa
S22-B01-C0345,static::REXER-F4-THEFT-CTRLSPATIAL-SHNONE-FENONE-TRNNPC-SONSHORE::matched_sample_twfe::csa_A
S22-B01-C0346,static::REXER-F4-THEFT-CTRLSPATIAL-SHNONE-FENONE-TRNNPC-SONSHORE::matched_sample_twfe::csa_B
S22-B01-C0347,static::REXER-F4-THEFT-CTRLSPATIAL-SHNONE-FENONE-TRNNPC-SONSHORE::source_estimator::bjs
S22-B01-C0348,static::REXER-F4-THEFT-CTRLSPATIAL-SHNONE-FENONE-TRNNPC-SONSHORE::matched_sample_twfe::bjs
S22-B01-C0349,static::REXER-F4-THEFT-CTRLSPATIAL-SHNONE-FESTATE-TRDI-SFULL::source_estimator::twfe
S22-B01-C0350,static::REXER-F4-THEFT-CTRLSPATIAL-SHNONE-FESTATE-TRDI-SFULL::source_estimator::csa
S22-B01-C0351,static::REXER-F4-THEFT-CTRLSPATIAL-SHNONE-FESTATE-TRDI-SFULL::matched_sample_twfe::csa_A
S22-B01-C0352,static::REXER-F4-THEFT-CTRLSPATIAL-SHNONE-FESTATE-TRDI-SFULL::matched_sample_twfe::csa_B
S22-B01-C0353,static::REXER-F4-THEFT-CTRLSPATIAL-SHNONE-FESTATE-TRDI-SFULL::source_estimator::bjs
S22-B01-C0354,static::REXER-F4-THEFT-CTRLSPATIAL-SHNONE-FESTATE-TRDI-SFULL::matched_sample_twfe::bjs
S22-B01-C0355,static::REXER-F4-THEFT-CTRLSPATIAL-SHNONE-FESTATE-TRDI-SONSHORE::source_estimator::twfe
S22-B01-C0356,static::REXER-F4-THEFT-CTRLSPATIAL-SHNONE-FESTATE-TRDI-SONSHORE::source_estimator::csa
S22-B01-C0357,static::REXER-F4-THEFT-CTRLSPATIAL-SHNONE-FESTATE-TRDI-SONSHORE::matched_sample_twfe::csa_A
S22-B01-C0358,static::REXER-F4-THEFT-CTRLSPATIAL-SHNONE-FESTATE-TRDI-SONSHORE::matched_sample_twfe::csa_B
S22-B01-C0359,static::REXER-F4-THEFT-CTRLSPATIAL-SHNONE-FESTATE-TRDI-SONSHORE::source_estimator::bjs
S22-B01-C0360,static::REXER-F4-THEFT-CTRLSPATIAL-SHNONE-FESTATE-TRDI-SONSHORE::matched_sample_twfe::bjs
S22-B01-C0361,static::REXER-F4-THEFT-CTRLSPATIAL-SHNONE-FESTATE-TRDINNPC-SONSHORE::source_estimator::twfe
S22-B01-C0362,static::REXER-F4-THEFT-CTRLSPATIAL-SHNONE-FESTATE-TRDINNPC-SONSHORE::source_estimator::csa
S22-B01-C0363,static::REXER-F4-THEFT-CTRLSPATIAL-SHNONE-FESTATE-TRDINNPC-SONSHORE::matched_sample_twfe::csa_A
S22-B01-C0364,static::REXER-F4-THEFT-CTRLSPATIAL-SHNONE-FESTATE-TRDINNPC-SONSHORE::matched_sample_twfe::csa_B
S22-B01-C0365,static::REXER-F4-THEFT-CTRLSPATIAL-SHNONE-FESTATE-TRDINNPC-SONSHORE::source_estimator::bjs
S22-B01-C0366,static::REXER-F4-THEFT-CTRLSPATIAL-SHNONE-FESTATE-TRDINNPC-SONSHORE::matched_sample_twfe::bjs
S22-B01-C0367,static::REXER-F4-THEFT-CTRLSPATIAL-SHNONE-FESTATE-TRNNPC-SFULL::source_estimator::twfe
S22-B01-C0368,static::REXER-F4-THEFT-CTRLSPATIAL-SHNONE-FESTATE-TRNNPC-SFULL::source_estimator::csa
S22-B01-C0369,static::REXER-F4-THEFT-CTRLSPATIAL-SHNONE-FESTATE-TRNNPC-SFULL::matched_sample_twfe::csa_A
S22-B01-C0370,static::REXER-F4-THEFT-CTRLSPATIAL-SHNONE-FESTATE-TRNNPC-SFULL::matched_sample_twfe::csa_B
S22-B01-C0371,static::REXER-F4-THEFT-CTRLSPATIAL-SHNONE-FESTATE-TRNNPC-SFULL::source_estimator::bjs
S22-B01-C0372,static::REXER-F4-THEFT-CTRLSPATIAL-SHNONE-FESTATE-TRNNPC-SFULL::matched_sample_twfe::bjs
S22-B01-C0373,static::REXER-F4-THEFT-CTRLSPATIAL-SHNONE-FESTATE-TRNNPC-SONSHORE::source_estimator::twfe
S22-B01-C0374,static::REXER-F4-THEFT-CTRLSPATIAL-SHNONE-FESTATE-TRNNPC-SONSHORE::source_estimator::csa
S22-B01-C0375,static::REXER-F4-THEFT-CTRLSPATIAL-SHNONE-FESTATE-TRNNPC-SONSHORE::matched_sample_twfe::csa_A
S22-B01-C0376,static::REXER-F4-THEFT-CTRLSPATIAL-SHNONE-FESTATE-TRNNPC-SONSHORE::matched_sample_twfe::csa_B
S22-B01-C0377,static::REXER-F4-THEFT-CTRLSPATIAL-SHNONE-FESTATE-TRNNPC-SONSHORE::source_estimator::bjs
S22-B01-C0378,static::REXER-F4-THEFT-CTRLSPATIAL-SHNONE-FESTATE-TRNNPC-SONSHORE::matched_sample_twfe::bjs
S22-B01-C0379,static::REXER-T1-PB-SPILLS-C2::source_estimator::twfe
S22-B01-C0380,static::REXER-T1-PB-SPILLS-C2::source_estimator::csa
S22-B01-C0381,static::REXER-T1-PB-SPILLS-C2::matched_sample_twfe::csa_A
S22-B01-C0382,static::REXER-T1-PB-SPILLS-C2::matched_sample_twfe::csa_B
S22-B01-C0383,static::REXER-T1-PB-SPILLS-C2::source_estimator::bjs
S22-B01-C0384,static::REXER-T1-PB-SPILLS-C2::matched_sample_twfe::bjs
S22-B01-C0385,static::REXER-T1-PB-SPILLS-C4::source_estimator::twfe
S22-B01-C0386,static::REXER-T1-PB-SPILLS-C4::source_estimator::csa
S22-B01-C0387,static::REXER-T1-PB-SPILLS-C4::matched_sample_twfe::csa_A
S22-B01-C0388,static::REXER-T1-PB-SPILLS-C4::matched_sample_twfe::csa_B
S22-B01-C0389,static::REXER-T1-PB-SPILLS-C4::source_estimator::bjs
S22-B01-C0390,static::REXER-T1-PB-SPILLS-C4::matched_sample_twfe::bjs
S22-B01-C0391,static::REXER-T1-PB-SPILLS-C5::source_estimator::twfe
S22-B01-C0392,static::REXER-T1-PB-SPILLS-C5::source_estimator::csa
S22-B01-C0393,static::REXER-T1-PB-SPILLS-C5::matched_sample_twfe::csa_A
S22-B01-C0394,static::REXER-T1-PB-SPILLS-C5::matched_sample_twfe::csa_B
S22-B01-C0395,static::REXER-T1-PB-SPILLS-C5::source_estimator::bjs
S22-B01-C0396,static::REXER-T1-PB-SPILLS-C5::matched_sample_twfe::bjs
S22-B01-C0397,static::REXER-T1-PC-THEFT-C2::source_estimator::twfe
S22-B01-C0398,static::REXER-T1-PC-THEFT-C2::source_estimator::csa
S22-B01-C0399,static::REXER-T1-PC-THEFT-C2::matched_sample_twfe::csa_A
S22-B01-C0400,static::REXER-T1-PC-THEFT-C2::matched_sample_twfe::csa_B
S22-B01-C0401,static::REXER-T1-PC-THEFT-C2::source_estimator::bjs
S22-B01-C0402,static::REXER-T1-PC-THEFT-C2::matched_sample_twfe::bjs
S22-B01-C0403,static::REXER-T1-PC-THEFT-C4::source_estimator::twfe
S22-B01-C0404,static::REXER-T1-PC-THEFT-C4::source_estimator::csa
S22-B01-C0405,static::REXER-T1-PC-THEFT-C4::matched_sample_twfe::csa_A
S22-B01-C0406,static::REXER-T1-PC-THEFT-C4::matched_sample_twfe::csa_B
S22-B01-C0407,static::REXER-T1-PC-THEFT-C4::source_estimator::bjs
S22-B01-C0408,static::REXER-T1-PC-THEFT-C4::matched_sample_twfe::bjs
S22-B01-C0409,static::REXER-T1-PC-THEFT-C5::source_estimator::twfe
S22-B01-C0410,static::REXER-T1-PC-THEFT-C5::source_estimator::csa
S22-B01-C0411,static::REXER-T1-PC-THEFT-C5::matched_sample_twfe::csa_A
S22-B01-C0412,static::REXER-T1-PC-THEFT-C5::matched_sample_twfe::csa_B
S22-B01-C0413,static::REXER-T1-PC-THEFT-C5::source_estimator::bjs
S22-B01-C0414,static::REXER-T1-PC-THEFT-C5::matched_sample_twfe::bjs
S22-B01-C0415,static::REXER-T2-PA-ONSHORE-C4::source_estimator::twfe
S22-B01-C0416,static::REXER-T2-PA-ONSHORE-C4::source_estimator::csa
S22-B01-C0417,static::REXER-T2-PA-ONSHORE-C4::matched_sample_twfe::csa_A
S22-B01-C0418,static::REXER-T2-PA-ONSHORE-C4::matched_sample_twfe::csa_B
S22-B01-C0419,static::REXER-T2-PA-ONSHORE-C4::source_estimator::bjs
S22-B01-C0420,static::REXER-T2-PA-ONSHORE-C4::matched_sample_twfe::bjs
S22-B01-C0421,static::REXER-T2-PA-ONSHORE-C6::source_estimator::twfe
S22-B01-C0422,static::REXER-T2-PA-ONSHORE-C6::source_estimator::csa
S22-B01-C0423,static::REXER-T2-PA-ONSHORE-C6::matched_sample_twfe::csa_A
S22-B01-C0424,static::REXER-T2-PA-ONSHORE-C6::matched_sample_twfe::csa_B
S22-B01-C0425,static::REXER-T2-PA-ONSHORE-C6::source_estimator::bjs
S22-B01-C0426,static::REXER-T2-PA-ONSHORE-C6::matched_sample_twfe::bjs
S22-B01-C0427,static::REXER-T2-PB-OFFSHORE-C4::source_estimator::twfe
S22-B01-C0428,static::REXER-T2-PB-OFFSHORE-C4::source_estimator::csa
S22-B01-C0429,static::REXER-T2-PB-OFFSHORE-C4::matched_sample_twfe::csa_A
S22-B01-C0430,static::REXER-T2-PB-OFFSHORE-C4::matched_sample_twfe::csa_B
S22-B01-C0431,static::REXER-T2-PB-OFFSHORE-C4::source_estimator::bjs
S22-B01-C0432,static::REXER-T2-PB-OFFSHORE-C4::matched_sample_twfe::bjs
S22-B01-C0433,static::REXER-T2-PB-OFFSHORE-C6::source_estimator::twfe
S22-B01-C0434,static::REXER-T2-PB-OFFSHORE-C6::source_estimator::csa
S22-B01-C0435,static::REXER-T2-PB-OFFSHORE-C6::matched_sample_twfe::csa_A
S22-B01-C0436,static::REXER-T2-PB-OFFSHORE-C6::matched_sample_twfe::csa_B
S22-B01-C0437,static::REXER-T2-PB-OFFSHORE-C6::source_estimator::bjs
S22-B01-C0438,static::REXER-T2-PB-OFFSHORE-C6::matched_sample_twfe::bjs
S22-B01-C0439,static::REXER-T4-C2::source_estimator::twfe
S22-B01-C0440,static::REXER-T4-C2::source_estimator::csa
S22-B01-C0441,static::REXER-T4-C2::matched_sample_twfe::csa_A
S22-B01-C0442,static::REXER-T4-C2::matched_sample_twfe::csa_B
S22-B01-C0443,static::REXER-T4-C2::source_estimator::bjs
S22-B01-C0444,static::REXER-T4-C2::matched_sample_twfe::bjs
S22-B01-C0445,static::REXER-T4-C4::source_estimator::twfe
S22-B01-C0446,static::REXER-T4-C4::source_estimator::csa
S22-B01-C0447,static::REXER-T4-C4::matched_sample_twfe::csa_A
S22-B01-C0448,static::REXER-T4-C4::matched_sample_twfe::csa_B
S22-B01-C0449,static::REXER-T4-C4::source_estimator::bjs
S22-B01-C0450,static::REXER-T4-C4::matched_sample_twfe::bjs
S22-B01-C0451,static::REXER-T4-C6::source_estimator::twfe
S22-B01-C0452,static::REXER-T4-C6::source_estimator::csa
S22-B01-C0453,static::REXER-T4-C6::matched_sample_twfe::csa_A
S22-B01-C0454,static::REXER-T4-C6::matched_sample_twfe::csa_B
S22-B01-C0455,static::REXER-T4-C6::source_estimator::bjs
S22-B01-C0456,static::REXER-T4-C6::matched_sample_twfe::bjs
S22-B01-C0457,static::REXER-T4-C8::source_estimator::twfe
S22-B01-C0458,static::REXER-T4-C8::source_estimator::csa
S22-B01-C0459,static::REXER-T4-C8::matched_sample_twfe::csa_A
S22-B01-C0460,static::REXER-T4-C8::matched_sample_twfe::csa_B
S22-B01-C0461,static::REXER-T4-C8::source_estimator::bjs
S22-B01-C0462,static::REXER-T4-C8::matched_sample_twfe::bjs
S22-B01-C0463,static::REXER-T3-C6-TERMINATED-HOLD::source_estimator::twfe
S22-B01-C0464,static::REXER-T3-C6-TERMINATED-HOLD::source_estimator::csa
S22-B01-C0465,static::REXER-T3-C6-TERMINATED-HOLD::matched_sample_twfe::csa_A
S22-B01-C0466,static::REXER-T3-C6-TERMINATED-HOLD::matched_sample_twfe::csa_B
S22-B01-C0467,static::REXER-T3-C6-TERMINATED-HOLD::source_estimator::bjs
S22-B01-C0468,static::REXER-T3-C6-TERMINATED-HOLD::matched_sample_twfe::bjs
S22-B01-C0469,static::REXER-T6-PA-SECURITY-C3-HOLD::source_estimator::twfe
S22-B01-C0470,static::REXER-T6-PA-SECURITY-C3-HOLD::source_estimator::csa
S22-B01-C0471,static::REXER-T6-PA-SECURITY-C3-HOLD::matched_sample_twfe::csa_A
S22-B01-C0472,static::REXER-T6-PA-SECURITY-C3-HOLD::matched_sample_twfe::csa_B
S22-B01-C0473,static::REXER-T6-PA-SECURITY-C3-HOLD::source_estimator::bjs
S22-B01-C0474,static::REXER-T6-PA-SECURITY-C3-HOLD::matched_sample_twfe::bjs
S22-B01-C0475,static::REXER-T6-PA-SECURITY-C4-HOLD::source_estimator::twfe
S22-B01-C0476,static::REXER-T6-PA-SECURITY-C4-HOLD::source_estimator::csa
S22-B01-C0477,static::REXER-T6-PA-SECURITY-C4-HOLD::matched_sample_twfe::csa_A
S22-B01-C0478,static::REXER-T6-PA-SECURITY-C4-HOLD::matched_sample_twfe::csa_B
S22-B01-C0479,static::REXER-T6-PA-SECURITY-C4-HOLD::source_estimator::bjs
S22-B01-C0480,static::REXER-T6-PA-SECURITY-C4-HOLD::matched_sample_twfe::bjs
S22-B01-C0481,static::REXER-T6-PA-SECURITY-C5-HOLD::source_estimator::twfe
S22-B01-C0482,static::REXER-T6-PA-SECURITY-C5-HOLD::source_estimator::csa
S22-B01-C0483,static::REXER-T6-PA-SECURITY-C5-HOLD::matched_sample_twfe::csa_A
S22-B01-C0484,static::REXER-T6-PA-SECURITY-C5-HOLD::matched_sample_twfe::csa_B
S22-B01-C0485,static::REXER-T6-PA-SECURITY-C5-HOLD::source_estimator::bjs
S22-B01-C0486,static::REXER-T6-PA-SECURITY-C5-HOLD::matched_sample_twfe::bjs
S22-B01-C0487,static::REXER-T6-PA-SECURITY-C6-HOLD::source_estimator::twfe
S22-B01-C0488,static::REXER-T6-PA-SECURITY-C6-HOLD::source_estimator::csa
S22-B01-C0489,static::REXER-T6-PA-SECURITY-C6-HOLD::matched_sample_twfe::csa_A
S22-B01-C0490,static::REXER-T6-PA-SECURITY-C6-HOLD::matched_sample_twfe::csa_B
S22-B01-C0491,static::REXER-T6-PA-SECURITY-C6-HOLD::source_estimator::bjs
S22-B01-C0492,static::REXER-T6-PA-SECURITY-C6-HOLD::matched_sample_twfe::bjs
S22-B01-C0493,static::REXER-T6-PA-SECURITY-C7-HOLD::source_estimator::twfe
S22-B01-C0494,static::REXER-T6-PA-SECURITY-C7-HOLD::source_estimator::csa
S22-B01-C0495,static::REXER-T6-PA-SECURITY-C7-HOLD::matched_sample_twfe::csa_A
S22-B01-C0496,static::REXER-T6-PA-SECURITY-C7-HOLD::matched_sample_twfe::csa_B
S22-B01-C0497,static::REXER-T6-PA-SECURITY-C7-HOLD::source_estimator::bjs
S22-B01-C0498,static::REXER-T6-PA-SECURITY-C7-HOLD::matched_sample_twfe::bjs
S22-B01-C0499,static::REXER-T6-PA-SECURITY-C8-HOLD::source_estimator::twfe
S22-B01-C0500,static::REXER-T6-PA-SECURITY-C8-HOLD::source_estimator::csa
S22-B01-C0501,static::REXER-T6-PA-SECURITY-C8-HOLD::matched_sample_twfe::csa_A
S22-B01-C0502,static::REXER-T6-PA-SECURITY-C8-HOLD::matched_sample_twfe::csa_B
S22-B01-C0503,static::REXER-T6-PA-SECURITY-C8-HOLD::source_estimator::bjs
S22-B01-C0504,static::REXER-T6-PA-SECURITY-C8-HOLD::matched_sample_twfe::bjs
S22-B01-C0505,static::REXER-T6-PB-OTHER-C3-HOLD::source_estimator::twfe
S22-B01-C0506,static::REXER-T6-PB-OTHER-C3-HOLD::source_estimator::csa
S22-B01-C0507,static::REXER-T6-PB-OTHER-C3-HOLD::matched_sample_twfe::csa_A
S22-B01-C0508,static::REXER-T6-PB-OTHER-C3-HOLD::matched_sample_twfe::csa_B
S22-B01-C0509,static::REXER-T6-PB-OTHER-C3-HOLD::source_estimator::bjs
S22-B01-C0510,static::REXER-T6-PB-OTHER-C3-HOLD::matched_sample_twfe::bjs
S22-B01-C0511,static::REXER-T6-PB-OTHER-C4-HOLD::source_estimator::twfe
S22-B01-C0512,static::REXER-T6-PB-OTHER-C4-HOLD::source_estimator::csa
S22-B01-C0513,static::REXER-T6-PB-OTHER-C4-HOLD::matched_sample_twfe::csa_A
S22-B01-C0514,static::REXER-T6-PB-OTHER-C4-HOLD::matched_sample_twfe::csa_B
S22-B01-C0515,static::REXER-T6-PB-OTHER-C4-HOLD::source_estimator::bjs
S22-B01-C0516,static::REXER-T6-PB-OTHER-C4-HOLD::matched_sample_twfe::bjs
S22-B01-C0517,static::REXER-T6-PB-OTHER-C5-HOLD::source_estimator::twfe
S22-B01-C0518,static::REXER-T6-PB-OTHER-C5-HOLD::source_estimator::csa
S22-B01-C0519,static::REXER-T6-PB-OTHER-C5-HOLD::matched_sample_twfe::csa_A
S22-B01-C0520,static::REXER-T6-PB-OTHER-C5-HOLD::matched_sample_twfe::csa_B
S22-B01-C0521,static::REXER-T6-PB-OTHER-C5-HOLD::source_estimator::bjs
S22-B01-C0522,static::REXER-T6-PB-OTHER-C5-HOLD::matched_sample_twfe::bjs
S22-B01-C0523,static::REXER-T6-PB-OTHER-C6-HOLD::source_estimator::twfe
S22-B01-C0524,static::REXER-T6-PB-OTHER-C6-HOLD::source_estimator::csa
S22-B01-C0525,static::REXER-T6-PB-OTHER-C6-HOLD::matched_sample_twfe::csa_A
S22-B01-C0526,static::REXER-T6-PB-OTHER-C6-HOLD::matched_sample_twfe::csa_B
S22-B01-C0527,static::REXER-T6-PB-OTHER-C6-HOLD::source_estimator::bjs
S22-B01-C0528,static::REXER-T6-PB-OTHER-C6-HOLD::matched_sample_twfe::bjs
S22-B01-C0529,static::REXER-T6-PB-OTHER-C7-HOLD::source_estimator::twfe
S22-B01-C0530,static::REXER-T6-PB-OTHER-C7-HOLD::source_estimator::csa
S22-B01-C0531,static::REXER-T6-PB-OTHER-C7-HOLD::matched_sample_twfe::csa_A
S22-B01-C0532,static::REXER-T6-PB-OTHER-C7-HOLD::matched_sample_twfe::csa_B
S22-B01-C0533,static::REXER-T6-PB-OTHER-C7-HOLD::source_estimator::bjs
S22-B01-C0534,static::REXER-T6-PB-OTHER-C7-HOLD::matched_sample_twfe::bjs
S22-B01-C0535,static::REXER-T6-PB-OTHER-C8-HOLD::source_estimator::twfe
S22-B01-C0536,static::REXER-T6-PB-OTHER-C8-HOLD::source_estimator::csa
S22-B01-C0537,static::REXER-T6-PB-OTHER-C8-HOLD::matched_sample_twfe::csa_A
S22-B01-C0538,static::REXER-T6-PB-OTHER-C8-HOLD::matched_sample_twfe::csa_B
S22-B01-C0539,static::REXER-T6-PB-OTHER-C8-HOLD::source_estimator::bjs
S22-B01-C0540,static::REXER-T6-PB-OTHER-C8-HOLD::matched_sample_twfe::bjs
